sample_id,machine_id,machine_type,model,component,sample_date,smu_hours,oil_hours,oil_changed,fe_ppm,cu_ppm,cr_ppm,pb_ppm,al_ppm,si_ppm,na_ppm,k_ppm,water_pct,fuel_pct,glycol_pct,soot_pct,visc40,oxidation,nitration,tbn,pq_index,lab_severity
S00000001,EX-001,EXCAVATOR,336,ENGINE,2023-01-29,4991.3,56.9,N,13.1,4.5,1.23,2.8,3.7,5.1,2.5,2.2,0.017,0.42,0.0,0.2,103.9,9.7,5.9,9.49,4.5,NORMAL
S00000002,EX-001,EXCAVATOR,336,ENGINE,2023-02-18,5174.2,239.7,N,17.8,7.9,1.89,3.5,5.2,8.8,3.7,3.2,0.014,0.49,0.0,0.44,107.4,11.6,8.5,8.87,9.3,NORMAL
S00000003,EX-001,EXCAVATOR,336,ENGINE,2023-03-13,5386.5,452.0,N,18.6,9.7,2.97,4.8,8.5,12.4,6.0,4.4,0.019,0.76,0.0,0.5,104.4,16.8,11.2,6.8,12.7,NORMAL
S00000004,EX-001,EXCAVATOR,336,ENGINE,2023-04-07,5616.7,7.6,N,11.2,3.9,1.22,2.1,3.4,5.0,2.2,1.9,0.015,0.87,0.0,0.22,112.8,7.5,6.1,10.24,5.5,NORMAL
S00000005,EX-001,EXCAVATOR,336,ENGINE,2023-04-29,5809.9,200.9,N,18.0,7.9,1.41,3.5,3.7,7.6,4.6,3.8,0.022,0.6,0.0,0.41,106.4,12.4,8.8,8.4,5.5,NORMAL
S00000006,EX-001,EXCAVATOR,336,ENGINE,2023-05-25,6050.8,441.7,N,21.5,10.0,2.83,5.3,6.5,8.8,5.0,4.9,0.017,0.39,0.0,0.78,104.1,17.5,11.0,6.79,10.4,NORMAL
S00000007,EX-001,EXCAVATOR,336,ENGINE,2023-06-28,6360.3,36.7,N,9.7,4.1,1.16,2.5,3.7,4.9,2.9,1.7,0.024,0.89,0.0,0.22,102.2,8.0,6.4,10.34,5.2,NORMAL
S00000008,EX-001,EXCAVATOR,336,ENGINE,2023-07-30,6646.9,323.2,N,24.0,7.8,2.02,4.0,5.2,7.6,4.1,3.3,0.024,0.49,0.0,0.52,107.1,11.7,9.2,8.15,9.4,NORMAL
S00000009,EX-001,EXCAVATOR,336,ENGINE,2023-08-23,6864.3,14.4,N,9.1,4.3,1.24,2.5,3.1,4.8,2.4,1.4,0.022,0.66,0.0,0.23,106.0,8.7,5.5,10.65,4.5,NORMAL
S00000010,EX-001,EXCAVATOR,336,ENGINE,2023-09-20,7118.5,268.6,N,17.3,7.0,1.91,4.4,5.2,9.1,3.3,3.6,0.015,0.47,0.0,0.47,106.0,12.7,8.2,7.94,7.3,NORMAL
S00000011,EX-001,EXCAVATOR,336,ENGINE,2023-10-24,7427.5,52.9,N,15.5,3.5,1.39,2.8,2.6,5.4,3.0,2.1,0.015,0.76,0.0,0.25,110.6,9.4,6.4,10.24,5.4,NORMAL
S00000012,EX-001,EXCAVATOR,336,ENGINE,2023-11-18,7654.8,280.1,N,15.9,7.8,2.76,4.9,4.9,9.4,3.9,3.1,0.013,0.45,0.0,0.43,101.7,13.3,8.0,7.49,8.6,NORMAL
S00000013,EX-001,EXCAVATOR,336,ENGINE,2023-12-20,7941.9,21.7,N,7.8,4.2,1.27,2.2,3.1,5.2,2.1,1.4,0.025,0.8,0.0,0.27,107.4,8.5,6.3,9.96,4.5,NORMAL
S00000014,EX-001,EXCAVATOR,336,ENGINE,2024-01-20,8224.0,303.8,N,23.3,7.2,2.47,6.1,6.2,7.9,4.8,4.0,0.014,0.87,0.0,0.52,106.5,15.2,8.1,7.88,9.3,NORMAL
S00000015,EX-001,EXCAVATOR,336,ENGINE,2024-02-18,8489.7,29.2,N,9.7,4.4,1.33,2.5,3.0,5.2,2.3,2.2,0.022,0.55,0.0,0.21,108.8,9.3,5.4,10.89,4.9,NORMAL
S00000016,EX-001,EXCAVATOR,336,ENGINE,2024-03-19,8755.0,294.6,N,18.0,7.9,1.94,4.5,4.2,10.7,4.0,2.5,0.014,0.66,0.0,0.51,107.0,13.5,8.1,9.41,8.3,NORMAL
S00000017,EX-001,EXCAVATOR,336,ENGINE,2024-04-14,8991.1,1.6,N,9.9,5.0,0.99,2.3,4.4,3.9,1.9,1.6,0.029,0.26,0.0,0.21,110.3,8.5,5.3,11.7,4.4,NORMAL
S00000018,EX-001,EXCAVATOR,336,ENGINE,2024-05-10,9234.7,245.2,N,15.5,7.7,1.93,5.4,5.8,9.1,4.1,3.0,0.02,0.47,0.0,0.5,111.5,13.1,8.1,8.44,8.4,NORMAL
S00000019,EX-001,EXCAVATOR,336,ENGINE,2024-06-04,9459.2,469.8,N,22.7,6.2,3.28,6.1,6.7,13.2,6.0,4.4,0.014,0.31,0.0,0.79,107.4,17.0,12.3,7.01,7.5,NORMAL
S00000020,EX-001,EXCAVATOR,336,ENGINE,2024-07-05,9734.9,22.8,N,8.4,4.4,1.1,2.5,3.2,4.6,2.5,1.8,0.027,0.68,0.0,0.27,109.4,8.4,5.6,10.11,5.3,NORMAL
S00000021,EX-001,EXCAVATOR,336,ENGINE,2024-07-29,9959.5,247.4,N,15.9,7.1,2.07,4.4,4.1,7.2,3.9,3.9,0.032,0.67,0.0,0.41,109.2,12.0,8.7,8.5,5.5,NORMAL
S00000022,EX-001,EXCAVATOR,336,ENGINE,2024-08-28,10229.0,48.0,N,10.1,4.4,1.23,2.9,3.2,4.7,3.2,2.2,0.021,0.38,0.0,0.24,109.6,9.1,5.9,10.43,6.2,NORMAL
S00000023,EX-001,EXCAVATOR,336,ENGINE,2024-09-24,10477.2,296.3,N,15.5,7.8,1.79,3.5,5.5,8.6,3.3,3.7,0.013,0.89,0.0,0.46,104.0,15.3,8.4,7.88,12.2,NORMAL
S00000024,EX-001,EXCAVATOR,336,ENGINE,2024-10-24,10749.4,26.9,N,12.5,3.2,1.12,2.5,3.5,5.9,2.2,1.6,0.019,0.71,0.0,0.27,107.0,8.6,6.4,10.27,5.1,NORMAL
S00000025,EX-001,EXCAVATOR,336,ENGINE,2024-11-12,10914.5,192.0,N,16.1,5.3,2.63,4.0,4.6,6.9,2.4,3.0,0.03,0.64,0.0,0.31,106.0,12.3,8.2,9.21,9.3,NORMAL
S00000026,EX-001,EXCAVATOR,336,ENGINE,2024-12-09,11161.6,439.1,N,27.4,7.3,2.72,6.3,5.5,12.6,5.0,2.9,0.022,0.5,0.0,0.7,105.4,16.2,9.5,6.54,10.5,NORMAL
S00000027,EX-001,EXCAVATOR,336,ENGINE,2025-01-04,11397.1,34.9,N,13.3,4.8,1.16,2.5,2.6,4.2,2.1,1.9,0.018,0.58,0.0,0.24,106.0,9.5,6.4,10.59,5.1,NORMAL
S00000028,EX-001,EXCAVATOR,336,ENGINE,2025-02-03,11668.4,306.2,N,19.7,8.8,1.8,5.5,4.9,8.6,3.5,3.6,0.015,0.84,0.0,0.45,110.9,14.4,7.9,7.69,10.8,NORMAL
S00000029,EX-001,EXCAVATOR,336,ENGINE,2025-03-03,11926.7,52.8,N,10.1,4.9,1.36,2.8,3.8,4.2,2.4,2.0,0.019,0.83,0.0,0.28,106.6,10.0,6.7,9.94,4.2,NORMAL
S00000030,EX-001,EXCAVATOR,336,ENGINE,2025-03-29,12159.9,286.1,N,20.2,9.2,2.01,3.9,5.3,9.4,4.6,3.3,0.014,0.46,0.0,0.42,103.7,12.3,8.9,7.49,9.3,NORMAL
S00000031,EX-001,EXCAVATOR,336,ENGINE,2025-04-25,12401.9,12.1,N,12.6,4.2,0.96,2.2,2.4,5.2,1.9,2.1,0.012,0.65,0.0,0.19,102.5,9.1,6.4,10.76,5.0,NORMAL
S00000032,EX-001,EXCAVATOR,336,ENGINE,2025-05-14,12577.1,187.4,N,17.3,4.7,1.16,3.8,6.4,6.5,4.1,2.7,0.013,0.97,0.0,0.41,109.7,13.1,6.9,8.98,6.7,NORMAL
S00000033,EX-001,EXCAVATOR,336,ENGINE,2025-06-20,12914.8,40.9,N,14.3,4.5,1.31,3.2,3.8,5.8,2.0,1.5,0.033,0.44,0.0,0.23,105.5,9.2,5.5,9.38,6.0,NORMAL
S00000034,EX-001,EXCAVATOR,336,ENGINE,2025-07-17,13159.3,285.5,N,18.6,9.0,1.7,4.2,5.1,9.3,4.6,3.0,0.022,1.18,0.0,0.44,107.0,13.7,8.7,8.03,8.8,NORMAL
S00000035,EX-001,EXCAVATOR,336,ENGINE,2025-08-11,13387.2,32.5,N,9.1,4.2,1.8,2.6,3.7,4.7,1.6,1.3,0.031,0.48,0.0,0.19,108.5,8.0,6.5,10.66,5.7,NORMAL
S00000036,EX-001,EXCAVATOR,336,ENGINE,2025-09-02,13587.4,232.7,N,20.0,5.7,2.22,3.2,5.5,7.9,3.6,2.5,0.033,0.55,0.0,0.46,102.9,12.0,7.9,7.93,8.1,NORMAL
S00000037,EX-001,EXCAVATOR,336,ENGINE,2025-09-24,13786.1,431.4,N,29.8,12.1,2.57,4.6,6.7,9.5,5.0,5.1,0.018,0.62,0.0,0.68,108.4,16.1,10.4,7.16,11.3,NORMAL
S00000038,EX-001,EXCAVATOR,336,ENGINE,2025-11-03,14144.8,48.8,N,9.6,5.0,1.1,2.4,3.4,5.0,2.3,1.8,0.031,0.89,0.0,0.31,111.1,8.7,5.9,9.68,4.6,NORMAL
S00000039,EX-001,EXCAVATOR,336,ENGINE,2025-11-30,14387.9,292.0,N,15.4,8.1,2.4,5.0,5.4,10.4,5.4,2.7,0.012,0.62,0.0,0.59,108.5,12.7,8.6,8.38,10.8,NORMAL
S00000040,EX-001,EXCAVATOR,336,ENGINE,2025-12-27,14631.6,16.9,N,9.0,3.8,1.05,2.1,3.3,4.9,2.1,1.5,0.021,0.35,0.0,0.21,110.6,8.8,5.9,10.08,4.3,NORMAL
S00000041,EX-001,EXCAVATOR,336,ENGINE,2026-01-31,14954.1,339.5,N,18.4,7.4,2.88,4.8,5.8,8.5,3.6,3.6,0.02,0.74,0.0,0.48,105.6,15.6,8.6,7.79,11.2,NORMAL
S00000042,EX-001,EXCAVATOR,336,ENGINE,2026-02-24,15170.8,35.8,N,8.8,4.6,1.11,1.8,4.6,4.3,2.0,2.2,0.016,0.59,0.0,0.27,104.9,7.9,5.5,9.9,6.0,NORMAL
S00000043,EX-001,EXCAVATOR,336,ENGINE,2026-03-30,15474.9,340.0,N,27.7,18.3,1.86,16.7,7.8,10.8,4.5,3.9,0.024,0.74,0.0,0.48,108.7,12.6,8.4,7.46,14.7,MONITOR
S00000044,EX-001,EXCAVATOR,336,ENGINE,2026-04-27,15736.8,7.4,N,8.8,2.5,1.04,3.2,3.0,4.4,2.6,1.8,0.021,0.8,0.0,0.19,106.6,8.6,5.8,9.71,4.9,NORMAL
S00000045,EX-001,EXCAVATOR,336,ENGINE,2026-05-30,16033.7,304.3,N,27.0,7.7,2.29,5.2,7.2,9.2,4.7,3.3,0.015,0.6,0.0,0.48,111.0,13.2,7.8,7.2,7.2,NORMAL
S00000046,EX-001,EXCAVATOR,336,ENGINE,2026-06-22,16242.4,56.8,N,14.8,5.3,1.36,2.6,3.2,6.3,2.4,2.1,0.022,0.72,0.0,0.23,108.7,9.2,7.3,10.02,5.1,NORMAL
S00000084,EX-001,EXCAVATOR,336,FINAL_DRIVE,2023-04-10,5560.0,57.9,N,56.1,5.1,3.68,3.3,3.0,6.5,1.8,1.0,0.048,0.0,0.0,0.03,102.6,4.8,3.0,5.63,18.2,NORMAL
S00000085,EX-001,EXCAVATOR,336,FINAL_DRIVE,2023-07-05,6347.0,844.8,N,73.8,9.2,3.79,5.7,6.1,8.3,2.7,1.9,0.078,0.0,0.0,0.04,107.1,6.4,3.8,4.68,23.6,NORMAL
S00000086,EX-001,EXCAVATOR,336,FINAL_DRIVE,2023-10-03,7163.1,1661.0,N,101.0,15.4,6.59,8.4,8.7,10.9,4.2,2.6,0.053,0.0,0.0,0.08,100.2,8.3,4.5,3.84,40.2,NORMAL
S00000087,EX-001,EXCAVATOR,336,FINAL_DRIVE,2023-12-11,7787.5,59.5,N,38.4,4.7,2.69,4.4,3.4,4.6,1.6,1.1,0.067,0.0,0.0,0.03,99.5,5.7,2.9,5.48,18.0,NORMAL
S00000088,EX-001,EXCAVATOR,336,FINAL_DRIVE,2024-02-26,8483.9,755.9,N,64.0,8.7,3.67,8.7,5.3,6.2,2.5,2.3,0.052,0.0,0.0,0.05,96.5,7.0,4.2,4.8,23.0,NORMAL
S00000089,EX-001,EXCAVATOR,336,FINAL_DRIVE,2024-05-26,9300.0,1572.0,N,149.0,11.0,7.65,9.4,8.2,9.6,3.3,2.7,0.051,0.0,0.0,0.07,102.0,8.3,5.0,3.9,32.3,NORMAL
S00000090,EX-001,EXCAVATOR,336,FINAL_DRIVE,2024-08-24,10116.2,57.1,N,50.6,4.5,2.81,5.6,2.5,5.3,1.8,1.0,0.046,0.0,0.0,0.02,100.7,4.9,3.1,5.85,18.6,NORMAL
S00000091,EX-001,EXCAVATOR,336,FINAL_DRIVE,2024-11-22,10932.3,873.3,N,74.9,9.6,3.67,7.2,5.2,10.8,2.3,2.2,0.031,0.0,0.0,0.05,100.7,6.9,4.1,4.28,21.1,NORMAL
S00000092,EX-001,EXCAVATOR,336,FINAL_DRIVE,2025-02-20,11748.5,1689.4,N,95.8,13.4,5.74,9.2,6.4,14.0,5.3,2.2,0.031,0.0,0.0,0.08,102.2,10.5,4.1,3.96,40.6,NORMAL
S00000093,EX-001,EXCAVATOR,336,FINAL_DRIVE,2025-05-21,12564.6,17.9,N,51.5,5.1,2.59,3.5,4.3,5.9,1.9,1.0,0.046,0.0,0.0,0.03,103.9,5.2,2.6,5.74,15.6,NORMAL
S00000094,EX-001,EXCAVATOR,336,FINAL_DRIVE,2025-08-19,13380.8,834.1,N,85.2,8.0,3.55,6.6,5.5,9.4,2.6,2.2,0.054,0.0,0.0,0.04,97.9,5.3,3.6,4.76,28.0,NORMAL
S00000095,EX-001,EXCAVATOR,336,FINAL_DRIVE,2025-11-17,14196.9,1650.2,N,90.1,16.7,6.71,9.8,7.3,9.3,4.2,2.7,0.048,0.0,0.0,0.07,102.6,9.5,5.6,3.79,49.4,NORMAL
S00000096,EX-001,EXCAVATOR,336,FINAL_DRIVE,2026-02-15,15013.1,54.2,N,48.6,6.4,2.12,4.0,3.4,4.1,1.6,1.1,0.047,0.0,0.0,0.03,100.6,5.2,2.6,5.98,13.8,NORMAL
S00000097,EX-001,EXCAVATOR,336,FINAL_DRIVE,2026-05-16,15829.2,870.4,N,76.5,9.8,4.97,6.4,6.1,9.7,3.2,1.7,0.06,0.0,0.0,0.06,103.3,7.1,4.4,4.75,30.2,NORMAL
S00000047,EX-001,EXCAVATOR,336,HYDRAULIC,2023-04-05,5560.0,1907.7,N,16.3,7.1,1.21,2.0,4.0,8.1,5.2,4.0,0.031,0.0,0.0,0.09,48.9,12.3,5.8,3.23,6.8,NORMAL
S00000048,EX-001,EXCAVATOR,336,HYDRAULIC,2023-07-04,6376.2,13.7,N,6.5,1.9,0.69,0.9,1.9,2.6,1.8,1.0,0.019,0.0,0.0,0.03,45.3,4.7,2.6,4.73,3.4,NORMAL
S00000049,EX-001,EXCAVATOR,336,HYDRAULIC,2023-10-02,7192.3,829.9,N,9.8,3.3,0.81,2.1,3.2,6.3,2.4,1.9,0.038,0.0,0.0,0.05,44.4,8.5,4.0,4.13,5.4,NORMAL
S00000050,EX-001,EXCAVATOR,336,HYDRAULIC,2023-12-31,8008.5,1646.0,N,14.8,5.7,1.66,3.2,4.5,7.5,4.5,2.8,0.036,0.0,0.0,0.09,47.6,10.6,4.8,3.08,7.9,NORMAL
S00000051,EX-001,EXCAVATOR,336,HYDRAULIC,2024-03-30,8824.6,21.3,N,26.2,10.7,1.92,1.1,1.8,2.7,1.7,1.0,0.034,0.0,0.0,0.02,46.2,5.0,2.4,4.75,18.6,ACTION
S00000052,EX-001,EXCAVATOR,336,HYDRAULIC,2024-06-08,9462.6,659.3,N,6.1,3.1,0.8,1.5,2.7,4.9,2.1,1.5,0.022,0.0,0.0,0.04,46.1,7.4,4.4,4.03,5.2,NORMAL
S00000053,EX-001,EXCAVATOR,336,HYDRAULIC,2024-08-20,10124.2,1320.8,N,7.5,6.6,1.31,2.3,2.6,5.6,4.3,1.5,0.022,0.0,0.0,0.06,47.0,9.4,4.9,3.82,6.5,NORMAL
S00000054,EX-001,EXCAVATOR,336,HYDRAULIC,2024-11-18,10940.3,11.3,N,5.1,2.8,0.71,1.4,1.6,2.8,1.4,1.1,0.03,0.0,0.0,0.03,46.6,5.0,2.9,4.61,3.7,NORMAL
S00000055,EX-001,EXCAVATOR,336,HYDRAULIC,2025-02-16,11756.5,827.4,N,10.4,3.8,0.83,2.0,2.7,3.9,3.0,1.8,0.018,0.0,0.0,0.05,45.8,7.9,4.0,3.77,6.4,NORMAL
S00000056,EX-001,EXCAVATOR,336,HYDRAULIC,2025-05-06,12472.3,1543.2,N,13.0,5.5,1.32,2.7,4.2,9.1,3.9,4.0,0.024,0.0,0.0,0.07,46.3,9.6,4.7,3.45,6.3,NORMAL
S00000057,EX-001,EXCAVATOR,336,HYDRAULIC,2025-08-04,13288.5,33.3,N,6.0,2.3,0.55,0.9,1.7,3.3,1.6,1.1,0.178,0.0,0.0,0.02,46.8,6.1,2.7,4.51,4.4,NORMAL
S00000058,EX-001,EXCAVATOR,336,HYDRAULIC,2025-11-02,14104.6,849.5,N,19.0,3.9,0.8,1.7,2.5,5.8,2.3,1.8,7.876,0.0,0.0,0.05,46.0,7.4,3.8,3.93,6.2,MONITOR
S00000059,EX-001,EXCAVATOR,336,HYDRAULIC,2026-01-25,14867.5,1612.4,N,17.6,5.4,1.36,2.7,3.2,7.3,4.0,3.0,0.063,0.0,0.0,0.08,42.4,9.9,5.2,3.26,7.7,NORMAL
S00000060,EX-001,EXCAVATOR,336,HYDRAULIC,2026-04-25,15683.7,55.4,N,6.1,2.4,0.54,1.3,1.3,3.3,1.3,1.1,0.039,0.0,0.0,0.03,46.0,5.7,2.9,4.3,3.7,NORMAL
S00000061,EX-001,EXCAVATOR,336,TRANSMISSION,2023-03-01,5227.0,6.2,N,19.4,10.6,1.82,3.6,3.2,4.5,2.1,1.5,0.031,0.0,0.0,0.06,65.9,5.0,3.4,7.01,7.4,NORMAL
S00000062,EX-001,EXCAVATOR,336,TRANSMISSION,2023-04-19,5669.4,448.6,N,34.6,14.2,2.16,6.4,3.8,6.5,2.6,1.8,0.025,0.0,0.0,0.13,66.0,9.0,4.6,5.57,11.3,NORMAL
S00000063,EX-001,EXCAVATOR,336,TRANSMISSION,2023-06-02,6072.4,851.6,N,33.7,17.7,4.15,6.2,6.6,7.6,3.9,2.8,0.037,0.0,0.0,0.14,68.7,11.0,6.9,4.68,19.9,NORMAL
S00000064,EX-001,EXCAVATOR,336,TRANSMISSION,2023-07-14,6456.1,32.6,N,25.2,7.9,1.21,3.9,4.0,5.4,1.6,1.2,0.02,0.0,0.0,0.06,69.5,6.5,3.3,7.02,8.8,NORMAL
S00000065,EX-001,EXCAVATOR,336,TRANSMISSION,2023-09-10,6979.3,555.8,N,39.8,16.0,3.57,6.9,5.1,5.9,3.5,2.6,0.037,0.0,0.0,0.14,67.9,9.8,6.1,5.49,20.1,NORMAL
S00000066,EX-001,EXCAVATOR,336,TRANSMISSION,2023-11-10,7530.7,50.0,N,16.1,7.3,1.88,3.5,2.8,4.5,2.0,1.4,0.023,0.0,0.0,0.05,68.0,6.4,3.4,6.73,7.3,NORMAL
S00000067,EX-001,EXCAVATOR,336,TRANSMISSION,2024-01-03,8020.4,539.7,N,37.9,13.6,4.18,5.3,5.0,6.4,3.0,2.1,0.023,0.0,0.0,0.11,65.6,9.7,6.1,5.39,17.2,NORMAL
S00000068,EX-001,EXCAVATOR,336,TRANSMISSION,2024-02-26,8509.4,27.4,N,28.6,9.4,2.51,3.3,3.1,3.0,2.1,1.2,0.029,0.0,0.0,0.05,69.8,6.3,3.5,6.11,13.8,NORMAL
S00000069,EX-001,EXCAVATOR,336,TRANSMISSION,2024-04-10,8910.2,428.2,N,87.0,13.3,6.74,4.9,3.5,7.4,3.1,1.8,0.019,0.0,0.0,0.08,67.5,8.9,4.8,5.96,42.7,MONITOR
S00000070,EX-001,EXCAVATOR,336,TRANSMISSION,2024-06-01,9381.0,899.1,N,53.7,14.7,4.93,9.0,7.7,11.6,3.6,1.6,0.017,0.0,0.0,0.16,70.2,13.1,6.4,4.53,20.0,NORMAL
S00000071,EX-001,EXCAVATOR,336,TRANSMISSION,2024-07-09,9729.8,36.7,N,20.3,6.7,2.07,3.5,2.4,3.4,1.6,1.4,0.019,0.0,0.0,0.06,69.1,7.4,4.0,7.22,7.8,NORMAL
S00000072,EX-001,EXCAVATOR,336,TRANSMISSION,2024-09-06,10259.4,566.2,N,39.5,12.5,2.47,5.3,5.3,6.1,2.8,1.9,0.022,0.0,0.0,0.11,67.5,9.8,6.1,5.53,16.5,NORMAL
S00000073,EX-001,EXCAVATOR,336,TRANSMISSION,2024-11-01,10770.1,16.4,N,19.9,9.3,1.96,2.8,3.1,3.7,1.8,1.0,0.021,0.0,0.0,0.04,69.7,6.6,3.2,6.67,6.2,NORMAL
S00000074,EX-001,EXCAVATOR,336,TRANSMISSION,2025-01-01,11325.9,572.2,N,51.2,14.1,3.98,7.7,5.0,5.7,3.7,2.3,0.028,0.0,0.0,0.1,70.4,10.5,6.2,5.41,21.7,NORMAL
S00000075,EX-001,EXCAVATOR,336,TRANSMISSION,2025-03-03,11877.2,29.8,N,20.3,8.4,1.92,3.6,2.5,5.1,1.8,1.2,0.023,0.0,0.0,0.06,67.1,7.5,3.7,6.94,9.1,NORMAL
S00000076,EX-001,EXCAVATOR,336,TRANSMISSION,2025-04-30,12398.4,550.9,N,42.2,18.2,3.38,5.3,5.7,8.4,3.7,2.2,0.024,0.0,0.0,0.09,70.0,9.2,5.7,5.62,12.1,NORMAL
S00000077,EX-001,EXCAVATOR,336,TRANSMISSION,2025-07-11,13058.9,41.7,N,24.9,8.7,1.81,3.7,3.2,4.6,2.3,1.2,0.041,0.0,0.0,0.05,64.9,5.9,3.4,6.87,8.5,NORMAL
S00000078,EX-001,EXCAVATOR,336,TRANSMISSION,2025-08-31,13516.1,498.9,N,35.0,14.3,2.75,6.4,5.2,7.4,3.4,2.0,0.026,0.0,0.0,0.11,71.0,9.4,5.6,5.43,14.3,NORMAL
S00000079,EX-001,EXCAVATOR,336,TRANSMISSION,2025-10-25,14017.1,1000.0,N,50.0,19.0,5.29,8.5,8.7,10.6,5.0,2.6,0.021,0.0,0.0,0.17,72.5,13.4,7.6,4.38,20.8,NORMAL
S00000080,EX-001,EXCAVATOR,336,TRANSMISSION,2025-12-23,14555.3,55.7,N,22.1,6.9,1.43,3.5,2.3,3.6,1.6,1.0,0.033,0.0,0.0,0.05,67.2,6.6,3.4,6.92,8.7,NORMAL
S00000081,EX-001,EXCAVATOR,336,TRANSMISSION,2026-02-20,15086.0,586.4,N,60.8,15.4,5.64,6.0,5.7,8.0,3.1,1.8,0.032,0.0,0.0,0.12,68.4,10.0,5.5,5.07,28.9,MONITOR
S00000082,EX-001,EXCAVATOR,336,TRANSMISSION,2026-04-15,15580.1,4.7,N,80.0,8.4,6.37,3.1,2.6,4.9,1.8,1.2,0.018,0.0,0.0,0.04,69.0,5.6,3.6,7.54,45.5,MONITOR
S00000083,EX-001,EXCAVATOR,336,TRANSMISSION,2026-06-17,16146.9,571.5,N,30.2,14.2,3.98,7.6,4.0,6.8,2.6,1.8,0.036,0.0,0.0,0.11,71.0,10.0,5.4,5.52,13.3,NORMAL
S00000098,EX-002,EXCAVATOR,336,ENGINE,2023-02-25,6209.4,420.1,N,22.4,9.4,3.13,5.3,7.7,10.3,4.9,3.8,0.033,0.82,0.0,0.48,107.7,17.2,9.3,6.94,9.7,NORMAL
S00000099,EX-002,EXCAVATOR,336,ENGINE,2023-04-23,6519.5,7.1,N,9.2,4.4,0.88,1.6,2.3,4.7,2.7,2.6,0.017,0.53,0.0,0.23,104.0,7.0,5.8,9.48,5.7,NORMAL
S00000100,EX-002,EXCAVATOR,336,ENGINE,2023-06-08,6772.9,260.5,N,17.9,7.8,2.43,4.2,5.8,11.3,3.5,2.6,0.017,0.75,0.0,0.44,113.2,13.0,9.3,8.65,8.9,NORMAL
S00000101,EX-002,EXCAVATOR,336,ENGINE,2023-07-27,7044.1,19.3,N,12.3,3.2,1.39,3.7,3.2,5.2,2.4,2.0,0.012,1.16,0.0,0.22,110.1,8.6,5.7,10.22,4.4,NORMAL
S00000102,EX-002,EXCAVATOR,336,ENGINE,2023-09-13,7305.8,281.0,N,14.8,9.0,2.14,4.5,6.0,7.5,2.7,3.2,0.019,0.67,0.0,0.5,111.0,12.5,8.6,8.0,9.0,NORMAL
S00000103,EX-002,EXCAVATOR,336,ENGINE,2023-10-21,7516.7,491.9,N,34.0,8.8,2.95,5.6,6.5,12.8,6.9,5.5,0.025,0.44,0.0,0.69,107.1,18.0,9.9,6.57,12.9,NORMAL
S00000104,EX-002,EXCAVATOR,336,ENGINE,2023-11-25,7704.5,27.8,N,11.0,5.2,1.22,3.0,3.2,5.3,2.9,1.7,0.016,0.6,0.0,0.21,107.2,8.5,6.3,10.21,5.1,NORMAL
S00000105,EX-002,EXCAVATOR,336,ENGINE,2024-01-06,7934.5,257.9,N,22.0,7.3,2.08,5.3,3.2,6.9,2.6,3.1,0.019,0.43,0.0,0.54,109.9,13.1,7.9,8.41,8.8,NORMAL
S00000106,EX-002,EXCAVATOR,336,ENGINE,2024-02-24,8205.4,2.6,N,8.8,4.8,0.95,1.9,2.9,4.5,2.3,1.6,0.025,0.61,0.0,0.18,106.5,7.3,6.0,10.22,4.5,NORMAL
S00000107,EX-002,EXCAVATOR,336,ENGINE,2024-05-02,8579.7,376.9,N,17.7,7.7,2.5,6.1,5.9,7.8,5.9,3.2,0.022,0.45,0.0,0.6,110.4,14.0,9.5,7.23,9.5,NORMAL
S00000108,EX-002,EXCAVATOR,336,ENGINE,2024-06-16,8824.8,42.1,N,13.1,3.8,1.25,2.4,2.5,5.5,2.2,1.8,0.029,0.55,0.0,0.21,110.7,9.7,6.3,9.74,3.9,NORMAL
S00000109,EX-002,EXCAVATOR,336,ENGINE,2024-08-03,9087.0,304.2,N,20.2,6.4,2.8,3.2,5.7,8.7,3.4,3.5,0.034,0.78,0.0,0.56,108.2,12.6,9.3,7.97,9.5,NORMAL
S00000110,EX-002,EXCAVATOR,336,ENGINE,2024-09-24,9371.8,26.0,N,11.7,5.3,1.43,2.5,3.1,4.6,2.3,1.7,0.01,0.68,0.0,0.21,106.8,8.6,6.0,10.03,5.5,NORMAL
S00000111,EX-002,EXCAVATOR,336,ENGINE,2024-11-06,9609.1,263.3,N,19.1,7.6,1.53,6.0,5.3,8.5,3.1,3.4,0.031,0.68,0.0,0.44,107.3,13.2,9.5,7.9,8.9,NORMAL
S00000112,EX-002,EXCAVATOR,336,ENGINE,2024-12-21,9857.4,28.4,N,10.6,4.7,1.26,2.4,3.0,5.2,2.6,2.0,0.011,0.7,0.0,0.22,109.0,9.3,5.8,10.71,5.7,NORMAL
S00000113,EX-002,EXCAVATOR,336,ENGINE,2025-03-04,10255.0,426.1,N,18.0,11.9,2.02,5.7,8.7,13.6,4.6,3.3,0.024,0.63,0.0,0.63,110.1,15.2,10.4,7.06,8.5,NORMAL
S00000114,EX-002,EXCAVATOR,336,ENGINE,2025-04-14,10480.0,15.6,N,10.0,3.4,1.33,2.1,3.6,4.5,2.1,1.9,0.021,0.42,0.0,0.19,105.6,8.5,6.5,9.81,5.4,NORMAL
S00000115,EX-002,EXCAVATOR,336,ENGINE,2025-05-09,10620.8,156.4,N,11.5,6.2,1.86,3.7,4.5,5.5,3.7,3.0,0.031,0.47,0.0,0.37,110.6,10.7,7.5,8.43,6.0,NORMAL
S00000116,EX-002,EXCAVATOR,336,ENGINE,2025-06-24,10868.0,403.6,N,21.4,9.7,2.75,5.2,8.1,10.8,4.8,2.4,0.036,0.86,0.0,0.63,107.3,14.2,9.5,7.47,9.8,NORMAL
S00000117,EX-002,EXCAVATOR,336,ENGINE,2025-08-03,11088.0,32.6,N,10.0,4.2,1.18,2.2,3.8,8.1,2.8,2.2,0.024,0.6,0.0,0.24,107.2,10.5,5.8,10.05,5.0,NORMAL
S00000118,EX-002,EXCAVATOR,336,ENGINE,2025-09-22,11366.6,311.2,N,16.4,7.7,2.78,3.8,5.0,11.1,4.8,4.0,0.013,0.44,0.0,0.53,108.5,12.3,8.1,8.31,6.3,NORMAL
S00000119,EX-002,EXCAVATOR,336,ENGINE,2025-11-03,11592.1,30.7,N,10.3,3.9,1.77,3.5,2.8,5.1,3.0,1.5,0.025,0.47,0.0,0.19,111.7,8.4,5.8,9.73,4.4,NORMAL
S00000120,EX-002,EXCAVATOR,336,ENGINE,2025-12-08,11784.2,222.9,N,15.5,8.9,1.96,3.5,4.9,8.2,3.9,2.1,0.012,0.9,0.0,0.47,107.5,13.0,7.2,8.34,8.0,NORMAL
S00000121,EX-002,EXCAVATOR,336,ENGINE,2026-01-18,12011.3,449.9,N,26.0,9.3,3.25,6.5,8.1,12.2,4.2,3.1,0.014,0.46,0.0,0.52,105.4,16.6,10.8,6.36,11.2,NORMAL
S00000122,EX-002,EXCAVATOR,336,ENGINE,2026-03-03,12251.8,33.5,N,14.1,4.9,1.27,1.7,2.6,5.0,2.2,2.5,0.019,0.67,0.0,0.21,108.8,8.2,5.5,9.76,5.0,NORMAL
S00000123,EX-002,EXCAVATOR,336,ENGINE,2026-04-19,12512.5,294.2,N,22.8,6.1,2.23,4.5,7.0,8.3,4.5,2.8,0.014,0.78,0.0,0.48,109.1,12.7,8.6,8.2,9.2,NORMAL
S00000124,EX-002,EXCAVATOR,336,ENGINE,2026-06-01,12747.2,44.5,N,16.9,4.9,1.38,2.4,3.1,5.7,2.8,1.7,0.017,0.67,0.0,0.24,108.8,8.4,6.6,10.38,6.2,NORMAL
S00000154,EX-002,EXCAVATOR,336,FINAL_DRIVE,2023-04-19,6411.1,57.8,N,38.4,5.5,3.23,4.7,3.6,6.4,1.8,1.1,0.039,0.0,0.0,0.03,101.7,4.9,3.0,6.01,16.4,NORMAL
S00000155,EX-002,EXCAVATOR,336,FINAL_DRIVE,2023-07-18,6904.7,551.3,N,92.6,8.6,4.25,7.4,6.6,21.5,2.0,1.3,2.494,0.0,0.0,0.05,99.1,6.4,3.5,5.44,26.7,MONITOR
S00000156,EX-002,EXCAVATOR,336,FINAL_DRIVE,2023-10-16,7398.3,1044.9,N,138.3,10.2,4.99,8.8,9.1,56.3,3.7,1.9,8.445,0.0,0.0,0.05,103.1,7.3,4.3,4.6,25.3,ACTION
S00000157,EX-002,EXCAVATOR,336,FINAL_DRIVE,2024-01-14,7891.8,1538.5,N,220.1,9.8,13.97,8.5,7.0,10.9,2.9,2.3,0.03,0.0,0.0,0.07,99.6,7.7,4.8,4.17,122.7,MONITOR
S00000158,EX-002,EXCAVATOR,336,FINAL_DRIVE,2024-04-13,8385.4,59.2,N,51.8,6.2,2.64,4.4,3.3,5.0,1.5,1.1,0.068,0.0,0.0,0.02,100.2,5.0,2.6,5.47,17.8,NORMAL
S00000159,EX-002,EXCAVATOR,336,FINAL_DRIVE,2024-07-12,8879.0,552.7,N,62.7,7.2,4.29,6.1,4.0,7.1,2.4,1.6,0.038,0.0,0.0,0.05,99.4,6.1,4.1,5.1,26.5,NORMAL
S00000160,EX-002,EXCAVATOR,336,FINAL_DRIVE,2024-10-10,9372.5,1046.3,N,98.7,13.4,4.89,8.3,5.8,9.3,2.9,1.7,0.029,0.0,0.0,0.06,100.3,8.2,4.1,4.72,35.9,NORMAL
S00000161,EX-002,EXCAVATOR,336,FINAL_DRIVE,2025-01-08,9866.1,1539.9,N,107.3,8.4,5.53,8.4,6.9,14.3,3.4,3.4,0.069,0.0,0.0,0.08,98.2,9.8,5.3,4.41,35.9,NORMAL
S00000162,EX-002,EXCAVATOR,336,FINAL_DRIVE,2025-04-08,10359.7,55.8,N,45.6,6.2,3.98,5.1,4.0,5.6,2.0,1.2,0.054,0.0,0.0,0.03,100.6,5.1,2.5,5.71,16.0,NORMAL
S00000163,EX-002,EXCAVATOR,336,FINAL_DRIVE,2025-07-07,10853.2,549.4,N,75.4,6.5,4.23,7.3,5.4,6.2,2.0,1.6,0.025,0.0,0.0,0.04,106.3,5.9,3.4,5.02,20.4,NORMAL
S00000164,EX-002,EXCAVATOR,336,FINAL_DRIVE,2025-10-05,11346.8,1042.9,N,79.8,7.1,4.41,7.9,6.0,7.7,2.7,1.8,0.038,0.0,0.0,0.05,99.5,6.7,4.5,4.65,31.1,NORMAL
S00000165,EX-002,EXCAVATOR,336,FINAL_DRIVE,2026-01-03,11840.4,1536.5,N,105.5,12.0,6.59,10.1,7.6,9.1,3.6,1.7,0.045,0.0,0.0,0.08,99.1,8.5,5.5,4.23,25.9,NORMAL
S00000166,EX-002,EXCAVATOR,336,FINAL_DRIVE,2026-04-03,12333.9,3.1,N,40.4,3.9,2.92,4.2,3.0,5.2,1.5,1.3,0.035,0.0,0.0,0.03,101.0,4.6,2.5,5.87,22.3,NORMAL
S00000125,EX-002,EXCAVATOR,336,HYDRAULIC,2023-04-10,6411.1,4.4,N,6.3,1.5,0.61,1.1,1.4,3.9,1.6,1.3,0.025,0.0,0.0,0.02,45.6,6.1,3.0,4.22,3.6,NORMAL
S00000126,EX-002,EXCAVATOR,336,HYDRAULIC,2023-07-09,6904.7,497.9,N,11.3,3.2,0.8,1.7,2.0,4.5,2.1,1.1,0.038,0.0,0.0,0.03,46.8,6.7,3.5,4.03,3.5,NORMAL
S00000127,EX-002,EXCAVATOR,336,HYDRAULIC,2023-10-07,7398.3,991.5,N,14.0,3.9,0.94,2.4,2.3,6.5,2.5,1.8,0.05,0.0,0.0,0.06,46.1,8.4,4.3,3.97,5.3,NORMAL
S00000128,EX-002,EXCAVATOR,336,HYDRAULIC,2024-01-05,7891.8,1485.1,N,12.6,4.1,1.34,2.4,4.2,5.4,5.6,2.0,0.017,0.0,0.0,0.05,47.1,8.7,4.7,3.03,7.3,NORMAL
S00000129,EX-002,EXCAVATOR,336,HYDRAULIC,2024-04-04,8385.4,1978.6,N,19.5,8.9,2.07,2.9,4.2,8.3,4.0,3.6,0.03,0.0,0.0,0.08,45.6,10.9,5.8,2.86,12.3,MONITOR
S00000130,EX-002,EXCAVATOR,336,HYDRAULIC,2024-07-03,8879.0,20.4,N,7.0,2.4,0.62,1.1,1.8,3.7,1.3,1.0,0.024,0.0,0.0,0.03,48.0,5.8,2.9,4.46,2.8,NORMAL
S00000131,EX-002,EXCAVATOR,336,HYDRAULIC,2024-10-01,9372.5,514.0,N,8.6,4.0,1.14,1.3,2.4,5.3,2.0,1.4,0.032,0.0,0.0,0.04,43.2,7.4,3.5,4.16,4.4,NORMAL
S00000132,EX-002,EXCAVATOR,336,HYDRAULIC,2024-12-30,9866.1,1007.6,N,12.6,3.7,1.06,1.9,2.9,5.2,2.6,2.2,0.03,0.0,0.0,0.04,46.5,8.0,4.3,3.87,6.8,NORMAL
S00000133,EX-002,EXCAVATOR,336,HYDRAULIC,2025-03-30,10359.7,1501.1,N,12.6,5.7,1.15,2.7,3.5,7.7,4.7,2.2,0.025,0.0,0.0,0.07,45.6,10.1,6.0,2.92,6.7,NORMAL
S00000134,EX-002,EXCAVATOR,336,HYDRAULIC,2025-06-28,10853.2,1994.7,N,16.2,5.0,1.3,2.2,4.5,7.7,5.2,3.4,0.263,0.0,0.0,0.07,45.6,11.3,5.9,2.8,7.6,NORMAL
S00000135,EX-002,EXCAVATOR,336,HYDRAULIC,2025-09-26,11346.8,22.7,N,12.7,2.5,0.64,0.8,1.8,3.1,1.7,1.0,7.16,0.0,0.0,0.02,47.1,5.7,2.8,4.61,2.9,MONITOR
S00000136,EX-002,EXCAVATOR,336,HYDRAULIC,2025-12-25,11840.4,516.3,N,8.4,3.6,0.98,1.4,3.2,4.8,2.6,1.5,0.02,0.0,0.0,0.05,47.7,7.0,3.5,4.51,4.3,NORMAL
S00000137,EX-002,EXCAVATOR,336,HYDRAULIC,2026-03-25,12333.9,1009.9,N,13.5,3.9,1.17,1.8,2.0,4.9,3.2,2.3,0.013,0.0,0.0,0.06,44.0,8.5,3.1,3.9,4.3,NORMAL
S00000138,EX-002,EXCAVATOR,336,HYDRAULIC,2026-06-23,12827.5,1503.4,N,14.2,5.0,0.99,2.7,3.8,10.1,3.8,2.5,0.027,0.0,0.0,0.08,47.0,9.8,4.7,3.56,6.8,NORMAL
S00000139,EX-002,EXCAVATOR,336,TRANSMISSION,2023-04-16,6411.1,934.1,N,63.1,16.2,4.25,10.2,7.6,9.1,6.3,3.2,0.025,0.0,0.0,0.15,67.2,12.1,7.6,4.42,19.2,NORMAL
S00000140,EX-002,EXCAVATOR,336,TRANSMISSION,2023-07-15,6904.7,6.7,N,25.2,6.6,1.91,6.1,2.7,4.4,1.4,1.2,0.023,0.0,0.0,0.06,69.6,6.4,3.2,6.86,7.3,NORMAL
S00000141,EX-002,EXCAVATOR,336,TRANSMISSION,2023-10-01,7331.1,433.1,N,39.0,13.4,2.72,6.4,3.9,7.9,2.1,2.5,0.043,0.0,0.0,0.1,67.8,8.6,5.3,5.72,13.9,NORMAL
S00000142,EX-002,EXCAVATOR,336,TRANSMISSION,2023-12-30,7823.7,925.7,N,57.8,23.6,4.15,8.7,7.1,11.2,5.4,2.4,0.044,0.0,0.0,0.16,68.2,12.9,7.6,4.48,19.4,NORMAL
S00000143,EX-002,EXCAVATOR,336,TRANSMISSION,2024-03-20,8267.7,38.5,N,30.2,7.5,1.74,4.3,3.4,4.2,1.9,1.4,0.022,0.0,0.0,0.04,69.4,6.1,3.7,6.54,8.4,NORMAL
S00000144,EX-002,EXCAVATOR,336,TRANSMISSION,2024-06-13,8738.3,509.1,N,41.1,12.4,2.99,5.9,4.5,8.3,2.4,2.3,0.038,0.0,0.0,0.11,66.8,9.6,4.7,5.07,22.2,NORMAL
S00000145,EX-002,EXCAVATOR,336,TRANSMISSION,2024-08-15,9079.5,850.3,N,41.2,14.5,3.83,9.2,6.3,7.7,3.5,2.7,0.029,0.0,0.0,0.18,69.1,12.1,5.2,4.24,12.6,NORMAL
S00000146,EX-002,EXCAVATOR,336,TRANSMISSION,2024-10-18,9434.4,35.5,N,20.4,7.6,1.62,3.4,2.5,4.3,1.8,1.0,0.04,0.0,0.0,0.06,65.9,6.9,3.4,7.0,11.0,NORMAL
S00000147,EX-002,EXCAVATOR,336,TRANSMISSION,2025-01-04,9861.4,462.6,N,59.0,14.6,2.56,4.7,7.2,8.9,2.9,2.2,0.021,0.0,0.0,0.12,68.3,8.9,5.1,5.68,17.0,NORMAL
S00000148,EX-002,EXCAVATOR,336,TRANSMISSION,2025-03-09,10209.5,810.6,N,43.5,22.2,4.04,8.1,6.6,10.7,3.9,1.9,0.03,0.0,0.0,0.17,62.8,9.6,7.2,4.62,18.9,NORMAL
S00000149,EX-002,EXCAVATOR,336,TRANSMISSION,2025-06-07,10703.0,10.8,N,22.5,7.4,1.92,2.9,2.8,3.5,1.4,1.4,0.042,0.0,0.0,0.06,66.4,6.4,3.3,7.19,7.5,NORMAL
S00000150,EX-002,EXCAVATOR,336,TRANSMISSION,2025-09-05,11196.0,503.8,N,52.2,13.7,3.75,7.8,4.0,8.7,3.4,2.3,0.017,0.0,0.0,0.11,68.9,9.6,5.6,5.7,18.7,NORMAL
S00000151,EX-002,EXCAVATOR,336,TRANSMISSION,2025-11-27,11654.0,961.7,N,59.5,21.1,4.37,8.8,7.2,7.7,3.9,3.5,0.033,0.0,0.0,0.2,66.3,14.6,7.6,4.32,17.0,NORMAL
S00000152,EX-002,EXCAVATOR,336,TRANSMISSION,2026-02-25,12147.5,45.2,N,29.3,7.8,1.74,3.7,3.0,4.5,1.6,0.9,0.038,0.0,0.0,0.05,66.9,6.4,3.4,6.8,11.1,NORMAL
S00000153,EX-002,EXCAVATOR,336,TRANSMISSION,2026-05-26,12641.1,538.7,N,35.5,17.7,2.56,6.4,5.8,5.8,3.2,2.1,0.035,0.0,0.0,0.11,67.7,10.5,5.5,5.4,12.8,NORMAL
S00000167,EX-003,EXCAVATOR,336,ENGINE,2023-02-05,2268.6,326.8,N,19.2,8.8,2.58,6.0,6.6,10.1,4.7,4.0,0.023,0.57,0.0,0.46,113.8,14.2,10.3,8.1,7.8,NORMAL
S00000168,EX-003,EXCAVATOR,336,ENGINE,2023-02-27,2488.6,17.2,N,10.8,3.6,0.87,1.7,2.6,4.5,1.9,2.0,0.01,1.06,0.0,0.22,108.4,7.5,5.7,9.57,5.0,NORMAL
S00000169,EX-003,EXCAVATOR,336,ENGINE,2023-03-26,2766.4,295.1,N,18.3,9.8,2.58,4.6,5.6,9.8,5.5,3.3,0.019,0.66,0.0,0.46,109.6,10.3,9.0,7.95,8.3,NORMAL
S00000170,EX-003,EXCAVATOR,336,ENGINE,2023-04-20,3021.1,30.4,N,12.7,3.2,1.25,2.6,2.5,4.5,3.0,1.8,0.02,0.62,0.0,0.25,100.0,9.2,6.0,11.14,4.2,NORMAL
S00000171,EX-003,EXCAVATOR,336,ENGINE,2023-05-12,3240.2,249.5,N,17.8,7.0,2.25,4.4,4.4,7.4,5.0,2.6,0.02,0.56,0.0,0.51,112.4,13.2,8.6,8.48,9.0,NORMAL
S00000172,EX-003,EXCAVATOR,336,ENGINE,2023-06-10,3541.9,39.9,N,10.4,4.6,1.11,2.9,3.3,4.3,1.5,1.4,0.011,0.37,0.0,0.25,107.8,9.2,5.8,9.06,6.3,NORMAL
S00000173,EX-003,EXCAVATOR,336,ENGINE,2023-07-05,3794.8,292.9,N,21.7,8.1,2.11,3.5,6.1,8.2,4.3,3.2,0.027,0.35,0.0,0.5,106.0,12.7,8.0,7.91,8.0,NORMAL
S00000174,EX-003,EXCAVATOR,336,ENGINE,2023-08-04,4097.3,30.3,N,8.6,4.9,1.17,2.7,3.4,4.5,2.3,1.7,0.015,0.87,0.0,0.23,108.3,9.0,6.3,11.14,5.7,NORMAL
S00000175,EX-003,EXCAVATOR,336,ENGINE,2023-09-04,4410.4,343.4,N,17.5,9.4,2.44,5.4,4.8,9.7,4.0,3.3,0.016,0.38,0.0,0.46,107.6,11.6,8.4,7.95,11.7,NORMAL
S00000176,EX-003,EXCAVATOR,336,ENGINE,2023-10-03,4710.7,47.0,N,11.2,3.2,1.06,2.2,3.1,5.7,2.3,1.7,0.027,0.5,0.0,0.21,108.2,8.8,6.1,10.24,7.2,NORMAL
S00000177,EX-003,EXCAVATOR,336,ENGINE,2023-11-01,5005.8,342.0,N,20.0,8.5,2.07,4.1,4.6,9.7,4.5,3.4,0.022,1.02,0.0,0.55,104.8,13.4,9.8,7.32,7.8,NORMAL
S00000178,EX-003,EXCAVATOR,336,ENGINE,2023-11-27,5260.5,52.2,N,14.0,3.7,1.34,2.4,2.3,4.1,3.1,2.1,0.017,0.48,0.0,0.23,108.5,7.1,6.3,9.68,6.3,NORMAL
S00000179,EX-003,EXCAVATOR,336,ENGINE,2023-12-17,5467.2,258.9,N,22.3,7.6,1.83,3.8,5.9,8.6,4.2,2.5,0.015,0.75,0.0,0.43,104.9,10.8,9.1,8.08,7.6,NORMAL
S00000180,EX-003,EXCAVATOR,336,ENGINE,2024-01-20,5811.1,14.2,N,10.7,5.1,1.15,2.0,2.8,4.3,2.9,1.9,0.028,0.7,0.0,0.19,108.5,9.2,5.5,9.27,4.9,NORMAL
S00000181,EX-003,EXCAVATOR,336,ENGINE,2024-02-16,6089.4,292.6,N,19.5,9.8,1.84,5.2,4.7,8.0,3.5,3.3,0.025,0.59,0.0,0.51,109.1,12.7,7.9,8.49,8.2,NORMAL
S00000182,EX-003,EXCAVATOR,336,ENGINE,2024-03-13,6356.7,6.7,N,8.8,4.5,1.1,2.5,2.2,4.1,2.4,1.8,0.018,0.56,0.0,0.23,107.9,8.4,5.9,9.5,4.9,NORMAL
S00000183,EX-003,EXCAVATOR,336,ENGINE,2024-04-08,6612.8,262.8,N,21.6,5.8,2.22,3.1,4.5,7.5,3.9,2.8,0.023,0.8,0.0,0.38,107.0,12.5,7.3,8.03,7.5,NORMAL
S00000184,EX-003,EXCAVATOR,336,ENGINE,2024-05-15,6989.8,0.5,N,10.1,3.2,1.08,2.2,2.2,3.6,2.7,1.2,0.017,1.08,0.0,0.18,107.2,9.3,5.9,10.98,4.5,NORMAL
S00000185,EX-003,EXCAVATOR,336,ENGINE,2024-06-16,7313.0,323.8,N,20.5,8.9,2.33,3.9,7.0,10.8,5.2,4.0,0.019,1.04,0.0,0.54,110.7,13.7,9.3,7.68,11.3,NORMAL
S00000186,EX-003,EXCAVATOR,336,ENGINE,2024-07-12,7584.5,28.4,N,13.5,4.0,1.18,2.2,6.3,14.3,2.1,1.7,0.033,0.28,0.0,0.19,109.4,8.4,6.4,9.88,5.4,NORMAL
S00000187,EX-003,EXCAVATOR,336,ENGINE,2024-08-05,7825.4,269.3,N,29.2,7.1,1.83,3.6,8.8,26.4,4.2,2.8,0.018,0.46,0.0,0.44,107.6,13.2,7.5,8.03,8.3,MONITOR
S00000188,EX-003,EXCAVATOR,336,ENGINE,2024-08-20,7977.6,421.5,N,36.5,10.4,3.81,5.9,15.8,39.5,4.9,4.2,0.023,0.76,0.0,0.69,108.6,15.3,9.5,7.32,8.7,ACTION
S00000189,EX-003,EXCAVATOR,336,ENGINE,2024-09-21,8301.0,24.1,N,11.1,3.3,1.46,2.5,3.8,5.7,3.7,2.9,0.612,0.61,0.072,0.26,105.8,8.6,6.1,9.71,4.2,MONITOR
S00000190,EX-003,EXCAVATOR,336,ENGINE,2024-10-12,8510.7,233.8,N,19.8,5.4,1.61,3.8,4.9,7.5,6.8,5.3,1.61,0.94,0.196,0.44,109.5,11.4,8.4,8.9,8.5,ACTION
S00000191,EX-003,EXCAVATOR,336,ENGINE,2024-11-04,8748.6,471.7,N,31.8,11.4,2.4,5.4,7.4,13.2,12.2,9.7,3.158,0.8,0.385,0.69,109.4,15.0,10.1,6.21,12.4,ACTION
S00000192,EX-003,EXCAVATOR,336,ENGINE,2024-11-29,9000.8,22.1,N,12.2,3.2,1.49,2.5,3.4,4.6,15.0,11.2,5.185,0.81,0.634,0.23,108.8,8.7,5.3,10.19,6.1,ACTION
S00000193,EX-003,EXCAVATOR,336,ENGINE,2024-12-27,9284.8,306.1,N,19.9,8.0,2.25,5.0,6.2,9.1,23.2,18.3,7.899,0.49,0.967,0.37,105.2,14.0,8.8,7.87,10.2,ACTION
S00000194,EX-003,EXCAVATOR,336,ENGINE,2025-01-17,9504.5,12.9,N,11.4,4.5,1.06,2.2,2.9,4.3,2.0,1.4,0.022,0.68,0.0,0.19,107.5,10.6,6.0,10.26,5.2,NORMAL
S00000195,EX-003,EXCAVATOR,336,ENGINE,2025-02-09,9735.7,244.1,N,16.8,7.8,2.42,4.5,6.0,7.9,3.8,3.3,0.011,0.68,0.0,0.48,112.6,14.1,7.1,8.1,8.8,NORMAL
S00000196,EX-003,EXCAVATOR,336,ENGINE,2025-03-05,9979.0,487.4,N,24.4,8.2,2.43,5.5,5.6,11.2,5.8,4.2,0.021,0.52,0.0,0.68,107.8,15.1,10.2,6.71,12.0,NORMAL
S00000197,EX-003,EXCAVATOR,336,ENGINE,2025-03-31,10236.8,36.6,N,10.5,4.1,1.02,2.2,3.2,3.7,2.0,1.7,0.014,0.85,0.0,0.22,109.8,10.1,6.7,10.02,6.2,NORMAL
S00000198,EX-003,EXCAVATOR,336,ENGINE,2025-04-27,10519.5,319.4,N,22.3,8.8,2.42,4.7,5.9,10.9,4.0,2.9,0.011,0.44,0.0,0.56,111.1,14.0,9.0,7.81,9.0,NORMAL
S00000199,EX-003,EXCAVATOR,336,ENGINE,2025-05-13,10675.9,475.7,N,24.4,9.2,3.02,7.9,6.4,11.3,5.3,2.7,0.02,0.46,0.0,0.56,106.1,16.8,10.2,6.69,10.0,NORMAL
S00000200,EX-003,EXCAVATOR,336,ENGINE,2025-06-03,10892.2,31.2,N,13.2,4.3,1.29,2.8,2.6,5.6,2.0,1.7,0.034,0.91,0.0,0.24,112.6,10.1,6.3,9.84,4.2,NORMAL
S00000201,EX-003,EXCAVATOR,336,ENGINE,2025-07-02,11183.0,322.0,N,20.0,7.5,2.23,5.6,4.9,9.2,5.9,3.9,0.017,0.39,0.0,0.55,109.2,14.3,10.2,7.88,12.0,NORMAL
S00000202,EX-003,EXCAVATOR,336,ENGINE,2025-08-02,11501.0,56.3,N,9.5,4.2,1.3,2.7,3.6,6.1,2.6,2.1,0.016,0.73,0.0,0.31,106.4,9.7,6.4,10.21,5.2,NORMAL
S00000203,EX-003,EXCAVATOR,336,ENGINE,2025-08-26,11742.1,297.3,N,25.3,5.8,1.97,3.9,5.6,8.6,3.4,2.4,0.013,0.88,0.0,0.51,112.0,15.0,8.7,7.62,9.0,NORMAL
S00000204,EX-003,EXCAVATOR,336,ENGINE,2025-09-23,12024.5,17.7,N,10.0,4.3,1.17,2.2,2.6,5.4,2.2,1.5,0.02,0.66,0.0,0.22,111.5,9.1,5.8,9.51,6.2,NORMAL
S00000205,EX-003,EXCAVATOR,336,ENGINE,2025-10-17,12268.1,261.3,N,19.8,6.4,2.12,3.2,5.1,7.5,3.3,2.9,0.017,0.93,0.0,0.5,106.5,13.8,8.1,8.54,8.2,NORMAL
S00000206,EX-003,EXCAVATOR,336,ENGINE,2025-11-04,12459.6,452.8,N,26.9,9.7,3.1,4.3,5.7,9.6,5.5,4.2,0.027,0.52,0.0,0.6,107.4,15.1,9.5,6.86,11.0,NORMAL
S00000207,EX-003,EXCAVATOR,336,ENGINE,2025-12-04,12757.6,28.3,N,9.3,3.6,1.11,3.0,2.7,5.3,2.5,1.9,0.022,0.45,0.0,0.24,109.7,8.0,5.9,9.84,5.1,NORMAL
S00000208,EX-003,EXCAVATOR,336,ENGINE,2026-01-01,13040.1,310.8,N,17.9,7.4,2.52,5.3,5.1,8.0,5.2,2.1,0.01,0.52,0.0,0.52,111.4,12.5,9.9,8.01,11.0,NORMAL
S00000209,EX-003,EXCAVATOR,336,ENGINE,2026-01-24,13282.1,19.6,N,10.2,3.7,1.16,2.2,2.9,4.9,3.1,1.5,0.026,0.67,0.0,0.24,107.4,8.1,5.2,9.44,6.1,NORMAL
S00000210,EX-003,EXCAVATOR,336,ENGINE,2026-02-16,13507.2,244.8,N,16.1,7.5,2.03,4.5,5.0,7.3,4.3,2.5,0.03,0.97,0.0,0.43,107.6,11.4,7.7,7.62,9.1,NORMAL
S00000211,EX-003,EXCAVATOR,336,ENGINE,2026-03-07,13709.0,446.6,N,23.9,12.4,2.88,4.6,4.8,8.4,6.5,4.3,0.033,2.18,0.0,0.67,104.0,15.4,10.0,6.58,8.8,NORMAL
S00000212,EX-003,EXCAVATOR,336,ENGINE,2026-03-30,13941.2,37.1,N,13.2,3.4,1.64,2.0,3.4,4.1,1.9,2.1,0.024,5.36,0.0,0.44,91.8,9.2,6.0,9.52,5.3,MONITOR
S00000213,EX-003,EXCAVATOR,336,ENGINE,2026-04-23,14180.3,276.3,N,17.2,7.0,1.65,4.0,4.5,10.3,3.6,2.9,0.022,10.29,0.0,0.98,79.5,13.5,8.7,8.11,8.4,MONITOR
S00000214,EX-003,EXCAVATOR,336,ENGINE,2026-05-13,14390.7,486.6,N,29.9,10.7,2.31,5.2,8.1,9.1,5.5,5.0,0.024,0.61,0.0,0.62,108.7,15.7,10.5,6.3,11.0,NORMAL
S00000215,EX-003,EXCAVATOR,336,ENGINE,2026-06-04,14604.7,10.0,N,11.3,3.7,1.11,2.5,3.4,4.3,2.1,2.0,0.019,0.57,0.0,0.21,108.9,8.9,5.4,10.81,4.7,NORMAL
S00000254,EX-003,EXCAVATOR,336,FINAL_DRIVE,2023-04-17,2940.7,1.1,N,46.5,5.2,2.71,3.7,3.3,5.4,2.2,1.3,0.07,0.0,0.0,0.02,99.9,4.4,2.7,5.73,18.2,NORMAL
S00000255,EX-003,EXCAVATOR,336,FINAL_DRIVE,2023-07-16,3854.8,915.2,N,82.4,10.2,4.62,5.6,5.9,8.7,2.2,1.8,0.04,0.0,0.0,0.06,98.9,7.9,3.9,4.78,19.5,NORMAL
S00000256,EX-003,EXCAVATOR,336,FINAL_DRIVE,2023-10-14,4768.9,1829.3,N,130.5,9.7,6.44,13.2,7.3,13.2,3.0,2.4,0.049,0.0,0.0,0.08,97.1,8.3,4.8,3.4,46.5,NORMAL
S00000257,EX-003,EXCAVATOR,336,FINAL_DRIVE,2024-01-12,5683.0,58.7,N,53.5,6.7,3.69,5.2,3.4,6.0,1.8,1.2,0.071,0.0,0.0,0.02,104.7,4.6,2.9,5.94,18.1,NORMAL
S00000258,EX-003,EXCAVATOR,336,FINAL_DRIVE,2024-04-11,6597.1,972.8,N,85.0,10.1,5.11,8.3,6.1,9.3,2.9,2.1,0.074,0.0,0.0,0.05,99.0,6.5,4.1,4.79,23.5,NORMAL
S00000259,EX-003,EXCAVATOR,336,FINAL_DRIVE,2024-07-05,7460.2,1836.0,N,124.0,15.7,7.84,11.9,8.2,11.6,4.4,3.0,0.056,0.0,0.0,0.08,98.6,8.2,5.0,3.47,42.6,NORMAL
S00000260,EX-003,EXCAVATOR,336,FINAL_DRIVE,2024-10-03,8374.3,38.8,N,44.0,4.5,3.4,4.0,3.3,3.9,2.0,1.3,0.054,0.0,0.0,0.03,95.7,5.1,2.9,6.25,15.1,NORMAL
S00000261,EX-003,EXCAVATOR,336,FINAL_DRIVE,2025-01-01,9288.4,952.9,N,79.6,7.1,4.25,7.7,4.5,7.2,3.6,1.8,0.049,0.0,0.0,0.05,102.8,7.3,4.4,4.48,33.5,NORMAL
S00000262,EX-003,EXCAVATOR,336,FINAL_DRIVE,2025-04-01,10202.5,1867.0,N,120.2,11.8,8.28,10.8,7.8,14.7,3.6,2.8,0.07,0.0,0.0,0.08,100.2,10.6,5.3,3.63,53.1,NORMAL
S00000263,EX-003,EXCAVATOR,336,FINAL_DRIVE,2025-06-30,11116.6,41.0,N,124.9,5.0,3.58,3.8,3.0,35.0,1.4,1.0,5.386,0.0,0.0,0.03,98.3,4.9,2.9,5.77,17.0,ACTION
S00000264,EX-003,EXCAVATOR,336,FINAL_DRIVE,2025-09-28,12030.7,955.1,N,79.2,6.6,4.19,9.4,5.5,7.9,2.8,2.5,0.053,0.0,0.0,0.07,99.2,6.9,3.8,4.68,29.9,NORMAL
S00000265,EX-003,EXCAVATOR,336,FINAL_DRIVE,2025-12-27,12944.8,1869.2,N,117.7,11.0,6.76,9.9,7.4,12.8,4.4,2.5,0.062,0.0,0.0,0.09,99.9,9.6,5.2,3.73,50.2,NORMAL
S00000266,EX-003,EXCAVATOR,336,FINAL_DRIVE,2026-03-27,13858.9,32.5,N,45.0,4.3,2.91,5.5,3.2,7.6,1.3,1.5,0.048,0.0,0.0,0.03,102.9,4.7,3.2,6.09,20.6,NORMAL
S00000267,EX-003,EXCAVATOR,336,FINAL_DRIVE,2026-06-25,14772.9,946.6,N,88.6,8.4,4.31,8.2,4.8,9.7,3.0,1.5,0.034,0.0,0.0,0.05,103.2,7.4,3.7,4.9,31.8,NORMAL
S00000216,EX-003,EXCAVATOR,336,HYDRAULIC,2023-04-19,2940.7,1216.0,N,11.7,4.7,1.09,2.5,3.3,7.5,2.7,2.1,0.027,0.0,0.0,0.08,45.8,9.6,4.4,3.33,4.2,NORMAL
S00000217,EX-003,EXCAVATOR,336,HYDRAULIC,2023-07-17,3852.1,26.1,N,5.9,2.6,0.46,1.1,1.8,3.3,1.6,1.1,0.03,0.0,0.0,0.02,47.0,6.2,2.5,4.53,3.4,NORMAL
S00000218,EX-003,EXCAVATOR,336,HYDRAULIC,2023-10-15,4766.2,940.2,N,9.6,5.4,1.01,1.5,3.4,6.1,3.1,1.5,0.044,0.0,0.0,0.06,46.2,8.1,4.3,4.04,5.6,NORMAL
S00000219,EX-003,EXCAVATOR,336,HYDRAULIC,2024-01-13,5680.3,1854.3,N,15.9,6.3,1.33,2.2,2.9,8.6,3.7,2.8,0.026,0.0,0.0,0.08,44.3,9.3,5.5,2.89,9.6,NORMAL
S00000220,EX-003,EXCAVATOR,336,HYDRAULIC,2024-04-12,6594.4,13.1,N,6.5,2.3,0.62,1.4,1.9,3.7,1.9,1.0,0.03,0.0,0.0,0.03,46.4,6.2,3.1,4.34,3.3,NORMAL
S00000221,EX-003,EXCAVATOR,336,HYDRAULIC,2024-07-10,7498.8,917.5,N,8.7,4.8,1.12,1.6,3.0,6.5,3.8,2.2,0.041,0.0,0.0,0.05,45.9,8.6,4.2,3.55,6.3,NORMAL
S00000222,EX-003,EXCAVATOR,336,HYDRAULIC,2024-10-08,8412.9,1831.6,N,17.2,5.5,1.65,2.3,4.7,6.7,3.2,2.3,0.032,0.0,0.0,0.07,45.2,9.6,5.9,2.94,8.4,NORMAL
S00000223,EX-003,EXCAVATOR,336,HYDRAULIC,2024-12-27,9223.8,47.2,N,5.8,2.5,0.62,0.7,1.6,3.5,1.9,1.0,0.014,0.0,0.0,0.02,46.1,6.0,2.4,4.42,2.9,NORMAL
S00000224,EX-003,EXCAVATOR,336,HYDRAULIC,2025-03-27,10137.9,961.2,N,15.3,4.0,0.85,2.1,5.2,20.6,3.0,2.3,1.416,0.0,0.0,0.05,45.5,9.3,3.9,4.19,6.3,ACTION
S00000225,EX-003,EXCAVATOR,336,HYDRAULIC,2025-06-25,11052.0,1875.3,N,14.0,5.4,1.1,2.9,3.3,8.9,4.4,3.2,0.027,0.0,0.0,0.08,44.1,9.8,5.0,3.04,11.9,NORMAL
S00000226,EX-003,EXCAVATOR,336,HYDRAULIC,2025-09-23,11966.1,40.2,N,5.3,1.8,0.65,1.3,1.9,4.2,2.0,0.9,0.03,0.0,0.0,0.03,46.1,5.9,3.2,4.92,4.1,NORMAL
S00000227,EX-003,EXCAVATOR,336,HYDRAULIC,2025-12-18,12838.8,912.9,N,10.3,2.9,0.95,1.9,2.6,4.0,2.0,2.2,0.028,0.0,0.0,0.04,47.6,7.7,4.2,3.66,4.9,NORMAL
S00000228,EX-003,EXCAVATOR,336,HYDRAULIC,2026-03-18,13752.8,1827.0,N,17.6,4.4,1.37,2.7,3.7,9.0,5.3,2.6,0.05,0.0,0.0,0.1,47.6,9.8,6.1,3.0,9.8,NORMAL
S00000229,EX-003,EXCAVATOR,336,HYDRAULIC,2026-06-16,14666.9,37.5,N,6.5,2.2,0.52,0.9,1.5,2.8,2.0,0.8,0.028,0.0,0.0,0.02,45.3,5.1,3.0,4.84,3.4,NORMAL
S00000230,EX-003,EXCAVATOR,336,TRANSMISSION,2023-02-24,2475.0,798.2,N,64.4,16.7,3.48,5.8,5.5,6.7,3.5,2.8,0.054,0.0,0.0,0.12,67.0,10.4,5.9,4.44,17.6,NORMAL
S00000231,EX-003,EXCAVATOR,336,TRANSMISSION,2023-04-06,2892.5,25.1,N,17.8,6.2,2.14,5.9,2.5,3.1,2.2,1.4,0.035,0.0,0.0,0.06,70.5,6.3,3.7,6.72,8.7,NORMAL
S00000232,EX-003,EXCAVATOR,336,TRANSMISSION,2023-05-30,3433.3,566.0,N,41.3,10.8,3.22,5.1,4.6,5.7,3.6,2.0,0.028,0.0,0.0,0.09,70.1,10.4,5.4,5.55,13.9,NORMAL
S00000233,EX-003,EXCAVATOR,336,TRANSMISSION,2023-07-24,3999.1,4.9,N,19.1,9.8,2.0,4.5,2.7,4.0,2.0,1.2,0.027,0.0,0.0,0.05,67.8,6.2,3.3,7.03,7.9,NORMAL
S00000234,EX-003,EXCAVATOR,336,TRANSMISSION,2023-09-12,4504.0,509.8,N,50.0,17.6,2.2,5.3,5.7,7.2,3.1,2.0,0.042,0.0,0.0,0.11,66.3,10.4,4.8,5.95,14.3,NORMAL
S00000235,EX-003,EXCAVATOR,336,TRANSMISSION,2023-10-31,5003.8,54.8,N,21.3,9.2,1.93,3.8,2.9,4.7,1.8,1.2,0.033,0.0,0.0,0.05,64.4,7.0,3.9,6.7,7.8,NORMAL
S00000236,EX-003,EXCAVATOR,336,TRANSMISSION,2023-12-26,5569.1,620.1,N,47.3,17.8,3.86,4.9,6.0,7.3,4.0,2.6,0.02,0.0,0.0,0.11,67.9,12.5,5.7,5.49,17.7,NORMAL
S00000237,EX-003,EXCAVATOR,336,TRANSMISSION,2024-02-22,6162.8,56.4,N,20.9,9.3,1.76,3.8,2.7,3.7,1.9,1.4,0.024,0.0,0.0,0.05,66.4,5.8,4.3,6.47,8.5,NORMAL
S00000238,EX-003,EXCAVATOR,336,TRANSMISSION,2024-04-05,6598.5,492.1,N,41.4,14.6,2.5,6.1,4.1,6.8,3.4,1.9,0.035,0.0,0.0,0.08,67.3,9.3,5.4,5.07,12.1,NORMAL
S00000239,EX-003,EXCAVATOR,336,TRANSMISSION,2024-05-25,7100.3,993.9,N,56.8,19.7,4.04,8.8,8.0,10.7,4.3,2.4,0.039,0.0,0.0,0.17,66.0,11.9,7.1,4.44,21.0,NORMAL
S00000240,EX-003,EXCAVATOR,336,TRANSMISSION,2024-07-10,7571.0,45.3,N,20.2,7.2,2.16,3.1,3.1,4.3,2.1,1.0,0.039,0.0,0.0,0.06,68.3,7.0,4.1,6.7,8.9,NORMAL
S00000241,EX-003,EXCAVATOR,336,TRANSMISSION,2024-08-30,8088.0,562.2,N,34.4,12.2,2.47,4.9,6.0,8.5,3.2,2.5,0.024,0.0,0.0,0.13,67.2,9.0,5.8,5.72,14.9,NORMAL
S00000242,EX-003,EXCAVATOR,336,TRANSMISSION,2024-10-07,8469.0,943.3,N,63.8,21.9,4.56,8.4,6.8,9.3,5.0,2.5,0.021,0.0,0.0,0.15,68.5,11.3,6.0,4.35,22.6,NORMAL
S00000243,EX-003,EXCAVATOR,336,TRANSMISSION,2024-12-05,9071.9,2.2,N,33.2,7.3,2.32,3.2,2.5,4.5,1.5,1.3,0.065,0.0,0.0,0.06,67.8,7.3,3.1,6.9,14.4,NORMAL
S00000244,EX-003,EXCAVATOR,336,TRANSMISSION,2025-01-16,9502.8,433.1,N,72.0,10.4,5.06,5.0,5.9,6.5,3.2,1.9,0.04,0.0,0.0,0.09,64.4,10.3,5.1,5.65,27.6,MONITOR
S00000245,EX-003,EXCAVATOR,336,TRANSMISSION,2025-03-27,10207.4,38.5,N,92.9,9.5,7.72,4.2,2.5,3.4,1.9,1.1,0.029,0.0,0.0,0.06,67.0,6.9,3.4,6.63,53.5,MONITOR
S00000246,EX-003,EXCAVATOR,336,TRANSMISSION,2025-05-08,10636.1,467.2,N,35.8,14.9,3.0,6.9,3.4,6.8,2.8,1.6,0.044,0.0,0.0,0.11,66.7,9.6,5.0,5.38,13.5,NORMAL
S00000247,EX-003,EXCAVATOR,336,TRANSMISSION,2025-06-17,11042.5,873.6,N,50.9,18.5,3.61,7.5,5.7,9.6,3.2,3.5,0.039,0.0,0.0,0.15,69.6,10.7,6.7,4.76,18.8,NORMAL
S00000248,EX-003,EXCAVATOR,336,TRANSMISSION,2025-08-15,11646.1,44.5,N,25.1,8.3,1.51,3.1,3.2,3.3,1.5,1.6,0.026,0.0,0.0,0.06,68.6,6.8,3.9,5.92,7.3,NORMAL
S00000249,EX-003,EXCAVATOR,336,TRANSMISSION,2025-09-27,12074.7,473.1,N,49.7,14.2,2.41,6.4,6.7,6.1,3.2,1.7,0.022,0.0,0.0,0.11,68.2,9.7,5.3,6.3,12.4,NORMAL
S00000250,EX-003,EXCAVATOR,336,TRANSMISSION,2025-11-20,12625.8,53.2,N,18.1,9.0,1.99,5.2,2.3,3.4,1.7,1.1,0.025,0.0,0.0,0.06,66.8,5.8,3.6,7.03,8.3,NORMAL
S00000251,EX-003,EXCAVATOR,336,TRANSMISSION,2026-01-12,13163.9,591.3,N,38.0,14.3,3.27,10.2,5.6,6.6,3.2,2.0,0.037,0.0,0.0,0.13,64.3,9.1,5.9,5.31,18.2,NORMAL
S00000252,EX-003,EXCAVATOR,336,TRANSMISSION,2026-03-05,13697.9,22.5,N,19.1,7.5,1.9,2.9,3.2,5.7,1.7,1.3,0.033,0.0,0.0,0.04,65.8,5.7,3.6,6.86,9.1,NORMAL
S00000253,EX-003,EXCAVATOR,336,TRANSMISSION,2026-04-28,14240.1,564.7,N,50.0,14.1,3.96,6.9,5.8,7.2,3.7,1.9,0.034,0.0,0.0,0.11,70.0,9.3,5.1,5.37,16.7,NORMAL
S00000268,EX-004,EXCAVATOR,336,ENGINE,2023-03-29,5179.0,44.4,N,12.8,4.7,1.37,2.6,4.1,6.1,3.0,1.7,0.037,0.58,0.0,0.21,104.6,8.7,6.2,9.69,4.8,NORMAL
S00000269,EX-004,EXCAVATOR,336,ENGINE,2023-05-01,5363.0,228.4,N,14.3,6.7,2.22,3.8,5.6,8.1,3.2,3.4,0.023,0.58,0.0,0.39,113.3,11.7,8.1,8.41,7.2,NORMAL
S00000270,EX-004,EXCAVATOR,336,ENGINE,2023-06-26,5669.1,33.3,N,13.4,4.2,1.85,3.1,3.4,4.8,2.4,1.8,0.034,1.26,0.0,0.28,105.1,9.0,5.7,10.5,5.2,NORMAL
S00000271,EX-004,EXCAVATOR,336,ENGINE,2023-08-15,5943.9,308.2,N,27.8,8.3,2.47,3.8,5.7,11.3,4.8,3.2,0.02,0.63,0.0,0.58,105.5,12.9,8.1,8.32,9.0,NORMAL
S00000272,EX-004,EXCAVATOR,336,ENGINE,2023-09-29,6186.6,44.3,N,13.1,3.6,1.33,2.2,3.0,4.2,2.8,1.8,0.021,5.24,0.0,0.43,97.9,9.5,7.3,10.07,4.6,MONITOR
S00000273,EX-004,EXCAVATOR,336,ENGINE,2023-11-25,6496.9,354.6,N,20.7,8.9,2.22,5.4,5.6,8.8,5.2,4.5,0.024,1.04,0.0,0.53,110.3,14.5,7.8,7.43,11.1,NORMAL
S00000274,EX-004,EXCAVATOR,336,ENGINE,2024-01-10,6747.6,43.7,N,11.2,4.2,1.51,2.5,2.9,5.0,2.5,2.2,0.014,0.48,0.0,0.24,102.0,11.2,6.5,11.25,4.4,NORMAL
S00000275,EX-004,EXCAVATOR,336,ENGINE,2024-02-21,6980.0,276.1,N,20.6,6.9,2.4,4.0,6.5,9.1,3.2,3.1,0.021,0.43,0.0,0.45,107.7,13.1,10.3,7.47,7.0,NORMAL
S00000276,EX-004,EXCAVATOR,336,ENGINE,2024-04-22,7315.2,4.0,N,10.6,3.1,0.96,2.0,2.7,3.5,1.6,2.1,0.033,0.89,0.0,0.19,107.6,8.9,5.9,10.1,4.1,NORMAL
S00000277,EX-004,EXCAVATOR,336,ENGINE,2024-06-14,7601.1,289.9,N,25.5,5.6,2.21,4.1,3.9,9.1,4.8,3.4,0.031,0.66,0.0,0.5,107.5,13.6,8.7,8.23,6.4,NORMAL
S00000278,EX-004,EXCAVATOR,336,ENGINE,2024-08-21,7974.5,46.3,N,13.7,5.5,0.9,1.9,6.4,13.1,2.8,2.0,0.022,0.69,0.0,0.28,105.6,9.0,5.6,10.34,5.4,NORMAL
S00000279,EX-004,EXCAVATOR,336,ENGINE,2024-10-05,8221.8,293.6,N,31.3,10.1,2.43,4.2,16.5,50.9,5.3,3.7,0.025,0.75,0.0,0.54,107.6,14.9,9.6,7.48,10.0,MONITOR
S00000280,EX-004,EXCAVATOR,336,ENGINE,2024-11-27,8512.2,44.8,N,12.2,4.4,1.47,2.3,2.7,5.5,2.4,1.6,0.019,0.67,0.0,0.19,116.8,8.9,6.0,9.49,3.7,NORMAL
S00000281,EX-004,EXCAVATOR,336,ENGINE,2025-01-12,8761.0,293.5,N,14.5,6.6,1.73,4.8,5.3,11.3,4.5,3.7,0.017,0.43,0.0,0.48,108.7,12.2,10.1,7.24,9.5,NORMAL
S00000282,EX-004,EXCAVATOR,336,ENGINE,2025-03-09,9067.5,34.4,N,8.1,3.7,1.32,1.6,2.8,5.7,2.1,1.8,0.025,0.7,0.0,0.21,113.0,10.5,5.5,10.16,4.2,NORMAL
S00000283,EX-004,EXCAVATOR,336,ENGINE,2025-04-30,9351.2,318.0,N,24.1,9.7,3.12,4.7,5.3,9.1,6.7,4.0,0.027,0.81,0.0,0.46,112.2,15.3,11.1,7.92,10.4,NORMAL
S00000284,EX-004,EXCAVATOR,336,ENGINE,2025-06-13,9590.6,36.2,N,13.6,5.0,1.04,2.2,3.3,6.1,2.5,2.0,0.015,0.66,0.0,0.23,107.0,8.5,6.2,9.65,3.9,NORMAL
S00000285,EX-004,EXCAVATOR,336,ENGINE,2025-07-24,9814.2,259.8,N,22.4,7.4,1.97,4.8,4.2,9.6,3.7,3.5,0.035,0.61,0.0,0.48,105.5,10.9,8.6,7.67,7.3,NORMAL
S00000286,EX-004,EXCAVATOR,336,ENGINE,2025-08-29,10013.6,459.2,N,34.5,9.1,3.53,3.5,9.9,11.4,5.5,4.4,0.023,0.78,0.0,0.6,110.7,16.8,11.1,6.24,9.1,MONITOR
S00000287,EX-004,EXCAVATOR,336,ENGINE,2025-10-15,10271.5,1.0,N,9.7,3.4,1.67,1.7,2.9,4.4,2.8,1.6,0.012,0.38,0.0,0.19,104.9,8.5,5.6,10.06,3.4,NORMAL
S00000288,EX-004,EXCAVATOR,336,ENGINE,2025-11-25,10493.5,223.0,N,15.4,6.5,1.57,4.9,3.6,8.8,4.2,3.7,0.017,0.91,0.0,0.46,104.4,12.5,8.6,8.79,9.6,NORMAL
S00000289,EX-004,EXCAVATOR,336,ENGINE,2026-01-09,10740.6,470.1,N,23.4,10.2,2.62,5.1,7.2,17.4,6.0,4.3,0.024,0.58,0.0,0.68,109.2,14.8,11.4,6.59,10.5,NORMAL
S00000290,EX-004,EXCAVATOR,336,ENGINE,2026-03-02,11024.6,49.0,N,11.3,5.6,1.27,3.2,3.4,5.1,2.2,2.1,0.025,0.65,0.0,0.22,108.3,9.6,6.3,9.39,5.5,NORMAL
S00000291,EX-004,EXCAVATOR,336,ENGINE,2026-04-30,11348.2,372.7,N,31.0,9.9,2.75,5.4,6.3,8.9,3.2,4.2,0.019,0.74,0.0,0.63,108.3,14.9,10.6,7.43,10.9,NORMAL
S00000292,EX-004,EXCAVATOR,336,ENGINE,2026-06-22,11638.7,37.2,N,10.4,6.4,1.17,2.4,2.8,5.8,2.3,1.4,0.02,0.43,0.0,0.22,110.5,9.1,6.1,9.6,5.1,NORMAL
S00000321,EX-004,EXCAVATOR,336,FINAL_DRIVE,2023-04-11,5296.1,532.8,N,66.2,7.3,4.08,6.8,3.5,6.1,2.1,1.6,0.051,0.0,0.0,0.03,105.0,6.0,3.5,5.62,23.0,NORMAL
S00000322,EX-004,EXCAVATOR,336,FINAL_DRIVE,2023-07-10,5788.1,1024.7,N,87.3,8.6,6.15,7.1,5.7,8.4,3.3,2.1,0.055,0.0,0.0,0.06,101.4,7.8,4.3,4.71,35.6,NORMAL
S00000323,EX-004,EXCAVATOR,336,FINAL_DRIVE,2023-10-08,6280.0,1516.6,N,94.0,8.3,7.62,12.5,8.8,12.2,4.7,1.9,0.062,0.0,0.0,0.07,94.9,8.7,5.0,4.18,45.4,NORMAL
S00000324,EX-004,EXCAVATOR,336,FINAL_DRIVE,2024-01-06,6771.9,50.1,N,56.8,4.3,2.65,4.1,3.0,5.7,1.5,0.9,0.08,0.0,0.0,0.03,97.4,4.4,3.1,5.28,15.4,NORMAL
S00000325,EX-004,EXCAVATOR,336,FINAL_DRIVE,2024-04-05,7263.9,542.0,N,72.1,6.8,4.53,4.0,5.3,6.7,2.6,1.8,0.04,0.0,0.0,0.05,99.9,6.2,3.7,5.33,16.3,NORMAL
S00000326,EX-004,EXCAVATOR,336,FINAL_DRIVE,2024-07-04,7755.8,1034.0,N,97.6,8.9,4.93,8.3,4.7,8.7,2.5,2.4,0.099,0.0,0.0,0.05,96.4,6.1,4.3,4.37,37.3,NORMAL
S00000327,EX-004,EXCAVATOR,336,FINAL_DRIVE,2024-10-02,8247.8,1525.9,N,100.4,11.6,7.95,10.4,6.1,10.3,5.0,1.9,0.058,0.0,0.0,0.06,102.9,8.8,4.8,4.07,36.8,NORMAL
S00000328,EX-004,EXCAVATOR,336,FINAL_DRIVE,2024-12-31,8739.7,53.3,N,46.3,6.8,3.51,5.1,2.9,5.3,1.1,1.1,0.031,0.0,0.0,0.03,97.8,5.1,3.0,5.7,17.7,NORMAL
S00000329,EX-004,EXCAVATOR,336,FINAL_DRIVE,2025-03-31,9231.6,545.2,N,78.3,8.6,4.05,5.7,4.3,7.0,2.4,1.8,0.041,0.0,0.0,0.05,105.1,6.3,3.7,5.39,24.4,NORMAL
S00000330,EX-004,EXCAVATOR,336,FINAL_DRIVE,2025-06-29,9723.6,1037.2,N,92.0,10.1,5.39,9.3,7.5,8.1,4.6,3.1,0.049,0.0,0.0,0.06,99.6,7.6,3.8,4.4,34.6,NORMAL
S00000331,EX-004,EXCAVATOR,336,FINAL_DRIVE,2025-09-27,10215.5,1529.1,N,138.2,11.8,9.22,12.8,8.9,8.8,3.2,2.6,0.049,0.0,0.0,0.07,101.2,8.7,4.5,4.13,66.3,MONITOR
S00000332,EX-004,EXCAVATOR,336,FINAL_DRIVE,2025-12-26,10707.5,30.3,N,213.8,5.4,15.7,5.0,3.8,5.8,1.9,1.1,0.039,0.0,0.0,0.03,102.5,5.3,2.9,5.16,138.7,ACTION
S00000333,EX-004,EXCAVATOR,336,FINAL_DRIVE,2026-03-26,11199.4,522.3,N,75.8,6.3,3.32,5.5,4.0,8.3,2.5,2.2,0.034,0.0,0.0,0.04,102.6,5.9,3.7,4.8,30.8,NORMAL
S00000334,EX-004,EXCAVATOR,336,FINAL_DRIVE,2026-06-24,11691.4,1014.2,N,116.7,8.1,5.98,9.0,5.4,8.9,3.0,1.9,0.054,0.0,0.0,0.05,100.2,6.4,4.3,4.56,34.2,NORMAL
S00000293,EX-004,EXCAVATOR,336,HYDRAULIC,2023-04-20,5296.1,23.6,N,4.9,2.0,0.43,1.1,1.5,3.1,1.9,0.8,0.04,0.0,0.0,0.02,46.5,6.2,2.9,4.81,3.3,NORMAL
S00000294,EX-004,EXCAVATOR,336,HYDRAULIC,2023-07-19,5788.1,515.5,N,8.4,3.9,0.82,1.3,2.7,5.9,1.6,2.0,0.058,0.0,0.0,0.05,48.0,7.2,3.6,4.07,4.1,NORMAL
S00000295,EX-004,EXCAVATOR,336,HYDRAULIC,2023-10-17,6280.0,1007.5,N,9.3,4.4,1.0,2.3,3.6,6.9,3.6,2.4,0.023,0.0,0.0,0.05,45.2,7.8,4.5,3.51,6.0,NORMAL
S00000296,EX-004,EXCAVATOR,336,HYDRAULIC,2024-01-15,6771.9,1499.4,N,12.9,4.1,1.34,1.7,3.5,8.7,3.8,3.0,0.016,0.0,0.0,0.07,46.7,9.8,4.7,3.41,7.5,NORMAL
S00000297,EX-004,EXCAVATOR,336,HYDRAULIC,2024-04-14,7263.9,1991.4,N,13.6,4.7,1.33,2.7,5.0,10.5,3.8,2.6,0.022,0.0,0.0,0.09,45.2,10.7,4.7,2.84,9.5,NORMAL
S00000298,EX-004,EXCAVATOR,336,HYDRAULIC,2024-07-13,7755.8,1.9,N,6.9,2.7,0.68,1.1,1.7,3.4,1.8,1.2,0.041,0.0,0.0,0.02,45.1,5.4,3.0,4.41,2.8,NORMAL
S00000299,EX-004,EXCAVATOR,336,HYDRAULIC,2024-10-11,8247.8,493.8,N,32.3,13.6,2.21,1.8,1.8,4.4,2.6,2.0,0.041,0.0,0.0,0.04,44.1,6.1,3.2,4.3,23.2,ACTION
S00000300,EX-004,EXCAVATOR,336,HYDRAULIC,2025-01-09,8739.7,985.7,N,10.2,3.4,1.13,1.6,3.0,6.2,3.6,1.7,0.025,0.0,0.0,0.05,44.8,9.0,4.0,3.53,6.3,NORMAL
S00000301,EX-004,EXCAVATOR,336,HYDRAULIC,2025-04-09,9231.6,1477.7,N,9.4,5.2,0.92,2.1,3.6,7.6,3.5,2.2,0.035,0.0,0.0,0.07,46.2,11.2,4.5,3.26,8.5,NORMAL
S00000302,EX-004,EXCAVATOR,336,HYDRAULIC,2025-07-08,9723.6,1969.6,N,21.6,5.6,1.53,2.9,3.9,9.7,3.2,3.4,0.062,0.0,0.0,0.08,45.6,11.2,5.3,2.99,6.7,NORMAL
S00000303,EX-004,EXCAVATOR,336,HYDRAULIC,2025-10-06,10215.5,56.6,N,7.8,2.7,0.71,1.0,1.5,2.9,1.7,1.1,0.029,0.0,0.0,0.03,44.6,5.8,3.1,3.92,3.5,NORMAL
S00000304,EX-004,EXCAVATOR,336,HYDRAULIC,2026-01-04,10707.5,548.5,N,12.6,3.5,0.74,1.7,2.8,4.6,2.5,1.6,4.692,0.0,0.0,0.04,45.8,7.4,3.0,4.27,5.2,MONITOR
S00000305,EX-004,EXCAVATOR,336,HYDRAULIC,2026-04-04,11199.4,1040.5,N,11.9,4.3,1.09,2.0,3.1,7.2,2.6,1.6,0.029,0.0,0.0,0.05,45.1,9.0,4.0,3.94,7.1,NORMAL
S00000306,EX-004,EXCAVATOR,336,TRANSMISSION,2023-04-02,5227.2,826.1,N,35.5,22.7,3.22,7.2,6.4,9.7,3.8,2.3,0.032,0.0,0.0,0.16,71.5,13.8,6.3,4.25,17.9,NORMAL
S00000307,EX-004,EXCAVATOR,336,TRANSMISSION,2023-06-27,5696.1,35.0,N,19.9,9.1,1.6,2.6,2.6,5.2,1.9,1.3,0.032,0.0,0.0,0.07,70.7,5.0,3.3,7.15,8.4,NORMAL
S00000308,EX-004,EXCAVATOR,336,TRANSMISSION,2023-08-27,6029.8,368.7,N,31.1,12.0,2.27,6.6,5.2,5.9,3.0,1.7,0.041,0.0,0.0,0.09,67.1,10.3,4.2,6.2,12.8,NORMAL
S00000309,EX-004,EXCAVATOR,336,TRANSMISSION,2023-11-11,6441.9,780.8,N,46.7,15.4,3.36,7.2,6.1,10.4,2.8,3.0,0.026,0.0,0.0,0.11,69.0,10.9,7.4,5.07,16.8,NORMAL
S00000310,EX-004,EXCAVATOR,336,TRANSMISSION,2024-02-09,6933.9,24.0,N,30.0,9.8,1.65,3.5,2.5,4.2,2.0,1.3,0.025,0.0,0.0,0.05,67.1,6.1,3.3,7.04,8.3,NORMAL
S00000311,EX-004,EXCAVATOR,336,TRANSMISSION,2024-04-22,7337.6,427.8,N,38.9,12.5,2.16,6.7,5.5,6.6,2.6,1.9,0.035,0.0,0.0,0.1,69.7,10.0,5.4,5.81,11.3,NORMAL
S00000312,EX-004,EXCAVATOR,336,TRANSMISSION,2024-07-10,7764.9,855.1,N,49.9,16.5,3.25,8.3,7.9,7.8,4.6,2.9,0.019,0.0,0.0,0.15,70.3,11.1,7.3,4.71,19.9,NORMAL
S00000313,EX-004,EXCAVATOR,336,TRANSMISSION,2024-10-08,8256.8,3.3,N,22.8,7.3,1.46,2.8,2.6,3.0,1.6,1.3,0.024,0.0,0.0,0.05,67.7,6.0,3.7,7.37,7.6,NORMAL
S00000314,EX-004,EXCAVATOR,336,TRANSMISSION,2024-12-28,8699.8,446.3,N,29.6,13.2,2.65,5.0,4.7,7.8,3.2,1.7,0.022,0.0,0.0,0.09,68.5,9.6,4.9,5.78,13.3,NORMAL
S00000315,EX-004,EXCAVATOR,336,TRANSMISSION,2025-03-24,9172.3,918.8,N,60.3,17.8,4.21,7.9,6.3,11.0,3.8,3.0,0.025,0.0,0.0,0.17,64.8,10.5,5.0,4.47,20.1,NORMAL
S00000316,EX-004,EXCAVATOR,336,TRANSMISSION,2025-06-18,9640.1,3.8,N,26.2,9.1,1.55,4.7,4.1,4.7,2.0,1.0,0.048,0.0,0.0,0.05,65.3,6.1,3.8,6.3,7.3,NORMAL
S00000317,EX-004,EXCAVATOR,336,TRANSMISSION,2025-09-16,10132.1,495.7,N,29.5,15.9,2.61,5.8,5.5,8.9,2.7,1.9,0.031,0.0,0.0,0.12,68.0,8.7,5.0,5.55,11.3,NORMAL
S00000318,EX-004,EXCAVATOR,336,TRANSMISSION,2025-12-15,10624.0,987.7,N,68.0,16.7,3.32,9.3,8.0,12.5,4.9,3.8,0.028,0.0,0.0,0.15,66.9,13.5,6.4,4.32,21.8,NORMAL
S00000319,EX-004,EXCAVATOR,336,TRANSMISSION,2026-03-10,11088.3,51.2,N,28.3,7.6,2.02,2.1,2.6,5.4,1.8,1.2,0.024,0.0,0.0,0.05,72.1,6.0,3.7,7.0,9.6,NORMAL
S00000320,EX-004,EXCAVATOR,336,TRANSMISSION,2026-05-15,11449.8,412.7,N,38.9,13.3,3.17,4.3,4.0,5.9,3.2,2.0,0.031,0.0,0.0,0.11,66.3,9.0,4.8,6.29,12.5,NORMAL
S00000335,EX-005,EXCAVATOR,336,ENGINE,2023-02-05,1527.8,384.0,N,28.6,7.5,3.33,4.1,7.9,11.8,5.3,3.1,0.025,0.63,0.0,0.52,110.2,12.9,7.8,6.93,12.9,NORMAL
S00000336,EX-005,EXCAVATOR,336,ENGINE,2023-03-06,1792.5,58.0,N,8.0,5.0,1.19,2.0,2.8,4.9,2.9,1.4,0.017,0.84,0.0,0.32,110.0,9.7,6.7,9.46,4.9,NORMAL
S00000337,EX-005,EXCAVATOR,336,ENGINE,2023-04-10,2117.3,382.8,N,23.7,8.3,2.07,5.5,6.6,8.4,4.6,3.2,0.028,0.96,0.0,0.59,107.7,16.4,11.0,7.7,11.0,NORMAL
S00000338,EX-005,EXCAVATOR,336,ENGINE,2023-05-05,2348.6,47.4,N,12.1,6.5,1.21,2.3,3.7,4.9,2.0,1.5,0.014,0.88,0.0,0.21,106.5,10.4,5.9,9.62,5.2,NORMAL
S00000339,EX-005,EXCAVATOR,336,ENGINE,2023-05-29,2567.2,266.0,N,24.0,8.0,2.9,4.1,6.0,6.0,3.9,2.8,0.031,0.61,0.0,0.39,107.9,13.7,8.2,8.2,10.1,NORMAL
S00000340,EX-005,EXCAVATOR,336,ENGINE,2023-07-04,2893.7,9.6,N,9.3,3.9,1.01,2.0,3.7,5.3,2.2,1.6,0.03,0.53,0.0,0.17,109.9,8.2,6.6,10.51,3.6,NORMAL
S00000341,EX-005,EXCAVATOR,336,ENGINE,2023-08-11,3241.4,357.3,N,25.7,10.0,2.11,5.7,7.2,9.9,6.5,3.9,0.021,0.27,0.0,0.6,109.3,16.6,9.2,7.26,6.7,NORMAL
S00000342,EX-005,EXCAVATOR,336,ENGINE,2023-08-29,3414.2,8.1,N,11.0,3.5,0.82,2.5,2.6,5.2,2.8,1.6,0.017,0.71,0.0,0.22,110.3,8.4,4.8,10.48,4.4,NORMAL
S00000343,EX-005,EXCAVATOR,336,ENGINE,2023-09-24,3648.8,242.8,N,16.7,7.9,1.59,3.0,4.8,6.4,4.6,2.6,0.024,0.64,0.0,0.43,106.9,10.2,9.3,8.68,6.0,NORMAL
S00000344,EX-005,EXCAVATOR,336,ENGINE,2023-10-16,3851.7,445.7,N,27.7,9.0,2.39,3.9,8.4,10.4,5.1,3.0,0.012,0.38,0.0,0.56,107.7,17.2,10.6,6.94,12.6,NORMAL
S00000345,EX-005,EXCAVATOR,336,ENGINE,2023-11-12,4099.3,42.3,N,11.7,4.2,1.16,2.7,2.9,4.8,3.0,2.0,0.013,0.85,0.0,0.22,109.9,9.0,6.4,9.62,4.6,NORMAL
S00000346,EX-005,EXCAVATOR,336,ENGINE,2023-12-16,4413.8,356.8,N,26.1,8.9,2.47,4.6,6.6,9.3,4.1,4.2,0.014,0.52,0.0,0.55,109.5,14.3,9.3,7.54,11.0,NORMAL
S00000347,EX-005,EXCAVATOR,336,ENGINE,2024-01-07,4616.0,43.4,N,11.6,3.8,1.67,2.8,2.1,5.2,2.7,1.5,0.02,0.42,0.0,0.25,108.2,8.7,6.0,9.73,4.9,NORMAL
S00000348,EX-005,EXCAVATOR,336,ENGINE,2024-02-07,4893.8,321.2,N,18.3,9.6,3.14,5.9,5.2,9.7,4.3,3.6,0.022,0.57,0.0,0.58,105.2,13.7,8.6,8.02,7.9,NORMAL
S00000349,EX-005,EXCAVATOR,336,ENGINE,2024-03-04,5135.4,33.9,N,11.2,4.1,1.18,3.0,2.8,4.5,4.9,3.7,0.847,0.83,0.102,0.24,105.7,9.3,5.7,9.27,6.1,ACTION
S00000350,EX-005,EXCAVATOR,336,ENGINE,2024-04-01,5394.3,292.9,N,13.1,8.8,2.28,4.1,5.4,8.2,18.0,12.8,5.235,0.82,0.64,0.53,105.7,15.1,9.7,7.66,6.7,ACTION
S00000351,EX-005,EXCAVATOR,336,ENGINE,2024-04-29,5648.9,42.8,N,12.2,3.6,1.2,2.9,4.1,5.2,3.0,1.9,0.017,0.7,0.0,0.22,109.2,9.5,5.7,10.04,4.3,NORMAL
S00000352,EX-005,EXCAVATOR,336,ENGINE,2024-05-31,5942.0,335.9,N,21.5,11.4,1.77,3.5,6.5,10.7,3.5,3.8,0.023,0.81,0.0,0.4,111.9,14.2,8.2,8.44,10.8,NORMAL
S00000353,EX-005,EXCAVATOR,336,ENGINE,2024-06-25,6178.4,45.5,N,9.5,4.2,1.52,2.5,2.8,6.7,3.1,1.9,0.019,0.53,0.0,0.29,111.6,10.1,5.8,9.58,3.8,NORMAL
S00000354,EX-005,EXCAVATOR,336,ENGINE,2024-07-24,6437.7,304.9,N,19.9,10.1,2.09,5.1,5.6,9.2,3.9,3.3,0.017,0.42,0.0,0.43,110.3,12.3,8.7,7.6,11.4,NORMAL
S00000355,EX-005,EXCAVATOR,336,ENGINE,2024-08-22,6709.7,33.2,N,13.8,9.0,1.78,5.3,3.3,4.9,2.5,1.8,0.04,0.41,0.0,0.23,107.8,8.7,5.9,9.84,6.8,NORMAL
S00000356,EX-005,EXCAVATOR,336,ENGINE,2024-09-17,6943.1,266.6,N,24.1,15.7,2.65,12.4,4.5,6.7,4.5,2.8,0.014,0.65,0.0,0.37,106.1,12.3,8.6,8.69,15.7,MONITOR
S00000357,EX-005,EXCAVATOR,336,ENGINE,2024-10-16,7214.0,13.3,N,26.4,19.8,1.37,17.0,3.1,7.3,2.0,1.3,0.02,4.33,0.0,0.41,95.4,9.8,6.0,9.89,16.3,MONITOR
S00000358,EX-005,EXCAVATOR,336,ENGINE,2024-11-08,7426.8,226.1,N,18.1,6.4,1.99,3.1,3.5,9.6,3.9,2.8,0.019,9.94,0.0,0.84,79.8,12.7,7.7,8.64,11.6,MONITOR
S00000359,EX-005,EXCAVATOR,336,ENGINE,2024-12-07,7690.2,489.5,N,23.8,10.7,2.91,5.4,7.0,13.1,6.1,3.8,0.01,0.48,0.0,0.67,109.0,15.3,11.3,5.99,10.3,NORMAL
S00000360,EX-005,EXCAVATOR,336,ENGINE,2025-01-03,7939.3,16.7,N,9.2,3.8,1.42,2.1,2.6,5.1,2.8,1.6,0.015,0.59,0.0,0.21,106.3,9.7,5.3,10.01,5.2,NORMAL
S00000361,EX-005,EXCAVATOR,336,ENGINE,2025-02-03,8220.5,297.9,N,17.2,10.3,2.27,4.6,4.8,8.6,5.0,2.8,0.014,0.54,0.0,0.44,105.8,12.0,9.4,8.59,7.8,NORMAL
S00000362,EX-005,EXCAVATOR,336,ENGINE,2025-03-02,8472.9,44.6,N,9.8,4.6,0.94,2.6,4.4,5.9,3.0,1.8,0.021,0.31,0.0,0.21,111.1,8.9,6.4,10.18,4.7,NORMAL
S00000363,EX-005,EXCAVATOR,336,ENGINE,2025-03-29,8717.7,289.5,N,21.1,8.2,2.27,5.3,5.3,7.6,5.0,4.5,0.028,0.62,0.0,0.43,112.1,13.1,7.8,7.66,8.1,NORMAL
S00000364,EX-005,EXCAVATOR,336,ENGINE,2025-04-22,8943.1,46.0,N,12.1,3.9,1.37,3.0,3.3,4.7,2.6,1.5,0.011,0.58,0.0,0.22,114.4,9.2,5.1,9.26,6.5,NORMAL
S00000365,EX-005,EXCAVATOR,336,ENGINE,2025-05-19,9185.7,288.7,N,17.4,8.9,2.15,3.7,5.7,7.0,4.0,2.8,0.028,0.44,0.0,0.5,107.3,12.6,9.0,8.11,9.0,NORMAL
S00000366,EX-005,EXCAVATOR,336,ENGINE,2025-06-17,9453.7,6.2,N,9.8,4.4,1.17,2.5,3.4,4.6,2.5,1.4,0.017,0.41,0.0,0.2,107.7,9.6,5.3,10.64,3.9,NORMAL
S00000367,EX-005,EXCAVATOR,336,ENGINE,2025-07-05,9614.9,167.4,N,17.4,5.0,1.8,3.7,3.6,7.3,2.4,2.5,0.013,0.41,0.0,0.39,108.6,11.4,7.6,8.7,5.8,NORMAL
S00000368,EX-005,EXCAVATOR,336,ENGINE,2025-08-06,9909.6,462.2,N,21.0,9.1,2.92,5.4,5.9,7.9,6.4,3.8,0.023,0.6,0.0,0.65,106.2,16.2,9.1,6.61,8.5,NORMAL
S00000369,EX-005,EXCAVATOR,336,ENGINE,2025-08-28,10114.3,59.9,N,11.3,4.9,1.32,2.0,3.7,4.9,2.1,2.1,0.02,0.68,0.0,0.24,107.6,9.2,5.9,10.4,6.4,NORMAL
S00000370,EX-005,EXCAVATOR,336,ENGINE,2025-09-27,10389.3,334.9,N,12.9,8.3,2.52,4.8,4.5,8.1,5.1,3.7,0.026,0.76,0.0,0.52,104.8,14.3,10.4,8.14,9.9,NORMAL
S00000371,EX-005,EXCAVATOR,336,ENGINE,2025-10-21,10607.9,49.3,N,9.7,3.6,1.3,3.1,3.3,5.6,2.7,2.1,0.018,0.46,0.0,0.3,109.2,9.7,6.1,9.41,5.0,NORMAL
S00000372,EX-005,EXCAVATOR,336,ENGINE,2025-11-22,10904.5,346.0,N,25.0,7.3,2.36,4.3,4.7,8.2,4.9,3.8,0.012,0.61,0.0,0.55,107.9,15.1,10.5,7.23,8.3,NORMAL
S00000373,EX-005,EXCAVATOR,336,ENGINE,2025-12-18,11139.5,48.1,N,12.7,3.9,1.7,3.2,3.0,5.3,3.2,1.6,0.02,0.56,0.0,0.24,106.3,8.5,6.5,10.0,4.6,NORMAL
S00000374,EX-005,EXCAVATOR,336,ENGINE,2026-01-21,11456.3,364.9,N,21.1,7.4,1.94,4.3,6.2,9.9,5.0,3.4,0.028,0.61,0.0,0.58,109.2,13.1,10.0,7.29,10.3,NORMAL
S00000375,EX-005,EXCAVATOR,336,ENGINE,2026-02-14,11672.3,3.6,N,11.5,4.3,1.31,2.7,2.1,5.0,1.7,1.4,0.017,0.6,0.0,0.17,109.3,7.3,5.7,11.34,3.7,NORMAL
S00000376,EX-005,EXCAVATOR,336,ENGINE,2026-03-07,11869.4,200.6,N,14.9,7.8,1.89,3.0,4.2,7.1,4.8,2.7,0.033,0.68,0.0,0.34,110.8,14.0,8.2,8.29,7.8,NORMAL
S00000377,EX-005,EXCAVATOR,336,ENGINE,2026-03-25,12033.0,364.2,N,20.0,7.8,2.28,5.3,6.7,11.9,3.6,3.8,0.023,0.77,0.0,0.46,105.1,15.5,8.6,7.99,9.3,NORMAL
S00000378,EX-005,EXCAVATOR,336,ENGINE,2026-04-28,12341.6,50.0,N,13.1,5.0,1.2,2.6,3.3,6.1,1.8,2.4,0.023,0.68,0.0,0.24,113.9,9.6,7.0,10.81,4.4,NORMAL
S00000379,EX-005,EXCAVATOR,336,ENGINE,2026-05-27,12612.4,320.8,N,13.6,6.2,1.74,4.6,5.4,10.3,4.8,4.1,0.015,0.51,0.0,0.4,109.0,13.2,8.3,7.71,8.1,NORMAL
S00000380,EX-005,EXCAVATOR,336,ENGINE,2026-06-19,12818.8,14.6,N,10.0,4.0,0.91,2.7,2.5,5.0,2.1,1.5,0.023,0.41,0.0,0.19,106.2,7.6,5.5,10.77,7.7,NORMAL
S00000419,EX-005,EXCAVATOR,336,FINAL_DRIVE,2023-04-04,2083.3,947.9,N,92.6,8.6,6.64,6.9,8.0,14.0,2.9,2.7,0.058,0.0,0.0,0.06,97.1,6.9,4.5,4.9,35.4,NORMAL
S00000420,EX-005,EXCAVATOR,336,FINAL_DRIVE,2023-07-03,2909.8,1774.3,N,98.1,11.1,6.8,9.5,8.2,11.9,3.9,2.7,0.044,0.0,0.0,0.07,102.6,9.4,5.6,3.77,38.5,NORMAL
S00000421,EX-005,EXCAVATOR,336,FINAL_DRIVE,2023-10-01,3736.2,7.2,N,46.4,6.2,3.04,4.2,4.9,4.6,1.2,1.1,0.063,0.0,0.0,0.02,101.6,4.7,2.8,5.65,18.2,NORMAL
S00000422,EX-005,EXCAVATOR,336,FINAL_DRIVE,2023-12-30,4562.6,833.6,N,76.7,8.6,4.46,9.0,5.7,7.5,2.9,2.3,0.066,0.0,0.0,0.06,97.6,6.6,3.7,4.87,29.3,NORMAL
S00000423,EX-005,EXCAVATOR,336,FINAL_DRIVE,2024-03-29,5389.0,1660.1,N,132.7,11.6,6.89,7.6,7.7,11.0,3.5,2.7,0.053,0.0,0.0,0.07,99.4,7.2,5.0,4.22,32.0,NORMAL
S00000424,EX-005,EXCAVATOR,336,FINAL_DRIVE,2024-05-19,5865.5,24.4,N,48.6,5.2,2.85,4.4,3.7,5.5,1.6,1.0,0.033,0.0,0.0,0.03,98.9,4.7,3.4,5.68,21.7,NORMAL
S00000425,EX-005,EXCAVATOR,336,FINAL_DRIVE,2024-08-17,6691.9,850.8,N,75.5,10.1,3.94,8.5,5.8,7.9,2.1,2.3,0.061,0.0,0.0,0.06,100.1,7.5,3.7,5.01,28.9,NORMAL
S00000426,EX-005,EXCAVATOR,336,FINAL_DRIVE,2024-11-15,7518.3,1677.2,N,109.8,12.8,6.12,13.2,9.1,14.9,3.1,3.4,0.07,0.0,0.0,0.08,98.4,8.9,5.8,3.96,36.8,NORMAL
S00000427,EX-005,EXCAVATOR,336,FINAL_DRIVE,2025-02-13,8344.8,41.3,N,48.0,3.7,2.85,4.7,3.1,4.8,2.0,1.1,0.072,0.0,0.0,0.03,105.0,5.2,3.1,5.89,17.4,NORMAL
S00000428,EX-005,EXCAVATOR,336,FINAL_DRIVE,2025-05-14,9171.2,867.7,N,162.7,8.0,11.7,6.9,3.8,8.2,3.5,1.6,0.045,0.0,0.0,0.04,99.2,6.2,3.9,5.06,93.2,MONITOR
S00000429,EX-005,EXCAVATOR,336,FINAL_DRIVE,2025-08-12,9997.6,1694.2,N,88.3,11.1,7.92,11.9,7.4,10.5,3.9,2.1,0.052,0.0,0.0,0.08,95.9,8.5,5.5,3.72,40.9,NORMAL
S00000430,EX-005,EXCAVATOR,336,FINAL_DRIVE,2025-11-10,10824.0,37.0,N,38.2,3.9,2.68,4.8,4.2,4.6,1.5,1.0,0.048,0.0,0.0,0.02,100.4,4.4,3.0,6.34,15.1,NORMAL
S00000431,EX-005,EXCAVATOR,336,FINAL_DRIVE,2026-01-26,11529.2,742.2,N,78.6,5.9,5.04,6.4,5.5,8.6,3.1,2.2,0.043,0.0,0.0,0.05,101.8,6.4,3.5,4.99,31.7,NORMAL
S00000432,EX-005,EXCAVATOR,336,FINAL_DRIVE,2026-04-26,12355.6,1568.6,N,123.1,10.3,5.1,7.4,7.0,10.8,3.1,3.0,0.049,0.0,0.0,0.08,98.1,9.3,5.0,4.02,50.8,NORMAL
S00000381,EX-005,EXCAVATOR,336,HYDRAULIC,2023-04-11,2042.9,1345.9,N,12.3,4.1,1.25,2.4,2.8,5.8,3.3,2.8,0.023,0.0,0.0,0.06,46.6,8.8,4.8,3.45,6.2,NORMAL
S00000382,EX-005,EXCAVATOR,336,HYDRAULIC,2023-07-10,2869.4,56.0,N,7.8,1.8,0.56,1.1,1.5,2.8,2.3,1.1,0.035,0.0,0.0,0.03,44.0,6.3,3.1,4.22,3.2,NORMAL
S00000383,EX-005,EXCAVATOR,336,HYDRAULIC,2023-09-27,3593.8,780.4,N,13.8,4.0,0.76,1.6,3.0,6.5,3.0,1.9,0.038,0.0,0.0,0.05,48.4,7.6,4.0,3.84,5.1,NORMAL
S00000384,EX-005,EXCAVATOR,336,HYDRAULIC,2023-12-01,4186.8,1373.4,N,16.1,5.7,1.47,2.2,3.9,7.2,3.6,2.1,4.252,0.0,0.0,0.07,47.4,10.7,4.8,3.56,8.3,MONITOR
S00000385,EX-005,EXCAVATOR,336,HYDRAULIC,2024-02-29,5013.2,37.1,N,7.9,2.8,0.67,1.4,1.5,4.1,1.5,0.9,0.022,0.0,0.0,0.02,44.5,5.2,2.7,4.61,3.3,NORMAL
S00000386,EX-005,EXCAVATOR,336,HYDRAULIC,2024-05-29,5839.6,863.6,N,11.5,3.8,0.97,1.6,2.9,6.6,2.5,2.3,0.027,0.0,0.0,0.05,47.3,9.1,4.1,3.91,5.2,NORMAL
S00000387,EX-005,EXCAVATOR,336,HYDRAULIC,2024-08-27,6666.0,1690.0,N,10.6,6.1,1.16,3.1,3.6,10.6,3.6,1.8,0.024,0.0,0.0,0.07,46.1,10.2,5.2,3.13,12.7,NORMAL
S00000388,EX-005,EXCAVATOR,336,HYDRAULIC,2024-11-25,7492.5,55.0,N,5.8,2.0,0.51,1.4,2.0,3.0,2.0,1.0,0.037,0.0,0.0,0.03,46.8,4.8,3.0,4.21,3.6,NORMAL
S00000389,EX-005,EXCAVATOR,336,HYDRAULIC,2025-02-23,8318.9,881.4,N,9.9,3.4,0.76,1.8,2.4,5.3,3.0,2.1,0.026,0.0,0.0,0.06,46.3,7.9,4.3,3.71,6.1,NORMAL
S00000390,EX-005,EXCAVATOR,336,HYDRAULIC,2025-05-24,9145.3,1707.8,N,13.5,7.2,1.64,2.1,4.5,7.6,3.0,2.7,0.023,0.0,0.0,0.09,46.3,10.8,4.9,3.08,7.1,NORMAL
S00000391,EX-005,EXCAVATOR,336,HYDRAULIC,2025-08-22,9971.7,5.9,N,4.9,1.5,0.56,0.9,1.6,4.6,1.5,1.2,0.041,0.0,0.0,0.02,49.4,5.4,2.9,4.44,2.8,NORMAL
S00000392,EX-005,EXCAVATOR,336,HYDRAULIC,2025-11-19,10796.1,830.3,N,9.2,3.5,0.93,1.9,2.4,5.0,3.8,1.8,0.038,0.0,0.0,0.04,45.4,8.1,3.7,3.73,6.8,NORMAL
S00000393,EX-005,EXCAVATOR,336,HYDRAULIC,2026-02-17,11622.6,1656.7,N,12.8,4.8,1.06,2.7,4.4,7.9,3.4,2.7,0.013,0.0,0.0,0.07,46.4,10.0,5.2,2.96,7.8,NORMAL
S00000394,EX-005,EXCAVATOR,336,HYDRAULIC,2026-05-18,12449.0,12.0,N,5.9,2.1,0.58,1.3,2.1,2.8,1.6,0.8,0.023,0.0,0.0,0.03,47.0,5.9,3.3,4.48,3.2,NORMAL
S00000395,EX-005,EXCAVATOR,336,TRANSMISSION,2023-03-18,1759.2,23.8,N,21.5,8.2,2.12,2.8,2.1,3.1,1.6,1.2,0.02,0.0,0.0,0.05,68.4,6.5,3.0,6.97,8.7,NORMAL
S00000396,EX-005,EXCAVATOR,336,TRANSMISSION,2023-05-06,2214.2,478.8,N,40.0,11.8,2.22,5.5,4.6,7.8,2.6,1.9,0.03,0.0,0.0,0.11,67.1,10.8,4.1,5.36,12.5,NORMAL
S00000397,EX-005,EXCAVATOR,336,TRANSMISSION,2023-07-01,2726.8,991.4,N,47.5,21.9,5.35,7.0,5.5,12.1,5.9,2.9,0.042,0.0,0.0,0.17,65.2,13.5,7.9,3.92,14.3,NORMAL
S00000398,EX-005,EXCAVATOR,336,TRANSMISSION,2023-08-17,3158.7,56.1,N,23.2,9.9,2.13,4.4,2.8,3.2,1.8,1.2,0.031,0.0,0.0,0.06,67.2,6.9,3.4,7.34,8.7,NORMAL
S00000399,EX-005,EXCAVATOR,336,TRANSMISSION,2023-10-17,3712.6,610.1,N,45.3,16.8,3.38,6.3,7.0,6.3,3.9,1.9,0.025,0.0,0.0,0.11,66.3,8.8,5.1,5.6,16.5,NORMAL
S00000400,EX-005,EXCAVATOR,336,TRANSMISSION,2023-11-30,4118.1,16.3,N,17.5,7.7,1.93,3.8,2.4,3.6,1.8,1.0,0.021,0.0,0.0,0.06,68.2,6.2,3.6,6.66,6.2,NORMAL
S00000401,EX-005,EXCAVATOR,336,TRANSMISSION,2024-01-30,4683.3,581.5,N,41.0,16.9,3.02,7.2,4.9,6.7,3.2,2.1,0.052,0.0,0.0,0.09,68.0,10.7,5.2,5.43,14.3,NORMAL
S00000402,EX-005,EXCAVATOR,336,TRANSMISSION,2024-03-12,5069.7,967.9,N,57.6,23.6,4.89,11.4,8.1,6.3,4.6,2.5,0.036,0.0,0.0,0.19,65.0,11.1,6.7,4.52,17.0,NORMAL
S00000403,EX-005,EXCAVATOR,336,TRANSMISSION,2024-05-01,5528.9,50.3,N,25.3,7.3,2.29,2.9,2.7,4.0,1.7,1.0,0.025,0.0,0.0,0.05,69.0,6.6,3.8,7.08,9.5,NORMAL
S00000404,EX-005,EXCAVATOR,336,TRANSMISSION,2024-06-23,6009.1,530.4,N,37.6,15.1,3.42,8.1,4.1,5.5,3.2,2.5,0.033,0.0,0.0,0.14,67.8,9.4,5.2,5.41,16.9,NORMAL
S00000405,EX-005,EXCAVATOR,336,TRANSMISSION,2024-08-25,6592.9,22.9,N,33.7,8.8,1.91,3.0,2.3,2.8,1.6,1.2,0.031,0.0,0.0,0.06,65.5,6.8,3.4,6.76,8.3,NORMAL
S00000406,EX-005,EXCAVATOR,336,TRANSMISSION,2024-10-12,7032.4,462.4,N,37.1,14.9,3.27,5.2,4.0,7.3,3.6,1.8,0.047,0.0,0.0,0.09,67.3,9.5,5.5,5.78,12.7,NORMAL
S00000407,EX-005,EXCAVATOR,336,TRANSMISSION,2024-11-28,7465.7,895.7,N,41.0,19.2,5.09,9.3,8.6,9.0,4.1,2.4,0.039,0.0,0.0,0.17,67.7,11.2,6.5,4.69,20.9,NORMAL
S00000408,EX-005,EXCAVATOR,336,TRANSMISSION,2025-01-30,8039.2,19.8,N,24.5,7.3,1.73,3.2,2.8,3.0,2.0,1.4,0.039,0.0,0.0,0.06,70.3,6.9,3.9,6.46,7.7,NORMAL
S00000409,EX-005,EXCAVATOR,336,TRANSMISSION,2025-04-03,8615.8,596.4,N,40.2,21.5,4.32,6.6,5.9,8.0,3.5,2.6,0.02,0.0,0.0,0.12,65.8,11.0,5.8,5.14,13.2,NORMAL
S00000410,EX-005,EXCAVATOR,336,TRANSMISSION,2025-05-11,8969.6,950.2,N,55.5,20.9,3.84,10.1,8.0,10.3,3.8,2.6,0.028,0.0,0.0,0.14,64.8,12.4,7.3,4.42,17.1,NORMAL
S00000411,EX-005,EXCAVATOR,336,TRANSMISSION,2025-07-12,9538.0,19.6,N,14.4,11.1,1.72,3.2,3.5,4.3,1.6,1.2,0.031,0.0,0.0,0.05,67.7,5.2,3.6,6.49,8.4,NORMAL
S00000412,EX-005,EXCAVATOR,336,TRANSMISSION,2025-08-24,9930.7,412.3,N,36.8,10.2,2.14,5.2,5.3,6.8,2.9,2.2,0.028,0.0,0.0,0.1,67.0,8.2,4.8,5.69,14.0,NORMAL
S00000413,EX-005,EXCAVATOR,336,TRANSMISSION,2025-10-09,10358.2,839.8,N,40.9,16.1,5.22,9.3,8.2,9.3,3.8,3.0,0.032,0.0,0.0,0.14,70.0,11.7,6.9,5.06,17.2,NORMAL
S00000414,EX-005,EXCAVATOR,336,TRANSMISSION,2025-11-26,10791.5,54.7,N,20.7,9.8,1.62,3.6,3.0,4.9,1.6,1.3,0.042,0.0,0.0,0.05,69.3,6.2,3.7,6.63,8.8,NORMAL
S00000415,EX-005,EXCAVATOR,336,TRANSMISSION,2026-01-10,11208.2,471.4,N,36.1,13.5,2.51,5.5,4.1,7.5,2.5,2.4,0.021,0.0,0.0,0.08,69.0,9.7,4.9,5.68,10.0,NORMAL
S00000416,EX-005,EXCAVATOR,336,TRANSMISSION,2026-03-06,11717.7,980.9,N,54.3,20.4,4.85,8.6,7.8,10.6,3.9,3.4,0.023,0.0,0.0,0.15,69.9,12.6,7.3,4.07,25.9,NORMAL
S00000417,EX-005,EXCAVATOR,336,TRANSMISSION,2026-05-08,12291.4,14.0,N,16.3,9.1,1.64,3.9,3.5,4.2,1.8,1.1,0.03,0.0,0.0,0.05,64.3,6.5,3.3,6.66,7.3,NORMAL
S00000418,EX-005,EXCAVATOR,336,TRANSMISSION,2026-06-21,12700.5,423.1,N,28.8,15.4,3.04,6.3,4.4,5.2,3.4,2.3,0.028,0.0,0.0,0.12,68.7,9.7,6.0,5.91,11.8,NORMAL
S00000433,EX-006,EXCAVATOR,336,ENGINE,2023-02-25,2143.8,311.8,N,16.6,8.1,2.49,3.5,4.7,10.1,4.7,2.4,0.022,1.23,0.0,0.46,106.4,12.4,9.3,7.84,10.3,NORMAL
S00000434,EX-006,EXCAVATOR,336,ENGINE,2023-04-02,2435.2,38.6,N,10.1,4.7,1.11,2.3,3.1,5.8,2.8,1.2,0.011,0.42,0.0,0.22,108.2,9.1,6.7,9.52,6.0,NORMAL
S00000435,EX-006,EXCAVATOR,336,ENGINE,2023-05-07,2721.6,325.0,N,18.0,6.7,2.41,3.9,5.0,8.0,4.8,3.0,0.017,0.62,0.0,0.4,107.5,11.8,9.0,7.25,8.4,NORMAL
S00000436,EX-006,EXCAVATOR,336,ENGINE,2023-06-05,2958.8,58.2,N,10.6,5.9,1.01,3.1,2.9,5.8,2.1,2.1,0.017,0.58,0.0,0.29,102.3,8.9,6.5,10.0,5.5,NORMAL
S00000437,EX-006,EXCAVATOR,336,ENGINE,2023-06-28,3149.4,248.9,N,15.3,7.2,1.98,4.4,5.1,8.7,3.9,3.3,0.016,0.62,0.0,0.46,105.3,12.7,8.1,8.51,11.7,NORMAL
S00000438,EX-006,EXCAVATOR,336,ENGINE,2023-07-29,3407.9,8.1,N,9.7,4.1,1.55,2.0,3.4,4.1,1.8,1.5,0.017,0.29,0.0,0.18,107.4,8.1,5.3,9.75,4.8,NORMAL
S00000439,EX-006,EXCAVATOR,336,ENGINE,2023-08-31,3676.6,276.8,N,19.7,7.4,2.42,3.8,5.2,5.6,4.3,2.9,0.026,0.51,0.0,0.48,110.2,12.9,7.8,8.44,9.2,NORMAL
S00000440,EX-006,EXCAVATOR,336,ENGINE,2023-09-26,3885.0,485.2,N,24.5,8.4,2.02,6.0,7.6,12.6,5.0,4.2,0.028,0.72,0.0,0.64,104.0,17.1,9.4,7.15,9.4,NORMAL
S00000441,EX-006,EXCAVATOR,336,ENGINE,2023-10-29,4160.2,23.6,N,9.7,4.6,1.17,2.9,2.7,4.1,2.2,2.3,0.017,0.64,0.0,0.2,108.7,8.9,6.0,10.41,5.5,NORMAL
S00000442,EX-006,EXCAVATOR,336,ENGINE,2023-11-29,4411.0,274.4,N,19.7,6.8,2.42,4.4,4.6,9.0,4.0,3.3,0.022,0.43,0.0,0.47,106.7,13.0,8.7,8.94,9.5,NORMAL
S00000443,EX-006,EXCAVATOR,336,ENGINE,2023-12-30,4666.3,55.3,N,10.6,3.8,1.46,2.4,3.1,5.0,2.3,1.8,0.016,0.93,0.0,0.26,107.8,9.8,7.1,10.31,3.7,NORMAL
S00000444,EX-006,EXCAVATOR,336,ENGINE,2024-02-11,5016.5,405.5,N,24.4,8.5,2.59,6.6,5.3,12.6,4.4,3.4,0.025,0.66,0.0,0.51,109.8,16.4,11.3,7.1,10.7,NORMAL
S00000445,EX-006,EXCAVATOR,336,ENGINE,2024-03-19,5318.2,15.8,N,8.2,4.6,0.97,2.4,3.2,4.6,2.7,1.6,0.028,0.7,0.0,0.21,107.8,7.7,4.9,11.06,5.1,NORMAL
S00000446,EX-006,EXCAVATOR,336,ENGINE,2024-04-23,5605.0,302.6,N,22.8,7.4,2.71,4.6,5.1,16.2,4.9,3.2,0.012,0.59,0.0,0.53,104.9,12.2,10.4,7.49,9.9,NORMAL
S00000447,EX-006,EXCAVATOR,336,ENGINE,2024-05-18,5809.8,50.1,N,9.5,4.5,1.05,2.3,2.9,3.5,2.1,2.0,0.015,0.76,0.0,0.27,104.3,8.6,6.6,10.68,3.7,NORMAL
S00000448,EX-006,EXCAVATOR,336,ENGINE,2024-06-18,6069.9,310.1,N,16.2,8.4,2.21,4.0,4.7,6.8,4.8,3.6,0.02,0.69,0.0,0.51,106.9,12.9,9.6,7.14,8.4,NORMAL
S00000449,EX-006,EXCAVATOR,336,ENGINE,2024-07-15,6292.2,31.9,N,10.9,4.3,1.55,1.9,4.4,4.0,2.3,1.6,0.021,0.49,0.0,0.21,109.4,10.6,6.5,10.2,5.0,NORMAL
S00000450,EX-006,EXCAVATOR,336,ENGINE,2024-08-18,6568.4,308.1,N,20.7,7.2,1.98,4.9,5.4,10.7,5.1,2.7,0.019,1.06,0.0,0.45,108.1,12.8,8.3,8.42,6.3,NORMAL
S00000451,EX-006,EXCAVATOR,336,ENGINE,2024-09-22,6853.3,14.5,N,8.5,4.0,1.05,3.0,2.5,6.1,1.8,1.5,0.019,0.78,0.0,0.26,109.4,8.7,6.5,11.25,4.9,NORMAL
S00000452,EX-006,EXCAVATOR,336,ENGINE,2024-10-21,7091.4,252.6,N,22.8,4.9,1.81,3.9,4.7,10.4,3.2,2.6,0.011,0.77,0.0,0.49,107.9,11.7,9.1,7.43,6.6,NORMAL
S00000453,EX-006,EXCAVATOR,336,ENGINE,2024-11-23,7359.7,27.4,N,8.7,3.8,1.3,2.4,3.6,5.1,1.9,1.9,0.031,0.8,0.0,0.29,112.0,10.0,6.5,10.54,4.0,NORMAL
S00000454,EX-006,EXCAVATOR,336,ENGINE,2024-12-28,7650.2,318.0,N,23.3,8.3,3.01,3.8,4.4,7.9,5.8,3.2,0.026,0.46,0.0,0.58,105.7,14.3,9.1,7.65,7.9,NORMAL
S00000455,EX-006,EXCAVATOR,336,ENGINE,2025-01-31,7925.0,28.8,N,9.3,3.9,1.1,2.5,2.4,6.1,2.5,1.9,0.019,0.57,0.0,0.2,107.9,7.2,6.5,10.54,4.7,NORMAL
S00000456,EX-006,EXCAVATOR,336,ENGINE,2025-03-05,8198.2,302.0,N,25.9,7.6,2.0,4.7,3.7,7.6,3.7,3.1,0.016,0.89,0.0,0.49,110.3,13.2,9.1,7.78,7.0,NORMAL
S00000457,EX-006,EXCAVATOR,336,ENGINE,2025-04-09,8486.2,43.2,N,10.7,4.4,0.97,2.1,2.7,4.2,2.7,2.0,0.032,0.42,0.0,0.26,107.3,9.9,6.5,9.84,5.4,NORMAL
S00000458,EX-006,EXCAVATOR,336,ENGINE,2025-05-01,8663.1,220.0,N,13.8,8.1,1.92,3.4,3.3,7.3,3.2,2.0,0.024,0.53,0.0,0.44,108.1,13.5,8.1,8.28,9.0,NORMAL
S00000459,EX-006,EXCAVATOR,336,ENGINE,2025-06-04,8941.2,498.1,N,27.0,8.5,2.91,6.0,6.5,11.4,6.7,5.3,0.022,0.64,0.0,0.66,101.9,17.8,12.8,6.05,11.7,NORMAL
S00000460,EX-006,EXCAVATOR,336,ENGINE,2025-07-09,9231.9,34.2,N,13.0,4.2,1.37,2.6,3.1,5.2,2.3,1.6,0.02,0.78,0.0,0.19,107.3,9.3,6.1,10.51,4.7,NORMAL
S00000461,EX-006,EXCAVATOR,336,ENGINE,2025-08-13,9513.6,316.0,N,21.1,8.6,1.79,5.8,7.7,10.0,4.1,3.8,0.025,0.6,0.0,0.46,112.5,13.3,8.3,7.51,8.5,NORMAL
S00000462,EX-006,EXCAVATOR,336,ENGINE,2025-09-14,9777.6,16.2,N,13.5,4.3,1.07,2.2,3.5,5.0,2.1,2.1,0.019,0.51,0.0,0.21,102.3,8.0,4.9,10.25,3.7,NORMAL
S00000463,EX-006,EXCAVATOR,336,ENGINE,2025-10-09,9981.8,220.4,N,19.9,4.9,2.14,4.0,4.7,8.2,3.0,3.3,0.018,0.61,0.0,0.41,111.1,10.1,8.3,7.59,8.3,NORMAL
S00000464,EX-006,EXCAVATOR,336,ENGINE,2025-11-04,10197.6,436.2,N,25.7,10.3,2.5,5.1,7.6,9.2,5.8,5.0,0.016,0.5,0.0,0.51,109.1,15.8,11.2,6.24,10.7,NORMAL
S00000465,EX-006,EXCAVATOR,336,ENGINE,2025-12-10,10492.3,27.8,N,9.7,3.9,0.94,2.9,4.2,8.5,1.9,1.5,0.02,0.98,0.0,0.21,108.0,9.7,6.0,9.53,5.2,NORMAL
S00000466,EX-006,EXCAVATOR,336,ENGINE,2026-01-21,10832.1,367.6,N,25.1,9.2,2.16,5.1,7.8,24.0,3.6,4.6,0.021,0.71,0.0,0.59,109.3,14.6,8.7,7.77,9.1,MONITOR
S00000467,EX-006,EXCAVATOR,336,ENGINE,2026-02-26,11132.5,11.2,N,20.3,4.5,1.42,2.3,11.1,32.9,2.4,1.4,0.017,0.98,0.0,0.24,111.5,9.4,6.1,11.2,5.3,MONITOR
S00000468,EX-006,EXCAVATOR,336,ENGINE,2026-03-27,11370.3,249.1,N,30.9,7.8,2.28,4.2,15.9,52.5,3.9,4.5,0.018,0.35,0.0,0.53,109.3,12.1,8.8,8.07,8.6,MONITOR
S00000469,EX-006,EXCAVATOR,336,ENGINE,2026-04-27,11620.5,499.2,N,34.1,8.5,2.75,5.2,7.0,10.3,5.5,3.7,0.028,0.47,0.0,0.79,110.7,17.9,9.6,6.55,12.1,NORMAL
S00000470,EX-006,EXCAVATOR,336,ENGINE,2026-05-30,11892.2,46.4,N,8.9,4.7,1.18,2.5,2.8,3.2,3.2,2.1,0.017,0.47,0.0,0.25,108.0,9.4,6.0,10.69,5.5,NORMAL
S00000502,EX-006,EXCAVATOR,336,FINAL_DRIVE,2023-04-17,2605.0,1019.9,N,100.9,7.6,6.24,7.3,5.6,10.1,3.7,2.3,0.05,0.0,0.0,0.06,100.8,6.7,4.4,4.52,41.8,NORMAL
S00000503,EX-006,EXCAVATOR,336,FINAL_DRIVE,2023-07-16,3342.4,1757.3,N,105.0,10.8,5.16,10.1,7.3,12.5,4.4,2.2,0.143,0.0,0.0,0.07,99.1,8.1,5.2,3.83,35.6,NORMAL
S00000504,EX-006,EXCAVATOR,336,FINAL_DRIVE,2023-10-14,4079.8,4.8,N,82.3,4.4,2.88,4.6,2.8,28.4,1.5,0.8,4.312,0.0,0.0,0.02,101.1,5.1,2.8,5.91,16.0,ACTION
S00000505,EX-006,EXCAVATOR,336,FINAL_DRIVE,2024-01-12,4817.2,742.2,N,75.7,7.8,4.98,8.2,5.4,7.5,3.4,1.5,0.115,0.0,0.0,0.05,104.8,7.0,4.0,5.19,25.9,NORMAL
S00000506,EX-006,EXCAVATOR,336,FINAL_DRIVE,2024-04-11,5554.6,1479.6,N,91.3,12.7,5.87,10.5,7.4,12.4,2.7,2.6,0.043,0.0,0.0,0.06,100.7,7.6,5.4,4.17,37.5,NORMAL
S00000507,EX-006,EXCAVATOR,336,FINAL_DRIVE,2024-07-10,6292.0,6.5,N,49.9,4.2,2.81,3.4,3.9,4.0,1.4,1.1,0.057,0.0,0.0,0.03,96.8,4.9,2.9,5.53,18.0,NORMAL
S00000508,EX-006,EXCAVATOR,336,FINAL_DRIVE,2024-10-08,7029.4,744.0,N,91.7,6.1,5.4,8.3,5.6,8.9,3.2,1.7,0.059,0.0,0.0,0.04,99.4,7.1,3.7,4.61,22.0,NORMAL
S00000509,EX-006,EXCAVATOR,336,FINAL_DRIVE,2025-01-06,7766.8,1481.4,N,219.7,13.4,16.47,13.9,6.6,9.4,3.8,2.0,0.048,0.0,0.0,0.06,101.7,8.6,5.2,3.99,123.6,ACTION
S00000510,EX-006,EXCAVATOR,336,FINAL_DRIVE,2025-04-06,8504.2,51.4,N,48.9,4.1,2.48,3.5,3.6,5.3,1.5,1.3,0.033,0.0,0.0,0.02,99.7,5.3,3.0,5.51,17.5,NORMAL
S00000511,EX-006,EXCAVATOR,336,FINAL_DRIVE,2025-07-05,9241.7,788.8,N,61.5,9.6,4.06,9.2,5.9,7.4,2.6,1.8,0.051,0.0,0.0,0.03,101.7,6.7,4.1,5.03,17.2,NORMAL
S00000512,EX-006,EXCAVATOR,336,FINAL_DRIVE,2025-10-03,9979.1,1526.2,N,119.6,9.6,5.47,10.9,9.8,12.1,3.5,3.3,0.05,0.0,0.0,0.07,103.2,9.1,4.9,3.93,33.9,NORMAL
S00000513,EX-006,EXCAVATOR,336,FINAL_DRIVE,2026-01-01,10716.5,29.8,N,58.3,5.2,3.76,4.5,3.0,4.8,1.7,1.2,0.038,0.0,0.0,0.03,98.8,4.5,2.7,5.67,15.5,NORMAL
S00000514,EX-006,EXCAVATOR,336,FINAL_DRIVE,2026-04-01,11453.9,767.2,N,74.9,7.1,5.37,6.3,5.2,10.1,2.7,2.2,0.05,0.0,0.0,0.05,101.9,7.9,3.6,4.63,26.1,NORMAL
S00000471,EX-006,EXCAVATOR,336,HYDRAULIC,2023-04-20,2605.0,48.5,N,4.8,2.3,0.62,1.1,1.8,3.4,2.0,1.5,0.031,0.0,0.0,0.03,46.4,6.0,2.9,4.08,3.3,NORMAL
S00000472,EX-006,EXCAVATOR,336,HYDRAULIC,2023-07-19,3342.4,786.0,N,10.7,4.0,0.85,1.7,2.6,4.6,3.5,2.4,0.032,0.0,0.0,0.05,47.9,8.3,3.6,4.03,5.3,NORMAL
S00000473,EX-006,EXCAVATOR,336,HYDRAULIC,2023-10-17,4079.8,1523.4,N,9.5,4.9,1.18,2.1,3.0,9.2,2.9,2.8,0.02,0.0,0.0,0.08,47.4,8.6,5.0,3.21,7.6,NORMAL
S00000474,EX-006,EXCAVATOR,336,HYDRAULIC,2024-01-15,4817.2,56.9,N,7.4,2.5,0.51,1.3,1.5,3.5,2.0,1.4,0.031,0.0,0.0,0.03,47.3,6.5,3.1,4.63,3.4,NORMAL
S00000475,EX-006,EXCAVATOR,336,HYDRAULIC,2024-04-14,5554.6,794.3,N,12.0,3.7,1.03,1.9,2.8,4.7,2.9,1.8,0.027,0.0,0.0,0.05,47.2,8.3,4.1,3.59,5.7,NORMAL
S00000476,EX-006,EXCAVATOR,336,HYDRAULIC,2024-07-13,6292.0,1531.8,N,17.0,5.2,1.56,2.3,3.2,8.6,3.1,1.9,0.019,0.0,0.0,0.08,46.4,10.8,5.0,3.22,6.9,NORMAL
S00000477,EX-006,EXCAVATOR,336,HYDRAULIC,2024-10-08,7001.6,15.5,N,7.1,2.4,0.53,1.2,1.6,5.2,1.3,0.8,0.029,0.0,0.0,0.02,44.4,5.5,3.0,4.52,2.5,NORMAL
S00000478,EX-006,EXCAVATOR,336,HYDRAULIC,2025-01-06,7739.0,752.9,N,10.8,3.5,0.92,1.9,2.9,6.0,2.3,1.9,0.038,0.0,0.0,0.05,43.6,7.5,4.0,3.98,4.2,NORMAL
S00000479,EX-006,EXCAVATOR,336,HYDRAULIC,2025-04-06,8476.4,1490.3,N,12.9,4.3,1.27,2.7,3.8,7.4,5.2,2.5,0.041,0.0,0.0,0.06,47.3,11.1,4.5,3.47,7.3,NORMAL
S00000480,EX-006,EXCAVATOR,336,HYDRAULIC,2025-07-05,9213.8,42.3,N,5.1,2.2,0.62,1.2,1.4,3.1,1.9,1.1,0.03,0.0,0.0,0.03,45.8,6.5,2.8,4.65,4.4,NORMAL
S00000481,EX-006,EXCAVATOR,336,HYDRAULIC,2025-10-03,9951.2,779.8,N,11.1,4.2,0.89,1.5,2.3,5.3,3.1,1.7,0.026,0.0,0.0,0.05,45.0,7.0,3.4,3.76,5.3,NORMAL
S00000482,EX-006,EXCAVATOR,336,HYDRAULIC,2026-01-01,10688.6,1517.2,N,31.2,10.8,2.16,2.2,2.8,5.7,3.5,2.6,0.026,0.0,0.0,0.07,45.8,8.6,4.8,3.04,21.1,ACTION
S00000483,EX-006,EXCAVATOR,336,HYDRAULIC,2026-04-01,11426.1,50.2,N,7.2,2.4,0.62,1.1,1.7,3.6,1.8,1.7,0.032,0.0,0.0,0.03,46.5,6.7,2.7,4.84,3.6,NORMAL
S00000484,EX-006,EXCAVATOR,336,TRANSMISSION,2023-03-07,2312.1,23.8,N,23.0,7.5,1.82,3.6,3.2,4.2,1.6,1.1,0.023,0.0,0.0,0.06,67.6,6.5,4.0,7.07,9.8,NORMAL
S00000485,EX-006,EXCAVATOR,336,TRANSMISSION,2023-05-10,2837.2,548.9,N,61.1,16.6,2.41,10.0,5.4,6.3,3.6,2.1,0.024,0.0,0.0,0.11,67.9,9.3,5.5,5.12,13.6,NORMAL
S00000486,EX-006,EXCAVATOR,336,TRANSMISSION,2023-07-22,3433.8,28.6,N,58.5,45.1,1.53,24.3,3.2,3.1,1.9,1.1,0.045,0.0,0.0,0.05,66.8,6.5,3.4,7.17,7.8,MONITOR
S00000487,EX-006,EXCAVATOR,336,TRANSMISSION,2023-09-30,4009.1,603.9,N,44.4,14.8,2.76,7.7,5.1,7.9,2.7,2.3,0.014,0.0,0.0,0.12,67.8,10.8,5.5,5.15,18.9,NORMAL
S00000488,EX-006,EXCAVATOR,336,TRANSMISSION,2023-11-23,4451.5,36.5,N,26.1,8.6,1.9,2.7,2.7,4.8,1.6,1.0,0.044,0.0,0.0,0.05,67.0,6.5,3.7,6.79,8.4,NORMAL
S00000489,EX-006,EXCAVATOR,336,TRANSMISSION,2024-01-21,4933.5,518.5,N,35.5,15.0,3.31,5.3,5.2,9.2,2.4,2.4,0.03,0.0,0.0,0.13,65.5,8.4,5.1,5.33,16.4,NORMAL
S00000490,EX-006,EXCAVATOR,336,TRANSMISSION,2024-03-21,5426.7,7.0,N,23.4,6.6,1.72,3.0,2.3,3.4,1.9,1.1,0.025,0.0,0.0,0.04,69.2,6.2,2.7,6.09,6.0,NORMAL
S00000491,EX-006,EXCAVATOR,336,TRANSMISSION,2024-06-12,6105.2,685.5,N,72.7,38.7,2.91,20.2,6.1,9.9,3.5,2.8,0.023,0.0,0.0,0.14,64.5,10.9,6.4,5.32,16.0,MONITOR
S00000492,EX-006,EXCAVATOR,336,TRANSMISSION,2024-08-13,6608.5,41.2,N,18.9,7.7,1.71,3.3,2.5,4.7,2.1,1.4,0.032,0.0,0.0,0.06,68.9,6.3,3.5,6.18,9.3,NORMAL
S00000493,EX-006,EXCAVATOR,336,TRANSMISSION,2024-10-29,7246.0,678.6,N,52.6,16.5,3.23,7.7,6.1,8.1,3.2,1.8,0.037,0.0,0.0,0.16,66.8,9.2,5.5,5.08,13.2,NORMAL
S00000494,EX-006,EXCAVATOR,336,TRANSMISSION,2025-01-13,7866.3,25.9,N,29.6,7.0,1.64,3.7,2.8,4.3,2.4,1.1,0.031,0.0,0.0,0.06,67.2,6.1,3.1,7.31,8.4,NORMAL
S00000495,EX-006,EXCAVATOR,336,TRANSMISSION,2025-03-01,8251.4,411.0,N,34.1,12.6,3.11,5.6,5.0,8.1,2.3,1.8,0.018,0.0,0.0,0.09,66.9,9.2,4.3,5.72,13.7,NORMAL
S00000496,EX-006,EXCAVATOR,336,TRANSMISSION,2025-05-21,8917.3,19.8,N,20.8,5.8,1.97,3.3,2.1,3.5,1.8,0.9,0.034,0.0,0.0,0.04,64.4,6.2,3.5,6.58,7.3,NORMAL
S00000497,EX-006,EXCAVATOR,336,TRANSMISSION,2025-08-06,9546.1,648.6,N,49.3,19.0,2.79,5.9,6.0,8.6,3.1,2.2,0.031,0.0,0.0,0.14,67.2,10.7,6.4,5.37,13.6,NORMAL
S00000498,EX-006,EXCAVATOR,336,TRANSMISSION,2025-10-17,10131.6,12.7,N,22.9,7.1,1.57,3.4,1.9,3.4,1.5,1.0,0.029,0.0,0.0,0.06,66.2,6.2,3.4,6.85,6.7,NORMAL
S00000499,EX-006,EXCAVATOR,336,TRANSMISSION,2025-12-15,10621.5,502.6,N,37.8,16.8,3.48,5.8,4.1,6.4,3.3,1.5,0.022,0.0,0.0,0.11,67.9,8.3,5.7,5.12,13.3,NORMAL
S00000500,EX-006,EXCAVATOR,336,TRANSMISSION,2026-03-01,11239.9,23.5,N,26.5,6.2,1.72,3.7,2.8,4.3,1.9,1.0,0.033,0.0,0.0,0.05,68.2,7.0,3.7,7.28,9.8,NORMAL
S00000501,EX-006,EXCAVATOR,336,TRANSMISSION,2026-05-07,11792.8,576.4,N,57.0,13.2,3.25,5.7,4.5,7.7,2.5,2.1,0.028,0.0,0.0,0.13,68.9,9.5,5.4,5.75,18.3,NORMAL
S00000515,EX-007,EXCAVATOR,336,ENGINE,2023-02-03,4841.9,46.1,N,9.7,3.8,1.34,2.3,2.7,4.2,2.2,1.5,0.016,0.54,0.0,0.23,109.0,8.2,5.8,10.36,5.2,NORMAL
S00000516,EX-007,EXCAVATOR,336,ENGINE,2023-03-01,5045.7,249.8,N,15.4,6.3,3.34,4.8,5.3,8.3,3.1,2.6,0.023,0.67,0.0,0.47,108.0,13.7,8.4,8.37,9.0,NORMAL
S00000517,EX-007,EXCAVATOR,336,ENGINE,2023-04-07,5344.1,57.4,N,12.6,4.6,0.96,2.3,3.0,5.0,2.4,1.8,0.027,0.74,0.0,0.22,109.6,10.4,5.4,9.27,6.0,NORMAL
S00000518,EX-007,EXCAVATOR,336,ENGINE,2023-05-06,5568.3,281.6,N,17.5,7.7,2.6,5.4,4.8,9.7,4.1,4.1,0.017,0.78,0.0,0.5,109.5,13.8,7.0,7.39,12.8,NORMAL
S00000519,EX-007,EXCAVATOR,336,ENGINE,2023-05-28,5747.6,460.9,N,36.1,8.9,3.13,5.1,7.7,10.1,5.5,2.9,0.021,0.66,0.0,0.56,109.8,15.7,10.5,6.37,12.9,NORMAL
S00000520,EX-007,EXCAVATOR,336,ENGINE,2023-07-03,6030.4,29.3,N,10.5,5.1,1.07,2.1,3.2,3.8,2.3,1.4,0.013,0.72,0.0,0.21,117.4,7.7,6.4,9.54,4.2,NORMAL
S00000521,EX-007,EXCAVATOR,336,ENGINE,2023-08-01,6263.4,262.3,N,18.4,9.3,1.65,2.9,5.2,10.2,4.2,3.8,0.02,0.68,0.0,0.51,108.9,12.0,8.6,8.44,9.8,NORMAL
S00000522,EX-007,EXCAVATOR,336,ENGINE,2023-09-01,6513.8,3.8,N,10.4,3.0,0.79,2.2,2.6,6.1,2.0,1.4,0.019,0.6,0.0,0.14,102.6,8.5,5.1,9.4,5.1,NORMAL
S00000523,EX-007,EXCAVATOR,336,ENGINE,2023-10-01,6751.5,241.5,N,15.3,6.9,2.05,4.0,6.3,9.1,3.4,2.6,0.014,0.36,0.0,0.44,108.3,13.4,9.3,8.13,6.7,NORMAL
S00000524,EX-007,EXCAVATOR,336,ENGINE,2023-11-11,7077.2,32.6,N,10.8,4.5,0.91,2.0,5.1,5.1,1.8,1.7,0.017,0.43,0.0,0.23,109.6,8.9,5.4,10.64,4.8,NORMAL
S00000525,EX-007,EXCAVATOR,336,ENGINE,2023-12-07,7278.2,233.5,N,12.1,8.3,2.04,3.8,5.0,9.5,3.7,2.4,0.02,0.58,0.0,0.5,101.8,12.0,9.0,8.43,9.2,NORMAL
S00000526,EX-007,EXCAVATOR,336,ENGINE,2024-01-05,7516.3,471.7,N,24.7,12.2,3.03,7.4,7.7,10.6,5.4,5.9,0.015,0.48,0.0,0.63,110.8,15.1,11.4,6.39,10.2,NORMAL
S00000527,EX-007,EXCAVATOR,336,ENGINE,2024-02-07,7773.6,6.5,N,7.8,3.9,1.61,1.5,3.4,8.0,3.0,2.1,0.018,0.91,0.0,0.21,112.5,9.6,5.5,9.84,4.2,NORMAL
S00000528,EX-007,EXCAVATOR,336,ENGINE,2024-03-03,7971.7,204.6,N,23.4,6.8,1.96,3.3,7.5,16.0,3.6,2.1,0.017,0.48,0.0,0.39,107.0,12.7,8.0,8.47,7.4,NORMAL
S00000529,EX-007,EXCAVATOR,336,ENGINE,2024-04-07,8253.4,486.3,N,28.4,7.9,2.97,7.2,13.1,32.6,8.0,4.5,0.021,0.65,0.0,0.73,108.4,17.9,10.7,6.29,10.4,MONITOR
S00000530,EX-007,EXCAVATOR,336,ENGINE,2024-04-25,8391.1,20.0,N,21.0,5.0,1.16,2.7,9.8,35.5,2.4,1.8,0.015,0.59,0.0,0.25,105.4,9.0,4.3,9.76,3.9,MONITOR
S00000531,EX-007,EXCAVATOR,336,ENGINE,2024-06-05,8721.8,350.7,N,21.6,9.7,1.9,4.2,6.7,7.7,3.0,3.1,0.019,0.6,0.0,0.5,107.0,15.0,9.9,7.67,8.7,NORMAL
S00000532,EX-007,EXCAVATOR,336,ENGINE,2024-07-12,9017.7,41.2,N,9.5,4.8,0.94,2.8,4.3,5.5,1.9,2.0,0.03,0.51,0.0,0.29,108.2,9.0,6.5,10.15,4.8,NORMAL
S00000533,EX-007,EXCAVATOR,336,ENGINE,2024-08-26,9372.5,396.0,N,19.3,7.4,2.36,5.7,7.4,7.8,5.2,4.0,0.021,0.58,0.0,0.56,107.1,13.3,8.7,7.32,15.1,NORMAL
S00000534,EX-007,EXCAVATOR,336,ENGINE,2024-09-22,9585.6,7.8,N,8.5,3.7,1.08,1.6,2.8,4.6,2.3,1.4,0.032,0.55,0.0,0.17,108.6,9.1,5.8,10.62,4.3,NORMAL
S00000535,EX-007,EXCAVATOR,336,ENGINE,2024-10-08,9716.6,138.9,N,16.4,6.6,1.6,3.0,4.8,7.3,3.2,2.3,0.023,0.51,0.0,0.31,110.9,10.9,6.5,9.31,6.6,NORMAL
S00000536,EX-007,EXCAVATOR,336,ENGINE,2024-11-13,10001.2,423.5,N,21.4,10.8,3.45,6.0,6.7,11.5,3.7,5.0,0.019,0.82,0.0,0.6,105.2,14.9,9.5,6.78,9.1,NORMAL
S00000537,EX-007,EXCAVATOR,336,ENGINE,2024-12-16,10263.6,17.8,N,8.6,3.7,1.48,2.2,2.9,4.9,1.7,1.8,0.019,0.39,0.0,0.21,108.1,9.0,5.3,9.97,5.3,NORMAL
S00000538,EX-007,EXCAVATOR,336,ENGINE,2025-01-12,10478.9,233.1,N,18.4,6.0,2.06,4.8,4.9,7.7,4.2,2.5,0.017,0.51,0.0,0.38,104.7,11.4,9.2,8.41,7.0,NORMAL
S00000539,EX-007,EXCAVATOR,336,ENGINE,2025-02-10,10710.3,464.5,N,23.6,10.0,2.59,5.8,6.6,10.4,5.3,5.3,0.019,0.82,0.0,0.56,107.3,16.9,11.2,6.2,9.0,NORMAL
S00000540,EX-007,EXCAVATOR,336,ENGINE,2025-03-17,10988.3,16.7,N,8.3,3.2,1.13,3.1,3.0,3.5,1.9,1.7,0.021,0.65,0.0,0.18,108.3,8.1,5.4,10.37,3.9,NORMAL
S00000541,EX-007,EXCAVATOR,336,ENGINE,2025-04-21,11263.4,291.8,N,18.7,8.9,1.81,4.8,5.0,7.9,3.8,3.5,0.03,0.45,0.0,0.42,110.7,12.3,9.0,8.17,8.8,NORMAL
S00000542,EX-007,EXCAVATOR,336,ENGINE,2025-05-28,11559.0,20.0,N,8.9,5.2,1.15,2.2,3.4,4.1,2.2,1.7,0.018,0.72,0.0,0.26,110.8,9.9,5.4,10.72,4.1,NORMAL
S00000543,EX-007,EXCAVATOR,336,ENGINE,2025-07-09,11895.8,356.8,N,19.4,7.6,2.04,6.6,7.0,8.4,4.7,4.0,0.017,0.67,0.0,0.57,111.1,14.5,10.5,7.55,9.2,NORMAL
S00000544,EX-007,EXCAVATOR,336,ENGINE,2025-08-14,12183.0,3.5,N,10.8,3.8,0.95,2.0,2.7,3.8,2.3,1.6,0.016,0.98,0.0,0.17,111.4,8.6,6.0,10.65,4.3,NORMAL
S00000545,EX-007,EXCAVATOR,336,ENGINE,2025-09-07,12372.8,193.4,N,14.6,7.2,2.5,2.9,4.4,6.5,4.7,3.8,0.026,0.58,0.0,0.42,110.7,11.2,7.2,8.66,7.7,NORMAL
S00000546,EX-007,EXCAVATOR,336,ENGINE,2025-10-17,12685.7,22.5,N,13.4,3.9,1.05,2.8,3.3,4.4,2.0,1.6,0.032,0.49,0.0,0.24,107.6,8.1,5.5,10.75,4.8,NORMAL
S00000547,EX-007,EXCAVATOR,336,ENGINE,2025-11-12,12892.3,229.1,N,19.1,6.5,2.18,4.5,4.6,7.6,3.0,2.3,0.012,0.6,0.0,0.4,113.4,10.7,7.3,8.78,8.6,NORMAL
S00000548,EX-007,EXCAVATOR,336,ENGINE,2025-12-20,13199.5,59.6,N,10.4,5.2,1.51,2.1,3.2,4.8,2.5,2.0,0.017,0.48,0.0,0.25,103.1,8.4,5.6,10.28,4.4,NORMAL
S00000549,EX-007,EXCAVATOR,336,ENGINE,2026-01-18,13426.0,286.1,N,26.0,7.3,2.13,3.8,8.4,20.2,5.0,3.2,0.026,0.65,0.0,0.46,109.0,13.4,7.6,7.66,10.2,NORMAL
S00000550,EX-007,EXCAVATOR,336,ENGINE,2026-02-20,13691.0,16.2,N,25.6,3.4,1.03,2.3,14.0,47.6,2.1,1.5,0.024,0.47,0.0,0.22,110.7,8.0,5.4,10.04,5.4,MONITOR
S00000551,EX-007,EXCAVATOR,336,ENGINE,2026-03-20,13909.6,234.7,N,27.7,8.0,2.47,4.1,4.4,9.3,4.9,2.8,0.012,1.0,0.0,0.46,109.4,12.2,7.2,8.76,7.4,NORMAL
S00000552,EX-007,EXCAVATOR,336,ENGINE,2026-04-10,14081.8,407.0,N,23.2,9.5,2.27,3.5,5.3,9.1,5.7,3.5,0.029,0.59,0.0,0.65,115.2,15.1,9.9,7.45,10.8,NORMAL
S00000553,EX-007,EXCAVATOR,336,ENGINE,2026-05-04,14272.4,21.9,N,8.3,3.8,1.08,2.1,3.8,5.4,1.9,2.0,0.018,0.72,0.0,0.21,105.5,8.3,7.0,9.65,4.5,NORMAL
S00000554,EX-007,EXCAVATOR,336,ENGINE,2026-06-04,14521.7,271.2,N,17.6,6.1,1.82,3.3,5.1,8.8,4.4,3.0,0.027,0.56,0.0,0.43,108.7,13.4,7.8,7.92,10.0,NORMAL
S00000590,EX-007,EXCAVATOR,336,FINAL_DRIVE,2023-04-21,5338.8,36.9,N,54.7,5.1,3.46,4.7,4.9,5.7,1.4,1.0,0.037,0.0,0.0,0.02,104.4,4.9,3.1,5.86,15.7,NORMAL
S00000591,EX-007,EXCAVATOR,336,FINAL_DRIVE,2023-07-20,6054.5,752.6,N,61.0,11.6,3.74,6.6,7.0,9.3,1.8,1.9,0.067,0.0,0.0,0.04,97.6,6.8,3.6,5.32,31.6,NORMAL
S00000592,EX-007,EXCAVATOR,336,FINAL_DRIVE,2023-10-18,6770.1,1468.2,N,116.6,11.4,5.79,10.1,6.0,9.8,3.3,3.0,0.046,0.0,0.0,0.07,97.7,8.0,5.3,4.0,36.5,NORMAL
S00000593,EX-007,EXCAVATOR,336,FINAL_DRIVE,2024-01-16,7485.7,24.3,N,46.9,5.8,4.61,4.3,3.7,4.8,1.5,1.0,0.039,0.0,0.0,0.02,100.2,5.7,2.9,6.01,16.0,NORMAL
S00000594,EX-007,EXCAVATOR,336,FINAL_DRIVE,2024-04-15,8201.4,739.9,N,69.5,8.6,5.31,7.9,4.0,6.1,2.6,1.7,0.042,0.0,0.0,0.05,101.9,7.0,4.2,5.34,21.3,NORMAL
S00000595,EX-007,EXCAVATOR,336,FINAL_DRIVE,2024-07-14,8917.0,1455.6,N,109.2,8.6,5.34,10.6,7.4,9.7,3.5,2.4,0.049,0.0,0.0,0.09,101.2,8.9,4.6,4.18,35.1,NORMAL
S00000596,EX-007,EXCAVATOR,336,FINAL_DRIVE,2024-10-12,9632.7,21.4,N,36.3,4.8,2.45,5.5,3.6,4.4,2.0,1.1,0.042,0.0,0.0,0.02,100.0,5.5,2.9,5.75,12.3,NORMAL
S00000597,EX-007,EXCAVATOR,336,FINAL_DRIVE,2025-01-10,10348.3,737.1,N,125.5,9.1,9.75,7.5,6.5,9.1,2.6,1.8,0.091,0.0,0.0,0.05,101.1,7.2,3.4,4.51,71.7,MONITOR
S00000598,EX-007,EXCAVATOR,336,FINAL_DRIVE,2025-04-10,11063.9,1452.7,N,92.9,10.8,5.12,8.4,7.5,10.4,3.5,2.4,0.064,0.0,0.0,0.06,102.6,9.8,4.8,4.18,45.1,NORMAL
S00000599,EX-007,EXCAVATOR,336,FINAL_DRIVE,2025-07-09,11779.6,1.4,N,46.2,4.9,2.87,4.8,3.3,6.2,1.6,1.6,0.053,0.0,0.0,0.02,104.1,4.8,2.5,5.62,12.4,NORMAL
S00000600,EX-007,EXCAVATOR,336,FINAL_DRIVE,2025-10-07,12495.2,717.1,N,73.0,7.6,4.16,7.7,5.3,10.1,2.4,1.7,0.035,0.0,0.0,0.03,98.1,6.5,3.5,4.52,24.5,NORMAL
S00000601,EX-007,EXCAVATOR,336,FINAL_DRIVE,2026-01-05,13210.8,1432.7,N,110.4,11.1,4.54,7.4,6.4,9.3,3.8,2.4,0.052,0.0,0.0,0.09,99.0,8.9,4.8,4.27,36.5,NORMAL
S00000602,EX-007,EXCAVATOR,336,FINAL_DRIVE,2026-04-05,13926.5,6.9,N,51.7,4.8,2.66,4.3,2.4,5.2,1.3,1.6,0.07,0.0,0.0,0.03,100.7,5.1,2.4,5.58,16.2,NORMAL
S00000555,EX-007,EXCAVATOR,336,HYDRAULIC,2023-04-09,5338.8,1261.8,N,12.8,4.3,1.11,2.8,3.6,7.4,2.3,1.8,0.023,0.0,0.0,0.05,46.7,9.6,4.6,3.47,6.5,NORMAL
S00000556,EX-007,EXCAVATOR,336,HYDRAULIC,2023-07-08,6054.5,1977.4,N,14.6,5.8,1.6,2.9,4.3,7.8,4.2,2.4,0.029,0.0,0.0,0.08,45.9,12.0,5.8,2.8,9.5,NORMAL
S00000557,EX-007,EXCAVATOR,336,HYDRAULIC,2023-09-13,6587.6,55.9,N,10.7,1.8,0.54,1.1,3.4,17.5,2.2,1.0,0.018,0.0,0.0,0.03,47.0,5.2,3.1,4.55,4.7,NORMAL
S00000558,EX-007,EXCAVATOR,336,HYDRAULIC,2023-12-12,7303.2,771.5,N,13.1,3.0,0.7,1.9,2.2,6.8,2.3,2.0,0.046,0.0,0.0,0.05,45.4,7.8,3.7,3.77,4.6,NORMAL
S00000559,EX-007,EXCAVATOR,336,HYDRAULIC,2024-03-11,8018.8,1487.1,N,15.3,5.6,1.47,2.0,3.8,6.6,2.9,2.1,0.035,0.0,0.0,0.07,46.4,9.5,5.0,3.28,6.2,NORMAL
S00000560,EX-007,EXCAVATOR,336,HYDRAULIC,2024-06-09,8734.5,15.9,N,6.8,3.0,0.57,1.2,1.4,3.3,2.0,1.5,0.032,0.0,0.0,0.03,47.9,6.4,3.3,4.45,3.6,NORMAL
S00000561,EX-007,EXCAVATOR,336,HYDRAULIC,2024-09-07,9450.1,731.6,N,9.7,3.1,0.81,1.4,3.2,4.8,2.7,1.9,0.042,0.0,0.0,0.05,44.8,7.3,3.5,3.82,5.0,NORMAL
S00000562,EX-007,EXCAVATOR,336,HYDRAULIC,2024-12-06,10165.8,1447.2,N,11.4,3.6,1.13,2.8,4.2,8.7,3.4,2.3,0.046,0.0,0.0,0.08,45.6,10.1,5.1,3.16,7.3,NORMAL
S00000563,EX-007,EXCAVATOR,336,HYDRAULIC,2025-03-06,10881.4,49.0,N,5.5,2.6,0.47,1.1,1.8,4.0,1.4,0.8,0.042,0.0,0.0,0.03,44.9,5.6,2.8,4.71,4.5,NORMAL
S00000564,EX-007,EXCAVATOR,336,HYDRAULIC,2025-06-04,11597.0,764.6,N,23.0,4.4,1.04,1.9,7.3,41.7,2.9,1.7,0.016,0.0,0.0,0.05,49.0,7.8,4.0,4.26,6.2,MONITOR
S00000565,EX-007,EXCAVATOR,336,HYDRAULIC,2025-09-02,12312.7,1480.3,N,13.3,3.7,1.32,2.0,4.2,8.5,3.4,2.0,0.039,0.0,0.0,0.07,45.6,9.5,4.6,3.11,7.9,NORMAL
S00000566,EX-007,EXCAVATOR,336,HYDRAULIC,2025-12-01,13028.3,58.2,N,6.2,1.7,0.73,1.0,1.8,3.7,1.7,1.1,0.018,0.0,0.0,0.02,45.5,6.1,3.0,4.53,3.0,NORMAL
S00000567,EX-007,EXCAVATOR,336,HYDRAULIC,2026-03-01,13743.9,773.9,N,7.9,4.5,0.72,2.2,2.1,6.0,2.0,1.6,0.025,0.0,0.0,0.05,46.3,7.2,3.8,3.7,4.4,NORMAL
S00000568,EX-007,EXCAVATOR,336,HYDRAULIC,2026-05-30,14459.6,1489.5,N,14.2,3.6,1.67,2.9,2.9,6.4,3.4,2.6,0.035,0.0,0.0,0.07,47.2,10.6,4.4,3.22,8.2,NORMAL
S00000569,EX-007,EXCAVATOR,336,TRANSMISSION,2023-04-04,5195.1,895.3,N,47.5,14.0,4.64,8.8,6.3,9.2,4.6,2.9,0.045,0.0,0.0,0.14,70.2,14.3,6.6,4.71,16.1,NORMAL
S00000570,EX-007,EXCAVATOR,336,TRANSMISSION,2023-05-19,5554.6,7.0,N,19.4,5.9,1.73,4.1,2.0,3.7,1.5,1.0,0.029,0.0,0.0,0.04,65.9,6.7,3.4,6.96,7.7,NORMAL
S00000571,EX-007,EXCAVATOR,336,TRANSMISSION,2023-07-21,6052.4,504.8,N,34.9,18.5,3.03,6.2,6.2,6.2,2.9,1.7,0.023,0.0,0.0,0.13,66.2,8.5,4.7,5.78,18.6,NORMAL
S00000572,EX-007,EXCAVATOR,336,TRANSMISSION,2023-10-16,6743.9,55.3,N,19.7,6.5,1.8,3.7,2.8,3.6,1.3,1.0,0.043,0.0,0.0,0.06,64.9,7.2,4.3,6.83,11.0,NORMAL
S00000573,EX-007,EXCAVATOR,336,TRANSMISSION,2023-12-01,7112.3,423.7,N,38.1,10.9,1.97,6.4,4.0,6.7,2.2,2.2,0.021,0.0,0.0,0.1,67.3,8.2,4.7,5.53,14.1,NORMAL
S00000574,EX-007,EXCAVATOR,336,TRANSMISSION,2024-02-05,7633.7,945.0,N,61.6,22.1,3.4,8.4,6.0,7.7,4.2,2.6,0.049,0.0,0.0,0.17,67.1,12.8,6.7,4.55,20.6,NORMAL
S00000575,EX-007,EXCAVATOR,336,TRANSMISSION,2024-03-14,7943.4,5.1,N,26.4,7.2,1.51,4.0,3.1,4.2,1.8,1.1,0.024,0.0,0.0,0.05,69.9,6.4,3.3,7.17,5.9,NORMAL
S00000576,EX-007,EXCAVATOR,336,TRANSMISSION,2024-05-20,8475.0,536.7,N,44.7,16.7,3.52,6.5,5.0,5.3,3.0,1.9,0.044,0.0,0.0,0.1,67.1,9.9,5.7,5.13,18.7,NORMAL
S00000577,EX-007,EXCAVATOR,336,TRANSMISSION,2024-07-03,8822.6,884.4,N,53.4,23.3,3.69,8.1,6.8,8.9,3.7,1.7,0.031,0.0,0.0,0.2,67.3,12.0,7.5,4.81,16.8,NORMAL
S00000578,EX-007,EXCAVATOR,336,TRANSMISSION,2024-09-01,9300.5,58.4,N,19.6,7.5,2.28,3.9,3.5,4.4,1.5,1.5,0.02,0.0,0.0,0.05,68.8,7.0,3.8,6.91,7.9,NORMAL
S00000579,EX-007,EXCAVATOR,336,TRANSMISSION,2024-10-12,9625.7,383.7,N,32.6,12.4,2.36,5.2,4.6,6.6,2.9,2.1,0.021,0.0,0.0,0.09,67.5,8.9,4.8,5.71,14.9,NORMAL
S00000580,EX-007,EXCAVATOR,336,TRANSMISSION,2024-12-24,10207.6,965.5,N,51.9,19.9,3.65,7.8,5.9,10.1,3.2,3.6,0.028,0.0,0.0,0.16,68.0,11.7,7.3,4.7,22.4,NORMAL
S00000581,EX-007,EXCAVATOR,336,TRANSMISSION,2025-02-15,10628.5,41.6,N,19.3,6.1,1.28,3.1,2.8,3.9,1.9,1.4,0.036,0.0,0.0,0.06,70.0,6.3,3.4,7.07,7.3,NORMAL
S00000582,EX-007,EXCAVATOR,336,TRANSMISSION,2025-04-21,11144.4,557.5,N,39.6,13.4,4.1,5.8,5.6,7.3,3.3,1.6,0.029,0.0,0.0,0.12,70.5,9.8,5.9,5.61,20.2,NORMAL
S00000583,EX-007,EXCAVATOR,336,TRANSMISSION,2025-06-16,11590.7,10.6,N,23.2,8.3,1.47,4.4,2.7,4.1,1.6,1.0,0.029,0.0,0.0,0.05,66.4,5.8,3.0,7.07,8.0,NORMAL
S00000584,EX-007,EXCAVATOR,336,TRANSMISSION,2025-08-15,12069.4,489.4,N,42.7,12.8,2.93,6.3,4.8,7.3,3.3,1.9,0.03,0.0,0.0,0.11,66.8,9.4,5.3,5.27,18.7,NORMAL
S00000585,EX-007,EXCAVATOR,336,TRANSMISSION,2025-10-15,12553.3,973.2,N,58.7,22.4,4.25,7.9,9.9,9.8,5.7,2.5,0.038,0.0,0.0,0.19,70.6,11.6,6.3,4.6,20.6,NORMAL
S00000586,EX-007,EXCAVATOR,336,TRANSMISSION,2025-12-11,13006.0,24.9,N,25.8,6.7,1.39,3.2,3.4,3.3,1.7,1.5,0.031,0.0,0.0,0.06,67.6,6.0,3.1,6.38,8.5,NORMAL
S00000587,EX-007,EXCAVATOR,336,TRANSMISSION,2026-02-05,13452.2,471.1,N,35.7,15.9,2.97,7.0,5.8,8.6,2.3,2.0,0.024,0.0,0.0,0.12,67.6,8.0,5.1,5.89,13.8,NORMAL
S00000588,EX-007,EXCAVATOR,336,TRANSMISSION,2026-04-08,13940.0,959.0,N,60.7,17.7,3.82,6.8,8.0,13.2,4.5,3.1,0.024,0.0,0.0,0.18,66.1,12.9,7.7,4.27,22.3,NORMAL
S00000589,EX-007,EXCAVATOR,336,TRANSMISSION,2026-06-22,14542.2,17.1,N,18.6,8.5,1.51,3.2,3.4,4.4,1.2,0.9,0.021,0.0,0.0,0.06,66.5,6.8,3.8,7.44,8.9,NORMAL
S00000603,EX-008,EXCAVATOR,336,ENGINE,2023-02-15,3497.4,31.9,N,14.2,5.7,1.51,2.8,2.9,5.1,2.1,2.4,0.016,0.67,0.0,0.27,106.0,8.8,5.9,10.54,4.1,NORMAL
S00000604,EX-008,EXCAVATOR,336,ENGINE,2023-03-26,3763.0,297.4,N,25.1,5.9,2.0,3.7,5.6,10.1,4.2,4.7,0.016,0.5,0.0,0.46,108.6,12.7,8.0,7.98,7.5,NORMAL
S00000605,EX-008,EXCAVATOR,336,ENGINE,2023-05-01,4012.5,11.0,N,12.2,2.8,0.98,2.8,2.5,5.4,2.5,1.8,0.022,0.43,0.0,0.22,104.9,7.6,4.9,10.26,4.5,NORMAL
S00000606,EX-008,EXCAVATOR,336,ENGINE,2023-06-07,4266.1,264.6,N,22.2,6.4,1.9,3.9,7.2,9.9,5.7,4.8,0.021,0.31,0.0,0.43,109.0,10.4,8.7,8.24,7.9,NORMAL
S00000607,EX-008,EXCAVATOR,336,ENGINE,2023-07-16,4531.6,46.9,N,10.2,5.6,1.37,2.5,2.7,4.4,3.0,1.9,0.018,0.69,0.0,0.23,108.5,9.8,6.5,10.09,5.2,NORMAL
S00000608,EX-008,EXCAVATOR,336,ENGINE,2023-08-11,4708.6,224.0,N,16.3,8.1,1.53,3.4,4.9,6.2,3.8,3.0,0.022,0.73,0.0,0.42,108.2,12.4,7.8,8.61,8.5,NORMAL
S00000609,EX-008,EXCAVATOR,336,ENGINE,2023-09-21,4988.8,5.1,N,11.1,4.7,1.02,2.4,2.7,4.3,1.9,1.6,0.019,0.72,0.0,0.15,109.1,9.0,5.3,10.64,4.9,NORMAL
S00000610,EX-008,EXCAVATOR,336,ENGINE,2023-11-08,5319.9,336.1,N,24.4,5.6,2.1,4.3,7.4,8.1,4.3,4.1,0.019,0.57,0.0,0.55,106.2,12.3,8.5,7.6,6.8,NORMAL
S00000611,EX-008,EXCAVATOR,336,ENGINE,2023-12-11,5544.8,46.0,N,10.4,5.1,1.53,2.8,3.7,4.6,2.4,1.9,0.041,0.62,0.0,0.21,109.5,9.0,5.5,10.09,4.8,NORMAL
S00000612,EX-008,EXCAVATOR,336,ENGINE,2024-01-06,5722.1,223.3,N,17.7,5.9,1.52,5.8,7.0,7.5,3.8,2.7,0.021,0.38,0.0,0.4,110.2,13.2,7.4,8.88,8.7,NORMAL
S00000613,EX-008,EXCAVATOR,336,ENGINE,2024-02-12,5971.2,472.4,N,29.6,6.9,3.6,5.4,8.9,13.1,5.9,4.1,0.01,0.37,0.0,0.53,106.1,16.5,11.2,6.31,10.9,NORMAL
S00000614,EX-008,EXCAVATOR,336,ENGINE,2024-03-14,6182.9,36.6,N,9.1,4.9,1.37,2.0,2.9,5.2,2.0,1.6,0.036,0.47,0.0,0.25,108.2,9.7,5.8,10.31,5.2,NORMAL
S00000615,EX-008,EXCAVATOR,336,ENGINE,2024-04-19,6429.5,283.2,N,16.2,8.2,2.38,5.6,5.1,9.7,4.4,4.2,0.023,0.89,0.0,0.43,107.6,14.1,8.7,7.34,8.6,NORMAL
S00000616,EX-008,EXCAVATOR,336,ENGINE,2024-05-26,6687.9,13.6,N,9.8,3.2,1.11,2.3,3.3,3.4,2.9,1.9,0.012,0.52,0.0,0.22,105.2,8.2,6.0,10.44,4.4,NORMAL
S00000617,EX-008,EXCAVATOR,336,ENGINE,2024-07-02,6937.3,263.1,N,17.8,6.5,2.1,5.0,4.2,10.0,3.5,2.6,0.038,0.71,0.0,0.41,110.2,13.3,9.3,7.73,7.0,NORMAL
S00000618,EX-008,EXCAVATOR,336,ENGINE,2024-07-22,7074.8,400.5,N,19.4,9.0,3.23,6.9,5.4,11.4,4.9,3.6,0.031,0.54,0.0,0.62,104.7,14.0,9.8,6.61,9.5,NORMAL
S00000619,EX-008,EXCAVATOR,336,ENGINE,2024-09-02,7362.0,41.7,N,8.2,4.8,0.96,2.7,3.6,5.0,2.4,1.8,0.035,0.83,0.0,0.19,105.7,9.4,5.8,10.17,5.0,NORMAL
S00000620,EX-008,EXCAVATOR,336,ENGINE,2024-10-08,7604.4,284.1,N,16.9,6.8,2.64,4.8,4.6,8.8,5.4,3.2,0.03,0.59,0.0,0.51,106.5,11.4,9.4,8.36,8.7,NORMAL
S00000621,EX-008,EXCAVATOR,336,ENGINE,2024-11-11,7837.1,4.6,N,9.1,3.4,1.14,2.5,2.5,3.2,1.7,1.4,0.019,0.64,0.0,0.18,108.0,8.8,6.6,10.86,4.3,NORMAL
S00000622,EX-008,EXCAVATOR,336,ENGINE,2024-12-15,8073.4,240.9,N,21.2,8.0,2.52,5.6,4.0,7.8,4.6,3.5,0.019,0.81,0.0,0.49,106.4,14.6,7.8,8.26,8.7,NORMAL
S00000623,EX-008,EXCAVATOR,336,ENGINE,2025-01-16,8290.3,457.8,N,28.6,9.9,2.36,5.5,7.3,12.5,6.7,3.3,0.018,0.47,0.0,0.61,106.2,14.3,12.5,6.56,9.8,NORMAL
S00000624,EX-008,EXCAVATOR,336,ENGINE,2025-02-28,8584.8,17.1,N,11.1,4.7,1.44,2.2,2.5,4.3,2.4,1.6,0.033,0.24,0.0,0.2,104.8,8.7,6.0,10.62,4.9,NORMAL
S00000625,EX-008,EXCAVATOR,336,ENGINE,2025-03-31,8800.4,232.7,N,17.0,7.7,1.65,4.0,6.1,8.2,3.6,2.7,0.018,0.63,0.0,0.31,109.3,12.7,8.2,8.12,8.1,NORMAL
S00000626,EX-008,EXCAVATOR,336,ENGINE,2025-05-11,9075.6,25.9,N,12.2,3.9,1.02,2.6,3.2,5.7,2.3,1.5,0.018,0.95,0.0,0.21,108.6,7.4,6.5,10.12,4.1,NORMAL
S00000627,EX-008,EXCAVATOR,336,ENGINE,2025-06-07,9263.8,214.1,N,18.8,7.0,2.25,4.3,3.9,5.7,2.6,2.6,0.031,0.85,0.0,0.33,108.2,11.5,8.3,9.13,8.0,NORMAL
S00000628,EX-008,EXCAVATOR,336,ENGINE,2025-07-18,9543.8,494.1,N,34.0,7.9,2.4,5.7,7.1,10.8,6.2,4.1,0.026,0.43,0.0,0.61,108.0,13.4,10.7,5.86,14.9,MONITOR
S00000629,EX-008,EXCAVATOR,336,ENGINE,2025-08-11,9705.5,2.7,N,11.0,5.2,1.23,2.4,1.7,3.5,1.7,1.6,0.023,0.61,0.0,0.17,109.8,8.8,4.7,10.17,5.1,NORMAL
S00000630,EX-008,EXCAVATOR,336,ENGINE,2025-09-10,9908.7,205.9,N,12.8,7.4,1.53,3.5,4.5,7.8,3.2,2.2,0.038,0.33,0.0,0.37,105.3,11.9,6.9,8.07,7.0,NORMAL
S00000631,EX-008,EXCAVATOR,336,ENGINE,2025-10-12,10129.5,426.8,N,22.1,8.3,2.1,4.4,6.3,13.2,6.4,5.3,0.026,0.51,0.0,0.63,108.4,17.2,10.9,6.94,9.6,NORMAL
S00000632,EX-008,EXCAVATOR,336,ENGINE,2025-11-20,10395.6,3.7,N,8.1,3.8,1.46,2.0,2.9,3.3,1.9,1.7,0.028,0.88,0.0,0.13,110.2,8.0,6.5,9.51,5.1,NORMAL
S00000633,EX-008,EXCAVATOR,336,ENGINE,2026-01-07,10724.3,332.3,N,17.8,6.3,1.79,3.9,6.1,8.5,4.3,3.8,0.025,0.41,0.0,0.52,108.3,15.6,8.7,7.34,8.8,NORMAL
S00000634,EX-008,EXCAVATOR,336,ENGINE,2026-02-06,10928.7,25.2,N,10.3,3.9,1.29,2.5,2.5,4.8,2.1,1.6,0.032,0.92,0.0,0.21,108.1,8.6,5.8,9.96,4.7,NORMAL
S00000635,EX-008,EXCAVATOR,336,ENGINE,2026-03-08,11135.9,232.4,N,12.1,7.7,2.62,3.7,5.1,7.8,4.1,2.7,0.021,0.64,0.0,0.35,107.3,12.0,8.3,8.95,7.7,NORMAL
S00000636,EX-008,EXCAVATOR,336,ENGINE,2026-04-09,11353.4,450.0,N,17.6,9.3,2.52,3.7,8.2,13.9,5.2,4.4,0.032,0.46,0.0,0.49,109.7,12.2,11.7,6.54,13.9,NORMAL
S00000637,EX-008,EXCAVATOR,336,ENGINE,2026-05-05,11532.5,8.1,N,10.0,3.8,1.13,2.3,3.5,4.3,2.0,1.8,0.023,0.91,0.0,0.24,108.6,7.9,5.9,9.71,4.7,NORMAL
S00000638,EX-008,EXCAVATOR,336,ENGINE,2026-06-20,11844.9,320.5,N,26.4,8.2,1.86,4.4,4.8,7.8,5.5,3.7,0.021,4.67,0.0,0.71,92.6,13.9,10.1,7.82,8.5,NORMAL
S00000670,EX-008,EXCAVATOR,336,FINAL_DRIVE,2023-04-14,3910.0,16.5,N,50.1,4.5,3.19,4.5,3.5,5.0,2.5,1.3,0.04,0.0,0.0,0.03,101.7,4.0,2.6,6.09,18.2,NORMAL
S00000671,EX-008,EXCAVATOR,336,FINAL_DRIVE,2023-07-13,4525.2,631.8,N,76.8,7.3,4.94,6.4,5.2,8.1,2.4,1.5,0.036,0.0,0.0,0.04,99.4,6.4,4.0,4.89,22.6,NORMAL
S00000672,EX-008,EXCAVATOR,336,FINAL_DRIVE,2023-10-11,5140.5,1247.1,N,95.6,12.3,5.41,8.3,8.3,11.6,4.0,1.8,0.069,0.0,0.0,0.06,100.5,8.1,3.7,4.34,32.9,NORMAL
S00000673,EX-008,EXCAVATOR,336,FINAL_DRIVE,2024-01-09,5755.8,1862.4,N,114.3,10.5,7.65,14.9,7.1,15.9,5.4,2.2,0.057,0.0,0.0,0.07,98.0,8.7,5.1,3.59,33.8,NORMAL
S00000674,EX-008,EXCAVATOR,336,FINAL_DRIVE,2024-04-08,6371.1,44.4,N,51.4,4.3,2.53,4.6,3.3,6.1,1.7,1.2,0.036,0.0,0.0,0.03,96.1,5.3,3.1,6.0,20.3,NORMAL
S00000675,EX-008,EXCAVATOR,336,FINAL_DRIVE,2024-07-07,6986.4,659.7,N,92.2,6.6,4.57,5.1,5.8,6.1,2.2,1.1,0.032,0.0,0.0,0.06,102.2,5.8,4.2,4.95,20.5,NORMAL
S00000676,EX-008,EXCAVATOR,336,FINAL_DRIVE,2024-10-05,7601.7,1275.0,N,68.1,9.0,5.71,9.5,4.9,9.9,3.4,2.7,0.053,0.0,0.0,0.08,102.6,8.4,4.3,4.45,35.1,NORMAL
S00000677,EX-008,EXCAVATOR,336,FINAL_DRIVE,2025-01-03,8217.0,1890.3,N,120.1,13.8,7.22,10.9,6.5,11.4,5.6,2.9,0.055,0.0,0.0,0.08,97.6,8.8,5.2,3.89,37.4,NORMAL
S00000678,EX-008,EXCAVATOR,336,FINAL_DRIVE,2025-04-03,8832.3,23.9,N,35.2,5.1,2.41,5.4,4.1,3.9,1.9,1.1,0.024,0.0,0.0,0.03,98.5,5.4,3.0,5.24,18.2,NORMAL
S00000679,EX-008,EXCAVATOR,336,FINAL_DRIVE,2025-07-02,9447.5,639.2,N,55.7,6.4,6.36,5.5,5.3,9.3,3.7,1.8,0.073,0.0,0.0,0.04,96.8,6.7,3.7,4.72,27.0,NORMAL
S00000680,EX-008,EXCAVATOR,336,FINAL_DRIVE,2025-09-30,10062.8,1254.5,N,88.8,7.1,7.75,9.8,8.8,8.9,3.1,2.8,0.067,0.0,0.0,0.07,99.8,7.9,4.9,4.16,29.2,NORMAL
S00000681,EX-008,EXCAVATOR,336,FINAL_DRIVE,2025-12-29,10678.1,1869.7,N,121.2,14.6,6.85,12.1,7.4,9.9,3.5,2.9,0.059,0.0,0.0,0.08,100.5,8.4,5.1,3.78,42.4,NORMAL
S00000682,EX-008,EXCAVATOR,336,FINAL_DRIVE,2026-03-29,11293.4,19.6,N,43.4,5.3,4.4,4.1,2.9,3.8,1.2,1.2,0.065,0.0,0.0,0.02,98.4,5.1,3.0,5.8,17.7,NORMAL
S00000683,EX-008,EXCAVATOR,336,FINAL_DRIVE,2026-06-27,11908.7,634.9,N,71.9,5.6,6.23,8.0,6.9,5.9,2.5,2.0,0.046,0.0,0.0,0.04,105.4,5.9,3.7,4.61,23.1,NORMAL
S00000639,EX-008,EXCAVATOR,336,HYDRAULIC,2023-04-02,3910.0,1633.8,N,12.4,5.4,1.31,2.0,3.7,7.8,4.6,2.8,0.05,0.0,0.0,0.07,46.9,8.4,4.9,3.21,7.7,NORMAL
S00000640,EX-008,EXCAVATOR,336,HYDRAULIC,2023-07-01,4525.2,52.3,N,5.5,2.1,0.64,1.3,1.7,4.1,1.7,1.1,0.026,0.0,0.0,0.03,46.1,6.3,3.1,4.51,3.5,NORMAL
S00000641,EX-008,EXCAVATOR,336,HYDRAULIC,2023-09-29,5140.5,667.6,N,11.2,2.8,0.89,1.5,2.6,8.1,2.4,1.8,0.04,0.0,0.0,0.04,46.0,7.8,3.8,3.84,5.5,NORMAL
S00000642,EX-008,EXCAVATOR,336,HYDRAULIC,2023-12-28,5755.8,1282.9,N,21.4,3.9,1.17,2.6,7.6,37.6,2.9,2.5,0.039,0.0,0.0,0.06,45.1,8.4,4.8,3.45,5.0,MONITOR
S00000643,EX-008,EXCAVATOR,336,HYDRAULIC,2024-03-27,6371.1,1898.2,N,13.3,6.9,1.2,2.3,4.5,10.5,3.2,3.3,0.042,0.0,0.0,0.09,46.4,9.7,5.0,2.57,10.2,NORMAL
S00000644,EX-008,EXCAVATOR,336,HYDRAULIC,2024-06-25,6986.4,56.6,N,6.3,2.9,0.74,1.3,1.4,3.1,1.7,1.3,0.028,0.0,0.0,0.03,45.3,6.3,2.6,4.45,4.3,NORMAL
S00000645,EX-008,EXCAVATOR,336,HYDRAULIC,2024-09-23,7601.7,671.9,N,9.5,4.5,0.89,1.4,2.2,4.7,2.7,1.8,0.035,0.0,0.0,0.05,44.7,6.7,3.7,3.95,3.9,NORMAL
S00000646,EX-008,EXCAVATOR,336,HYDRAULIC,2024-12-22,8217.0,1287.2,N,15.7,5.1,1.04,2.1,4.1,6.7,3.0,2.4,0.022,0.0,0.0,0.08,46.3,8.8,4.7,3.49,5.5,NORMAL
S00000647,EX-008,EXCAVATOR,336,HYDRAULIC,2025-03-22,8832.3,1902.4,N,14.8,4.5,1.29,2.8,3.5,8.2,4.6,2.5,0.023,0.0,0.0,0.08,45.0,9.9,5.9,2.78,10.4,NORMAL
S00000648,EX-008,EXCAVATOR,336,HYDRAULIC,2025-06-20,9447.5,48.1,N,5.0,2.1,0.68,1.2,2.0,2.9,1.9,1.1,0.027,0.0,0.0,0.03,44.7,5.8,3.1,4.62,3.9,NORMAL
S00000649,EX-008,EXCAVATOR,336,HYDRAULIC,2025-09-18,10062.8,663.3,N,8.2,3.9,0.86,1.4,2.9,5.4,2.0,2.1,0.026,0.0,0.0,0.05,49.2,8.1,3.3,4.05,5.4,NORMAL
S00000650,EX-008,EXCAVATOR,336,HYDRAULIC,2025-12-17,10678.1,1278.6,N,11.7,3.9,1.24,2.4,2.8,8.3,3.2,3.0,0.021,0.0,0.0,0.06,45.8,9.8,4.2,3.12,8.6,NORMAL
S00000651,EX-008,EXCAVATOR,336,HYDRAULIC,2026-03-17,11293.4,1893.9,N,17.7,6.7,1.65,2.6,4.1,7.6,4.2,2.1,0.029,0.0,0.0,0.09,47.6,11.0,5.1,2.93,7.3,NORMAL
S00000652,EX-008,EXCAVATOR,336,HYDRAULIC,2026-06-15,11908.7,15.1,N,6.1,2.3,0.68,1.3,1.2,3.3,1.4,1.0,0.026,0.0,0.0,0.02,47.9,5.8,2.3,4.51,3.9,NORMAL
S00000653,EX-008,EXCAVATOR,336,TRANSMISSION,2023-03-18,3792.0,536.4,N,34.9,11.2,2.24,5.6,4.9,9.7,2.8,1.8,0.023,0.0,0.0,0.13,69.3,8.7,5.2,5.9,14.2,NORMAL
S00000654,EX-008,EXCAVATOR,336,TRANSMISSION,2023-05-27,4275.3,15.9,N,61.6,48.0,1.46,25.6,2.8,5.4,2.3,1.4,0.024,0.0,0.0,0.06,69.0,6.0,3.7,7.09,6.0,MONITOR
S00000655,EX-008,EXCAVATOR,336,TRANSMISSION,2023-08-17,4837.7,578.3,N,49.7,13.2,2.77,6.3,4.9,8.7,3.8,2.4,0.027,0.0,0.0,0.13,66.4,9.7,5.6,5.45,13.5,NORMAL
S00000656,EX-008,EXCAVATOR,336,TRANSMISSION,2023-11-08,5401.5,58.9,N,22.4,7.8,1.63,3.8,3.0,4.3,1.5,1.3,0.025,0.0,0.0,0.06,66.2,6.7,3.7,7.0,10.9,NORMAL
S00000657,EX-008,EXCAVATOR,336,TRANSMISSION,2024-01-29,5964.1,621.5,N,40.4,17.3,4.07,8.4,5.4,9.0,3.4,2.0,0.055,0.0,0.0,0.13,70.0,10.9,5.6,5.13,23.1,NORMAL
S00000658,EX-008,EXCAVATOR,336,TRANSMISSION,2024-04-14,6479.2,21.1,N,21.7,8.1,1.26,4.0,3.2,4.3,1.8,1.0,0.035,0.0,0.0,0.05,66.5,6.2,3.2,7.21,8.2,NORMAL
S00000659,EX-008,EXCAVATOR,336,TRANSMISSION,2024-06-15,6903.5,445.4,N,43.3,12.9,3.3,7.5,5.6,5.6,2.0,2.5,0.023,0.0,0.0,0.11,65.6,8.7,4.9,5.51,10.7,NORMAL
S00000660,EX-008,EXCAVATOR,336,TRANSMISSION,2024-08-14,7318.5,860.4,N,78.3,14.9,4.04,9.6,6.7,7.2,4.0,3.2,0.032,0.0,0.0,0.16,65.3,11.7,5.4,4.75,16.6,NORMAL
S00000661,EX-008,EXCAVATOR,336,TRANSMISSION,2024-11-10,7920.9,29.4,N,19.7,9.9,1.62,2.9,2.8,4.4,1.7,1.1,0.024,0.0,0.0,0.05,68.2,6.5,3.6,6.8,6.9,NORMAL
S00000662,EX-008,EXCAVATOR,336,TRANSMISSION,2025-01-01,8275.3,383.9,N,35.5,15.2,2.04,4.1,5.1,9.5,3.2,1.7,0.034,0.0,0.0,0.11,67.0,7.8,4.6,5.77,11.5,NORMAL
S00000663,EX-008,EXCAVATOR,336,TRANSMISSION,2025-03-07,8715.5,824.1,N,46.2,18.6,3.4,7.9,7.2,9.1,3.0,2.7,0.024,0.0,0.0,0.15,68.0,10.4,6.4,4.54,17.5,NORMAL
S00000664,EX-008,EXCAVATOR,336,TRANSMISSION,2025-04-24,9042.9,9.5,N,19.6,8.2,1.74,3.1,3.3,3.6,1.8,1.1,0.022,0.0,0.0,0.05,66.7,6.0,3.4,6.66,7.5,NORMAL
S00000665,EX-008,EXCAVATOR,336,TRANSMISSION,2025-07-07,9553.4,520.0,N,42.1,14.4,3.97,6.8,5.3,7.7,3.6,2.1,0.027,0.0,0.0,0.07,67.6,10.8,5.2,5.67,16.0,NORMAL
S00000666,EX-008,EXCAVATOR,336,TRANSMISSION,2025-09-27,10114.1,59.7,N,25.2,9.2,1.69,4.1,2.2,4.2,2.1,1.5,0.058,0.0,0.0,0.06,70.5,6.9,3.7,7.56,9.2,NORMAL
S00000667,EX-008,EXCAVATOR,336,TRANSMISSION,2025-12-16,10660.1,605.7,N,45.3,12.2,3.03,6.7,4.9,7.4,2.7,2.2,0.018,0.0,0.0,0.11,68.1,10.8,5.5,5.29,17.9,NORMAL
S00000668,EX-008,EXCAVATOR,336,TRANSMISSION,2026-02-23,11128.8,55.2,N,25.9,8.5,1.61,3.0,3.3,4.0,2.8,1.4,0.026,0.0,0.0,0.04,66.4,6.6,3.5,6.82,10.5,NORMAL
S00000669,EX-008,EXCAVATOR,336,TRANSMISSION,2026-05-11,11659.5,585.9,N,47.8,16.4,4.23,5.8,6.1,6.7,3.1,2.6,0.026,0.0,0.0,0.14,68.4,10.2,5.8,5.48,16.3,NORMAL
S00000684,EX-009,EXCAVATOR,336,ENGINE,2023-01-30,4649.4,28.0,N,10.9,4.3,1.03,2.8,2.8,5.3,3.8,1.9,0.02,0.55,0.0,0.23,104.0,8.2,5.4,10.82,4.1,NORMAL
S00000685,EX-009,EXCAVATOR,336,ENGINE,2023-02-24,4928.6,307.2,N,17.3,7.4,2.57,5.4,5.2,8.3,4.1,3.5,0.026,0.54,0.0,0.56,108.2,12.3,9.8,8.33,11.4,NORMAL
S00000686,EX-009,EXCAVATOR,336,ENGINE,2023-03-14,5130.9,31.9,N,8.1,3.2,0.96,2.2,3.0,5.1,2.1,2.2,0.023,0.77,0.0,0.22,110.0,10.1,6.5,10.06,4.6,NORMAL
S00000687,EX-009,EXCAVATOR,336,ENGINE,2023-03-31,5326.9,227.9,N,14.4,6.1,2.29,4.0,4.7,6.1,3.1,3.1,0.02,1.17,0.0,0.46,110.7,11.4,8.3,8.75,6.4,NORMAL
S00000688,EX-009,EXCAVATOR,336,ENGINE,2023-04-22,5573.1,474.1,N,27.1,9.3,3.32,6.9,8.6,11.8,6.6,3.6,0.018,0.56,0.0,0.71,109.9,13.4,9.5,6.57,10.6,NORMAL
S00000689,EX-009,EXCAVATOR,336,ENGINE,2023-05-21,5892.5,40.3,N,12.6,4.4,1.03,2.4,2.7,6.1,2.2,1.9,0.02,0.63,0.0,0.29,101.8,8.7,5.3,10.25,6.3,NORMAL
S00000690,EX-009,EXCAVATOR,336,ENGINE,2023-06-15,6179.0,326.8,N,22.6,8.2,2.68,4.9,7.9,7.6,4.3,3.9,0.03,0.59,0.0,0.63,106.7,15.5,10.0,7.61,10.5,NORMAL
S00000691,EX-009,EXCAVATOR,336,ENGINE,2023-07-09,6448.4,13.6,N,8.9,4.4,1.45,3.0,2.8,3.9,2.8,1.6,0.031,0.56,0.0,0.21,106.1,7.7,5.5,9.31,4.6,NORMAL
S00000692,EX-009,EXCAVATOR,336,ENGINE,2023-08-07,6774.7,340.0,N,25.4,7.4,2.32,4.3,5.8,9.5,7.5,5.6,1.036,0.65,0.125,0.51,106.3,12.3,9.6,7.86,9.6,ACTION
S00000693,EX-009,EXCAVATOR,336,ENGINE,2023-08-26,6980.7,39.0,N,12.8,4.3,1.3,2.5,3.1,5.0,8.3,6.2,2.376,0.64,0.29,0.25,110.8,10.4,6.3,11.27,5.9,ACTION
S00000694,EX-009,EXCAVATOR,336,ENGINE,2023-09-19,7254.0,312.3,N,22.3,7.0,2.1,3.5,5.1,6.5,16.7,12.0,4.737,0.61,0.581,0.53,111.9,13.7,8.4,7.63,7.6,ACTION
S00000695,EX-009,EXCAVATOR,336,ENGINE,2023-10-18,7573.7,35.8,N,12.8,4.1,1.52,2.5,3.0,5.3,2.3,1.8,0.011,0.52,0.0,0.25,105.8,8.5,5.3,10.22,4.6,NORMAL
S00000696,EX-009,EXCAVATOR,336,ENGINE,2023-11-05,7780.3,242.4,N,18.3,7.1,2.85,5.1,5.1,8.0,4.0,3.1,0.012,0.98,0.0,0.37,107.9,13.1,8.3,7.74,5.6,NORMAL
S00000697,EX-009,EXCAVATOR,336,ENGINE,2023-11-30,8063.0,33.3,N,11.6,3.4,1.07,2.9,3.9,4.7,2.8,1.9,0.021,0.71,0.0,0.24,104.4,9.2,6.1,10.27,5.3,NORMAL
S00000698,EX-009,EXCAVATOR,336,ENGINE,2023-12-19,8278.3,248.5,N,19.0,6.0,2.03,3.7,4.4,7.3,3.6,3.4,0.014,0.62,0.0,0.49,109.0,13.1,9.9,7.95,7.1,NORMAL
S00000699,EX-009,EXCAVATOR,336,ENGINE,2024-01-13,8550.5,11.7,N,7.4,3.6,1.26,2.7,2.9,5.8,2.5,1.7,0.019,0.35,0.0,0.18,109.0,8.1,5.9,10.83,5.9,NORMAL
S00000700,EX-009,EXCAVATOR,336,ENGINE,2024-02-09,8859.6,320.9,N,21.7,7.3,2.33,5.1,5.6,9.4,5.4,3.2,0.016,0.57,0.0,0.52,113.0,13.5,8.7,8.15,9.1,NORMAL
S00000701,EX-009,EXCAVATOR,336,ENGINE,2024-02-29,9083.5,4.7,N,8.1,3.5,1.18,2.8,2.2,4.7,2.1,1.6,0.016,0.36,0.0,0.21,105.1,9.5,5.4,9.75,4.6,NORMAL
S00000702,EX-009,EXCAVATOR,336,ENGINE,2024-03-28,9401.0,322.2,N,31.3,8.0,2.41,6.3,5.1,9.5,4.1,3.9,0.024,0.59,0.0,0.47,111.1,15.0,8.5,7.84,9.8,NORMAL
S00000703,EX-009,EXCAVATOR,336,ENGINE,2024-04-22,9681.6,56.1,N,9.8,5.4,1.77,2.6,4.3,6.8,2.4,1.9,0.03,0.69,0.0,0.21,110.8,10.4,6.0,9.97,4.8,NORMAL
S00000704,EX-009,EXCAVATOR,336,ENGINE,2024-05-15,9935.3,309.8,N,15.5,8.7,2.13,4.5,5.7,8.3,3.9,3.4,0.016,0.57,0.0,0.61,112.9,13.4,8.4,8.29,9.8,NORMAL
S00000705,EX-009,EXCAVATOR,336,ENGINE,2024-06-07,10191.9,12.4,N,9.3,4.2,0.88,2.1,3.2,4.1,2.2,1.4,0.023,0.74,0.0,0.2,103.6,8.4,6.1,10.75,4.6,NORMAL
S00000706,EX-009,EXCAVATOR,336,ENGINE,2024-06-27,10412.2,232.7,N,17.5,5.8,1.74,3.6,5.3,10.1,3.2,3.7,0.021,0.32,0.0,0.44,102.6,14.1,9.1,8.59,5.4,NORMAL
S00000707,EX-009,EXCAVATOR,336,ENGINE,2024-07-22,10696.4,9.5,N,12.8,4.8,1.1,2.6,2.9,4.7,3.1,1.6,0.016,0.58,0.0,0.25,107.0,7.5,5.3,10.53,3.1,NORMAL
S00000708,EX-009,EXCAVATOR,336,ENGINE,2024-08-18,10994.9,307.9,N,20.7,10.3,1.9,4.7,5.7,7.7,4.7,3.7,0.021,0.5,0.0,0.57,102.7,13.8,9.5,8.04,10.8,NORMAL
S00000709,EX-009,EXCAVATOR,336,ENGINE,2024-09-15,11313.5,7.7,N,9.0,3.2,1.19,2.2,3.5,3.7,1.8,2.0,0.011,0.66,0.0,0.22,105.1,7.1,5.3,10.77,3.9,NORMAL
S00000710,EX-009,EXCAVATOR,336,ENGINE,2024-10-03,11519.9,214.2,N,15.0,7.2,1.81,3.9,5.2,8.2,3.9,3.2,0.019,0.94,0.0,0.37,105.5,11.2,8.0,8.7,6.9,NORMAL
S00000711,EX-009,EXCAVATOR,336,ENGINE,2024-10-22,11726.1,420.3,N,28.5,10.2,3.77,4.7,7.2,9.6,4.9,4.1,0.024,0.74,0.0,0.61,112.0,15.1,9.8,7.34,12.2,NORMAL
S00000712,EX-009,EXCAVATOR,336,ENGINE,2024-11-17,12020.3,15.4,N,9.5,3.8,1.12,2.4,3.2,3.7,2.1,1.6,0.02,0.63,0.0,0.18,102.7,7.8,6.3,11.05,4.0,NORMAL
S00000713,EX-009,EXCAVATOR,336,ENGINE,2024-12-17,12355.4,350.5,N,29.2,6.9,2.79,5.2,5.3,9.0,4.1,4.6,0.022,0.56,0.0,0.48,104.1,13.4,9.4,7.92,14.5,NORMAL
S00000714,EX-009,EXCAVATOR,336,ENGINE,2025-01-01,12531.0,28.3,N,10.1,5.0,1.27,2.7,3.2,4.3,2.2,1.7,0.016,0.65,0.0,0.22,109.7,8.7,6.6,9.55,4.9,NORMAL
S00000715,EX-009,EXCAVATOR,336,ENGINE,2025-01-30,12846.6,343.9,N,24.2,8.8,2.32,4.9,4.8,13.9,5.2,4.2,0.012,2.97,0.0,0.63,100.2,14.1,8.8,7.51,11.4,NORMAL
S00000716,EX-009,EXCAVATOR,336,ENGINE,2025-02-16,13043.5,0.6,N,10.3,4.1,1.43,3.1,2.8,4.1,2.4,1.8,0.026,5.07,0.0,0.42,93.7,8.2,6.4,10.49,3.3,MONITOR
S00000717,EX-009,EXCAVATOR,336,ENGINE,2025-03-11,13302.1,259.2,N,19.4,5.3,2.35,4.8,5.8,9.8,3.4,3.2,0.018,8.52,0.0,0.8,80.4,11.5,7.9,7.81,7.9,MONITOR
S00000718,EX-009,EXCAVATOR,336,ENGINE,2025-04-04,13573.6,13.9,N,9.2,4.5,1.18,2.2,2.1,3.8,2.4,1.5,0.013,0.53,0.0,0.15,108.2,7.9,6.6,10.0,5.2,NORMAL
S00000719,EX-009,EXCAVATOR,336,ENGINE,2025-04-22,13767.0,207.3,N,16.2,7.3,1.93,4.1,4.3,8.1,3.6,2.4,0.014,0.66,0.0,0.41,101.6,11.0,7.6,8.31,5.7,NORMAL
S00000720,EX-009,EXCAVATOR,336,ENGINE,2025-05-16,14037.3,477.7,N,27.5,10.5,2.56,6.0,7.6,13.1,5.4,3.6,0.016,0.5,0.0,0.59,110.6,16.2,9.0,6.8,13.3,NORMAL
S00000721,EX-009,EXCAVATOR,336,ENGINE,2025-06-11,14334.9,45.9,N,11.7,4.9,0.95,3.1,4.3,5.5,2.4,2.3,0.026,1.12,0.0,0.22,106.1,9.1,6.2,9.92,6.2,NORMAL
S00000722,EX-009,EXCAVATOR,336,ENGINE,2025-06-26,14503.7,214.7,N,18.7,5.2,1.7,4.2,4.0,7.9,3.5,3.2,0.023,0.62,0.0,0.35,113.5,11.1,7.6,9.18,6.0,NORMAL
S00000723,EX-009,EXCAVATOR,336,ENGINE,2025-07-25,14821.4,14.7,N,9.9,3.9,1.11,2.4,2.4,5.5,2.3,1.5,0.012,0.66,0.0,0.25,108.8,8.6,6.0,10.23,4.2,NORMAL
S00000724,EX-009,EXCAVATOR,336,ENGINE,2025-08-16,15078.2,271.5,N,19.2,7.1,1.61,4.0,5.3,8.1,5.3,4.1,0.027,0.44,0.0,0.62,113.3,11.7,8.3,8.81,6.1,NORMAL
S00000725,EX-009,EXCAVATOR,336,ENGINE,2025-09-08,15333.9,57.4,N,14.8,4.5,1.15,3.3,3.8,6.6,2.1,1.8,0.013,0.72,0.0,0.25,103.6,9.5,6.3,9.84,5.2,NORMAL
S00000726,EX-009,EXCAVATOR,336,ENGINE,2025-10-06,15647.1,370.6,N,17.7,7.1,2.44,4.0,5.3,9.1,3.9,2.8,0.013,0.69,0.0,0.6,105.2,15.6,9.1,7.17,11.3,NORMAL
S00000727,EX-009,EXCAVATOR,336,ENGINE,2025-10-28,15889.4,35.4,N,10.8,4.0,1.07,2.6,3.5,5.8,2.0,2.0,0.019,0.56,0.0,0.25,102.4,8.7,5.6,9.31,6.0,NORMAL
S00000728,EX-009,EXCAVATOR,336,ENGINE,2025-11-16,16103.0,249.0,N,17.8,5.4,1.65,3.4,5.6,9.9,3.8,2.8,0.017,0.71,0.0,0.42,104.0,12.7,9.1,8.02,6.1,NORMAL
S00000729,EX-009,EXCAVATOR,336,ENGINE,2025-12-13,16408.3,7.8,N,10.0,4.7,1.21,1.8,3.9,7.1,1.8,1.6,0.019,0.34,0.0,0.24,111.4,7.3,6.4,10.64,5.0,NORMAL
S00000730,EX-009,EXCAVATOR,336,ENGINE,2026-01-05,16665.7,265.1,N,16.3,7.6,1.92,3.4,7.2,12.5,3.2,3.2,0.012,0.69,0.0,0.42,110.0,11.9,8.9,8.47,6.9,NORMAL
S00000731,EX-009,EXCAVATOR,336,ENGINE,2026-01-28,16926.1,41.0,N,10.2,4.4,1.09,2.3,4.1,4.3,2.9,2.4,0.019,0.48,0.0,0.22,111.1,8.3,5.9,10.74,5.6,NORMAL
S00000732,EX-009,EXCAVATOR,336,ENGINE,2026-02-19,17173.3,288.3,N,23.1,6.1,2.43,4.4,5.2,9.1,3.8,2.7,0.009,0.53,0.0,0.43,109.0,11.7,8.4,8.39,6.8,NORMAL
S00000733,EX-009,EXCAVATOR,336,ENGINE,2026-03-13,17422.8,16.0,N,9.7,4.2,1.22,2.4,3.1,5.5,2.9,1.5,0.028,0.68,0.0,0.21,113.6,8.4,4.8,10.42,4.1,NORMAL
S00000734,EX-009,EXCAVATOR,336,ENGINE,2026-04-07,17699.5,292.7,N,20.1,9.0,1.67,4.4,5.7,8.9,5.2,2.7,0.02,0.5,0.0,0.48,110.2,12.1,8.8,7.12,10.6,NORMAL
S00000735,EX-009,EXCAVATOR,336,ENGINE,2026-04-27,17922.8,5.1,N,12.2,4.2,1.3,1.8,2.6,4.3,2.3,1.5,0.021,0.66,0.0,0.2,110.3,7.6,5.9,10.52,4.4,NORMAL
S00000736,EX-009,EXCAVATOR,336,ENGINE,2026-05-18,18158.0,240.4,N,20.7,8.1,2.19,3.5,4.7,8.1,5.4,3.3,0.021,0.39,0.0,0.28,111.1,11.2,8.7,8.19,8.6,NORMAL
S00000737,EX-009,EXCAVATOR,336,ENGINE,2026-05-31,18302.3,384.7,N,17.8,9.3,2.63,5.2,6.0,11.6,5.4,3.4,0.013,0.88,0.0,0.48,113.2,14.2,9.0,6.51,9.9,NORMAL
S00000738,EX-009,EXCAVATOR,336,ENGINE,2026-06-25,18579.2,23.8,N,10.8,5.2,1.09,1.9,2.6,6.0,2.3,1.4,0.018,0.73,0.0,0.2,109.9,8.2,5.5,9.31,5.0,NORMAL
S00000782,EX-009,EXCAVATOR,336,FINAL_DRIVE,2023-04-25,5369.0,14.9,N,54.5,4.9,3.87,6.6,2.9,4.5,1.7,1.2,0.059,0.0,0.0,0.03,104.7,4.6,2.8,5.58,20.0,NORMAL
S00000783,EX-009,EXCAVATOR,336,FINAL_DRIVE,2023-07-24,6378.8,1024.6,N,84.3,9.8,4.24,7.1,5.5,7.3,2.2,1.7,0.048,0.0,0.0,0.07,99.4,7.5,4.2,4.49,33.1,NORMAL
S00000784,EX-009,EXCAVATOR,336,FINAL_DRIVE,2023-10-22,7388.6,46.0,N,144.8,5.9,11.72,3.8,3.6,3.7,1.7,1.2,0.053,0.0,0.0,0.03,96.7,4.9,3.2,5.5,88.7,MONITOR
S00000785,EX-009,EXCAVATOR,336,FINAL_DRIVE,2024-01-11,8305.3,962.8,N,79.4,8.7,4.63,8.6,4.7,7.3,3.4,1.8,0.037,0.0,0.0,0.05,98.7,7.0,3.8,4.65,28.6,NORMAL
S00000786,EX-009,EXCAVATOR,336,FINAL_DRIVE,2024-03-30,9190.4,1847.8,N,109.7,12.9,7.8,11.3,9.0,10.0,3.4,2.3,0.072,0.0,0.0,0.08,97.4,8.6,5.7,3.42,38.9,NORMAL
S00000787,EX-009,EXCAVATOR,336,FINAL_DRIVE,2024-06-28,10200.2,50.7,N,52.9,5.6,2.56,5.4,4.8,5.2,2.0,1.2,0.036,0.0,0.0,0.03,98.3,4.9,3.0,5.52,11.3,NORMAL
S00000788,EX-009,EXCAVATOR,336,FINAL_DRIVE,2024-09-22,11167.2,1017.7,N,81.1,9.2,5.89,6.7,8.2,8.5,3.7,2.0,0.038,0.0,0.0,0.05,98.1,7.9,4.2,4.53,33.1,NORMAL
S00000789,EX-009,EXCAVATOR,336,FINAL_DRIVE,2024-12-11,12060.2,1910.7,N,136.4,14.2,7.72,10.3,10.1,12.4,4.1,3.3,0.057,0.0,0.0,0.08,103.0,10.2,5.7,3.5,39.2,NORMAL
S00000790,EX-009,EXCAVATOR,336,FINAL_DRIVE,2025-03-11,13070.0,48.0,N,41.2,5.1,2.57,4.4,2.8,6.0,1.5,1.2,0.034,0.0,0.0,0.02,103.4,5.3,2.5,5.34,18.7,NORMAL
S00000791,EX-009,EXCAVATOR,336,FINAL_DRIVE,2025-06-09,14079.8,1057.8,N,96.7,9.7,4.3,7.5,6.8,9.6,2.6,2.1,0.031,0.0,0.0,0.06,103.9,7.3,3.4,4.81,31.0,NORMAL
S00000792,EX-009,EXCAVATOR,336,FINAL_DRIVE,2025-09-07,15089.6,35.6,N,50.5,6.2,2.94,4.2,3.8,4.9,1.3,1.2,0.054,0.0,0.0,0.03,99.1,5.1,2.5,5.62,23.1,NORMAL
S00000793,EX-009,EXCAVATOR,336,FINAL_DRIVE,2025-12-03,16062.6,1008.7,N,97.7,8.2,4.27,9.6,6.7,7.8,2.5,1.7,0.061,0.0,0.0,0.06,101.9,7.6,4.5,5.19,43.4,NORMAL
S00000794,EX-009,EXCAVATOR,336,FINAL_DRIVE,2026-02-26,17021.7,1967.7,N,142.7,13.8,7.46,7.5,8.4,11.3,4.9,2.1,0.046,0.0,0.0,0.09,97.3,9.8,5.6,3.44,39.3,NORMAL
S00000795,EX-009,EXCAVATOR,336,FINAL_DRIVE,2026-05-27,18031.5,9.7,N,46.8,4.1,2.3,4.6,3.6,4.8,1.9,1.1,0.048,0.0,0.0,0.03,104.3,5.2,2.8,6.0,15.3,NORMAL
S00000739,EX-009,EXCAVATOR,336,HYDRAULIC,2023-04-22,5369.0,1033.8,N,24.4,5.6,1.06,2.2,2.9,6.7,3.0,2.2,8.466,0.0,0.0,0.05,46.1,9.2,4.7,3.72,8.2,MONITOR
S00000740,EX-009,EXCAVATOR,336,HYDRAULIC,2023-07-20,6369.2,9.2,N,4.7,2.8,0.45,1.0,1.4,3.7,1.6,1.2,0.049,0.0,0.0,0.02,46.0,6.0,2.8,4.61,2.4,NORMAL
S00000741,EX-009,EXCAVATOR,336,HYDRAULIC,2023-10-14,7341.4,981.4,N,9.9,4.5,1.02,2.5,4.1,6.6,2.8,1.8,0.023,0.0,0.0,0.05,46.1,7.9,4.9,3.6,4.6,NORMAL
S00000742,EX-009,EXCAVATOR,336,HYDRAULIC,2024-01-03,8239.4,1879.4,N,11.6,6.7,1.51,3.6,4.7,8.4,4.9,2.8,0.031,0.0,0.0,0.08,46.0,11.1,4.7,2.96,10.0,NORMAL
S00000743,EX-009,EXCAVATOR,336,HYDRAULIC,2024-04-02,9249.2,28.8,N,8.7,2.4,0.53,1.1,2.1,2.3,2.0,1.4,0.034,0.0,0.0,0.02,47.3,5.4,2.6,4.53,3.3,NORMAL
S00000744,EX-009,EXCAVATOR,336,HYDRAULIC,2024-06-08,10004.5,784.1,N,10.0,4.0,0.97,2.3,2.3,5.7,2.6,1.8,0.027,0.0,0.0,0.05,46.0,6.9,3.7,3.78,4.9,NORMAL
S00000745,EX-009,EXCAVATOR,336,HYDRAULIC,2024-09-06,11014.3,1793.9,N,18.1,4.8,1.31,2.2,4.4,8.2,4.2,2.3,0.031,0.0,0.0,0.07,44.6,9.6,5.1,3.07,9.1,NORMAL
S00000746,EX-009,EXCAVATOR,336,HYDRAULIC,2024-12-05,12024.1,28.0,N,6.4,2.2,0.59,1.2,1.8,3.0,1.8,1.1,0.033,0.0,0.0,0.02,45.4,6.2,2.9,4.45,2.4,NORMAL
S00000747,EX-009,EXCAVATOR,336,HYDRAULIC,2025-02-07,12742.8,746.8,N,7.8,5.1,0.84,1.8,2.7,5.6,2.9,1.8,0.05,0.0,0.0,0.06,45.7,7.6,4.3,4.06,5.0,NORMAL
S00000748,EX-009,EXCAVATOR,336,HYDRAULIC,2025-04-24,13597.5,1601.5,N,9.8,5.8,1.35,2.1,4.1,7.2,3.9,3.0,0.039,0.0,0.0,0.06,45.9,9.7,5.4,3.21,8.4,NORMAL
S00000749,EX-009,EXCAVATOR,336,HYDRAULIC,2025-06-28,14323.8,2.5,N,13.3,1.5,0.61,0.9,4.6,22.3,1.5,1.1,0.027,0.0,0.0,0.03,44.9,6.1,2.7,4.99,3.6,MONITOR
S00000750,EX-009,EXCAVATOR,336,HYDRAULIC,2025-09-26,15333.6,1012.3,N,12.6,4.7,1.03,2.0,3.1,5.6,2.3,2.1,0.035,0.0,0.0,0.05,49.0,8.1,3.8,3.59,6.1,NORMAL
S00000751,EX-009,EXCAVATOR,336,HYDRAULIC,2025-12-02,16083.9,1762.6,N,15.8,5.2,1.81,2.6,4.2,6.9,4.4,2.5,0.035,0.0,0.0,0.08,46.9,9.4,4.4,3.03,8.3,NORMAL
S00000752,EX-009,EXCAVATOR,336,HYDRAULIC,2026-02-21,17001.7,9.2,N,6.0,2.5,0.51,1.0,2.0,4.0,1.7,0.9,0.061,0.0,0.0,0.02,44.6,5.8,2.7,4.56,3.4,NORMAL
S00000753,EX-009,EXCAVATOR,336,HYDRAULIC,2026-05-22,18011.5,1019.0,N,9.2,4.4,0.78,1.8,3.1,8.4,2.7,2.2,0.029,0.0,0.0,0.06,43.8,8.8,5.0,3.53,5.8,NORMAL
S00000754,EX-009,EXCAVATOR,336,TRANSMISSION,2023-03-19,5031.8,27.5,N,29.8,12.9,2.07,7.1,2.6,4.5,1.6,1.2,0.032,0.0,0.0,0.06,67.0,6.9,4.1,7.19,7.1,NORMAL
S00000755,EX-009,EXCAVATOR,336,TRANSMISSION,2023-05-02,5523.6,519.3,N,38.2,13.8,3.54,6.4,4.1,7.5,3.7,2.2,0.039,0.0,0.0,0.12,68.1,9.6,5.7,5.43,12.9,NORMAL
S00000756,EX-009,EXCAVATOR,336,TRANSMISSION,2023-06-17,6035.9,11.7,N,18.4,6.5,1.38,4.2,2.6,5.0,1.4,1.0,0.034,0.0,0.0,0.05,69.7,5.9,3.4,7.48,8.1,NORMAL
S00000757,EX-009,EXCAVATOR,336,TRANSMISSION,2023-07-26,6471.6,447.4,N,35.2,11.8,4.08,5.6,3.4,5.5,2.0,1.5,0.049,0.0,0.0,0.13,69.8,8.9,4.5,5.54,9.9,NORMAL
S00000758,EX-009,EXCAVATOR,336,TRANSMISSION,2023-09-08,6971.2,947.0,N,58.3,25.2,4.18,10.8,6.1,13.9,4.5,2.9,0.025,0.0,0.0,0.14,68.4,12.8,6.9,4.76,19.0,NORMAL
S00000759,EX-009,EXCAVATOR,336,TRANSMISSION,2023-10-15,7380.9,25.3,N,25.0,8.0,1.46,3.4,3.1,3.4,1.5,1.3,0.024,0.0,0.0,0.05,70.4,5.8,3.4,6.93,7.6,NORMAL
S00000760,EX-009,EXCAVATOR,336,TRANSMISSION,2023-12-13,8046.3,690.7,N,44.2,17.6,3.22,8.4,5.1,8.0,3.8,2.0,0.032,0.0,0.0,0.11,67.7,10.9,5.7,5.2,18.3,NORMAL
S00000761,EX-009,EXCAVATOR,336,TRANSMISSION,2024-01-24,8512.9,2.6,N,19.8,8.3,1.55,3.5,2.7,4.4,1.5,1.0,0.034,0.0,0.0,0.04,68.3,7.2,3.5,6.87,10.0,NORMAL
S00000762,EX-009,EXCAVATOR,336,TRANSMISSION,2024-02-26,8888.6,378.3,N,26.0,16.5,2.36,5.8,5.2,7.2,1.6,1.4,0.03,0.0,0.0,0.1,68.9,8.3,4.3,6.08,10.1,NORMAL
S00000763,EX-009,EXCAVATOR,336,TRANSMISSION,2024-04-13,9412.8,902.5,N,58.2,18.5,5.3,8.4,6.5,9.3,4.5,2.8,0.034,0.0,0.0,0.15,66.6,11.9,7.2,4.32,21.5,NORMAL
S00000764,EX-009,EXCAVATOR,336,TRANSMISSION,2024-06-01,9965.5,36.4,N,67.2,7.8,4.77,3.5,4.1,4.8,1.5,1.0,0.049,0.0,0.0,0.06,65.5,5.8,3.9,7.12,34.3,NORMAL
S00000765,EX-009,EXCAVATOR,336,TRANSMISSION,2024-07-17,10477.8,548.7,N,110.8,17.2,8.59,6.7,6.0,8.5,4.0,2.7,0.023,0.0,0.0,0.13,65.4,10.1,6.1,4.88,63.3,MONITOR
S00000766,EX-009,EXCAVATOR,336,TRANSMISSION,2024-09-04,11028.0,23.1,N,28.8,8.1,1.31,3.1,3.1,4.4,1.5,1.0,0.017,0.0,0.0,0.05,68.5,6.5,3.6,6.6,8.2,NORMAL
S00000767,EX-009,EXCAVATOR,336,TRANSMISSION,2024-10-12,11456.9,452.0,N,41.0,16.2,3.64,6.6,5.2,6.4,3.0,2.0,0.034,0.0,0.0,0.1,68.8,7.8,4.8,5.7,12.0,NORMAL
S00000768,EX-009,EXCAVATOR,336,TRANSMISSION,2024-11-28,11984.2,979.3,N,43.2,28.4,3.97,10.5,7.5,10.3,4.1,2.8,0.026,0.0,0.0,0.16,67.4,14.7,7.3,4.17,15.5,NORMAL
S00000769,EX-009,EXCAVATOR,336,TRANSMISSION,2025-01-22,12600.9,43.2,N,26.7,8.2,1.87,3.3,2.6,6.1,1.2,1.1,0.022,0.0,0.0,0.06,68.9,6.6,3.6,6.41,8.8,NORMAL
S00000770,EX-009,EXCAVATOR,336,TRANSMISSION,2025-03-01,13031.8,474.2,N,41.5,16.4,3.68,7.1,4.1,6.9,2.9,2.3,0.022,0.0,0.0,0.11,70.3,9.4,5.7,5.65,13.1,NORMAL
S00000771,EX-009,EXCAVATOR,336,TRANSMISSION,2025-04-28,13674.1,28.2,N,19.5,9.1,2.01,2.3,2.8,4.1,1.7,0.9,0.025,0.0,0.0,0.07,68.9,6.7,3.3,6.46,7.9,NORMAL
S00000772,EX-009,EXCAVATOR,336,TRANSMISSION,2025-06-07,14127.9,482.0,N,34.1,12.6,2.89,8.6,4.7,6.3,2.5,2.0,0.037,0.0,0.0,0.1,66.6,9.0,5.3,5.37,15.1,NORMAL
S00000773,EX-009,EXCAVATOR,336,TRANSMISSION,2025-07-19,14596.0,950.1,N,38.6,21.1,3.29,11.3,7.3,10.9,4.4,3.3,0.032,0.0,0.0,0.18,68.7,12.5,6.0,4.27,22.0,NORMAL
S00000774,EX-009,EXCAVATOR,336,TRANSMISSION,2025-08-26,15019.3,33.1,N,20.5,8.9,1.65,3.6,3.6,4.4,1.9,1.1,0.03,0.0,0.0,0.07,65.4,6.4,3.9,6.61,7.6,NORMAL
S00000775,EX-009,EXCAVATOR,336,TRANSMISSION,2025-10-11,15544.8,558.6,N,38.2,10.1,2.99,5.6,5.0,7.1,2.8,2.2,0.019,0.0,0.0,0.12,65.5,10.1,5.4,5.65,13.7,NORMAL
S00000776,EX-009,EXCAVATOR,336,TRANSMISSION,2025-11-15,15927.8,941.6,N,83.4,15.7,5.0,10.2,5.8,8.9,4.4,3.2,0.024,0.0,0.0,0.14,67.3,14.1,6.6,4.4,38.4,MONITOR
S00000777,EX-009,EXCAVATOR,336,TRANSMISSION,2025-12-21,16341.6,55.4,N,23.3,8.3,2.56,3.6,2.6,4.2,2.2,1.1,0.029,0.0,0.0,0.05,67.4,6.0,3.6,7.24,6.4,NORMAL
S00000778,EX-009,EXCAVATOR,336,TRANSMISSION,2026-01-30,16781.6,495.4,N,42.9,16.2,2.72,4.6,5.7,6.0,2.6,1.9,0.031,0.0,0.0,0.11,68.5,9.2,4.6,5.87,16.1,NORMAL
S00000779,EX-009,EXCAVATOR,336,TRANSMISSION,2026-03-16,17286.3,16.2,N,22.2,7.8,1.69,3.5,3.0,4.5,1.9,1.2,0.015,0.0,0.0,0.04,69.4,6.5,4.0,7.13,5.8,NORMAL
S00000780,EX-009,EXCAVATOR,336,TRANSMISSION,2026-04-27,17757.0,486.9,N,43.2,9.9,3.34,4.5,4.6,6.2,3.2,1.8,0.022,0.0,0.0,0.11,66.7,9.0,4.9,5.4,14.0,NORMAL
S00000781,EX-009,EXCAVATOR,336,TRANSMISSION,2026-06-13,18291.8,6.2,N,24.6,9.8,2.09,2.5,2.3,2.8,2.0,1.3,0.037,0.0,0.0,0.05,66.5,6.0,3.3,6.6,7.3,NORMAL
S00000796,EX-010,EXCAVATOR,336,ENGINE,2023-02-09,5113.6,350.0,N,20.4,8.0,2.02,3.1,5.4,8.5,4.9,3.6,0.017,0.6,0.0,0.53,105.9,16.2,9.9,6.98,8.8,NORMAL
S00000797,EX-010,EXCAVATOR,336,ENGINE,2023-02-28,5313.8,18.1,N,10.2,3.9,1.23,2.7,1.8,3.9,2.2,1.8,0.024,0.48,0.0,0.22,106.7,9.5,5.8,10.66,3.2,NORMAL
S00000798,EX-010,EXCAVATOR,336,ENGINE,2023-03-23,5570.8,275.1,N,16.6,7.9,2.33,4.9,5.5,5.5,4.1,2.7,0.028,0.82,0.0,0.49,111.0,13.3,8.3,8.45,9.4,NORMAL
S00000799,EX-010,EXCAVATOR,336,ENGINE,2023-04-15,5809.7,0.6,N,7.7,4.6,1.31,2.5,2.7,5.1,2.2,1.5,0.013,0.66,0.0,0.2,104.9,8.6,5.5,11.27,4.9,NORMAL
S00000800,EX-010,EXCAVATOR,336,ENGINE,2023-05-13,6113.3,304.2,N,22.7,8.2,1.9,5.5,5.1,12.0,4.4,3.9,0.019,0.73,0.0,0.47,106.7,13.4,9.8,8.21,10.1,NORMAL
S00000801,EX-010,EXCAVATOR,336,ENGINE,2023-06-05,6371.3,19.7,N,9.2,3.5,0.87,3.8,2.7,5.6,2.2,1.6,0.022,0.44,0.0,0.23,113.6,8.2,5.4,10.5,4.1,NORMAL
S00000802,EX-010,EXCAVATOR,336,ENGINE,2023-06-29,6625.4,273.9,N,21.5,6.5,2.7,3.8,5.6,8.6,4.0,3.7,0.017,0.79,0.0,0.36,107.8,11.8,9.0,8.4,6.7,NORMAL
S00000803,EX-010,EXCAVATOR,336,ENGINE,2023-07-21,6858.0,22.0,N,9.9,3.3,1.21,1.8,2.9,4.3,2.2,1.5,0.026,0.76,0.0,0.21,107.6,8.9,6.5,10.53,4.5,NORMAL
S00000804,EX-010,EXCAVATOR,336,ENGINE,2023-08-12,7098.1,262.1,N,25.3,5.7,1.86,4.3,4.6,8.3,4.5,3.0,0.033,0.44,0.0,0.36,109.3,12.4,8.1,8.48,7.8,NORMAL
S00000805,EX-010,EXCAVATOR,336,ENGINE,2023-09-01,7319.2,483.3,N,31.4,8.1,2.42,6.1,7.1,12.5,4.5,4.8,0.015,0.53,0.0,0.75,111.0,17.6,10.5,6.36,10.2,NORMAL
S00000806,EX-010,EXCAVATOR,336,ENGINE,2023-09-19,7507.1,8.1,N,12.4,4.4,0.87,2.2,2.7,4.1,2.2,2.3,0.031,0.39,0.0,0.26,104.7,7.9,5.4,10.02,4.4,NORMAL
S00000807,EX-010,EXCAVATOR,336,ENGINE,2023-10-10,7734.6,235.7,N,16.4,6.3,2.03,4.1,4.7,6.3,4.0,2.9,0.015,0.48,0.0,0.36,105.5,13.6,8.4,8.77,8.6,NORMAL
S00000808,EX-010,EXCAVATOR,336,ENGINE,2023-10-31,7970.3,471.4,N,26.2,14.1,2.68,6.1,7.5,10.7,4.4,4.2,0.024,0.84,0.0,0.73,108.9,14.4,11.1,6.29,8.1,NORMAL
S00000809,EX-010,EXCAVATOR,336,ENGINE,2023-11-19,8170.8,52.2,N,11.5,4.7,1.44,3.1,3.4,4.5,2.4,1.5,0.037,0.53,0.0,0.27,113.5,8.3,6.4,11.41,5.7,NORMAL
S00000810,EX-010,EXCAVATOR,336,ENGINE,2023-12-16,8466.1,347.5,N,23.9,6.2,2.41,4.5,7.7,9.1,5.1,4.5,0.027,0.48,0.0,0.57,104.6,14.2,9.8,7.44,11.1,NORMAL
S00000811,EX-010,EXCAVATOR,336,ENGINE,2024-01-07,8697.1,20.2,N,8.6,3.7,1.22,2.7,3.3,5.5,2.7,1.9,0.029,0.71,0.0,0.24,107.2,8.4,6.9,10.34,4.8,NORMAL
S00000812,EX-010,EXCAVATOR,336,ENGINE,2024-02-01,8975.4,298.5,N,20.4,8.4,2.25,3.6,5.7,9.7,4.4,3.2,0.023,0.66,0.0,0.44,108.0,12.3,8.9,7.44,9.1,NORMAL
S00000813,EX-010,EXCAVATOR,336,ENGINE,2024-02-28,9265.4,16.7,N,9.2,4.7,1.04,1.7,2.9,3.7,2.7,1.4,0.019,0.43,0.0,0.21,103.6,9.0,6.5,10.83,4.7,NORMAL
S00000814,EX-010,EXCAVATOR,336,ENGINE,2024-03-21,9503.7,255.0,N,16.0,7.8,2.21,5.3,4.5,7.9,3.7,2.7,0.018,0.22,0.0,0.43,109.5,13.4,9.2,8.23,7.7,NORMAL
S00000815,EX-010,EXCAVATOR,336,ENGINE,2024-04-13,9755.0,0.4,N,8.1,4.1,0.99,2.1,2.7,4.2,2.8,1.6,0.018,0.99,0.0,0.2,105.1,9.5,5.8,9.91,4.2,NORMAL
S00000816,EX-010,EXCAVATOR,336,ENGINE,2024-05-03,9966.5,211.8,N,14.3,8.2,1.59,4.2,6.4,6.1,3.2,3.4,0.02,0.66,0.0,0.35,113.5,12.2,8.1,8.53,9.2,NORMAL
S00000817,EX-010,EXCAVATOR,336,ENGINE,2024-05-23,10178.1,423.4,N,22.8,10.8,3.4,5.8,7.5,13.5,3.8,5.4,0.026,1.22,0.0,0.57,103.6,15.9,11.0,7.35,10.5,NORMAL
S00000818,EX-010,EXCAVATOR,336,ENGINE,2024-06-15,10427.4,38.2,N,9.4,4.6,1.76,2.2,2.7,5.1,2.2,2.0,0.036,0.68,0.0,0.28,106.7,8.7,6.1,9.07,4.8,NORMAL
S00000819,EX-010,EXCAVATOR,336,ENGINE,2024-07-14,10743.4,354.2,N,24.8,9.2,2.08,4.2,6.8,10.4,6.6,2.1,0.025,0.41,0.0,0.44,100.9,16.6,9.0,7.73,8.6,NORMAL
S00000820,EX-010,EXCAVATOR,336,ENGINE,2024-08-03,10961.0,25.1,N,12.5,4.2,1.12,2.4,3.7,4.8,2.8,1.5,0.028,1.14,0.0,0.18,106.2,9.5,5.3,10.37,4.5,NORMAL
S00000821,EX-010,EXCAVATOR,336,ENGINE,2024-08-19,11136.5,200.6,N,13.3,7.8,2.02,3.4,4.8,8.7,4.0,2.0,0.018,0.46,0.0,0.4,108.5,12.8,8.6,8.96,7.3,NORMAL
S00000822,EX-010,EXCAVATOR,336,ENGINE,2024-09-12,11397.0,461.1,N,19.7,6.9,2.21,6.1,7.0,10.8,7.1,4.4,0.022,0.58,0.0,0.59,111.3,16.1,9.3,6.43,10.5,NORMAL
S00000823,EX-010,EXCAVATOR,336,ENGINE,2024-10-08,11669.4,7.6,N,9.5,3.1,0.98,2.5,2.3,5.6,2.4,1.6,0.025,0.79,0.0,0.24,107.4,8.3,5.9,10.81,3.5,NORMAL
S00000824,EX-010,EXCAVATOR,336,ENGINE,2024-11-07,11999.2,337.4,N,23.3,9.0,2.12,4.7,6.4,7.1,6.3,3.4,0.014,0.36,0.0,0.52,102.0,14.2,8.5,7.18,10.3,NORMAL
S00000825,EX-010,EXCAVATOR,336,ENGINE,2024-12-05,12305.7,24.3,N,13.7,4.1,1.02,2.3,2.6,4.6,2.1,2.2,0.017,0.57,0.0,0.23,106.9,8.1,6.0,10.65,6.7,NORMAL
S00000826,EX-010,EXCAVATOR,336,ENGINE,2024-12-28,12555.4,274.0,N,18.3,7.8,2.25,4.5,3.9,9.1,4.3,2.3,0.027,0.7,0.0,0.51,106.1,12.9,7.9,8.4,8.4,NORMAL
S00000827,EX-010,EXCAVATOR,336,ENGINE,2025-01-23,12828.8,5.2,N,8.3,4.4,1.09,2.9,3.0,3.9,2.4,1.6,0.019,0.62,0.0,0.18,108.2,8.4,5.7,10.37,5.4,NORMAL
S00000828,EX-010,EXCAVATOR,336,ENGINE,2025-02-19,13128.6,305.0,N,16.4,7.6,2.8,4.3,5.2,9.1,5.3,3.3,0.016,1.09,0.0,0.53,105.3,15.0,8.8,8.3,10.6,NORMAL
S00000829,EX-010,EXCAVATOR,336,ENGINE,2025-03-16,13389.8,54.0,N,11.8,3.7,1.38,2.0,3.7,5.3,1.8,1.9,0.029,1.16,0.0,0.25,103.0,8.6,5.8,9.43,4.5,NORMAL
S00000830,EX-010,EXCAVATOR,336,ENGINE,2025-04-10,13665.4,329.5,N,17.9,8.0,2.29,4.0,5.5,11.2,4.0,4.0,0.019,0.44,0.0,0.51,105.3,13.6,9.9,7.45,8.8,NORMAL
S00000831,EX-010,EXCAVATOR,336,ENGINE,2025-05-04,13923.8,57.6,N,8.2,4.9,1.04,2.4,2.9,5.7,2.6,1.8,0.029,0.56,0.0,0.31,103.7,8.6,6.5,9.58,5.3,NORMAL
S00000832,EX-010,EXCAVATOR,336,ENGINE,2025-06-01,14225.9,359.8,N,17.7,8.7,2.87,3.9,6.0,8.2,4.5,3.8,0.021,0.46,0.0,0.52,106.1,14.6,9.0,7.14,9.0,NORMAL
S00000833,EX-010,EXCAVATOR,336,ENGINE,2025-06-20,14431.3,52.3,N,11.2,3.7,0.99,2.4,3.0,5.1,2.5,2.1,0.01,0.81,0.0,0.24,113.1,8.5,6.0,9.51,4.5,NORMAL
S00000834,EX-010,EXCAVATOR,336,ENGINE,2025-07-27,14833.8,454.9,N,29.3,7.1,2.73,5.2,8.2,11.1,5.3,3.6,0.018,0.58,0.0,0.64,106.9,16.4,11.0,6.64,11.6,NORMAL
S00000835,EX-010,EXCAVATOR,336,ENGINE,2025-08-13,15020.9,51.1,N,10.1,4.5,1.08,2.2,3.0,5.2,2.5,2.3,0.023,0.68,0.0,0.24,103.8,8.4,5.8,9.29,4.8,NORMAL
S00000836,EX-010,EXCAVATOR,336,ENGINE,2025-09-02,15231.7,261.9,N,21.9,6.9,1.74,3.7,4.5,9.5,3.7,3.7,0.026,1.24,0.0,0.43,107.7,13.3,8.4,7.69,8.6,NORMAL
S00000837,EX-010,EXCAVATOR,336,ENGINE,2025-09-21,15434.8,464.9,N,24.9,12.9,3.77,7.2,6.9,13.8,5.6,3.5,0.024,1.0,0.0,0.58,109.2,18.2,10.3,6.7,11.7,MONITOR
S00000838,EX-010,EXCAVATOR,336,ENGINE,2025-10-15,15701.9,19.0,N,10.5,5.4,1.2,2.0,2.7,5.3,2.0,1.8,0.02,0.46,0.0,0.23,109.8,9.3,6.2,10.58,4.7,NORMAL
S00000839,EX-010,EXCAVATOR,336,ENGINE,2025-11-07,15947.8,264.9,N,20.3,8.4,2.77,3.9,4.4,7.0,4.3,2.2,0.025,0.82,0.0,0.49,108.7,13.2,7.5,8.24,6.6,NORMAL
S00000840,EX-010,EXCAVATOR,336,ENGINE,2025-11-30,16191.9,15.3,N,8.1,4.8,1.26,2.1,2.9,4.2,2.5,2.1,0.019,0.77,0.0,0.24,108.8,9.5,5.7,9.86,4.5,NORMAL
S00000841,EX-010,EXCAVATOR,336,ENGINE,2025-12-28,16497.5,320.9,N,16.8,7.8,2.8,4.8,5.0,9.6,4.2,4.2,0.025,0.57,0.0,0.51,105.3,14.0,9.2,7.42,8.0,NORMAL
S00000842,EX-010,EXCAVATOR,336,ENGINE,2026-01-16,16699.2,6.9,N,8.8,4.8,1.42,2.5,3.3,5.4,3.2,3.0,0.019,0.88,0.0,0.22,110.2,8.6,6.5,10.64,3.2,NORMAL
S00000843,EX-010,EXCAVATOR,336,ENGINE,2026-02-12,16990.3,298.0,N,20.4,10.4,3.09,4.8,5.5,8.0,6.3,2.9,0.012,0.45,0.0,0.58,106.3,12.7,8.4,7.82,9.5,NORMAL
S00000844,EX-010,EXCAVATOR,336,ENGINE,2026-03-01,17180.2,487.9,N,24.3,9.3,3.68,5.0,6.0,12.0,7.8,4.1,0.024,0.58,0.0,0.64,112.0,14.4,11.1,6.63,10.3,NORMAL
S00000845,EX-010,EXCAVATOR,336,ENGINE,2026-03-23,17416.5,54.2,N,12.1,6.0,1.4,2.3,3.4,4.7,3.5,2.1,0.016,0.61,0.0,0.22,105.5,9.9,5.8,9.88,4.7,NORMAL
S00000846,EX-010,EXCAVATOR,336,ENGINE,2026-04-17,17682.2,319.8,N,27.1,10.0,2.78,4.0,6.2,7.8,4.2,3.1,0.019,0.76,0.0,0.46,102.7,14.8,9.2,7.87,7.5,NORMAL
S00000847,EX-010,EXCAVATOR,336,ENGINE,2026-05-08,17916.5,55.2,N,10.6,3.8,0.91,2.4,2.9,4.9,2.5,2.0,0.018,0.41,0.0,0.29,103.0,10.0,6.2,9.28,3.9,NORMAL
S00000848,EX-010,EXCAVATOR,336,ENGINE,2026-06-11,18285.7,424.4,N,17.5,7.7,2.81,6.2,4.7,9.0,3.6,4.5,0.014,0.85,0.0,0.59,107.4,14.1,10.3,7.0,11.6,NORMAL
S00000889,EX-010,EXCAVATOR,336,FINAL_DRIVE,2023-04-18,5851.6,1105.2,N,88.2,9.1,5.54,6.2,7.8,10.5,2.8,2.0,0.068,0.0,0.0,0.05,102.0,8.5,4.4,4.42,43.8,NORMAL
S00000890,EX-010,EXCAVATOR,336,FINAL_DRIVE,2023-07-10,6749.9,36.9,N,48.6,5.0,2.32,4.7,2.8,5.0,1.8,1.1,0.042,0.0,0.0,0.02,97.6,5.1,2.5,5.84,14.3,NORMAL
S00000891,EX-010,EXCAVATOR,336,FINAL_DRIVE,2023-10-08,7723.0,1010.0,N,147.4,8.6,8.63,6.4,6.7,9.7,2.6,2.6,0.048,0.0,0.0,0.05,100.2,7.7,3.9,4.47,74.1,NORMAL
S00000892,EX-010,EXCAVATOR,336,FINAL_DRIVE,2024-01-06,8696.0,1983.1,N,106.5,15.3,11.39,10.1,11.0,10.6,4.0,2.9,0.026,0.0,0.0,0.09,99.4,10.0,6.1,3.6,30.0,MONITOR
S00000893,EX-010,EXCAVATOR,336,FINAL_DRIVE,2024-03-20,9493.5,51.6,N,60.1,5.8,2.84,4.1,3.3,5.2,1.9,1.3,0.047,0.0,0.0,0.02,101.7,4.7,2.9,5.77,17.2,NORMAL
S00000894,EX-010,EXCAVATOR,336,FINAL_DRIVE,2024-06-12,10399.5,957.6,N,76.0,6.8,5.52,6.3,7.3,7.1,2.6,1.4,0.046,0.0,0.0,0.05,101.3,8.2,4.4,4.52,29.3,NORMAL
S00000895,EX-010,EXCAVATOR,336,FINAL_DRIVE,2024-09-10,11372.5,1930.6,N,137.4,10.5,7.41,12.8,7.2,13.9,4.7,2.8,0.06,0.0,0.0,0.09,103.4,9.2,5.8,3.46,38.1,NORMAL
S00000896,EX-010,EXCAVATOR,336,FINAL_DRIVE,2024-12-09,12345.6,15.7,N,47.5,4.8,2.54,3.9,2.7,5.4,1.5,1.3,0.056,0.0,0.0,0.02,100.5,4.8,3.1,5.72,16.6,NORMAL
S00000897,EX-010,EXCAVATOR,336,FINAL_DRIVE,2025-03-04,13266.7,936.8,N,78.5,12.9,6.12,8.8,8.4,12.2,3.3,2.0,0.066,0.0,0.0,0.06,97.2,7.0,4.0,4.46,23.5,NORMAL
S00000898,EX-010,EXCAVATOR,336,FINAL_DRIVE,2025-06-02,14239.8,1909.9,N,99.4,13.0,5.22,11.1,9.5,9.5,4.0,2.4,0.017,0.0,0.0,0.09,98.1,10.1,6.3,3.57,39.4,NORMAL
S00000899,EX-010,EXCAVATOR,336,FINAL_DRIVE,2025-08-31,15212.8,2.6,N,49.7,4.9,3.0,4.9,3.0,5.2,1.3,1.2,0.105,0.0,0.0,0.03,102.0,4.9,2.9,5.7,20.2,NORMAL
S00000900,EX-010,EXCAVATOR,336,FINAL_DRIVE,2025-11-29,16185.9,975.6,N,77.4,10.1,4.9,9.1,6.5,7.1,3.0,2.3,0.071,0.0,0.0,0.07,100.5,6.4,3.9,4.81,34.6,NORMAL
S00000901,EX-010,EXCAVATOR,336,FINAL_DRIVE,2026-02-27,17159.0,1948.7,N,131.0,13.0,8.17,13.9,9.6,10.9,3.3,2.8,0.044,0.0,0.0,0.09,99.9,10.9,5.2,3.66,32.9,NORMAL
S00000902,EX-010,EXCAVATOR,336,FINAL_DRIVE,2026-05-13,17970.2,15.1,N,83.2,5.8,6.3,4.0,2.8,5.4,1.6,1.2,0.054,0.0,0.0,0.02,100.4,5.2,2.5,5.66,46.5,NORMAL
S00000849,EX-010,EXCAVATOR,336,HYDRAULIC,2023-03-25,5677.7,51.5,N,6.2,2.1,0.51,1.5,1.9,2.6,1.5,1.0,0.025,0.0,0.0,0.03,47.2,5.7,3.0,4.17,2.8,NORMAL
S00000850,EX-010,EXCAVATOR,336,HYDRAULIC,2023-06-23,6650.8,1024.6,N,11.9,3.7,1.27,3.0,2.6,4.5,3.2,2.2,0.022,0.0,0.0,0.06,44.5,7.8,4.4,3.43,4.5,NORMAL
S00000851,EX-010,EXCAVATOR,336,HYDRAULIC,2023-09-21,7623.9,1997.7,N,22.4,7.4,1.67,2.4,5.2,7.7,3.8,3.5,0.029,0.0,0.0,0.09,46.9,11.7,5.3,2.89,8.4,MONITOR
S00000852,EX-010,EXCAVATOR,336,HYDRAULIC,2023-12-20,8596.9,28.0,N,6.4,3.0,0.44,1.0,1.7,3.2,1.3,1.0,0.045,0.0,0.0,0.02,45.4,5.6,2.8,4.17,3.1,NORMAL
S00000853,EX-010,EXCAVATOR,336,HYDRAULIC,2024-03-19,9570.0,1001.1,N,13.1,4.6,1.16,1.8,3.1,5.5,2.3,1.6,0.022,0.0,0.0,0.06,46.0,8.7,4.2,3.76,6.2,NORMAL
S00000854,EX-010,EXCAVATOR,336,HYDRAULIC,2024-06-17,10543.1,1974.1,N,16.8,7.1,1.32,2.9,5.4,9.1,4.7,3.3,0.021,0.0,0.0,0.07,44.6,9.9,5.0,2.52,8.6,NORMAL
S00000855,EX-010,EXCAVATOR,336,HYDRAULIC,2024-09-15,11516.1,48.4,N,5.2,2.5,0.52,1.4,1.8,2.8,2.0,0.9,0.023,0.0,0.0,0.03,48.4,6.0,3.1,4.46,2.6,NORMAL
S00000856,EX-010,EXCAVATOR,336,HYDRAULIC,2024-12-07,12406.8,939.0,N,20.2,9.7,1.57,2.3,2.4,5.9,2.5,1.8,0.03,0.0,0.0,0.05,45.3,8.1,4.0,3.75,14.5,MONITOR
S00000857,EX-010,EXCAVATOR,336,HYDRAULIC,2025-03-05,13358.4,1890.6,N,12.6,5.0,1.38,2.7,4.7,10.8,4.5,3.0,0.029,0.0,0.0,0.09,45.7,11.0,5.8,2.67,9.3,NORMAL
S00000858,EX-010,EXCAVATOR,336,HYDRAULIC,2025-05-29,14284.9,56.9,N,7.5,2.6,0.46,1.5,1.7,3.8,1.5,1.2,0.048,0.0,0.0,0.03,42.7,6.5,3.0,4.98,3.4,NORMAL
S00000859,EX-010,EXCAVATOR,336,HYDRAULIC,2025-08-12,15092.3,864.3,N,14.5,4.1,1.23,1.6,2.8,5.0,2.6,1.6,0.021,0.0,0.0,0.04,47.1,7.9,3.9,3.85,4.9,NORMAL
S00000860,EX-010,EXCAVATOR,336,HYDRAULIC,2025-11-07,16027.7,1799.7,N,16.1,5.2,1.18,2.2,4.7,8.2,3.4,2.8,0.027,0.0,0.0,0.06,46.1,11.3,5.1,2.78,9.6,NORMAL
S00000861,EX-010,EXCAVATOR,336,HYDRAULIC,2026-02-05,17000.8,58.2,N,6.5,2.2,0.58,1.5,1.7,2.6,2.2,1.1,0.031,0.0,0.0,0.02,45.3,4.8,2.7,4.58,4.2,NORMAL
S00000862,EX-010,EXCAVATOR,336,HYDRAULIC,2026-05-06,17973.8,1031.3,N,9.3,3.3,1.03,2.3,3.1,5.3,3.5,1.4,0.03,0.0,0.0,0.05,45.6,7.2,4.2,3.62,4.9,NORMAL
S00000863,EX-010,EXCAVATOR,336,TRANSMISSION,2023-02-27,5347.3,972.4,N,46.1,17.6,2.8,7.1,6.6,12.1,3.5,2.1,0.032,0.0,0.0,0.17,70.9,13.1,6.7,4.1,19.9,NORMAL
S00000864,EX-010,EXCAVATOR,336,TRANSMISSION,2023-05-01,6024.9,33.3,N,22.6,11.7,1.39,3.6,3.4,3.5,1.4,0.9,0.023,0.0,0.0,0.05,68.9,6.2,3.4,6.92,11.0,NORMAL
S00000865,EX-010,EXCAVATOR,336,TRANSMISSION,2023-06-22,6586.4,594.8,N,51.6,16.4,3.65,7.0,6.5,8.3,3.1,2.0,0.029,0.0,0.0,0.11,68.2,9.4,5.5,5.3,13.8,NORMAL
S00000866,EX-010,EXCAVATOR,336,TRANSMISSION,2023-08-17,7190.6,23.0,N,22.5,7.9,1.53,2.7,3.1,4.5,1.3,1.0,0.031,0.0,0.0,0.06,65.0,6.9,3.5,6.3,5.8,NORMAL
S00000867,EX-010,EXCAVATOR,336,TRANSMISSION,2023-10-10,7772.0,604.3,N,56.7,16.4,3.52,7.0,6.1,8.0,3.3,2.1,0.033,0.0,0.0,0.12,67.2,9.4,6.0,5.18,17.1,NORMAL
S00000868,EX-010,EXCAVATOR,336,TRANSMISSION,2023-11-17,8187.7,11.8,N,23.1,9.6,1.9,3.8,2.6,4.1,2.0,0.9,0.029,0.0,0.0,0.05,68.4,6.1,3.7,6.67,9.1,NORMAL
S00000869,EX-010,EXCAVATOR,336,TRANSMISSION,2023-12-31,8668.7,492.8,N,31.7,11.1,3.42,4.6,4.0,5.9,4.2,1.6,0.045,0.0,0.0,0.13,66.8,10.0,4.9,5.57,13.0,NORMAL
S00000870,EX-010,EXCAVATOR,336,TRANSMISSION,2024-02-15,9165.3,989.4,N,44.9,18.3,4.21,8.2,7.9,10.0,4.9,2.8,0.032,0.0,0.0,0.18,69.5,12.8,7.4,4.12,19.2,NORMAL
S00000871,EX-010,EXCAVATOR,336,TRANSMISSION,2024-04-03,9677.2,27.5,N,25.6,7.4,1.8,3.1,2.3,3.4,2.1,0.9,0.03,0.0,0.0,0.05,65.5,6.9,3.8,6.64,8.5,NORMAL
S00000872,EX-010,EXCAVATOR,336,TRANSMISSION,2024-05-16,10144.1,494.4,N,27.1,15.6,3.0,5.8,4.6,4.0,2.9,1.9,0.029,0.0,0.0,0.11,68.4,8.8,5.4,5.62,15.0,NORMAL
S00000873,EX-010,EXCAVATOR,336,TRANSMISSION,2024-07-06,10700.7,40.8,N,20.8,7.9,1.79,3.6,2.6,3.5,1.9,1.2,0.035,0.0,0.0,0.06,65.1,5.7,3.7,7.15,8.4,NORMAL
S00000874,EX-010,EXCAVATOR,336,TRANSMISSION,2024-08-09,11069.2,409.3,N,40.4,14.0,1.92,6.8,5.6,6.1,2.3,2.3,0.024,0.0,0.0,0.09,65.9,8.4,5.2,6.27,13.1,NORMAL
S00000875,EX-010,EXCAVATOR,336,TRANSMISSION,2024-10-05,11674.9,5.4,N,21.6,7.1,1.68,4.0,2.7,3.1,1.4,1.4,0.031,0.0,0.0,0.05,66.4,6.5,3.6,6.72,7.6,NORMAL
S00000876,EX-010,EXCAVATOR,336,TRANSMISSION,2024-11-21,12188.1,518.5,N,40.1,14.4,3.09,4.9,4.4,8.7,3.0,1.9,0.04,0.0,0.0,0.12,72.2,11.4,5.3,5.27,16.5,NORMAL
S00000877,EX-010,EXCAVATOR,336,TRANSMISSION,2025-01-03,12649.7,980.1,N,43.6,17.6,4.48,6.8,8.4,10.0,3.9,2.9,0.031,0.0,0.0,0.2,69.4,12.3,7.3,4.21,17.5,NORMAL
S00000878,EX-010,EXCAVATOR,336,TRANSMISSION,2025-02-24,13215.2,17.2,N,14.4,8.0,1.52,3.5,2.9,4.1,1.4,1.3,0.026,0.0,0.0,0.04,67.1,5.7,3.4,6.89,8.5,NORMAL
S00000879,EX-010,EXCAVATOR,336,TRANSMISSION,2025-04-19,13800.7,602.7,N,37.3,14.1,3.08,5.7,6.3,7.1,2.2,2.0,0.039,0.0,0.0,0.1,67.8,10.6,5.4,5.16,10.2,NORMAL
S00000880,EX-010,EXCAVATOR,336,TRANSMISSION,2025-05-21,14141.2,943.2,N,43.9,19.4,4.13,8.8,6.1,5.8,4.0,3.4,0.018,0.0,0.0,0.19,64.9,11.5,6.3,4.4,22.3,NORMAL
S00000881,EX-010,EXCAVATOR,336,TRANSMISSION,2025-07-17,14763.7,20.1,N,32.0,7.4,1.4,3.2,4.1,5.1,1.9,1.0,0.025,0.0,0.0,0.05,70.4,6.4,3.4,7.0,9.2,NORMAL
S00000882,EX-010,EXCAVATOR,336,TRANSMISSION,2025-09-16,15419.1,675.5,N,49.0,14.3,3.63,7.9,6.9,7.6,3.2,2.2,0.024,0.0,0.0,0.13,63.9,12.0,5.7,4.89,17.4,NORMAL
S00000883,EX-010,EXCAVATOR,336,TRANSMISSION,2025-10-30,15892.9,7.6,N,22.5,6.6,1.85,3.7,3.1,3.4,1.7,1.2,0.02,0.0,0.0,0.04,67.7,6.6,3.5,6.38,9.6,NORMAL
S00000884,EX-010,EXCAVATOR,336,TRANSMISSION,2025-11-27,16196.2,310.9,N,29.9,9.3,2.46,4.7,4.9,6.0,2.1,1.9,0.059,0.0,0.0,0.09,69.0,7.9,3.8,5.95,10.7,NORMAL
S00000885,EX-010,EXCAVATOR,336,TRANSMISSION,2025-12-31,16565.5,680.2,N,40.9,20.7,3.38,6.3,5.6,8.2,3.2,1.9,0.033,0.0,0.0,0.15,69.6,12.9,6.1,5.24,12.8,NORMAL
S00000886,EX-010,EXCAVATOR,336,TRANSMISSION,2026-02-15,17068.2,24.0,N,21.7,7.6,1.58,3.4,3.0,4.2,1.8,1.4,0.032,0.0,0.0,0.05,70.0,7.1,3.4,6.84,8.8,NORMAL
S00000887,EX-010,EXCAVATOR,336,TRANSMISSION,2026-04-21,17763.2,719.1,N,33.6,15.3,3.94,5.5,5.7,8.5,3.2,2.6,0.025,0.0,0.0,0.14,66.0,12.3,6.1,4.48,12.6,NORMAL
S00000888,EX-010,EXCAVATOR,336,TRANSMISSION,2026-05-27,18156.9,42.0,N,21.0,6.7,1.76,3.7,2.1,4.8,1.5,1.0,0.025,0.0,0.0,0.05,69.2,7.1,3.2,7.08,8.4,NORMAL
S00000903,EX-011,EXCAVATOR,336,ENGINE,2023-02-14,9095.7,499.8,N,19.5,9.9,3.1,6.8,5.7,11.4,7.0,3.2,0.017,0.39,0.0,0.74,107.3,16.3,10.8,6.24,9.8,NORMAL
S00000904,EX-011,EXCAVATOR,336,ENGINE,2023-03-20,9368.0,2.0,N,10.1,3.8,1.14,2.2,4.2,4.4,2.3,2.3,0.019,0.65,0.0,0.21,105.5,9.0,5.7,10.24,6.7,NORMAL
S00000905,EX-011,EXCAVATOR,336,ENGINE,2023-04-19,9606.7,240.8,N,19.7,8.9,1.83,3.5,4.8,12.9,4.2,2.0,0.015,1.02,0.0,0.41,104.4,12.6,8.5,8.06,6.9,NORMAL
S00000906,EX-011,EXCAVATOR,336,ENGINE,2023-05-18,9840.5,474.5,N,23.5,10.1,2.61,6.4,6.2,9.1,6.1,4.2,0.017,0.34,0.0,0.64,104.5,15.1,11.1,6.76,10.6,NORMAL
S00000907,EX-011,EXCAVATOR,336,ENGINE,2023-06-18,10091.5,18.3,N,11.3,2.7,1.35,2.3,3.4,3.6,2.4,1.3,0.012,0.96,0.0,0.21,108.0,7.8,6.7,9.62,5.4,NORMAL
S00000908,EX-011,EXCAVATOR,336,ENGINE,2023-07-18,10336.8,263.6,N,17.6,7.5,1.97,4.8,4.2,8.5,4.7,2.5,0.022,0.66,0.0,0.48,111.5,11.5,9.2,8.27,8.4,NORMAL
S00000909,EX-011,EXCAVATOR,336,ENGINE,2023-08-24,10632.9,44.8,N,12.4,4.8,1.17,2.5,3.6,5.6,2.6,2.2,0.019,0.66,0.0,0.19,106.6,10.3,5.9,9.93,3.9,NORMAL
S00000910,EX-011,EXCAVATOR,336,ENGINE,2023-09-19,10838.4,250.3,N,19.3,6.0,2.2,4.3,3.6,6.8,4.4,3.1,0.035,0.46,0.0,0.48,106.5,12.7,9.4,8.74,7.6,NORMAL
S00000911,EX-011,EXCAVATOR,336,ENGINE,2023-10-13,11033.8,445.7,N,23.3,10.4,2.19,5.1,6.7,11.9,4.5,6.4,0.018,0.39,0.0,0.78,110.3,15.8,11.0,6.52,11.9,NORMAL
S00000912,EX-011,EXCAVATOR,336,ENGINE,2023-11-09,11250.0,21.1,N,9.1,3.5,1.17,2.2,2.4,5.1,2.7,1.8,0.021,0.28,0.0,0.19,107.5,8.3,6.2,10.79,4.4,NORMAL
S00000913,EX-011,EXCAVATOR,336,ENGINE,2023-12-22,11596.0,367.1,N,19.3,8.9,2.2,4.1,7.0,10.6,5.1,3.7,0.023,0.48,0.0,0.57,106.2,13.8,9.2,7.38,9.7,NORMAL
S00000914,EX-011,EXCAVATOR,336,ENGINE,2024-01-27,11882.3,38.9,N,11.0,4.1,1.12,2.6,3.1,5.2,2.6,1.6,0.024,0.44,0.0,0.26,109.4,8.3,6.1,9.81,4.6,NORMAL
S00000915,EX-011,EXCAVATOR,336,ENGINE,2024-02-20,12078.7,235.2,N,14.0,7.5,1.82,4.2,4.0,8.7,3.6,3.0,0.032,1.27,0.0,0.37,107.3,11.5,8.2,9.38,7.7,NORMAL
S00000916,EX-011,EXCAVATOR,336,ENGINE,2024-03-18,12291.3,447.8,N,23.9,7.9,2.94,5.8,7.9,11.9,4.1,4.0,0.021,0.74,0.0,0.69,107.2,16.7,10.3,6.83,15.7,NORMAL
S00000917,EX-011,EXCAVATOR,336,ENGINE,2024-04-15,12521.9,25.5,N,7.7,4.0,1.06,2.0,3.3,3.5,2.4,1.9,0.022,0.58,0.0,0.26,110.3,8.8,5.5,10.2,5.2,NORMAL
S00000918,EX-011,EXCAVATOR,336,ENGINE,2024-05-17,12772.1,275.8,N,22.0,7.7,2.05,5.0,5.8,8.7,4.2,3.6,0.027,0.64,0.0,0.45,106.3,14.3,8.6,8.68,6.9,NORMAL
S00000919,EX-011,EXCAVATOR,336,ENGINE,2024-06-21,13055.1,53.6,N,11.7,4.6,1.06,2.4,2.8,6.1,3.1,1.6,0.026,0.69,0.0,0.24,111.4,9.7,5.6,10.14,5.5,NORMAL
S00000920,EX-011,EXCAVATOR,336,ENGINE,2024-07-24,13324.9,323.4,N,20.7,8.9,2.1,4.9,5.3,9.8,3.1,3.6,0.017,0.33,0.0,0.46,109.6,12.0,9.4,7.69,8.1,NORMAL
S00000921,EX-011,EXCAVATOR,336,ENGINE,2024-09-01,13638.3,23.5,N,10.1,4.8,1.07,2.4,3.5,4.6,2.4,1.7,0.018,0.76,0.0,0.21,108.9,8.4,6.6,9.75,5.0,NORMAL
S00000922,EX-011,EXCAVATOR,336,ENGINE,2024-10-03,13891.6,276.8,N,20.2,4.9,2.15,4.2,4.2,7.4,4.8,3.8,0.01,0.62,0.0,0.43,103.5,12.9,8.7,7.67,7.1,NORMAL
S00000923,EX-011,EXCAVATOR,336,ENGINE,2024-10-31,14117.3,44.2,N,14.4,4.3,1.21,3.0,3.4,5.7,2.5,1.6,0.023,0.31,0.0,0.23,103.4,9.0,5.6,9.93,5.7,NORMAL
S00000924,EX-011,EXCAVATOR,336,ENGINE,2024-12-03,14380.2,307.1,N,24.4,10.0,2.08,5.5,4.9,8.9,4.7,2.8,0.02,1.06,0.0,0.64,104.8,14.5,9.1,7.76,8.5,NORMAL
S00000925,EX-011,EXCAVATOR,336,ENGINE,2025-01-05,14648.4,14.3,N,10.8,3.3,1.36,2.5,2.2,3.9,2.4,1.5,0.017,0.69,0.0,0.23,106.7,7.8,5.7,10.66,4.5,NORMAL
S00000926,EX-011,EXCAVATOR,336,ENGINE,2025-01-31,14860.3,226.2,N,17.9,5.3,2.09,3.7,4.0,9.7,5.1,2.6,0.018,1.0,0.0,0.4,110.4,12.7,8.2,8.46,8.1,NORMAL
S00000927,EX-011,EXCAVATOR,336,ENGINE,2025-02-25,15055.1,421.0,N,22.8,9.7,2.28,5.9,6.1,12.8,4.1,5.9,0.011,0.69,0.0,0.56,112.3,16.2,9.6,6.56,12.3,NORMAL
S00000928,EX-011,EXCAVATOR,336,ENGINE,2025-03-24,15275.3,45.1,N,9.3,4.1,1.11,2.5,2.6,5.3,2.2,1.9,0.027,0.46,0.0,0.23,107.8,10.1,6.2,9.63,5.0,NORMAL
S00000929,EX-011,EXCAVATOR,336,ENGINE,2025-04-21,15496.3,266.1,N,18.8,7.6,2.12,3.4,4.4,6.2,3.0,2.4,0.024,0.7,0.0,0.45,107.0,10.8,8.4,8.9,8.7,NORMAL
S00000930,EX-011,EXCAVATOR,336,ENGINE,2025-06-01,15828.9,44.7,N,15.7,5.6,1.66,3.7,3.9,4.8,2.5,1.8,0.015,0.47,0.0,0.31,106.4,8.9,6.9,10.39,4.8,NORMAL
S00000931,EX-011,EXCAVATOR,336,ENGINE,2025-07-02,16077.9,293.7,N,20.1,8.2,2.27,5.8,6.1,10.5,4.7,3.8,0.026,0.5,0.0,0.42,107.6,14.9,7.8,8.53,8.1,NORMAL
S00000932,EX-011,EXCAVATOR,336,ENGINE,2025-07-28,16288.6,27.9,N,11.7,4.3,1.1,2.1,2.7,6.4,2.9,2.3,0.018,0.37,0.0,0.22,107.4,7.7,5.8,9.15,4.5,NORMAL
S00000933,EX-011,EXCAVATOR,336,ENGINE,2025-08-29,16541.7,281.1,N,22.5,7.2,2.01,4.4,5.3,10.3,4.8,4.3,0.457,0.61,0.054,0.55,103.9,13.2,9.2,7.49,8.2,NORMAL
S00000934,EX-011,EXCAVATOR,336,ENGINE,2025-09-14,16673.0,412.4,N,21.6,9.6,3.49,5.5,5.3,11.2,9.2,5.3,1.372,0.59,0.164,0.53,112.9,15.9,10.2,6.73,10.9,ACTION
S00000935,EX-011,EXCAVATOR,336,ENGINE,2025-10-20,16961.1,37.4,N,8.7,3.7,1.25,3.0,4.6,4.7,13.9,10.2,4.39,0.77,0.537,0.29,107.7,8.2,6.5,9.95,4.6,ACTION
S00000936,EX-011,EXCAVATOR,336,ENGINE,2025-11-25,17248.0,324.3,N,18.0,8.8,2.21,5.7,6.5,7.6,4.7,4.0,0.011,1.02,0.0,0.5,104.2,12.0,8.7,7.49,9.5,NORMAL
S00000937,EX-011,EXCAVATOR,336,ENGINE,2025-12-28,17516.1,11.3,N,8.1,4.3,1.43,3.1,2.8,3.7,2.6,1.9,0.018,2.31,0.0,0.27,104.5,8.8,6.3,9.75,3.9,NORMAL
S00000938,EX-011,EXCAVATOR,336,ENGINE,2026-01-31,17788.4,283.6,N,19.0,7.6,2.48,4.0,4.7,10.0,3.7,2.8,0.016,4.6,0.0,0.68,93.8,14.6,7.5,8.21,7.9,NORMAL
S00000939,EX-011,EXCAVATOR,336,ENGINE,2026-03-07,18067.5,37.4,N,11.4,4.9,1.28,2.6,3.3,4.0,2.9,2.2,0.023,7.53,0.0,0.54,85.5,7.5,5.7,9.69,5.6,MONITOR
S00000940,EX-011,EXCAVATOR,336,ENGINE,2026-04-05,18306.6,276.5,N,15.0,5.6,1.84,4.8,6.6,8.4,4.7,3.7,0.024,0.8,0.0,0.45,106.0,11.2,8.5,7.52,9.8,NORMAL
S00000941,EX-011,EXCAVATOR,336,ENGINE,2026-04-26,18475.9,445.8,N,23.7,11.0,2.6,6.4,7.3,12.9,7.1,4.7,0.013,1.04,0.0,0.55,108.5,15.0,10.7,6.69,10.7,NORMAL
S00000942,EX-011,EXCAVATOR,336,ENGINE,2026-05-31,18750.1,39.2,N,10.3,4.5,1.42,2.4,2.7,5.1,2.5,1.9,0.022,0.58,0.0,0.22,111.3,9.3,6.2,9.71,5.1,NORMAL
S00000943,EX-011,EXCAVATOR,336,ENGINE,2026-06-21,18922.9,212.0,N,18.1,6.4,2.03,4.0,4.7,6.3,3.7,2.6,0.012,0.7,0.0,0.33,109.5,12.2,7.3,8.82,7.6,NORMAL
S00000978,EX-011,EXCAVATOR,336,FINAL_DRIVE,2023-03-27,9434.6,1145.7,N,105.7,10.2,5.41,7.0,8.5,8.7,3.4,1.9,0.076,0.0,0.0,0.06,98.6,7.6,4.8,4.42,36.3,NORMAL
S00000979,EX-011,EXCAVATOR,336,FINAL_DRIVE,2023-06-25,10157.8,1868.9,N,154.8,12.4,8.39,9.6,8.5,13.3,3.5,2.0,0.051,0.0,0.0,0.08,94.5,9.9,5.4,3.89,51.0,NORMAL
S00000980,EX-011,EXCAVATOR,336,FINAL_DRIVE,2023-09-23,10880.9,3.5,N,40.5,5.1,2.33,3.3,3.9,4.9,1.7,1.1,0.046,0.0,0.0,0.02,102.4,5.1,2.8,5.41,18.4,NORMAL
S00000981,EX-011,EXCAVATOR,336,FINAL_DRIVE,2023-12-22,11604.1,726.7,N,76.3,8.2,5.51,6.4,5.8,6.9,2.6,1.3,0.047,0.0,0.0,0.04,102.5,5.5,3.8,4.81,19.7,NORMAL
S00000982,EX-011,EXCAVATOR,336,FINAL_DRIVE,2024-03-21,12327.2,1449.9,N,93.7,10.6,5.27,8.8,5.7,9.1,2.9,2.3,0.093,0.0,0.0,0.06,102.0,8.0,4.2,3.9,44.7,NORMAL
S00000983,EX-011,EXCAVATOR,336,FINAL_DRIVE,2024-06-16,13027.0,24.4,N,55.5,5.6,2.92,4.1,3.4,6.9,2.1,1.2,0.053,0.0,0.0,0.03,100.4,4.5,2.8,5.86,17.9,NORMAL
S00000984,EX-011,EXCAVATOR,336,FINAL_DRIVE,2024-09-14,13750.1,747.5,N,110.6,6.8,7.23,6.8,6.0,11.4,2.5,1.4,0.081,0.0,0.0,0.06,100.8,7.2,3.8,5.06,55.1,NORMAL
S00000985,EX-011,EXCAVATOR,336,FINAL_DRIVE,2024-12-13,14473.3,1470.7,N,122.6,10.1,4.1,12.3,6.1,9.8,4.3,3.3,0.036,0.0,0.0,0.07,99.5,9.1,4.6,4.41,45.2,NORMAL
S00000986,EX-011,EXCAVATOR,336,FINAL_DRIVE,2025-03-06,15141.7,44.5,N,48.2,5.6,3.41,5.6,3.6,3.8,1.8,1.1,0.059,0.0,0.0,0.03,102.7,4.5,3.3,5.62,15.3,NORMAL
S00000987,EX-011,EXCAVATOR,336,FINAL_DRIVE,2025-06-04,15864.9,767.6,N,101.8,8.6,4.1,7.6,4.9,20.0,2.5,2.0,2.159,0.0,0.0,0.05,103.3,7.1,3.6,4.56,31.7,MONITOR
S00000988,EX-011,EXCAVATOR,336,FINAL_DRIVE,2025-09-02,16588.0,1490.8,N,117.2,10.2,5.58,9.0,6.8,10.3,2.8,3.1,0.039,0.0,0.0,0.07,101.0,9.7,4.9,3.83,39.1,NORMAL
S00000989,EX-011,EXCAVATOR,336,FINAL_DRIVE,2025-12-01,17311.2,24.5,N,55.4,5.3,3.03,3.8,3.6,4.2,1.8,1.0,0.067,0.0,0.0,0.03,100.0,4.3,2.8,5.92,19.7,NORMAL
S00000990,EX-011,EXCAVATOR,336,FINAL_DRIVE,2026-03-01,18034.4,747.7,N,60.5,7.6,3.48,6.3,4.3,6.9,3.1,1.7,0.067,0.0,0.0,0.04,100.6,7.1,4.2,4.83,32.8,NORMAL
S00000991,EX-011,EXCAVATOR,336,FINAL_DRIVE,2026-05-30,18757.5,1470.8,N,163.0,8.1,6.0,10.0,6.9,11.6,3.6,2.5,0.069,0.0,0.0,0.07,99.1,8.8,4.3,3.86,36.9,NORMAL
S00000944,EX-011,EXCAVATOR,336,HYDRAULIC,2023-04-02,9525.7,1358.5,N,11.7,4.7,0.93,2.5,3.2,6.4,3.9,2.4,0.035,0.0,0.0,0.06,45.3,8.8,5.1,3.39,5.3,NORMAL
S00000945,EX-011,EXCAVATOR,336,HYDRAULIC,2023-07-01,10248.8,38.9,N,7.1,2.4,0.74,1.2,2.4,3.4,1.9,1.2,0.028,0.0,0.0,0.03,46.0,6.1,2.5,5.04,3.3,NORMAL
S00000946,EX-011,EXCAVATOR,336,HYDRAULIC,2023-09-29,10972.0,762.1,N,12.4,5.6,0.78,1.6,3.0,7.1,2.0,1.7,0.033,0.0,0.0,0.05,46.1,8.7,3.9,3.67,5.3,NORMAL
S00000947,EX-011,EXCAVATOR,336,HYDRAULIC,2023-12-28,11695.2,1485.2,N,14.6,4.4,1.21,2.2,3.3,7.2,3.7,2.0,0.029,0.0,0.0,0.08,46.7,10.0,4.9,3.19,5.8,NORMAL
S00000948,EX-011,EXCAVATOR,336,HYDRAULIC,2024-03-27,12418.3,7.2,N,7.1,2.3,0.48,1.1,1.6,3.6,1.7,1.1,0.027,0.0,0.0,0.02,46.6,5.5,2.7,4.68,2.8,NORMAL
S00000949,EX-011,EXCAVATOR,336,HYDRAULIC,2024-06-25,13141.5,730.4,N,8.7,3.9,0.8,2.2,2.8,4.2,2.7,1.1,0.043,0.0,0.0,0.05,46.8,7.2,3.9,4.05,4.6,NORMAL
S00000950,EX-011,EXCAVATOR,336,HYDRAULIC,2024-09-23,13864.6,1453.5,N,13.8,5.3,0.99,1.9,2.8,6.9,3.9,2.3,0.031,0.0,0.0,0.06,46.9,8.3,4.6,3.45,7.1,NORMAL
S00000951,EX-011,EXCAVATOR,336,HYDRAULIC,2024-12-06,14460.9,13.3,N,6.6,2.4,0.46,1.0,1.5,4.0,1.9,1.2,0.026,0.0,0.0,0.03,46.3,5.7,3.3,4.41,3.2,NORMAL
S00000952,EX-011,EXCAVATOR,336,HYDRAULIC,2025-03-06,15184.1,736.5,N,8.2,3.6,0.71,1.9,2.8,5.2,2.4,2.6,0.038,0.0,0.0,0.05,46.3,7.6,3.8,3.96,5.8,NORMAL
S00000953,EX-011,EXCAVATOR,336,HYDRAULIC,2025-06-04,15907.3,1459.6,N,13.3,5.2,1.21,2.3,3.6,7.3,3.7,2.0,0.035,0.0,0.0,0.06,45.7,10.3,5.0,3.15,7.9,NORMAL
S00000954,EX-011,EXCAVATOR,336,HYDRAULIC,2025-09-02,16630.4,53.2,N,5.7,2.1,0.62,0.9,1.6,3.2,1.9,1.0,0.024,0.0,0.0,0.03,45.7,5.8,2.6,5.14,3.3,NORMAL
S00000955,EX-011,EXCAVATOR,336,HYDRAULIC,2025-12-01,17353.6,776.4,N,11.4,3.5,1.03,2.2,3.3,4.4,2.8,2.3,0.037,0.0,0.0,0.05,45.7,7.4,4.5,3.94,6.7,NORMAL
S00000956,EX-011,EXCAVATOR,336,HYDRAULIC,2026-03-01,18076.7,1499.5,N,14.8,4.8,1.2,2.7,4.0,9.1,4.4,2.2,0.044,0.0,0.0,0.07,45.7,11.3,4.4,3.02,8.7,NORMAL
S00000957,EX-011,EXCAVATOR,336,HYDRAULIC,2026-05-30,18799.9,58.6,N,6.3,2.2,0.73,1.0,1.6,3.2,1.9,1.1,0.03,0.0,0.0,0.03,46.7,6.0,2.5,4.64,3.1,NORMAL
S00000958,EX-011,EXCAVATOR,336,TRANSMISSION,2023-03-06,9317.2,58.8,N,16.6,8.6,1.65,4.5,3.4,3.3,2.0,1.1,0.035,0.0,0.0,0.06,71.6,7.1,3.5,7.3,5.4,NORMAL
S00000959,EX-011,EXCAVATOR,336,TRANSMISSION,2023-05-09,9829.7,571.3,N,33.9,14.7,3.87,7.1,5.0,6.5,3.4,2.5,0.034,0.0,0.0,0.12,65.5,9.3,5.6,5.24,20.4,NORMAL
S00000960,EX-011,EXCAVATOR,336,TRANSMISSION,2023-06-13,10115.8,857.4,N,69.5,16.9,4.07,8.9,7.2,7.9,4.7,2.5,0.052,0.0,0.0,0.15,68.3,12.6,7.0,4.57,24.3,NORMAL
S00000961,EX-011,EXCAVATOR,336,TRANSMISSION,2023-07-31,10498.5,53.5,N,68.3,13.4,5.47,3.3,2.7,3.5,1.9,1.6,0.032,0.0,0.0,0.06,65.9,7.7,3.8,7.18,36.0,MONITOR
S00000962,EX-011,EXCAVATOR,336,TRANSMISSION,2023-09-23,10934.3,489.2,N,147.0,12.9,12.95,6.3,5.3,5.5,4.8,1.9,0.029,0.0,0.0,0.12,71.3,9.5,4.3,5.19,89.6,ACTION
S00000963,EX-011,EXCAVATOR,336,TRANSMISSION,2023-12-12,11574.2,12.2,N,23.4,8.5,1.57,3.3,2.3,3.6,1.3,1.2,0.031,0.0,0.0,0.05,71.2,6.6,3.6,7.14,7.4,NORMAL
S00000964,EX-011,EXCAVATOR,336,TRANSMISSION,2024-02-05,12017.7,455.7,N,38.1,13.7,2.69,6.1,5.5,7.6,2.3,2.0,0.049,0.0,0.0,0.08,67.5,10.1,5.3,5.52,11.2,NORMAL
S00000965,EX-011,EXCAVATOR,336,TRANSMISSION,2024-03-31,12456.3,894.4,N,58.9,20.2,4.3,11.6,10.4,9.1,3.9,2.9,0.02,0.0,0.0,0.13,68.4,11.1,6.3,4.85,15.9,MONITOR
S00000966,EX-011,EXCAVATOR,336,TRANSMISSION,2024-06-02,12963.6,27.1,N,24.7,10.5,1.73,3.2,3.0,4.0,1.6,1.0,0.03,0.0,0.0,0.06,66.9,6.4,3.5,6.88,7.7,NORMAL
S00000967,EX-011,EXCAVATOR,336,TRANSMISSION,2024-08-28,13660.9,724.4,N,46.0,16.1,3.09,7.7,5.6,9.6,4.4,2.2,0.028,0.0,0.0,0.14,68.6,8.3,5.6,4.84,18.8,NORMAL
S00000968,EX-011,EXCAVATOR,336,TRANSMISSION,2024-10-21,14098.5,50.6,N,26.5,10.1,1.73,3.8,2.8,3.9,2.0,1.1,0.043,0.0,0.0,0.05,68.9,6.1,3.9,6.53,8.3,NORMAL
S00000969,EX-011,EXCAVATOR,336,TRANSMISSION,2024-12-23,14606.0,558.2,N,40.0,15.5,2.95,6.5,6.2,8.0,2.7,1.9,0.017,0.0,0.0,0.11,70.1,10.6,5.8,5.88,11.4,NORMAL
S00000970,EX-011,EXCAVATOR,336,TRANSMISSION,2025-03-06,15189.8,3.0,N,20.5,10.3,2.09,5.6,2.2,4.2,1.6,1.2,0.03,0.0,0.0,0.04,64.5,5.6,3.9,7.18,6.0,NORMAL
S00000971,EX-011,EXCAVATOR,336,TRANSMISSION,2025-05-02,15648.7,461.9,N,61.1,29.5,2.88,15.0,4.8,5.6,2.9,2.1,0.034,0.0,0.0,0.11,67.1,9.1,4.7,5.52,13.7,MONITOR
S00000972,EX-011,EXCAVATOR,336,TRANSMISSION,2025-07-10,16204.2,31.0,N,22.7,8.4,1.78,4.6,2.6,5.2,2.7,1.2,0.016,0.0,0.0,0.05,65.2,6.7,3.6,6.58,7.5,NORMAL
S00000973,EX-011,EXCAVATOR,336,TRANSMISSION,2025-09-06,16666.1,492.9,N,40.2,12.5,2.62,4.6,5.0,6.0,3.2,2.3,0.04,0.0,0.0,0.13,68.6,9.6,5.2,5.57,12.8,NORMAL
S00000974,EX-011,EXCAVATOR,336,TRANSMISSION,2025-11-26,17321.2,8.0,N,23.2,8.6,1.51,4.3,2.8,4.5,1.5,1.2,0.03,0.0,0.0,0.05,69.7,6.1,3.4,6.89,7.3,NORMAL
S00000975,EX-011,EXCAVATOR,336,TRANSMISSION,2026-02-05,17893.6,580.4,N,48.4,19.7,3.36,5.9,7.2,7.6,3.8,2.2,0.03,0.0,0.0,0.12,66.1,8.1,5.4,5.2,15.6,NORMAL
S00000976,EX-011,EXCAVATOR,336,TRANSMISSION,2026-04-06,18373.2,31.3,N,22.4,7.2,1.34,3.5,3.1,4.9,1.6,1.3,0.026,0.0,0.0,0.05,67.1,7.1,4.1,7.13,9.5,NORMAL
S00000977,EX-011,EXCAVATOR,336,TRANSMISSION,2026-04-30,18561.6,219.7,N,25.8,13.6,2.65,5.3,6.5,5.1,2.0,0.8,0.034,0.0,0.0,0.07,65.7,8.8,4.2,6.36,9.0,NORMAL
S00000992,EX-012,EXCAVATOR,336,ENGINE,2023-02-19,6594.3,4.7,N,8.3,3.3,1.35,3.0,3.4,4.2,2.5,1.6,0.011,0.47,0.0,0.2,105.9,8.1,5.4,9.59,3.8,NORMAL
S00000993,EX-012,EXCAVATOR,336,ENGINE,2023-03-27,6887.2,297.6,N,19.6,8.1,1.98,3.9,5.3,8.9,4.6,4.4,0.021,0.53,0.0,0.47,109.7,11.6,8.7,7.49,10.6,NORMAL
S00000994,EX-012,EXCAVATOR,336,ENGINE,2023-04-24,7128.0,45.7,N,11.3,4.6,1.81,2.1,4.0,5.1,2.2,1.8,0.012,0.7,0.0,0.27,110.4,9.7,6.4,9.43,4.5,NORMAL
S00000995,EX-012,EXCAVATOR,336,ENGINE,2023-05-23,7366.4,284.1,N,16.6,8.9,2.92,5.3,5.0,11.9,5.5,2.7,0.008,0.43,0.0,0.49,107.8,11.9,9.1,7.39,9.0,NORMAL
S00000996,EX-012,EXCAVATOR,336,ENGINE,2023-06-18,7583.4,42.7,N,9.7,3.4,1.11,2.2,3.0,5.7,1.9,1.9,0.021,0.67,0.0,0.22,108.8,9.2,5.6,10.87,5.9,NORMAL
S00000997,EX-012,EXCAVATOR,336,ENGINE,2023-07-16,7820.2,279.5,N,14.0,7.4,2.15,3.9,6.6,9.5,3.3,3.0,0.032,0.7,0.0,0.48,107.4,10.2,8.9,7.67,7.0,NORMAL
S00000998,EX-012,EXCAVATOR,336,ENGINE,2023-08-15,8071.2,38.9,N,12.2,3.7,1.04,3.0,2.8,5.1,2.1,1.8,0.022,0.52,0.0,0.23,106.2,9.0,6.2,10.72,4.4,NORMAL
S00000999,EX-012,EXCAVATOR,336,ENGINE,2023-09-15,8326.4,294.1,N,20.5,8.6,1.95,3.3,4.2,6.4,5.1,2.4,0.016,0.93,0.0,0.45,108.2,14.0,7.7,8.35,10.6,NORMAL
S00001000,EX-012,EXCAVATOR,336,ENGINE,2023-10-17,8597.7,7.7,N,10.8,3.2,1.18,2.7,3.3,5.7,2.4,1.5,0.013,0.99,0.0,0.2,103.4,8.9,4.7,11.36,5.9,NORMAL
S00001001,EX-012,EXCAVATOR,336,ENGINE,2023-11-14,8832.5,242.5,N,15.8,6.7,1.9,4.3,5.5,8.6,4.1,2.9,0.021,0.64,0.0,0.45,111.0,12.4,8.5,9.07,10.4,NORMAL
S00001002,EX-012,EXCAVATOR,336,ENGINE,2023-12-18,9110.7,2.5,N,10.6,4.0,1.07,2.0,2.7,3.9,1.9,1.6,0.024,0.72,0.0,0.2,106.2,8.8,6.0,10.05,4.8,NORMAL
S00001003,EX-012,EXCAVATOR,336,ENGINE,2024-01-28,9452.5,344.3,N,21.1,9.5,2.83,6.1,4.5,10.0,4.6,3.2,0.014,0.59,0.0,0.47,105.8,13.7,9.9,7.73,6.4,NORMAL
S00001004,EX-012,EXCAVATOR,336,ENGINE,2024-02-29,9721.1,40.8,N,11.3,3.6,1.25,2.9,4.0,5.3,2.6,2.0,0.017,0.49,0.0,0.22,109.1,8.9,6.5,9.13,5.4,NORMAL
S00001005,EX-012,EXCAVATOR,336,ENGINE,2024-04-01,9987.6,307.3,N,17.0,5.1,1.79,4.1,4.6,7.5,5.0,3.0,0.017,0.68,0.0,0.46,109.7,14.3,9.0,8.22,10.2,NORMAL
S00001006,EX-012,EXCAVATOR,336,ENGINE,2024-05-02,10245.1,43.5,N,10.4,5.3,1.2,2.3,3.5,4.2,2.7,2.6,0.025,0.83,0.0,0.24,107.4,9.7,6.6,10.14,5.5,NORMAL
S00001007,EX-012,EXCAVATOR,336,ENGINE,2024-05-30,10480.9,279.3,N,20.4,9.0,2.2,4.1,7.9,9.8,4.1,3.6,0.02,0.47,0.0,0.43,105.8,13.2,9.0,8.2,10.0,NORMAL
S00001008,EX-012,EXCAVATOR,336,ENGINE,2024-06-21,10668.7,467.1,N,28.1,10.5,2.45,5.0,7.8,15.7,5.4,4.3,0.018,0.85,0.0,0.61,104.8,17.0,11.0,6.7,12.8,NORMAL
S00001009,EX-012,EXCAVATOR,336,ENGINE,2024-07-20,10906.2,49.9,N,18.6,4.9,1.23,2.5,7.8,20.2,3.1,1.8,0.03,0.62,0.0,0.27,112.5,8.4,5.9,9.97,4.3,NORMAL
S00001010,EX-012,EXCAVATOR,336,ENGINE,2024-08-18,11150.2,293.9,N,29.4,7.5,2.46,4.2,13.2,35.6,4.2,3.7,0.038,0.65,0.0,0.4,109.3,13.0,8.6,8.14,6.7,MONITOR
S00001011,EX-012,EXCAVATOR,336,ENGINE,2024-09-18,11410.3,40.6,N,28.5,4.6,1.12,2.7,13.5,46.4,2.3,2.1,0.022,0.7,0.0,0.2,108.5,8.6,5.9,9.97,4.8,MONITOR
S00001012,EX-012,EXCAVATOR,336,ENGINE,2024-10-19,11669.7,300.1,N,22.9,6.7,2.07,3.9,4.3,7.9,3.2,3.1,0.013,0.65,0.0,0.53,108.9,11.7,10.1,7.59,9.5,NORMAL
S00001013,EX-012,EXCAVATOR,336,ENGINE,2024-11-26,11987.4,50.0,N,7.1,4.7,1.65,3.0,4.1,5.3,2.9,1.5,0.021,0.68,0.0,0.23,106.2,7.4,6.3,10.03,4.2,NORMAL
S00001014,EX-012,EXCAVATOR,336,ENGINE,2024-12-30,12273.3,335.9,N,19.2,7.1,1.93,4.7,5.2,7.3,4.4,3.6,0.023,0.48,0.0,0.52,105.4,12.7,9.3,7.38,9.9,NORMAL
S00001015,EX-012,EXCAVATOR,336,ENGINE,2025-02-01,12545.7,20.7,N,9.1,4.0,1.31,2.7,2.8,4.6,3.1,1.9,0.024,0.47,0.0,0.19,109.2,9.3,5.6,9.43,4.7,NORMAL
S00001016,EX-012,EXCAVATOR,336,ENGINE,2025-02-23,12729.8,204.7,N,12.8,8.0,2.39,3.7,5.5,8.2,2.9,3.1,0.018,0.55,0.0,0.44,108.0,11.8,7.1,8.97,7.7,NORMAL
S00001017,EX-012,EXCAVATOR,336,ENGINE,2025-03-18,12920.4,395.4,N,26.8,9.1,2.73,5.2,7.1,12.1,6.4,3.9,0.014,0.73,0.0,0.72,104.9,16.1,10.3,7.34,9.1,NORMAL
S00001018,EX-012,EXCAVATOR,336,ENGINE,2025-04-15,13156.1,26.2,N,9.8,3.4,1.28,2.1,2.2,3.9,2.2,1.8,0.031,0.67,0.0,0.22,108.7,9.0,6.0,10.36,4.5,NORMAL
S00001019,EX-012,EXCAVATOR,336,ENGINE,2025-05-16,13417.8,287.9,N,19.6,8.6,1.86,3.8,5.5,7.1,4.8,3.0,0.014,0.59,0.0,0.37,105.6,11.3,8.2,7.47,7.7,NORMAL
S00001020,EX-012,EXCAVATOR,336,ENGINE,2025-06-12,13644.1,30.6,N,11.1,3.9,1.28,2.2,3.3,6.1,2.8,1.8,0.018,0.94,0.0,0.22,109.4,8.6,5.5,9.88,4.8,NORMAL
S00001021,EX-012,EXCAVATOR,336,ENGINE,2025-07-25,13999.0,385.5,N,23.1,7.0,2.56,4.9,5.1,10.7,4.8,3.2,0.017,0.79,0.0,0.54,110.7,13.9,9.9,6.9,8.8,NORMAL
S00001022,EX-012,EXCAVATOR,336,ENGINE,2025-09-02,14328.5,24.1,N,11.5,4.6,1.17,1.7,3.7,5.1,2.3,1.8,0.023,0.49,0.0,0.21,108.8,7.4,6.5,10.64,4.8,NORMAL
S00001023,EX-012,EXCAVATOR,336,ENGINE,2025-10-03,14581.6,277.2,N,21.8,8.4,2.25,3.9,5.7,10.4,4.6,2.4,0.032,0.78,0.0,0.39,107.7,14.4,8.2,7.99,8.9,NORMAL
S00001024,EX-012,EXCAVATOR,336,ENGINE,2025-11-04,14853.8,36.0,N,11.2,3.8,0.98,2.7,3.0,6.1,3.0,1.6,0.031,0.55,0.0,0.25,106.8,8.1,7.3,9.95,5.1,NORMAL
S00001025,EX-012,EXCAVATOR,336,ENGINE,2025-12-05,15107.3,289.5,N,23.4,7.2,2.33,4.5,4.4,9.7,4.5,3.3,0.024,0.58,0.0,0.45,104.9,12.3,8.2,8.18,10.1,NORMAL
S00001026,EX-012,EXCAVATOR,336,ENGINE,2026-01-03,15356.2,55.2,N,9.9,4.3,1.29,3.2,3.7,4.8,2.1,2.2,0.014,1.01,0.0,0.22,104.4,10.1,5.6,10.28,4.9,NORMAL
S00001027,EX-012,EXCAVATOR,336,ENGINE,2026-02-10,15672.0,371.1,N,15.7,8.3,2.81,5.4,6.9,7.7,6.2,3.3,0.013,0.68,0.0,0.54,107.0,15.7,9.4,6.85,9.1,NORMAL
S00001028,EX-012,EXCAVATOR,336,ENGINE,2026-03-06,15872.3,6.1,N,11.4,4.1,1.33,2.5,2.5,4.4,2.2,1.5,0.032,1.54,0.0,0.21,104.2,8.6,5.7,11.15,4.6,NORMAL
S00001029,EX-012,EXCAVATOR,336,ENGINE,2026-04-13,16190.3,324.1,N,26.6,8.5,3.2,4.5,5.5,9.2,4.0,3.4,0.028,2.81,0.0,0.71,95.9,12.0,9.3,7.69,12.5,NORMAL
S00001030,EX-012,EXCAVATOR,336,ENGINE,2026-05-13,16437.0,8.4,N,10.3,4.5,1.08,2.8,2.4,5.0,2.6,1.7,0.029,4.72,0.0,0.38,96.1,9.6,5.9,10.51,4.1,NORMAL
S00001031,EX-012,EXCAVATOR,336,ENGINE,2026-06-02,16605.2,176.6,N,18.9,10.6,1.69,6.3,3.8,5.6,3.9,3.3,0.022,6.56,0.0,0.59,86.9,10.4,8.5,8.8,9.2,MONITOR
S00001066,EX-012,EXCAVATOR,336,FINAL_DRIVE,2023-04-06,7060.1,1561.7,N,92.1,11.6,6.96,12.7,8.0,9.0,3.1,2.5,0.061,0.0,0.0,0.07,98.3,8.8,4.7,3.91,46.6,NORMAL
S00001067,EX-012,EXCAVATOR,336,FINAL_DRIVE,2023-07-05,7811.9,57.1,N,47.0,5.8,3.08,4.6,4.0,4.7,2.3,0.9,0.066,0.0,0.0,0.03,102.0,5.0,3.0,5.92,17.7,NORMAL
S00001068,EX-012,EXCAVATOR,336,FINAL_DRIVE,2023-09-27,8508.4,753.6,N,76.0,6.6,4.59,7.8,4.2,8.2,2.5,1.9,0.054,0.0,0.0,0.04,100.8,6.6,3.3,5.16,23.0,NORMAL
S00001069,EX-012,EXCAVATOR,336,FINAL_DRIVE,2023-12-26,9260.1,1505.4,N,101.4,9.0,6.65,8.3,5.5,11.9,4.3,2.4,0.149,0.0,0.0,0.06,95.0,8.9,5.4,4.11,31.6,NORMAL
S00001070,EX-012,EXCAVATOR,336,FINAL_DRIVE,2024-03-25,10011.9,25.3,N,83.0,4.8,2.77,5.3,3.1,29.5,1.8,1.2,4.39,0.0,0.0,0.03,98.0,4.9,2.6,5.98,13.2,ACTION
S00001071,EX-012,EXCAVATOR,336,FINAL_DRIVE,2024-06-21,10752.8,766.1,N,51.3,8.8,3.98,5.3,4.9,10.2,2.6,1.7,0.036,0.0,0.0,0.04,100.1,6.5,4.0,4.3,30.0,NORMAL
S00001072,EX-012,EXCAVATOR,336,FINAL_DRIVE,2024-09-19,11504.5,1517.9,N,90.1,11.5,4.69,12.5,10.2,12.5,3.1,2.3,0.084,0.0,0.0,0.08,99.7,8.9,4.8,4.59,33.2,NORMAL
S00001073,EX-012,EXCAVATOR,336,FINAL_DRIVE,2024-12-18,12256.3,2.7,N,56.8,6.3,2.3,4.0,3.0,5.5,1.6,1.1,0.061,0.0,0.0,0.02,97.4,5.2,2.5,6.01,14.6,NORMAL
S00001074,EX-012,EXCAVATOR,336,FINAL_DRIVE,2025-03-18,13008.1,754.5,N,59.4,8.9,4.71,9.1,5.2,6.6,2.8,1.4,0.045,0.0,0.0,0.04,97.5,7.3,4.1,4.93,24.1,NORMAL
S00001075,EX-012,EXCAVATOR,336,FINAL_DRIVE,2025-06-16,13759.8,1506.2,N,104.6,14.2,6.37,9.5,6.8,9.2,3.2,2.2,0.111,0.0,0.0,0.07,101.4,8.9,4.6,4.18,37.5,NORMAL
S00001076,EX-012,EXCAVATOR,336,FINAL_DRIVE,2025-09-14,14511.6,36.0,N,61.4,4.3,2.88,5.1,3.5,7.4,1.7,1.2,0.247,0.0,0.0,0.03,104.0,4.7,2.5,5.62,19.1,NORMAL
S00001077,EX-012,EXCAVATOR,336,FINAL_DRIVE,2025-12-13,15263.3,787.8,N,66.8,8.4,4.86,7.7,4.0,8.5,2.1,1.9,0.047,0.0,0.0,0.05,98.4,7.6,4.1,4.96,22.9,NORMAL
S00001078,EX-012,EXCAVATOR,336,FINAL_DRIVE,2026-03-13,16015.1,1539.6,N,183.6,14.7,13.79,10.2,8.7,10.7,2.6,2.6,0.043,0.0,0.0,0.08,102.3,8.8,5.0,4.0,103.1,MONITOR
S00001079,EX-012,EXCAVATOR,336,FINAL_DRIVE,2026-06-11,16766.9,3.7,N,45.5,3.4,2.49,4.9,3.9,4.2,1.8,0.9,0.049,0.0,0.0,0.03,105.0,5.1,2.9,5.88,17.6,NORMAL
S00001032,EX-012,EXCAVATOR,336,HYDRAULIC,2023-04-13,6968.2,1390.3,N,13.6,4.6,1.15,2.0,2.7,7.1,4.2,1.8,0.045,0.0,0.0,0.07,46.6,10.2,4.1,3.02,6.7,NORMAL
S00001033,EX-012,EXCAVATOR,336,HYDRAULIC,2023-07-12,7719.9,15.2,N,5.9,1.6,0.7,0.9,1.7,4.4,2.0,1.1,0.035,0.0,0.0,0.03,46.7,5.8,2.3,4.44,3.4,NORMAL
S00001034,EX-012,EXCAVATOR,336,HYDRAULIC,2023-10-10,8471.7,767.0,N,22.4,3.5,0.73,1.6,7.8,43.2,2.6,2.1,0.024,0.0,0.0,0.05,47.5,6.5,3.2,3.8,5.7,MONITOR
S00001035,EX-012,EXCAVATOR,336,HYDRAULIC,2024-01-08,9223.4,1518.8,N,19.5,3.5,1.06,2.6,3.0,7.0,3.3,2.1,0.524,0.0,0.0,0.06,45.1,10.0,5.6,3.28,7.3,MONITOR
S00001036,EX-012,EXCAVATOR,336,HYDRAULIC,2024-04-07,9975.2,15.1,N,19.2,2.5,0.64,1.2,3.3,13.6,1.3,0.9,10.835,0.0,0.0,0.02,47.5,5.1,3.0,4.58,3.2,MONITOR
S00001037,EX-012,EXCAVATOR,336,HYDRAULIC,2024-06-15,10556.9,596.7,N,23.8,2.8,1.1,2.1,8.1,38.7,3.2,1.5,0.034,0.0,0.0,0.04,45.6,7.6,3.9,3.77,6.0,MONITOR
S00001038,EX-012,EXCAVATOR,336,HYDRAULIC,2024-09-13,11308.6,1348.5,N,9.8,4.5,1.14,1.8,3.7,6.0,2.5,2.5,0.046,0.0,0.0,0.07,46.5,10.0,4.1,3.74,6.5,NORMAL
S00001039,EX-012,EXCAVATOR,336,HYDRAULIC,2024-12-07,12017.4,12.4,N,6.5,1.9,0.56,1.2,1.4,4.2,1.9,1.3,0.033,0.0,0.0,0.02,44.9,6.3,2.8,4.62,2.9,NORMAL
S00001040,EX-012,EXCAVATOR,336,HYDRAULIC,2025-03-07,12769.2,764.1,N,10.8,3.0,1.19,1.9,2.7,5.0,2.6,2.0,0.021,0.0,0.0,0.04,48.3,7.7,4.4,3.59,4.1,NORMAL
S00001041,EX-012,EXCAVATOR,336,HYDRAULIC,2025-06-05,13520.9,1515.9,N,14.5,6.9,1.16,2.0,3.4,6.2,3.7,2.4,0.034,0.0,0.0,0.08,45.8,10.1,4.5,3.06,6.8,NORMAL
S00001042,EX-012,EXCAVATOR,336,HYDRAULIC,2025-09-03,14272.7,47.1,N,5.6,2.8,0.54,1.1,1.6,3.0,2.0,1.1,0.043,0.0,0.0,0.02,47.2,5.5,2.9,4.38,3.2,NORMAL
S00001043,EX-012,EXCAVATOR,336,HYDRAULIC,2025-12-02,15024.4,798.8,N,8.5,3.7,0.92,1.9,2.7,5.0,3.2,1.7,0.029,0.0,0.0,0.05,42.7,7.9,3.9,4.13,5.5,NORMAL
S00001044,EX-012,EXCAVATOR,336,HYDRAULIC,2026-03-02,15776.2,1550.6,N,15.2,4.6,1.39,3.1,4.2,9.9,3.3,2.0,0.033,0.0,0.0,0.07,46.9,9.8,5.1,3.19,8.0,NORMAL
S00001045,EX-012,EXCAVATOR,336,HYDRAULIC,2026-05-31,16528.0,34.2,N,5.3,2.8,0.43,1.0,1.8,2.8,1.7,1.4,0.023,0.0,0.0,0.03,45.6,5.9,2.9,4.45,4.0,NORMAL
S00001046,EX-012,EXCAVATOR,336,TRANSMISSION,2023-03-19,6882.7,23.5,N,25.1,7.6,1.96,4.3,2.3,3.9,1.6,1.0,0.032,0.0,0.0,0.05,69.0,6.5,3.7,6.91,8.1,NORMAL
S00001047,EX-012,EXCAVATOR,336,TRANSMISSION,2023-05-24,7434.9,575.8,N,47.0,18.8,3.36,5.8,4.5,7.4,3.2,3.4,0.03,0.0,0.0,0.11,65.0,9.8,5.0,5.13,14.5,NORMAL
S00001048,EX-012,EXCAVATOR,336,TRANSMISSION,2023-08-02,8020.6,39.4,N,12.5,6.9,1.61,3.2,2.6,3.6,1.5,1.3,0.034,0.0,0.0,0.06,66.5,6.7,4.2,6.43,6.7,NORMAL
S00001049,EX-012,EXCAVATOR,336,TRANSMISSION,2023-10-16,8643.0,661.8,N,46.2,29.2,2.97,11.7,7.2,9.1,3.6,1.9,0.042,0.0,0.0,0.12,68.7,10.4,5.7,5.33,18.9,MONITOR
S00001050,EX-012,EXCAVATOR,336,TRANSMISSION,2023-12-14,9133.4,26.5,N,18.8,8.8,1.68,3.1,2.4,5.5,1.4,1.2,0.04,0.0,0.0,0.06,66.8,5.3,3.8,6.82,6.4,NORMAL
S00001051,EX-012,EXCAVATOR,336,TRANSMISSION,2024-02-16,9669.2,562.3,N,36.0,12.7,3.01,5.8,5.4,6.6,3.6,2.9,0.041,0.0,0.0,0.13,65.8,9.2,5.2,5.72,13.4,NORMAL
S00001052,EX-012,EXCAVATOR,336,TRANSMISSION,2024-04-08,10101.7,994.8,N,45.7,19.0,4.53,8.3,6.2,11.6,5.7,2.8,0.04,0.0,0.0,0.16,69.9,12.7,6.5,4.43,19.8,NORMAL
S00001053,EX-012,EXCAVATOR,336,TRANSMISSION,2024-06-06,10597.7,23.4,N,17.8,8.8,2.21,3.2,2.3,3.2,1.9,1.1,0.044,0.0,0.0,0.05,70.5,5.9,3.5,6.48,11.4,NORMAL
S00001054,EX-012,EXCAVATOR,336,TRANSMISSION,2024-08-05,11096.1,521.8,N,75.4,15.5,4.95,6.9,5.5,10.2,2.6,2.1,0.053,0.0,0.0,0.11,68.7,9.5,5.7,5.57,33.1,MONITOR
S00001055,EX-012,EXCAVATOR,336,TRANSMISSION,2024-10-11,11659.2,11.9,N,96.3,9.3,7.4,3.1,3.3,5.4,1.9,0.9,0.028,0.0,0.0,0.04,67.4,6.1,3.7,7.15,51.4,MONITOR
S00001056,EX-012,EXCAVATOR,336,TRANSMISSION,2024-12-09,12149.1,501.8,N,41.5,13.0,2.44,8.0,4.5,5.6,2.9,2.0,0.032,0.0,0.0,0.12,67.0,9.2,5.4,5.61,13.0,NORMAL
S00001057,EX-012,EXCAVATOR,336,TRANSMISSION,2025-02-08,12658.7,28.1,N,20.0,7.1,1.72,2.0,3.2,5.1,1.7,0.8,0.024,0.0,0.0,0.05,67.8,7.4,3.6,7.1,5.3,NORMAL
S00001058,EX-012,EXCAVATOR,336,TRANSMISSION,2025-03-19,12990.8,360.2,N,31.4,11.3,2.44,3.5,4.1,6.9,2.3,2.3,0.022,0.0,0.0,0.1,68.1,7.2,5.0,6.28,11.7,NORMAL
S00001059,EX-012,EXCAVATOR,336,TRANSMISSION,2025-06-01,13603.5,972.9,N,53.3,19.3,3.35,10.8,8.5,8.3,5.1,3.6,0.02,0.0,0.0,0.16,68.0,12.5,5.9,4.19,23.3,NORMAL
S00001060,EX-012,EXCAVATOR,336,TRANSMISSION,2025-07-27,14076.9,47.0,N,21.3,9.2,1.76,4.5,2.7,5.6,1.9,1.4,0.018,0.0,0.0,0.05,69.3,6.7,4.0,6.8,6.6,NORMAL
S00001061,EX-012,EXCAVATOR,336,TRANSMISSION,2025-10-07,14672.7,642.9,N,49.8,15.6,3.9,7.2,4.9,8.0,3.4,2.5,0.038,0.0,0.0,0.15,69.2,11.5,5.0,5.65,17.8,NORMAL
S00001062,EX-012,EXCAVATOR,336,TRANSMISSION,2025-12-19,15287.4,46.7,N,83.7,7.8,6.67,4.5,2.9,3.9,1.8,1.1,0.019,0.0,0.0,0.06,69.2,7.0,3.5,7.01,47.9,MONITOR
S00001063,EX-012,EXCAVATOR,336,TRANSMISSION,2026-02-22,15824.2,583.6,N,32.5,15.8,3.52,6.3,4.9,8.7,4.0,1.8,0.031,0.0,0.0,0.11,69.8,10.5,5.3,4.84,16.0,NORMAL
S00001064,EX-012,EXCAVATOR,336,TRANSMISSION,2026-04-20,16302.4,28.5,N,25.3,8.6,1.28,3.6,3.9,4.2,1.5,1.3,0.017,0.0,0.0,0.07,66.7,6.7,3.1,6.92,9.4,NORMAL
S00001065,EX-012,EXCAVATOR,336,TRANSMISSION,2026-06-12,16744.4,470.5,N,30.4,16.5,3.26,6.2,5.7,6.0,2.7,2.3,0.018,0.0,0.0,0.1,68.4,9.1,5.3,5.27,15.2,NORMAL
S00001080,EX-013,EXCAVATOR,336,ENGINE,2023-02-20,2214.9,54.9,N,8.7,5.7,1.69,2.3,3.5,4.5,2.5,2.5,0.037,0.69,0.0,0.17,108.0,11.2,6.5,9.87,6.5,NORMAL
S00001081,EX-013,EXCAVATOR,336,ENGINE,2023-04-03,2538.4,378.4,N,23.2,9.8,3.52,5.0,6.2,11.7,6.4,5.3,0.013,0.62,0.0,0.55,112.1,11.9,9.5,7.74,11.3,NORMAL
S00001082,EX-013,EXCAVATOR,336,ENGINE,2023-04-21,2682.9,25.0,N,9.4,4.4,0.92,2.6,3.1,3.8,2.8,2.2,0.019,0.39,0.0,0.27,110.4,8.6,5.8,10.14,4.9,NORMAL
S00001083,EX-013,EXCAVATOR,336,ENGINE,2023-05-13,2850.4,192.5,N,13.6,8.8,1.65,4.2,5.0,6.2,3.5,2.6,0.029,0.33,0.0,0.39,109.7,11.9,8.7,9.4,7.6,NORMAL
S00001084,EX-013,EXCAVATOR,336,ENGINE,2023-06-17,3120.3,462.4,N,20.2,10.6,2.85,5.8,7.7,10.5,5.3,4.7,0.023,0.45,0.0,0.55,110.4,16.8,11.9,6.71,12.3,NORMAL
S00001085,EX-013,EXCAVATOR,336,ENGINE,2023-07-20,3378.0,26.4,N,12.6,4.7,1.11,2.6,2.2,4.2,2.7,1.9,0.021,0.54,0.0,0.29,109.4,9.8,5.9,10.06,4.1,NORMAL
S00001086,EX-013,EXCAVATOR,336,ENGINE,2023-08-24,3651.1,299.6,N,21.1,6.3,1.73,5.0,7.1,8.7,3.8,3.3,0.016,1.01,0.0,0.45,106.7,14.8,8.8,7.73,8.9,NORMAL
S00001087,EX-013,EXCAVATOR,336,ENGINE,2023-10-01,3943.5,41.5,N,13.0,5.2,1.5,2.5,3.5,4.2,2.8,1.8,0.015,0.76,0.0,0.23,108.3,9.6,6.6,9.79,3.9,NORMAL
S00001088,EX-013,EXCAVATOR,336,ENGINE,2023-11-12,4267.7,365.7,N,21.0,9.2,2.87,4.4,6.7,11.0,5.0,3.6,0.031,0.42,0.0,0.6,109.1,14.3,10.1,7.35,8.5,NORMAL
S00001089,EX-013,EXCAVATOR,336,ENGINE,2023-12-11,4494.1,17.6,N,10.7,4.4,0.96,2.2,3.1,5.0,2.6,1.8,0.017,0.69,0.0,0.21,99.2,9.0,5.8,10.39,4.5,NORMAL
S00001090,EX-013,EXCAVATOR,336,ENGINE,2024-01-15,4768.8,292.3,N,20.6,6.1,2.14,4.4,5.4,9.0,4.4,2.9,0.026,0.37,0.0,0.53,106.0,12.3,9.4,8.44,12.9,NORMAL
S00001091,EX-013,EXCAVATOR,336,ENGINE,2024-02-11,4973.8,497.3,N,33.1,11.9,2.73,6.2,6.4,10.6,6.0,5.0,0.023,0.68,0.0,0.68,102.5,17.8,12.0,6.63,14.0,NORMAL
S00001092,EX-013,EXCAVATOR,336,ENGINE,2024-03-04,5145.8,13.6,N,8.4,3.6,1.27,2.4,2.9,4.7,2.7,2.5,0.021,1.05,0.0,0.19,106.9,8.6,6.1,10.08,5.2,NORMAL
S00001093,EX-013,EXCAVATOR,336,ENGINE,2024-04-08,5418.2,286.0,N,15.4,6.5,2.6,3.4,3.9,6.8,4.4,3.4,0.02,0.94,0.0,0.43,107.0,13.6,9.1,8.31,6.9,NORMAL
S00001094,EX-013,EXCAVATOR,336,ENGINE,2024-05-10,5665.6,2.4,N,9.4,4.2,0.83,1.9,2.9,5.0,3.0,2.1,0.015,0.79,0.0,0.14,106.3,7.3,6.2,11.27,4.8,NORMAL
S00001095,EX-013,EXCAVATOR,336,ENGINE,2024-06-16,5950.0,286.7,N,22.6,8.0,2.1,4.3,4.0,7.1,3.7,3.4,0.031,0.71,0.0,0.46,104.1,14.3,9.2,7.98,9.4,NORMAL
S00001096,EX-013,EXCAVATOR,336,ENGINE,2024-07-19,6209.1,17.9,N,9.7,4.5,1.32,2.8,2.8,4.9,2.3,1.4,0.02,0.63,0.0,0.19,111.4,8.7,6.0,10.56,6.3,NORMAL
S00001097,EX-013,EXCAVATOR,336,ENGINE,2024-08-14,6408.9,217.7,N,14.0,6.1,2.02,3.3,5.1,6.8,3.3,3.6,0.018,0.55,0.0,0.4,106.9,11.3,7.8,8.12,7.2,NORMAL
S00001098,EX-013,EXCAVATOR,336,ENGINE,2024-09-23,6723.5,42.7,N,11.7,6.1,1.04,3.1,3.0,3.6,3.1,1.8,0.012,0.87,0.0,0.27,105.4,8.8,6.3,8.61,6.4,NORMAL
S00001099,EX-013,EXCAVATOR,336,ENGINE,2024-11-03,7037.4,356.6,N,21.1,8.8,1.85,5.2,5.8,9.5,5.3,3.4,0.016,0.77,0.0,0.58,106.2,14.4,8.6,6.8,11.3,NORMAL
S00001100,EX-013,EXCAVATOR,336,ENGINE,2024-12-01,7255.0,57.8,N,10.8,4.3,1.41,3.1,3.4,5.1,3.0,2.1,0.017,0.46,0.0,0.29,107.4,10.4,6.4,9.74,6.6,NORMAL
S00001101,EX-013,EXCAVATOR,336,ENGINE,2025-01-04,7519.1,321.8,N,16.2,8.7,2.43,3.9,4.5,11.6,4.1,3.0,0.017,0.55,0.0,0.46,110.4,14.5,9.8,8.09,8.0,NORMAL
S00001102,EX-013,EXCAVATOR,336,ENGINE,2025-02-04,7763.0,52.4,N,12.5,4.9,1.26,3.2,3.0,4.5,2.1,2.2,0.013,0.43,0.0,0.24,106.8,10.1,5.6,9.6,4.8,NORMAL
S00001103,EX-013,EXCAVATOR,336,ENGINE,2025-03-08,8005.1,294.5,N,19.2,7.4,1.9,3.4,4.5,10.0,3.3,2.4,0.019,0.46,0.0,0.38,108.5,12.6,9.0,8.05,9.0,NORMAL
S00001104,EX-013,EXCAVATOR,336,ENGINE,2025-04-04,8218.3,38.9,N,9.3,4.2,1.19,2.4,3.2,4.4,2.8,1.7,0.009,0.61,0.0,0.19,107.3,8.9,6.5,10.05,5.1,NORMAL
S00001105,EX-013,EXCAVATOR,336,ENGINE,2025-05-01,8425.8,246.4,N,18.7,7.0,2.38,4.3,5.6,9.5,3.6,3.6,0.016,1.14,0.0,0.43,112.7,11.4,8.8,8.19,8.6,NORMAL
S00001106,EX-013,EXCAVATOR,336,ENGINE,2025-05-30,8651.0,471.6,N,25.0,7.7,1.74,5.9,8.9,10.6,4.3,3.5,0.017,0.32,0.0,0.75,107.1,18.4,10.0,5.86,12.9,NORMAL
S00001107,EX-013,EXCAVATOR,336,ENGINE,2025-07-07,8946.9,27.2,N,10.1,3.5,1.16,2.3,3.4,4.1,1.7,2.0,0.023,1.09,0.0,0.19,111.9,9.2,6.3,10.6,4.9,NORMAL
S00001108,EX-013,EXCAVATOR,336,ENGINE,2025-08-11,9219.9,300.2,N,19.7,6.0,2.38,5.7,5.2,7.6,4.8,2.9,0.015,0.73,0.0,0.5,108.2,14.7,9.6,8.33,10.1,NORMAL
S00001109,EX-013,EXCAVATOR,336,ENGINE,2025-09-12,9465.9,9.4,N,10.9,4.4,1.09,2.7,3.6,4.0,2.1,1.9,0.035,1.35,0.0,0.18,107.7,8.9,5.0,9.71,5.6,NORMAL
S00001110,EX-013,EXCAVATOR,336,ENGINE,2025-10-09,9678.3,221.8,N,17.2,7.3,2.16,3.7,4.8,5.7,3.7,2.3,0.022,0.77,0.0,0.41,107.5,10.5,7.4,8.82,6.7,NORMAL
S00001111,EX-013,EXCAVATOR,336,ENGINE,2025-11-06,9895.2,438.8,N,27.1,9.1,2.73,5.1,6.3,10.1,5.6,4.5,0.021,0.57,0.0,0.66,110.0,14.5,10.6,7.02,9.7,NORMAL
S00001112,EX-013,EXCAVATOR,336,ENGINE,2025-12-09,10150.5,27.8,N,9.8,4.0,1.27,2.2,2.9,3.7,1.9,1.7,0.018,0.99,0.0,0.27,105.6,8.8,5.5,9.82,5.1,NORMAL
S00001113,EX-013,EXCAVATOR,336,ENGINE,2026-01-16,10446.8,324.1,N,19.9,8.8,2.18,5.4,4.6,7.5,4.3,3.0,0.01,0.61,0.0,0.62,106.9,13.8,9.7,7.54,7.2,NORMAL
S00001114,EX-013,EXCAVATOR,336,ENGINE,2026-02-09,10628.4,28.0,N,12.6,4.8,1.21,2.8,3.7,5.5,2.0,1.9,0.031,0.45,0.0,0.24,110.3,7.8,6.1,10.56,3.8,NORMAL
S00001115,EX-013,EXCAVATOR,336,ENGINE,2026-02-28,10777.4,177.0,N,15.3,7.1,1.56,3.7,4.9,8.4,2.6,2.7,0.02,0.69,0.0,0.37,106.6,13.5,8.3,9.55,8.0,NORMAL
S00001116,EX-013,EXCAVATOR,336,ENGINE,2026-03-29,11001.0,400.7,N,22.6,7.2,2.03,5.1,5.5,9.1,5.9,5.3,0.016,0.91,0.0,0.43,109.1,14.4,11.2,6.51,10.9,NORMAL
S00001117,EX-013,EXCAVATOR,336,ENGINE,2026-04-30,11254.3,10.4,N,10.6,3.4,1.29,1.5,2.6,4.8,1.7,2.2,0.027,0.72,0.0,0.23,109.0,8.1,6.3,10.52,6.0,NORMAL
S00001118,EX-013,EXCAVATOR,336,ENGINE,2026-06-09,11557.6,313.7,N,20.5,6.7,2.15,3.6,4.4,10.0,5.0,3.3,0.027,0.69,0.0,0.57,106.6,14.5,7.9,7.33,10.8,NORMAL
S00001151,EX-013,EXCAVATOR,336,FINAL_DRIVE,2023-04-02,2603.1,1042.9,N,79.3,9.2,5.63,6.1,4.6,10.0,3.2,1.7,0.052,0.0,0.0,0.06,104.6,7.9,4.2,4.21,35.2,NORMAL
S00001152,EX-013,EXCAVATOR,336,FINAL_DRIVE,2023-07-01,3301.2,1741.0,N,119.1,11.0,7.66,10.2,8.4,9.2,4.1,2.7,0.031,0.0,0.0,0.08,98.2,9.9,5.8,3.72,39.0,NORMAL
S00001153,EX-013,EXCAVATOR,336,FINAL_DRIVE,2023-09-29,3999.3,7.2,N,38.1,6.9,1.64,4.8,4.3,5.5,1.6,1.4,0.03,0.0,0.0,0.02,96.8,4.8,2.6,5.75,13.9,NORMAL
S00001154,EX-013,EXCAVATOR,336,FINAL_DRIVE,2023-12-28,4697.4,705.3,N,103.8,9.7,4.05,8.2,4.8,5.7,3.0,1.7,0.043,0.0,0.0,0.05,100.2,5.9,3.9,5.02,26.7,NORMAL
S00001155,EX-013,EXCAVATOR,336,FINAL_DRIVE,2024-03-27,5395.5,1403.4,N,93.0,10.5,5.64,8.8,7.1,8.8,2.7,2.1,0.058,0.0,0.0,0.06,100.8,9.1,5.0,4.09,30.0,NORMAL
S00001156,EX-013,EXCAVATOR,336,FINAL_DRIVE,2024-06-25,6093.6,36.3,N,56.0,5.1,2.71,4.7,3.0,4.4,1.8,0.8,0.05,0.0,0.0,0.02,102.7,4.6,2.8,6.23,17.4,NORMAL
S00001157,EX-013,EXCAVATOR,336,FINAL_DRIVE,2024-09-23,6791.7,734.4,N,75.6,6.7,4.04,5.9,4.3,8.6,2.9,1.7,0.05,0.0,0.0,0.05,100.5,6.9,3.3,4.73,27.0,NORMAL
S00001158,EX-013,EXCAVATOR,336,FINAL_DRIVE,2024-12-22,7489.7,1432.5,N,138.4,10.0,5.17,12.0,6.1,11.5,2.8,2.7,0.053,0.0,0.0,0.07,97.5,10.0,4.3,4.41,29.4,NORMAL
S00001159,EX-013,EXCAVATOR,336,FINAL_DRIVE,2025-02-26,7998.4,1941.2,N,114.7,16.4,5.32,9.9,10.6,15.3,3.8,2.8,0.072,0.0,0.0,0.08,100.8,9.7,5.8,3.61,39.7,NORMAL
S00001160,EX-013,EXCAVATOR,336,FINAL_DRIVE,2025-05-27,8696.5,56.0,N,48.8,3.4,2.54,4.9,4.2,6.2,1.5,1.6,0.059,0.0,0.0,0.03,102.9,4.9,3.2,5.66,16.9,NORMAL
S00001161,EX-013,EXCAVATOR,336,FINAL_DRIVE,2025-08-25,9394.6,754.1,N,66.0,7.7,5.65,7.1,4.7,6.6,2.8,1.5,0.047,0.0,0.0,0.05,101.1,6.6,4.0,5.2,23.2,NORMAL
S00001162,EX-013,EXCAVATOR,336,FINAL_DRIVE,2025-11-23,10092.6,1452.2,N,149.3,12.1,7.17,11.7,8.5,22.6,4.1,2.3,1.95,0.0,0.0,0.07,101.9,9.8,5.3,3.89,33.4,MONITOR
S00001163,EX-013,EXCAVATOR,336,FINAL_DRIVE,2026-02-21,10790.7,19.9,N,70.2,3.6,3.38,4.7,3.2,5.3,1.6,1.1,0.031,0.0,0.0,0.03,97.8,5.7,3.2,5.85,14.2,NORMAL
S00001164,EX-013,EXCAVATOR,336,FINAL_DRIVE,2026-05-22,11488.8,718.0,N,80.3,7.9,5.17,7.9,5.4,7.8,2.9,2.0,0.059,0.0,0.0,0.05,102.2,5.8,4.0,4.85,18.9,NORMAL
S00001119,EX-013,EXCAVATOR,336,HYDRAULIC,2023-04-01,2669.7,810.9,N,9.4,3.5,0.82,1.9,2.9,3.9,3.3,2.5,0.02,0.0,0.0,0.04,44.8,7.9,4.2,3.81,6.4,NORMAL
S00001120,EX-013,EXCAVATOR,336,HYDRAULIC,2023-06-29,3359.8,1501.0,N,14.8,4.5,1.29,2.4,3.5,8.9,3.3,2.3,0.038,0.0,0.0,0.09,45.4,8.3,4.7,3.32,7.5,NORMAL
S00001121,EX-013,EXCAVATOR,336,HYDRAULIC,2023-09-27,4057.9,19.3,N,5.6,2.5,0.58,1.2,1.9,2.9,1.6,1.0,0.023,0.0,0.0,0.03,47.8,6.3,2.7,4.83,3.6,NORMAL
S00001122,EX-013,EXCAVATOR,336,HYDRAULIC,2023-12-26,4756.0,717.4,N,10.6,2.7,0.96,2.2,2.3,5.1,2.3,1.6,0.023,0.0,0.0,0.05,46.1,7.3,4.1,3.93,3.9,NORMAL
S00001123,EX-013,EXCAVATOR,336,HYDRAULIC,2024-03-25,5454.0,1415.5,N,15.3,6.1,0.94,2.2,3.5,7.9,2.8,2.1,0.032,0.0,0.0,0.07,45.0,7.9,5.1,3.53,7.9,NORMAL
S00001124,EX-013,EXCAVATOR,336,HYDRAULIC,2024-06-23,6152.1,38.4,N,6.8,2.1,0.54,0.8,2.0,3.2,1.8,1.5,0.021,0.0,0.0,0.03,45.6,6.1,2.4,4.51,2.9,NORMAL
S00001125,EX-013,EXCAVATOR,336,HYDRAULIC,2024-09-21,6850.2,736.5,N,7.9,3.6,0.81,2.0,3.3,4.5,2.6,2.3,0.046,0.0,0.0,0.05,46.3,7.4,4.4,4.04,5.1,NORMAL
S00001126,EX-013,EXCAVATOR,336,HYDRAULIC,2024-12-20,7548.3,1434.6,N,13.3,4.2,1.23,2.5,4.7,10.2,2.5,2.3,0.023,0.0,0.0,0.07,47.2,8.8,4.1,3.15,7.9,NORMAL
S00001127,EX-013,EXCAVATOR,336,HYDRAULIC,2025-02-17,8002.5,1888.8,N,18.1,4.4,1.8,2.2,4.4,6.1,4.8,2.2,0.016,0.0,0.0,0.08,48.1,10.6,5.8,2.88,13.3,MONITOR
S00001128,EX-013,EXCAVATOR,336,HYDRAULIC,2025-05-18,8700.6,17.1,N,4.2,2.0,0.56,1.2,1.6,3.6,1.5,1.0,0.029,0.0,0.0,0.03,46.1,5.6,2.7,4.74,3.5,NORMAL
S00001129,EX-013,EXCAVATOR,336,HYDRAULIC,2025-08-16,9398.7,715.2,N,8.9,3.3,0.73,1.5,3.0,4.8,2.7,1.7,0.031,0.0,0.0,0.06,44.0,7.4,3.6,4.0,4.6,NORMAL
S00001130,EX-013,EXCAVATOR,336,HYDRAULIC,2025-11-14,10096.8,1413.3,N,14.4,5.5,1.37,3.1,3.0,7.0,2.3,2.2,0.029,0.0,0.0,0.06,47.0,7.7,4.7,3.14,6.2,NORMAL
S00001131,EX-013,EXCAVATOR,336,HYDRAULIC,2026-02-12,10794.9,24.4,N,7.5,2.1,0.53,1.4,1.3,4.1,1.6,1.2,0.021,0.0,0.0,0.02,46.0,6.0,2.6,4.48,3.6,NORMAL
S00001132,EX-013,EXCAVATOR,336,HYDRAULIC,2026-05-13,11492.9,722.5,N,10.5,4.5,0.75,1.8,2.8,5.9,2.3,1.7,0.058,0.0,0.0,0.05,46.8,7.4,3.6,4.01,5.1,NORMAL
S00001133,EX-013,EXCAVATOR,336,TRANSMISSION,2023-03-19,2569.7,55.0,N,20.3,11.3,1.95,3.5,4.1,3.0,2.0,1.1,0.025,0.0,0.0,0.05,66.0,7.2,3.4,7.44,9.5,NORMAL
S00001134,EX-013,EXCAVATOR,336,TRANSMISSION,2023-05-30,3126.5,611.8,N,68.0,30.7,4.06,14.7,7.0,6.8,2.8,2.0,0.039,0.0,0.0,0.13,67.0,10.1,5.3,5.31,13.3,MONITOR
S00001135,EX-013,EXCAVATOR,336,TRANSMISSION,2023-08-08,3666.5,10.6,N,21.1,7.1,1.86,3.4,3.8,3.7,1.5,1.1,0.037,0.0,0.0,0.05,70.3,7.4,4.0,5.81,9.7,NORMAL
S00001136,EX-013,EXCAVATOR,336,TRANSMISSION,2023-10-17,4215.0,559.1,N,44.3,25.8,3.84,10.1,4.9,10.5,3.7,1.8,0.028,0.0,0.0,0.14,68.4,10.3,6.1,5.23,9.7,NORMAL
S00001137,EX-013,EXCAVATOR,336,TRANSMISSION,2024-01-04,4828.3,32.4,N,24.3,9.6,1.77,4.0,2.4,3.8,1.9,1.2,0.027,0.0,0.0,0.05,67.8,6.0,3.7,6.82,5.5,NORMAL
S00001138,EX-013,EXCAVATOR,336,TRANSMISSION,2024-03-07,5315.6,519.7,N,36.8,11.9,3.33,6.1,4.7,6.7,4.3,1.7,0.033,0.0,0.0,0.08,68.3,8.8,5.8,5.38,14.8,NORMAL
S00001139,EX-013,EXCAVATOR,336,TRANSMISSION,2024-04-28,5716.3,920.4,N,36.1,19.5,3.38,5.3,5.6,9.2,3.9,2.6,0.034,0.0,0.0,0.16,66.7,11.6,7.4,4.41,13.5,NORMAL
S00001140,EX-013,EXCAVATOR,336,TRANSMISSION,2024-06-28,6193.6,1.3,N,20.0,7.9,1.22,3.7,2.4,3.0,2.2,1.0,0.036,0.0,0.0,0.05,68.1,6.5,3.7,6.61,8.2,NORMAL
S00001141,EX-013,EXCAVATOR,336,TRANSMISSION,2024-08-29,6674.6,482.2,N,51.8,12.0,2.74,6.0,5.4,6.6,2.9,1.9,0.019,0.0,0.0,0.11,68.3,8.8,5.9,5.66,13.9,NORMAL
S00001142,EX-013,EXCAVATOR,336,TRANSMISSION,2024-11-15,7278.6,48.3,N,21.4,11.1,1.7,2.9,2.8,3.4,2.0,1.5,0.035,0.0,0.0,0.05,65.0,7.5,3.5,7.12,6.8,NORMAL
S00001143,EX-013,EXCAVATOR,336,TRANSMISSION,2025-01-16,7759.6,529.3,N,39.7,12.3,2.97,6.8,4.9,7.4,3.1,1.8,0.018,0.0,0.0,0.1,65.7,9.9,5.3,5.37,14.9,NORMAL
S00001144,EX-013,EXCAVATOR,336,TRANSMISSION,2025-03-25,8281.7,43.6,N,25.4,8.7,2.05,2.5,3.6,3.8,1.7,1.2,0.027,0.0,0.0,0.05,69.6,7.1,3.6,6.46,7.0,NORMAL
S00001145,EX-013,EXCAVATOR,336,TRANSMISSION,2025-06-11,8886.9,648.8,N,53.5,14.7,4.09,5.9,6.0,7.8,3.4,2.2,0.03,0.0,0.0,0.13,67.0,10.5,5.5,4.81,16.2,NORMAL
S00001146,EX-013,EXCAVATOR,336,TRANSMISSION,2025-08-18,9420.1,43.7,N,26.0,11.3,1.81,3.6,3.4,3.9,1.9,1.1,0.025,0.0,0.0,0.06,66.0,6.9,3.5,7.2,10.6,NORMAL
S00001147,EX-013,EXCAVATOR,336,TRANSMISSION,2025-10-13,9854.2,477.8,N,28.7,16.0,3.62,5.8,4.8,6.5,2.4,1.5,0.053,0.0,0.0,0.12,69.6,9.8,4.7,5.51,13.7,NORMAL
S00001148,EX-013,EXCAVATOR,336,TRANSMISSION,2025-12-08,10282.5,906.1,N,58.8,15.5,4.12,8.6,7.8,13.2,4.0,3.1,0.046,0.0,0.0,0.16,67.0,12.0,7.3,4.56,23.4,NORMAL
S00001149,EX-013,EXCAVATOR,336,TRANSMISSION,2026-01-28,10684.3,43.7,N,26.5,10.0,2.03,3.9,2.5,4.3,1.4,1.0,0.046,0.0,0.0,0.05,66.6,7.2,3.8,6.97,12.2,NORMAL
S00001150,EX-013,EXCAVATOR,336,TRANSMISSION,2026-04-12,11256.7,616.0,N,42.1,14.8,3.42,8.3,6.2,9.7,3.5,2.7,0.032,0.0,0.0,0.13,67.0,9.9,5.6,5.68,18.2,NORMAL
S00001165,EX-014,EXCAVATOR,336,ENGINE,2023-02-07,6524.8,270.9,N,16.9,7.3,2.3,4.6,5.2,8.6,3.2,2.5,0.013,0.51,0.0,0.42,108.2,13.7,9.2,8.42,8.8,NORMAL
S00001166,EX-014,EXCAVATOR,336,ENGINE,2023-03-08,6764.5,11.7,N,9.6,3.9,1.85,2.0,3.1,5.5,2.3,1.4,0.03,0.32,0.0,0.18,108.4,8.7,6.0,9.11,4.5,NORMAL
S00001167,EX-014,EXCAVATOR,336,ENGINE,2023-04-09,7030.6,277.8,N,19.9,7.1,1.93,4.0,5.2,7.6,4.1,4.0,0.026,0.65,0.0,0.51,111.0,13.7,9.6,8.73,8.2,NORMAL
S00001168,EX-014,EXCAVATOR,336,ENGINE,2023-05-09,7284.2,44.7,N,12.2,6.4,1.42,2.4,2.4,6.1,2.6,2.4,0.025,1.97,0.0,0.25,103.3,9.6,6.6,10.48,4.6,NORMAL
S00001169,EX-014,EXCAVATOR,336,ENGINE,2023-06-09,7543.9,304.3,N,20.2,6.2,2.71,3.9,8.6,17.9,4.9,3.1,0.028,4.48,0.0,0.6,91.6,14.3,10.3,7.37,11.4,MONITOR
S00001170,EX-014,EXCAVATOR,336,ENGINE,2023-07-08,7789.0,52.1,N,23.0,5.0,1.22,3.3,11.5,36.1,2.3,1.5,0.016,7.2,0.0,0.58,84.8,9.3,6.3,10.05,5.9,ACTION
S00001171,EX-014,EXCAVATOR,336,ENGINE,2023-08-07,8042.0,305.2,N,41.2,9.6,2.0,3.8,21.8,72.7,5.0,2.7,0.029,0.69,0.0,0.53,110.4,13.5,9.3,6.89,9.9,ACTION
S00001172,EX-014,EXCAVATOR,336,ENGINE,2023-09-08,8317.6,2.0,N,8.6,4.3,1.03,1.8,2.7,4.4,2.6,2.1,0.019,0.78,0.0,0.2,103.8,8.8,5.5,10.28,3.6,NORMAL
S00001173,EX-014,EXCAVATOR,336,ENGINE,2023-09-30,8494.8,179.2,N,13.0,7.1,1.61,3.7,5.1,8.1,2.5,2.7,0.027,0.97,0.0,0.34,110.4,12.2,6.5,8.2,7.2,NORMAL
S00001174,EX-014,EXCAVATOR,336,ENGINE,2023-10-26,8716.7,401.1,N,24.9,7.4,1.86,6.8,6.1,14.0,6.8,3.4,0.021,1.04,0.0,0.59,106.1,16.2,10.3,7.22,10.9,NORMAL
S00001175,EX-014,EXCAVATOR,336,ENGINE,2023-11-22,8941.4,17.8,N,10.9,4.4,1.46,2.2,2.6,4.6,2.8,1.8,0.012,0.74,0.0,0.23,106.2,8.9,5.9,10.61,4.5,NORMAL
S00001176,EX-014,EXCAVATOR,336,ENGINE,2023-12-30,9265.5,341.9,N,22.7,7.3,2.78,3.4,6.7,11.4,4.3,3.3,0.02,0.63,0.0,0.61,104.9,15.0,8.7,6.64,10.3,NORMAL
S00001177,EX-014,EXCAVATOR,336,ENGINE,2024-02-02,9554.0,15.0,N,8.8,4.5,1.03,2.5,2.3,4.4,2.6,2.2,0.013,0.51,0.0,0.27,105.9,8.6,6.0,10.19,4.6,NORMAL
S00001178,EX-014,EXCAVATOR,336,ENGINE,2024-02-29,9775.1,236.2,N,14.4,9.0,1.98,4.8,6.1,7.3,4.1,3.2,0.024,0.86,0.0,0.46,106.8,12.7,8.4,7.81,8.0,NORMAL
S00001179,EX-014,EXCAVATOR,336,ENGINE,2024-03-27,10009.4,470.4,N,26.1,13.9,3.39,4.1,8.2,14.7,6.1,4.7,0.029,0.57,0.0,0.77,108.9,15.9,11.8,7.08,11.2,MONITOR
S00001180,EX-014,EXCAVATOR,336,ENGINE,2024-04-24,10240.8,45.4,N,9.7,4.9,1.13,2.5,3.4,5.8,2.5,2.0,0.031,0.95,0.0,0.17,109.1,8.5,6.7,9.76,6.0,NORMAL
S00001181,EX-014,EXCAVATOR,336,ENGINE,2024-05-18,10440.6,245.2,N,19.1,5.4,2.89,3.7,4.3,7.2,4.2,2.5,0.015,0.82,0.0,0.41,109.9,11.7,9.5,8.03,9.8,NORMAL
S00001182,EX-014,EXCAVATOR,336,ENGINE,2024-06-19,10712.2,45.5,N,12.3,3.8,1.38,2.9,3.5,5.4,2.8,1.6,0.021,0.44,0.0,0.22,106.7,9.4,7.0,10.7,4.5,NORMAL
S00001183,EX-014,EXCAVATOR,336,ENGINE,2024-07-28,11037.0,370.3,N,20.5,9.2,1.99,4.6,6.1,9.7,5.4,3.3,0.026,0.51,0.0,0.6,104.4,15.4,10.1,7.53,10.9,NORMAL
S00001184,EX-014,EXCAVATOR,336,ENGINE,2024-08-23,11256.9,40.7,N,12.6,3.3,0.98,2.3,3.3,5.7,2.5,1.5,0.024,0.6,0.0,0.23,109.0,8.9,6.3,9.6,5.0,NORMAL
S00001185,EX-014,EXCAVATOR,336,ENGINE,2024-09-17,11469.9,253.7,N,21.0,9.9,1.76,2.7,4.7,8.9,3.4,3.3,0.016,0.65,0.0,0.47,111.9,12.8,7.4,7.38,8.6,NORMAL
S00001186,EX-014,EXCAVATOR,336,ENGINE,2024-10-15,11708.1,491.9,N,24.1,10.2,2.53,5.9,7.6,13.0,5.5,3.4,0.015,0.47,0.0,0.67,107.8,15.0,11.5,6.39,14.2,NORMAL
S00001187,EX-014,EXCAVATOR,336,ENGINE,2024-11-09,11913.7,46.9,N,11.8,3.9,1.38,2.5,2.9,4.6,2.4,1.7,0.018,0.49,0.0,0.31,116.0,9.3,5.9,10.47,5.7,NORMAL
S00001188,EX-014,EXCAVATOR,336,ENGINE,2024-12-08,12161.3,294.6,N,16.1,6.0,2.57,4.1,6.3,5.7,4.4,4.4,0.026,0.45,0.0,0.58,111.3,14.7,8.8,7.86,10.4,NORMAL
S00001189,EX-014,EXCAVATOR,336,ENGINE,2024-12-28,12332.5,465.8,N,25.4,9.6,2.9,5.3,6.6,7.9,6.6,5.5,0.021,0.47,0.0,0.64,103.0,15.6,11.7,5.83,10.6,NORMAL
S00001190,EX-014,EXCAVATOR,336,ENGINE,2025-01-28,12587.9,16.3,N,8.4,3.8,1.47,2.2,2.6,2.9,2.0,1.6,0.033,0.66,0.0,0.19,104.3,8.9,6.3,10.18,5.0,NORMAL
S00001191,EX-014,EXCAVATOR,336,ENGINE,2025-02-22,12799.6,228.0,N,16.4,9.8,1.79,2.7,4.5,7.1,3.5,3.0,0.014,0.82,0.0,0.39,112.4,13.9,8.5,8.25,9.6,NORMAL
S00001192,EX-014,EXCAVATOR,336,ENGINE,2025-03-21,13023.1,451.5,N,27.6,10.2,3.32,5.4,7.4,13.1,8.1,4.4,0.028,0.39,0.0,0.72,108.5,14.4,11.4,6.39,12.1,NORMAL
S00001193,EX-014,EXCAVATOR,336,ENGINE,2025-04-20,13281.5,17.2,N,9.8,5.0,1.49,2.2,2.9,5.4,2.2,1.7,0.017,0.54,0.0,0.23,106.2,8.2,6.0,9.73,3.7,NORMAL
S00001194,EX-014,EXCAVATOR,336,ENGINE,2025-05-21,13537.5,273.2,N,17.5,6.4,2.28,4.6,5.1,7.4,4.1,3.3,0.021,0.64,0.0,0.52,105.5,11.1,8.8,9.35,7.7,NORMAL
S00001195,EX-014,EXCAVATOR,336,ENGINE,2025-06-20,13791.6,28.7,N,10.1,4.0,1.48,3.5,2.6,5.3,2.7,2.3,0.013,1.15,0.0,0.26,107.0,8.5,5.9,9.29,4.3,NORMAL
S00001196,EX-014,EXCAVATOR,336,ENGINE,2025-07-18,14026.4,263.4,N,15.8,8.4,2.13,3.8,5.2,9.0,4.0,3.2,0.023,0.46,0.0,0.44,103.3,13.6,9.4,8.31,8.0,NORMAL
S00001197,EX-014,EXCAVATOR,336,ENGINE,2025-08-17,14279.5,28.8,N,8.3,3.3,1.03,2.7,2.3,4.8,2.8,1.9,0.024,0.77,0.0,0.25,108.0,8.8,5.9,9.78,6.2,NORMAL
S00001198,EX-014,EXCAVATOR,336,ENGINE,2025-09-17,14545.0,294.3,N,16.3,8.9,3.01,5.5,5.0,8.0,4.4,3.1,0.015,0.7,0.0,0.52,112.5,14.6,9.7,7.62,9.6,NORMAL
S00001199,EX-014,EXCAVATOR,336,ENGINE,2025-10-21,14824.9,55.0,N,13.0,4.6,1.22,2.5,3.2,5.8,2.5,1.8,0.022,0.79,0.0,0.2,110.4,9.6,6.9,10.31,4.8,NORMAL
S00001200,EX-014,EXCAVATOR,336,ENGINE,2025-11-11,15001.1,231.2,N,19.6,5.9,2.21,5.6,5.0,6.5,4.2,2.5,0.014,0.94,0.0,0.54,108.2,12.2,8.1,8.7,7.9,NORMAL
S00001201,EX-014,EXCAVATOR,336,ENGINE,2025-12-07,15220.7,450.8,N,27.2,10.4,2.75,5.9,6.1,10.5,5.6,4.1,0.027,0.66,0.0,0.6,109.5,16.2,10.3,6.72,13.8,NORMAL
S00001202,EX-014,EXCAVATOR,336,ENGINE,2026-01-02,15439.6,31.0,N,8.6,5.0,1.67,2.3,3.3,4.2,2.9,2.0,0.033,0.48,0.0,0.23,105.3,8.6,5.7,10.7,4.9,NORMAL
S00001203,EX-014,EXCAVATOR,336,ENGINE,2026-02-06,15740.6,332.1,N,12.9,10.1,2.54,3.9,4.8,6.5,5.2,4.0,0.022,0.51,0.0,0.53,110.5,12.2,9.9,7.17,7.7,NORMAL
S00001204,EX-014,EXCAVATOR,336,ENGINE,2026-02-25,15893.9,485.4,N,28.9,9.3,2.19,5.9,8.1,9.8,5.8,5.5,0.02,0.59,0.0,0.69,107.8,15.4,12.2,6.57,12.2,NORMAL
S00001205,EX-014,EXCAVATOR,336,ENGINE,2026-03-25,16130.2,6.5,N,10.5,4.1,1.29,2.0,2.3,4.3,2.1,1.6,0.024,0.86,0.0,0.19,106.3,8.3,5.5,10.47,4.6,NORMAL
S00001206,EX-014,EXCAVATOR,336,ENGINE,2026-04-25,16397.0,273.3,N,24.1,6.8,2.35,5.1,7.0,7.9,4.3,3.4,0.022,0.77,0.0,0.39,109.6,12.9,8.5,8.26,9.2,NORMAL
S00001207,EX-014,EXCAVATOR,336,ENGINE,2026-05-15,16562.7,439.0,N,32.5,6.7,2.27,4.8,6.5,13.3,5.0,5.3,0.017,0.46,0.0,0.51,112.6,15.2,9.7,7.0,9.3,NORMAL
S00001208,EX-014,EXCAVATOR,336,ENGINE,2026-06-06,16749.9,45.3,N,10.1,4.1,1.13,2.3,3.7,6.7,2.5,2.0,0.017,0.8,0.0,0.2,103.3,8.9,5.9,9.38,3.9,NORMAL
S00001245,EX-014,EXCAVATOR,336,FINAL_DRIVE,2023-04-06,7029.9,951.6,N,82.7,9.1,5.71,8.0,6.0,9.2,2.7,1.9,0.05,0.0,0.0,0.05,101.6,7.3,3.6,4.75,26.8,NORMAL
S00001246,EX-014,EXCAVATOR,336,FINAL_DRIVE,2023-07-05,7787.4,1709.1,N,100.7,11.0,6.8,9.7,6.4,11.7,4.4,2.4,0.047,0.0,0.0,0.07,103.3,8.3,5.4,3.63,48.4,NORMAL
S00001247,EX-014,EXCAVATOR,336,FINAL_DRIVE,2023-09-19,8433.1,18.3,N,52.7,5.0,2.6,4.7,2.6,5.9,1.6,1.2,0.032,0.0,0.0,0.03,99.1,5.1,2.9,5.79,15.3,NORMAL
S00001248,EX-014,EXCAVATOR,336,FINAL_DRIVE,2023-12-18,9190.6,775.8,N,92.7,9.9,4.16,6.7,4.3,8.4,2.1,2.3,0.044,0.0,0.0,0.05,101.4,6.7,3.9,4.23,30.0,NORMAL
S00001249,EX-014,EXCAVATOR,336,FINAL_DRIVE,2024-03-17,9948.2,1533.4,N,87.5,11.5,6.83,10.7,6.4,10.3,3.1,2.3,0.059,0.0,0.0,0.08,98.6,8.6,4.9,4.13,38.4,NORMAL
S00001250,EX-014,EXCAVATOR,336,FINAL_DRIVE,2024-06-15,10705.7,59.0,N,60.1,5.4,2.34,4.3,3.6,5.3,1.8,1.1,0.041,0.0,0.0,0.03,95.9,5.4,3.1,5.14,16.2,NORMAL
S00001251,EX-014,EXCAVATOR,336,FINAL_DRIVE,2024-09-13,11463.2,816.5,N,64.9,11.0,5.21,7.2,5.1,6.3,3.2,1.9,0.06,0.0,0.0,0.06,102.2,6.3,3.2,4.7,28.8,NORMAL
S00001252,EX-014,EXCAVATOR,336,FINAL_DRIVE,2024-12-12,12220.8,1574.1,N,158.3,12.0,6.39,9.1,5.7,10.9,4.3,2.8,0.085,0.0,0.0,0.06,100.5,8.7,4.4,4.04,48.0,NORMAL
S00001253,EX-014,EXCAVATOR,336,FINAL_DRIVE,2025-03-12,12978.3,6.2,N,50.7,4.9,2.47,3.9,4.1,5.7,1.7,1.3,0.04,0.0,0.0,0.02,99.9,4.6,2.6,6.04,15.4,NORMAL
S00001254,EX-014,EXCAVATOR,336,FINAL_DRIVE,2025-06-10,13735.9,763.7,N,77.6,7.4,4.21,6.1,7.3,6.7,3.0,2.0,0.064,0.0,0.0,0.04,101.9,7.3,4.1,5.14,25.8,NORMAL
S00001255,EX-014,EXCAVATOR,336,FINAL_DRIVE,2025-09-08,14493.4,1521.2,N,99.8,7.5,7.27,7.5,9.0,11.7,4.6,2.1,0.035,0.0,0.0,0.07,99.6,7.1,4.4,4.47,32.8,NORMAL
S00001256,EX-014,EXCAVATOR,336,FINAL_DRIVE,2025-12-07,15250.9,16.2,N,45.2,4.9,2.93,4.9,3.1,4.6,1.5,1.0,0.054,0.0,0.0,0.02,102.6,5.4,2.6,5.68,17.4,NORMAL
S00001257,EX-014,EXCAVATOR,336,FINAL_DRIVE,2026-03-07,16008.5,773.7,N,64.3,9.8,5.32,7.3,5.1,6.7,2.5,1.4,0.053,0.0,0.0,0.04,99.8,7.0,4.2,4.86,26.0,NORMAL
S00001258,EX-014,EXCAVATOR,336,FINAL_DRIVE,2026-06-05,16766.0,1531.3,N,119.5,12.9,6.01,12.7,6.4,12.1,3.5,2.5,0.056,0.0,0.0,0.06,105.2,7.6,5.6,3.68,40.0,NORMAL
S00001209,EX-014,EXCAVATOR,336,HYDRAULIC,2023-04-17,7029.9,1510.6,N,11.5,4.8,1.37,2.5,3.3,6.4,3.7,2.5,0.027,0.0,0.0,0.06,46.4,9.8,5.1,3.32,6.7,NORMAL
S00001210,EX-014,EXCAVATOR,336,HYDRAULIC,2023-07-16,7787.4,15.5,N,4.9,2.0,0.58,1.1,1.6,2.3,1.9,1.0,0.026,0.0,0.0,0.03,47.7,5.9,3.0,4.23,3.6,NORMAL
S00001211,EX-014,EXCAVATOR,336,HYDRAULIC,2023-10-14,8544.9,773.1,N,9.5,3.2,0.91,1.6,3.1,5.0,3.2,2.6,0.029,0.0,0.0,0.04,44.7,7.2,3.9,4.06,5.6,NORMAL
S00001212,EX-014,EXCAVATOR,336,HYDRAULIC,2024-01-12,9302.5,1530.6,N,17.2,3.3,1.18,2.6,4.7,7.6,3.1,2.5,0.047,0.0,0.0,0.07,46.5,9.4,5.2,3.26,7.4,NORMAL
S00001213,EX-014,EXCAVATOR,336,HYDRAULIC,2024-04-11,10060.0,49.7,N,7.4,2.8,0.59,0.9,1.6,3.3,1.7,1.1,0.028,0.0,0.0,0.03,43.4,5.5,2.6,4.39,3.2,NORMAL
S00001214,EX-014,EXCAVATOR,336,HYDRAULIC,2024-07-10,10817.5,807.3,N,11.4,3.2,0.85,1.9,2.9,4.5,2.5,2.4,0.023,0.0,0.0,0.05,43.2,7.0,4.0,3.81,4.2,NORMAL
S00001215,EX-014,EXCAVATOR,336,HYDRAULIC,2024-10-08,11575.1,1564.8,N,20.2,5.6,1.32,2.2,4.4,8.8,3.1,2.1,4.326,0.0,0.0,0.07,44.2,10.4,4.9,3.35,8.1,MONITOR
S00001216,EX-014,EXCAVATOR,336,HYDRAULIC,2025-01-06,12332.6,24.7,N,24.8,9.6,1.76,1.3,1.3,3.5,1.4,1.0,0.026,0.0,0.0,0.03,46.2,5.6,2.8,4.41,17.1,MONITOR
S00001217,EX-014,EXCAVATOR,336,HYDRAULIC,2025-04-06,13090.2,782.3,N,12.8,3.1,0.84,1.5,2.1,4.4,2.6,1.8,0.022,0.0,0.0,0.05,45.5,8.7,3.4,3.6,4.4,NORMAL
S00001218,EX-014,EXCAVATOR,336,HYDRAULIC,2025-06-13,13659.2,1351.3,N,12.7,5.0,1.14,2.7,3.2,7.8,3.7,2.4,0.032,0.0,0.0,0.06,47.3,9.0,5.2,3.35,5.2,NORMAL
S00001219,EX-014,EXCAVATOR,336,HYDRAULIC,2025-09-11,14416.7,37.2,N,6.8,1.9,0.66,1.4,2.0,3.2,1.3,1.2,0.026,0.0,0.0,0.02,45.8,5.2,2.9,4.91,3.7,NORMAL
S00001220,EX-014,EXCAVATOR,336,HYDRAULIC,2025-12-10,15174.3,794.7,N,9.5,4.0,0.94,1.7,3.0,5.1,2.5,1.9,0.02,0.0,0.0,0.06,44.1,8.9,3.8,3.87,6.8,NORMAL
S00001221,EX-014,EXCAVATOR,336,HYDRAULIC,2026-03-10,15931.8,1552.2,N,13.8,5.0,1.32,2.9,4.2,6.4,3.8,1.8,0.022,0.0,0.0,0.08,46.1,11.4,5.2,3.15,8.0,NORMAL
S00001222,EX-014,EXCAVATOR,336,HYDRAULIC,2026-06-08,16689.4,33.1,N,6.4,2.3,0.62,1.0,1.9,3.0,1.7,0.9,0.02,0.0,0.0,0.03,46.2,6.3,2.8,4.63,3.1,NORMAL
S00001223,EX-014,EXCAVATOR,336,TRANSMISSION,2023-04-06,6878.9,859.2,N,51.1,15.5,3.59,7.3,6.7,8.6,6.1,3.4,0.036,0.0,0.0,0.14,68.8,12.6,6.7,5.17,17.8,NORMAL
S00001224,EX-014,EXCAVATOR,336,TRANSMISSION,2023-06-06,7384.7,4.7,N,20.0,6.3,1.77,3.6,2.5,4.7,1.5,1.2,0.033,0.0,0.0,0.05,65.6,6.5,3.4,6.35,8.0,NORMAL
S00001225,EX-014,EXCAVATOR,336,TRANSMISSION,2023-07-23,7781.1,401.1,N,36.5,11.3,2.93,5.2,4.6,6.5,3.2,2.2,0.05,0.0,0.0,0.08,69.4,8.7,4.9,6.01,11.0,NORMAL
S00001226,EX-014,EXCAVATOR,336,TRANSMISSION,2023-10-05,8403.5,23.3,N,20.4,9.3,1.77,3.0,3.4,3.1,1.5,1.1,0.031,0.0,0.0,0.05,70.2,5.8,3.6,6.97,7.9,NORMAL
S00001227,EX-014,EXCAVATOR,336,TRANSMISSION,2023-12-13,8988.9,608.7,N,50.1,16.1,3.46,7.1,6.8,6.7,3.6,3.4,0.038,0.0,0.0,0.1,65.2,10.5,6.6,5.45,14.2,NORMAL
S00001228,EX-014,EXCAVATOR,336,TRANSMISSION,2024-02-03,9426.5,26.0,N,25.8,8.4,2.18,3.3,3.0,4.8,1.8,1.3,0.03,0.0,0.0,0.05,70.3,5.7,3.5,7.18,8.3,NORMAL
S00001229,EX-014,EXCAVATOR,336,TRANSMISSION,2024-03-27,9870.2,469.8,N,34.3,16.4,2.77,4.5,4.5,10.1,2.3,1.7,0.024,0.0,0.0,0.11,66.7,10.7,4.7,5.52,15.2,NORMAL
S00001230,EX-014,EXCAVATOR,336,TRANSMISSION,2024-06-09,10493.9,53.0,N,23.3,5.9,2.29,4.0,2.7,3.8,2.4,1.7,0.03,0.0,0.0,0.06,68.9,6.3,3.7,5.9,9.5,NORMAL
S00001231,EX-014,EXCAVATOR,336,TRANSMISSION,2024-07-17,10813.6,372.7,N,30.0,14.4,2.51,5.3,4.8,5.7,2.3,1.8,0.029,0.0,0.0,0.1,65.9,8.0,4.9,5.91,13.6,NORMAL
S00001232,EX-014,EXCAVATOR,336,TRANSMISSION,2024-09-07,11253.4,812.6,N,42.3,22.1,4.49,7.4,6.3,10.2,3.8,2.4,0.028,0.0,0.0,0.12,67.1,10.6,6.0,4.67,20.3,NORMAL
S00001233,EX-014,EXCAVATOR,336,TRANSMISSION,2024-11-06,11756.0,56.1,N,23.0,7.8,2.49,3.8,2.9,4.5,2.2,1.0,0.041,0.0,0.0,0.06,66.6,6.8,3.5,6.35,8.2,NORMAL
S00001234,EX-014,EXCAVATOR,336,TRANSMISSION,2025-01-04,12253.3,553.4,N,37.9,15.5,4.65,5.6,3.8,6.4,3.6,2.1,0.046,0.0,0.0,0.09,65.8,9.6,5.5,5.65,13.7,NORMAL
S00001235,EX-014,EXCAVATOR,336,TRANSMISSION,2025-02-13,12587.3,887.4,N,76.9,20.0,4.33,8.4,5.9,6.7,3.6,3.2,0.042,0.0,0.0,0.13,67.7,10.0,6.7,4.41,20.3,NORMAL
S00001236,EX-014,EXCAVATOR,336,TRANSMISSION,2025-04-03,13005.2,35.7,N,23.7,10.8,1.59,3.4,3.2,3.3,1.4,1.2,0.022,0.0,0.0,0.04,67.6,6.0,3.1,6.83,9.4,NORMAL
S00001237,EX-014,EXCAVATOR,336,TRANSMISSION,2025-05-27,13452.9,483.4,N,40.9,24.9,2.13,12.8,4.5,6.4,3.0,1.5,0.026,0.0,0.0,0.1,66.9,8.6,5.3,5.96,13.4,NORMAL
S00001238,EX-014,EXCAVATOR,336,TRANSMISSION,2025-07-24,13942.0,972.4,N,99.9,50.1,4.24,25.7,6.9,11.4,3.8,3.4,0.046,0.0,0.0,0.18,67.0,11.6,7.3,4.2,29.2,ACTION
S00001239,EX-014,EXCAVATOR,336,TRANSMISSION,2025-09-27,14489.4,2.2,N,79.4,7.8,5.86,3.4,2.7,3.2,1.2,0.9,0.044,0.0,0.0,0.06,69.6,6.0,3.7,6.03,48.3,MONITOR
S00001240,EX-014,EXCAVATOR,336,TRANSMISSION,2025-11-24,14982.6,495.5,N,35.0,9.4,2.99,5.8,3.9,7.1,2.5,2.2,0.012,0.0,0.0,0.13,69.6,10.0,5.2,5.61,17.6,NORMAL
S00001241,EX-014,EXCAVATOR,336,TRANSMISSION,2025-12-28,15265.1,778.0,N,44.0,15.9,2.93,5.6,7.0,8.7,4.0,2.2,0.028,0.0,0.0,0.15,65.5,10.9,5.0,4.79,19.2,NORMAL
S00001242,EX-014,EXCAVATOR,336,TRANSMISSION,2026-02-26,15767.8,5.0,N,18.0,6.6,1.83,2.3,3.1,3.9,1.3,1.1,0.038,0.0,0.0,0.04,69.6,7.1,3.4,7.14,8.2,NORMAL
S00001243,EX-014,EXCAVATOR,336,TRANSMISSION,2026-04-10,16134.2,371.5,N,39.7,12.7,2.25,5.5,5.1,4.6,4.1,2.2,0.032,0.0,0.0,0.08,69.7,8.1,5.2,6.56,17.0,NORMAL
S00001244,EX-014,EXCAVATOR,336,TRANSMISSION,2026-05-23,16493.7,730.9,N,51.1,19.5,3.2,6.5,4.6,7.6,3.1,2.3,0.047,0.0,0.0,0.11,69.4,11.9,6.0,5.13,16.4,NORMAL
S00001259,EX-015,EXCAVATOR,336,ENGINE,2023-02-19,6009.9,57.3,N,13.6,4.8,1.07,2.1,2.9,4.3,2.6,2.8,0.01,0.49,0.0,0.23,105.8,9.7,6.0,10.07,5.6,NORMAL
S00001260,EX-015,EXCAVATOR,336,ENGINE,2023-04-23,6387.3,434.7,N,20.5,9.6,2.95,4.7,6.1,14.2,5.4,3.6,0.018,0.45,0.0,0.69,111.7,17.1,10.4,6.81,8.8,NORMAL
S00001261,EX-015,EXCAVATOR,336,ENGINE,2023-06-10,6674.3,17.2,N,7.9,4.2,1.29,2.5,2.1,5.0,2.1,2.0,0.019,0.63,0.0,0.24,107.5,9.2,5.5,10.59,5.9,NORMAL
S00001262,EX-015,EXCAVATOR,336,ENGINE,2023-07-13,6872.1,215.0,N,15.7,4.3,2.02,3.7,3.2,6.5,3.4,3.5,0.025,0.39,0.0,0.41,108.9,12.2,7.1,9.21,7.3,NORMAL
S00001263,EX-015,EXCAVATOR,336,ENGINE,2023-08-15,7073.2,416.1,N,25.5,12.7,2.12,5.2,8.7,11.1,7.3,4.4,0.588,0.62,0.069,0.75,102.3,16.6,10.8,6.5,8.9,MONITOR
S00001264,EX-015,EXCAVATOR,336,ENGINE,2023-09-30,7348.5,52.4,N,15.0,5.0,1.4,2.5,4.2,7.0,19.2,13.7,6.637,0.55,0.813,0.28,106.0,10.8,6.0,10.21,4.5,ACTION
S00001265,EX-015,EXCAVATOR,336,ENGINE,2023-11-15,7624.3,328.2,N,26.8,8.6,1.84,4.5,6.5,10.9,3.6,3.8,0.017,2.59,0.0,0.49,108.9,13.2,9.3,7.78,11.1,NORMAL
S00001266,EX-015,EXCAVATOR,336,ENGINE,2023-12-14,7796.3,1.5,N,11.9,3.8,1.15,2.5,3.3,4.1,2.4,1.6,0.018,0.56,0.0,0.14,106.6,7.7,6.3,11.15,5.2,NORMAL
S00001267,EX-015,EXCAVATOR,336,ENGINE,2024-01-31,8088.1,293.3,N,15.8,8.4,2.51,3.3,4.1,8.4,4.3,3.0,0.018,0.9,0.0,0.51,108.5,13.9,9.3,8.27,7.9,NORMAL
S00001268,EX-015,EXCAVATOR,336,ENGINE,2024-03-09,8313.4,58.8,N,12.0,3.6,1.15,2.7,3.7,6.0,2.6,2.0,0.022,0.45,0.0,0.22,102.8,8.4,6.1,10.13,6.7,NORMAL
S00001269,EX-015,EXCAVATOR,336,ENGINE,2024-05-01,8633.8,379.2,N,22.2,8.7,3.08,4.4,5.3,15.5,3.6,3.9,0.019,0.53,0.0,0.67,105.5,13.6,9.4,6.84,9.7,NORMAL
S00001270,EX-015,EXCAVATOR,336,ENGINE,2024-06-25,8959.4,9.9,N,12.1,4.8,1.08,2.0,2.5,4.5,1.9,2.0,0.021,0.86,0.0,0.2,107.3,7.6,5.9,10.22,6.4,NORMAL
S00001271,EX-015,EXCAVATOR,336,ENGINE,2024-08-10,9236.6,287.1,N,15.7,6.5,2.95,3.6,4.9,7.3,3.7,3.3,0.015,0.63,0.0,0.55,104.5,15.0,9.0,7.77,10.6,NORMAL
S00001272,EX-015,EXCAVATOR,336,ENGINE,2024-09-18,9473.0,33.7,N,10.4,4.9,1.17,2.3,3.4,4.7,2.4,2.0,0.013,0.44,0.0,0.26,109.8,8.6,5.2,9.69,5.6,NORMAL
S00001273,EX-015,EXCAVATOR,336,ENGINE,2024-10-21,9667.2,227.9,N,16.0,5.5,1.99,4.5,5.0,6.7,3.3,2.6,0.032,0.69,0.0,0.4,104.4,12.6,7.7,8.34,7.6,NORMAL
S00001274,EX-015,EXCAVATOR,336,ENGINE,2024-12-21,10033.4,41.5,N,12.2,3.5,1.04,2.3,2.7,6.6,2.5,1.5,0.024,0.72,0.0,0.22,109.5,9.5,6.4,10.11,5.4,NORMAL
S00001275,EX-015,EXCAVATOR,336,ENGINE,2025-01-27,10258.5,266.6,N,21.2,7.2,1.98,3.7,4.4,7.0,2.9,3.0,0.015,0.46,0.0,0.45,107.3,13.2,9.7,7.89,6.4,NORMAL
S00001276,EX-015,EXCAVATOR,336,ENGINE,2025-03-21,10574.2,5.5,N,12.5,4.5,1.01,2.5,2.8,4.8,2.0,2.2,0.019,0.63,0.0,0.23,108.3,7.7,5.4,9.88,3.8,NORMAL
S00001277,EX-015,EXCAVATOR,336,ENGINE,2025-04-19,10749.3,180.6,N,10.5,6.4,1.66,3.4,4.4,6.9,3.5,2.4,0.02,0.75,0.0,0.37,109.4,11.9,8.0,8.4,8.0,NORMAL
S00001278,EX-015,EXCAVATOR,336,ENGINE,2025-06-02,11012.6,444.0,N,27.6,10.2,3.22,5.1,7.0,12.4,5.6,3.2,0.02,0.46,0.0,0.64,109.2,13.9,10.1,6.39,12.1,NORMAL
S00001279,EX-015,EXCAVATOR,336,ENGINE,2025-07-16,11274.0,8.1,N,8.3,3.9,0.88,2.1,3.6,4.4,3.5,2.0,0.042,0.4,0.004,0.21,107.5,8.0,5.2,10.0,4.7,NORMAL
S00001280,EX-015,EXCAVATOR,336,ENGINE,2025-08-28,11536.0,270.1,N,21.8,12.0,1.83,5.5,4.0,8.2,9.8,6.7,2.18,0.61,0.266,0.44,107.8,12.8,8.2,8.44,8.4,ACTION
S00001281,EX-015,EXCAVATOR,336,ENGINE,2025-10-14,11813.0,41.9,N,14.1,4.4,1.15,1.9,3.8,4.7,18.0,13.7,6.503,0.56,0.797,0.27,109.4,9.2,6.2,9.56,4.6,ACTION
S00001282,EX-015,EXCAVATOR,336,ENGINE,2025-11-24,12063.0,291.9,N,22.2,6.7,1.65,5.2,4.3,10.2,3.4,4.3,0.025,0.68,0.0,0.49,107.3,14.4,9.0,8.0,9.0,NORMAL
S00001283,EX-015,EXCAVATOR,336,ENGINE,2025-12-24,12242.7,471.6,N,25.3,7.4,2.96,4.6,8.9,8.8,4.7,3.5,0.025,0.46,0.0,0.65,107.9,16.3,9.8,6.22,11.4,NORMAL
S00001284,EX-015,EXCAVATOR,336,ENGINE,2026-02-01,12474.7,17.5,N,9.5,3.9,1.22,2.5,2.9,5.3,2.0,2.0,0.013,0.53,0.0,0.21,108.1,7.9,6.0,10.54,4.0,NORMAL
S00001285,EX-015,EXCAVATOR,336,ENGINE,2026-03-13,12717.3,260.1,N,17.0,8.8,1.56,4.1,4.1,7.3,4.0,2.9,0.021,0.51,0.0,0.48,107.4,14.9,9.4,8.43,5.9,NORMAL
S00001286,EX-015,EXCAVATOR,336,ENGINE,2026-04-16,12917.2,460.0,N,25.1,8.7,2.36,4.2,6.3,11.1,4.6,4.8,0.023,0.79,0.0,0.72,107.5,13.8,9.7,6.25,10.3,NORMAL
S00001287,EX-015,EXCAVATOR,336,ENGINE,2026-05-24,13145.1,15.4,N,9.6,5.1,1.6,2.3,2.6,4.2,2.3,1.9,0.016,0.57,0.0,0.22,103.3,9.5,6.3,10.29,3.9,NORMAL
S00001316,EX-015,EXCAVATOR,336,FINAL_DRIVE,2023-04-25,6350.0,35.0,N,54.1,4.7,3.55,4.3,4.6,4.7,1.6,1.2,0.038,0.0,0.0,0.03,102.6,5.0,3.2,5.66,19.4,NORMAL
S00001317,EX-015,EXCAVATOR,336,FINAL_DRIVE,2023-07-24,6889.6,574.6,N,71.1,6.7,4.1,8.1,6.4,8.5,2.3,1.9,0.04,0.0,0.0,0.04,98.5,6.3,3.4,4.91,25.2,NORMAL
S00001318,EX-015,EXCAVATOR,336,FINAL_DRIVE,2023-10-22,7429.2,1114.2,N,83.1,8.6,4.51,11.0,5.7,10.2,3.2,1.9,0.03,0.0,0.0,0.06,103.5,7.5,4.4,4.31,36.3,NORMAL
S00001319,EX-015,EXCAVATOR,336,FINAL_DRIVE,2024-01-20,7968.8,1653.9,N,108.3,10.9,6.89,9.7,9.1,13.0,4.4,2.9,0.043,0.0,0.0,0.08,104.7,10.0,4.3,3.98,37.9,NORMAL
S00001320,EX-015,EXCAVATOR,336,FINAL_DRIVE,2024-04-19,8508.5,22.5,N,56.5,4.6,2.4,4.4,3.0,5.5,2.0,1.0,0.043,0.0,0.0,0.03,99.8,4.0,3.2,5.85,20.0,NORMAL
S00001321,EX-015,EXCAVATOR,336,FINAL_DRIVE,2024-07-18,9048.1,562.2,N,68.5,7.0,3.69,5.8,4.8,6.8,2.4,1.7,0.033,0.0,0.0,0.05,104.2,5.6,3.8,4.97,30.9,NORMAL
S00001322,EX-015,EXCAVATOR,336,FINAL_DRIVE,2024-10-16,9587.7,1101.8,N,80.5,6.7,4.5,7.7,4.5,10.4,3.1,2.3,0.036,0.0,0.0,0.05,100.6,7.9,3.8,4.27,28.3,NORMAL
S00001323,EX-015,EXCAVATOR,336,FINAL_DRIVE,2025-01-14,10127.3,1641.4,N,100.1,10.2,7.05,13.6,8.3,14.3,3.2,2.3,0.048,0.0,0.0,0.07,99.3,8.9,5.7,3.87,43.7,NORMAL
S00001324,EX-015,EXCAVATOR,336,FINAL_DRIVE,2025-04-14,10666.9,57.2,N,46.6,6.1,3.27,4.4,3.1,5.7,1.4,1.0,0.046,0.0,0.0,0.03,98.4,5.2,2.8,5.48,13.2,NORMAL
S00001325,EX-015,EXCAVATOR,336,FINAL_DRIVE,2025-07-13,11206.6,596.8,N,57.7,7.3,3.51,7.6,5.5,6.9,2.8,1.9,0.042,0.0,0.0,0.04,97.6,5.8,3.6,5.34,23.3,NORMAL
S00001326,EX-015,EXCAVATOR,336,FINAL_DRIVE,2025-10-11,11746.2,1136.4,N,98.4,9.1,3.55,6.3,7.0,10.5,4.1,1.7,0.057,0.0,0.0,0.06,101.2,8.1,4.0,4.76,43.9,NORMAL
S00001327,EX-015,EXCAVATOR,336,FINAL_DRIVE,2026-01-09,12285.8,1676.0,N,99.7,12.6,6.74,12.6,9.0,13.0,3.0,2.6,0.057,0.0,0.0,0.08,100.8,6.8,4.7,4.03,42.0,NORMAL
S00001328,EX-015,EXCAVATOR,336,FINAL_DRIVE,2026-04-09,12825.4,27.0,N,56.1,4.0,2.59,6.0,3.7,6.2,2.3,1.4,0.038,0.0,0.0,0.02,97.4,4.9,2.8,5.83,16.5,NORMAL
S00001288,EX-015,EXCAVATOR,336,HYDRAULIC,2023-04-23,6350.0,30.2,N,16.1,2.3,0.48,1.2,1.5,4.3,1.6,0.9,12.098,0.0,0.0,0.03,49.5,6.1,3.0,4.74,3.6,MONITOR
S00001289,EX-015,EXCAVATOR,336,HYDRAULIC,2023-07-22,6889.6,569.8,N,8.5,3.1,0.96,1.7,2.3,6.0,2.4,2.3,0.022,0.0,0.0,0.05,44.0,6.7,3.6,4.17,4.5,NORMAL
S00001290,EX-015,EXCAVATOR,336,HYDRAULIC,2023-10-20,7429.2,1109.4,N,11.4,3.6,1.52,1.8,3.0,5.5,3.3,2.5,0.023,0.0,0.0,0.06,47.6,8.7,4.2,4.26,6.2,NORMAL
S00001291,EX-015,EXCAVATOR,336,HYDRAULIC,2024-01-18,7968.8,1649.0,N,13.7,5.4,1.05,1.9,3.0,7.3,3.5,2.6,0.03,0.0,0.0,0.07,45.1,9.3,4.6,3.08,8.3,NORMAL
S00001292,EX-015,EXCAVATOR,336,HYDRAULIC,2024-04-17,8508.5,45.7,N,5.8,2.3,0.58,1.3,1.5,3.3,1.6,1.4,0.035,0.0,0.0,0.03,44.2,5.4,3.2,4.56,3.5,NORMAL
S00001293,EX-015,EXCAVATOR,336,HYDRAULIC,2024-07-16,9048.1,585.3,N,10.4,3.2,0.61,1.2,2.0,4.6,2.5,1.6,0.044,0.0,0.0,0.04,45.4,7.9,4.0,3.91,5.6,NORMAL
S00001294,EX-015,EXCAVATOR,336,HYDRAULIC,2024-10-14,9587.7,1124.9,N,11.3,3.4,1.05,2.3,3.8,8.1,3.0,2.2,0.018,0.0,0.0,0.05,45.5,9.4,4.2,3.66,5.4,NORMAL
S00001295,EX-015,EXCAVATOR,336,HYDRAULIC,2025-01-12,10127.3,1664.5,N,25.4,4.4,1.01,2.3,3.8,9.2,2.7,2.9,9.854,0.0,0.0,0.08,44.6,9.3,5.0,3.13,10.2,MONITOR
S00001296,EX-015,EXCAVATOR,336,HYDRAULIC,2025-04-12,10666.9,15.3,N,7.4,2.0,0.53,1.1,1.3,3.0,1.2,0.7,0.03,0.0,0.0,0.02,46.6,5.2,2.8,4.52,2.9,NORMAL
S00001297,EX-015,EXCAVATOR,336,HYDRAULIC,2025-07-11,11206.6,554.9,N,9.4,3.2,0.68,1.6,1.9,5.5,3.3,1.4,0.033,0.0,0.0,0.05,45.9,7.9,3.7,4.02,6.4,NORMAL
S00001298,EX-015,EXCAVATOR,336,HYDRAULIC,2025-10-09,11746.2,1094.5,N,10.9,4.2,0.94,2.4,2.8,4.9,3.1,1.9,0.032,0.0,0.0,0.07,47.8,7.5,4.6,3.63,4.6,NORMAL
S00001299,EX-015,EXCAVATOR,336,HYDRAULIC,2026-01-07,12285.8,1634.1,N,10.6,8.4,1.55,2.6,4.5,7.4,3.3,2.5,0.026,0.0,0.0,0.08,46.9,9.8,4.4,3.13,7.3,NORMAL
S00001300,EX-015,EXCAVATOR,336,HYDRAULIC,2026-04-07,12825.4,33.7,N,7.7,2.2,0.5,1.0,1.8,2.9,1.9,0.9,0.028,0.0,0.0,0.02,42.3,5.6,3.0,4.62,4.1,NORMAL
S00001301,EX-015,EXCAVATOR,336,TRANSMISSION,2023-04-05,6282.2,920.7,N,61.7,14.9,4.92,10.0,6.8,11.1,4.4,2.7,0.04,0.0,0.0,0.17,66.9,13.6,7.5,4.52,15.7,NORMAL
S00001302,EX-015,EXCAVATOR,336,TRANSMISSION,2023-06-11,6680.6,33.9,N,21.6,9.5,2.53,4.6,2.7,4.6,1.7,1.4,0.025,0.0,0.0,0.06,68.3,6.8,3.4,6.28,10.0,NORMAL
S00001303,EX-015,EXCAVATOR,336,TRANSMISSION,2023-09-09,7220.2,573.5,N,33.7,11.6,4.53,6.9,5.3,9.3,2.9,1.8,0.029,0.0,0.0,0.11,65.5,9.6,5.9,5.5,14.8,NORMAL
S00001304,EX-015,EXCAVATOR,336,TRANSMISSION,2023-11-14,7614.1,967.4,N,56.7,15.1,4.45,7.7,6.8,10.1,3.7,2.1,0.041,0.0,0.0,0.18,70.1,12.5,6.3,4.41,20.7,NORMAL
S00001305,EX-015,EXCAVATOR,336,TRANSMISSION,2024-02-08,8132.9,44.1,N,36.3,8.2,2.89,3.1,3.1,4.6,2.1,1.0,0.031,0.0,0.0,0.05,69.0,6.4,4.0,6.42,13.0,NORMAL
S00001306,EX-015,EXCAVATOR,336,TRANSMISSION,2024-04-29,8619.7,530.9,N,131.5,13.9,11.05,5.3,5.5,7.1,3.0,1.7,0.032,0.0,0.0,0.12,68.8,10.2,4.4,5.41,71.3,ACTION
S00001307,EX-015,EXCAVATOR,336,TRANSMISSION,2024-07-15,9077.8,989.1,N,57.7,17.3,4.48,8.8,7.7,10.9,5.7,3.1,0.018,0.0,0.0,0.13,67.7,11.8,6.9,4.0,18.7,NORMAL
S00001308,EX-015,EXCAVATOR,336,TRANSMISSION,2024-10-13,9617.5,7.8,N,21.7,7.5,1.85,3.5,3.2,3.8,2.0,1.4,0.02,0.0,0.0,0.04,68.6,6.4,3.6,7.05,8.9,NORMAL
S00001309,EX-015,EXCAVATOR,336,TRANSMISSION,2025-01-11,10157.1,547.4,N,44.3,11.7,2.38,5.9,5.3,6.5,3.2,2.1,0.03,0.0,0.0,0.11,71.4,9.7,5.4,5.63,13.4,NORMAL
S00001310,EX-015,EXCAVATOR,336,TRANSMISSION,2025-04-01,10635.6,41.7,N,19.7,7.6,2.01,4.3,2.9,3.1,1.7,1.4,0.025,0.0,0.0,0.05,67.5,6.7,3.8,6.14,8.1,NORMAL
S00001311,EX-015,EXCAVATOR,336,TRANSMISSION,2025-05-24,10958.6,364.7,N,32.0,11.8,2.5,5.2,4.7,5.4,2.6,1.6,0.042,0.0,0.0,0.09,70.0,9.6,4.8,5.96,14.5,NORMAL
S00001312,EX-015,EXCAVATOR,336,TRANSMISSION,2025-08-22,11498.2,904.3,N,70.2,19.2,3.27,8.3,7.5,8.2,4.1,3.7,0.039,0.0,0.0,0.16,68.2,11.9,6.2,4.79,19.0,NORMAL
S00001313,EX-015,EXCAVATOR,336,TRANSMISSION,2025-11-13,11991.6,52.6,N,48.3,36.3,1.87,18.9,2.9,3.5,1.5,1.2,0.028,0.0,0.0,0.06,66.7,6.6,3.9,7.04,7.2,MONITOR
S00001314,EX-015,EXCAVATOR,336,TRANSMISSION,2026-02-11,12531.2,592.2,N,44.8,15.9,3.42,6.9,7.7,9.8,3.1,2.3,0.024,0.0,0.0,0.13,67.0,10.3,6.3,5.38,13.4,NORMAL
S00001315,EX-015,EXCAVATOR,336,TRANSMISSION,2026-04-21,12946.6,23.0,N,22.0,7.0,1.47,4.5,2.8,4.2,1.4,1.2,0.026,0.0,0.0,0.06,67.1,6.4,4.2,6.52,8.1,NORMAL
S00001329,EX-016,EXCAVATOR,336,ENGINE,2023-02-07,4952.6,328.9,N,24.2,7.4,1.96,4.3,6.8,10.0,4.2,2.5,0.018,0.55,0.0,0.53,107.1,13.8,8.8,7.9,8.9,NORMAL
S00001330,EX-016,EXCAVATOR,336,ENGINE,2023-03-18,5216.2,51.0,N,11.1,5.0,1.83,2.4,3.1,5.5,2.9,2.5,0.029,0.77,0.0,0.22,105.8,9.2,6.9,10.02,4.7,NORMAL
S00001331,EX-016,EXCAVATOR,336,ENGINE,2023-04-16,5413.0,247.8,N,16.6,8.8,1.98,5.5,4.1,7.1,2.3,3.2,0.02,0.96,0.0,0.37,104.1,12.1,8.5,8.78,6.7,NORMAL
S00001332,EX-016,EXCAVATOR,336,ENGINE,2023-05-27,5687.6,58.1,N,13.3,4.9,1.34,3.0,2.7,4.8,2.7,1.7,0.02,0.51,0.0,0.3,107.1,9.4,6.0,9.08,4.9,NORMAL
S00001333,EX-016,EXCAVATOR,336,ENGINE,2023-07-09,5982.7,353.2,N,20.2,10.4,2.67,6.0,7.1,9.6,5.7,3.8,0.024,0.64,0.0,0.5,113.6,13.6,10.2,7.0,10.1,NORMAL
S00001334,EX-016,EXCAVATOR,336,ENGINE,2023-08-20,6260.7,30.9,N,12.6,4.2,1.5,2.9,2.9,3.9,3.5,2.0,0.02,0.85,0.0,0.24,103.7,7.7,6.6,10.02,6.0,NORMAL
S00001335,EX-016,EXCAVATOR,336,ENGINE,2023-09-21,6481.2,251.4,N,21.7,5.4,1.88,3.6,4.1,7.4,3.5,3.2,0.017,0.63,0.0,0.45,109.1,13.3,7.6,8.69,8.6,NORMAL
S00001336,EX-016,EXCAVATOR,336,ENGINE,2023-10-29,6731.6,48.3,N,9.7,5.0,1.27,2.4,4.0,5.1,1.8,1.8,0.017,0.4,0.0,0.3,104.4,8.9,6.1,10.14,4.8,NORMAL
S00001337,EX-016,EXCAVATOR,336,ENGINE,2023-12-16,7059.2,375.8,N,22.3,9.3,2.03,6.1,7.3,12.0,4.7,4.3,0.016,1.13,0.0,0.4,108.1,13.2,10.7,7.16,9.2,NORMAL
S00001338,EX-016,EXCAVATOR,336,ENGINE,2024-01-31,7369.4,25.7,N,9.9,3.9,1.53,2.4,2.7,5.6,2.8,2.2,0.021,0.74,0.0,0.26,113.6,8.2,5.8,10.57,5.6,NORMAL
S00001339,EX-016,EXCAVATOR,336,ENGINE,2024-03-13,7651.1,307.4,N,16.0,8.1,2.06,4.3,7.1,8.4,4.9,3.3,0.015,0.53,0.0,0.48,106.3,11.9,8.9,7.84,8.3,NORMAL
S00001340,EX-016,EXCAVATOR,336,ENGINE,2024-04-12,7853.2,22.8,N,11.2,3.8,1.64,2.2,2.4,5.7,2.9,1.7,0.023,0.85,0.0,0.25,103.5,8.8,5.9,9.52,6.4,NORMAL
S00001341,EX-016,EXCAVATOR,336,ENGINE,2024-05-17,8088.6,258.3,N,21.7,7.0,2.53,3.4,5.3,4.9,3.9,2.9,0.017,0.74,0.0,0.55,102.9,12.9,8.8,8.15,9.4,NORMAL
S00001342,EX-016,EXCAVATOR,336,ENGINE,2024-06-27,8369.4,28.1,N,11.2,3.3,1.29,2.6,3.0,4.4,2.2,2.0,0.025,0.7,0.0,0.22,107.8,8.8,6.4,10.03,4.5,NORMAL
S00001343,EX-016,EXCAVATOR,336,ENGINE,2024-08-12,8678.1,336.8,N,26.2,8.6,2.65,5.1,5.3,10.5,5.4,3.4,0.022,0.8,0.0,0.46,98.7,13.7,9.0,7.41,12.5,NORMAL
S00001344,EX-016,EXCAVATOR,336,ENGINE,2024-09-23,8961.8,22.1,N,9.7,4.9,0.91,2.3,2.0,4.3,3.2,1.6,0.023,0.74,0.0,0.21,110.1,9.8,5.2,10.53,4.0,NORMAL
S00001345,EX-016,EXCAVATOR,336,ENGINE,2024-11-08,9270.9,331.1,N,17.3,9.3,4.0,4.3,5.2,9.1,5.9,3.3,0.029,0.49,0.0,0.49,110.0,16.4,9.9,7.56,6.9,NORMAL
S00001346,EX-016,EXCAVATOR,336,ENGINE,2024-12-15,9520.8,15.1,N,9.2,3.4,1.51,2.5,2.8,3.9,1.9,1.5,0.015,0.65,0.0,0.18,111.2,8.5,6.2,10.48,3.9,NORMAL
S00001347,EX-016,EXCAVATOR,336,ENGINE,2025-01-31,9840.0,334.4,N,18.6,9.5,3.37,4.7,5.3,8.7,4.3,3.5,0.011,0.62,0.0,0.61,110.8,15.2,7.3,7.73,8.7,NORMAL
S00001348,EX-016,EXCAVATOR,336,ENGINE,2025-03-19,10153.3,30.9,N,9.3,4.8,0.95,2.0,2.7,5.3,2.5,2.1,0.015,0.66,0.0,0.24,105.5,10.4,5.9,9.5,4.5,NORMAL
S00001349,EX-016,EXCAVATOR,336,ENGINE,2025-04-28,10426.0,303.6,N,16.7,6.8,2.14,5.2,5.2,11.5,5.0,4.2,0.018,0.62,0.0,0.52,108.6,12.7,9.0,7.42,8.6,NORMAL
S00001350,EX-016,EXCAVATOR,336,ENGINE,2025-06-03,10664.6,11.5,N,10.7,3.6,1.05,2.8,2.4,5.2,2.4,1.8,0.02,0.69,0.0,0.22,110.6,8.6,5.4,10.24,4.7,NORMAL
S00001351,EX-016,EXCAVATOR,336,ENGINE,2025-07-18,10973.3,320.2,N,21.4,9.4,1.94,4.5,7.1,8.3,4.6,2.6,0.025,0.88,0.0,0.57,109.3,12.8,8.6,7.46,10.4,NORMAL
S00001352,EX-016,EXCAVATOR,336,ENGINE,2025-08-26,11232.7,49.4,N,12.3,5.7,0.95,2.2,2.8,4.7,3.2,2.3,0.017,0.56,0.0,0.25,103.6,9.0,6.5,11.25,5.0,NORMAL
S00001353,EX-016,EXCAVATOR,336,ENGINE,2025-10-06,11511.5,328.3,N,23.5,8.6,1.73,4.0,6.3,8.6,7.2,4.1,0.018,0.32,0.0,0.48,108.8,14.0,8.6,6.96,9.1,NORMAL
S00001354,EX-016,EXCAVATOR,336,ENGINE,2025-11-02,11689.1,23.7,N,12.7,4.5,1.68,2.2,2.5,4.5,2.7,2.2,0.023,0.82,0.0,0.16,102.3,8.2,6.2,10.35,6.0,NORMAL
S00001355,EX-016,EXCAVATOR,336,ENGINE,2025-12-10,11947.2,281.7,N,19.6,6.6,2.92,3.9,5.3,8.7,3.6,2.3,0.024,0.55,0.0,0.42,108.2,13.3,7.7,7.85,8.0,NORMAL
S00001356,EX-016,EXCAVATOR,336,ENGINE,2026-01-22,12240.7,40.4,N,12.2,4.0,1.22,3.3,3.4,4.0,3.1,2.1,0.02,0.58,0.0,0.25,109.9,8.6,6.5,9.83,4.9,NORMAL
S00001357,EX-016,EXCAVATOR,336,ENGINE,2026-03-05,12519.7,319.3,N,18.3,7.5,2.21,5.8,4.4,9.7,3.9,3.3,0.012,0.42,0.0,0.39,108.1,14.6,9.8,7.9,9.0,NORMAL
S00001358,EX-016,EXCAVATOR,336,ENGINE,2026-04-11,12773.6,32.6,N,10.0,3.4,1.49,3.0,2.9,5.4,2.2,2.0,0.028,0.48,0.0,0.25,113.6,8.2,6.1,9.43,4.4,NORMAL
S00001359,EX-016,EXCAVATOR,336,ENGINE,2026-05-24,13063.1,322.1,N,21.1,6.6,1.95,4.4,5.9,9.4,4.8,4.7,0.018,0.49,0.0,0.51,101.1,13.1,8.3,7.15,8.9,NORMAL
S00001360,EX-016,EXCAVATOR,336,ENGINE,2026-06-25,13278.1,6.9,N,7.1,4.0,1.32,2.6,2.5,3.7,2.6,1.6,0.023,0.52,0.0,0.18,107.8,9.3,5.4,10.61,4.7,NORMAL
S00001391,EX-016,EXCAVATOR,336,FINAL_DRIVE,2023-04-12,5362.5,1930.6,N,129.5,15.1,6.76,15.8,10.4,10.5,4.6,3.2,0.052,0.0,0.0,0.08,98.5,8.5,5.4,3.43,39.2,NORMAL
S00001392,EX-016,EXCAVATOR,336,FINAL_DRIVE,2023-07-11,5969.5,12.9,N,54.8,6.1,2.48,5.6,2.6,3.8,1.8,1.3,0.047,0.0,0.0,0.02,102.7,5.6,2.7,5.87,14.4,NORMAL
S00001393,EX-016,EXCAVATOR,336,FINAL_DRIVE,2023-10-09,6576.4,619.9,N,64.8,7.7,4.34,7.0,4.8,6.2,2.4,1.5,0.06,0.0,0.0,0.05,101.5,6.6,4.2,5.38,24.5,NORMAL
S00001394,EX-016,EXCAVATOR,336,FINAL_DRIVE,2024-01-07,7183.4,1226.9,N,87.0,11.5,4.54,9.1,7.2,11.6,3.1,2.6,0.075,0.0,0.0,0.06,98.1,8.9,4.8,4.36,40.3,NORMAL
S00001395,EX-016,EXCAVATOR,336,FINAL_DRIVE,2024-04-06,7790.4,1833.8,N,147.1,10.3,6.84,11.3,8.6,11.5,4.8,2.6,0.027,0.0,0.0,0.07,102.1,8.4,5.4,4.07,47.1,NORMAL
S00001396,EX-016,EXCAVATOR,336,FINAL_DRIVE,2024-07-05,8397.3,29.8,N,55.2,4.7,3.48,4.1,3.9,4.7,1.5,1.1,0.079,0.0,0.0,0.03,99.7,4.9,3.1,5.21,23.0,NORMAL
S00001397,EX-016,EXCAVATOR,336,FINAL_DRIVE,2024-10-03,9004.3,636.7,N,104.7,6.2,5.96,4.8,6.0,6.8,2.6,1.6,0.038,0.0,0.0,0.05,104.2,6.9,3.8,4.89,37.8,NORMAL
S00001398,EX-016,EXCAVATOR,336,FINAL_DRIVE,2025-01-01,9611.3,1243.7,N,263.8,8.7,15.76,7.5,7.6,11.8,3.6,2.5,0.04,0.0,0.0,0.06,97.8,7.3,4.4,4.65,140.2,ACTION
S00001399,EX-016,EXCAVATOR,336,FINAL_DRIVE,2025-04-01,10218.2,1850.7,N,100.7,13.3,6.1,12.8,7.7,11.1,5.3,3.0,0.038,0.0,0.0,0.07,99.9,9.6,5.2,3.96,48.2,NORMAL
S00001400,EX-016,EXCAVATOR,336,FINAL_DRIVE,2025-06-30,10825.2,31.0,N,51.7,4.7,2.92,4.1,3.8,4.7,1.9,1.0,0.046,0.0,0.0,0.03,95.0,5.2,2.6,5.16,19.8,NORMAL
S00001401,EX-016,EXCAVATOR,336,FINAL_DRIVE,2025-09-28,11432.2,638.0,N,71.5,9.4,4.38,6.4,5.2,9.9,2.2,2.5,0.035,0.0,0.0,0.04,99.6,6.6,3.7,5.4,22.9,NORMAL
S00001402,EX-016,EXCAVATOR,336,FINAL_DRIVE,2025-12-27,12039.1,1244.9,N,91.8,9.6,6.95,8.1,6.4,9.8,3.3,1.8,0.06,0.0,0.0,0.06,99.6,8.3,5.3,4.43,30.3,NORMAL
S00001403,EX-016,EXCAVATOR,336,FINAL_DRIVE,2026-03-27,12646.1,1851.9,N,125.2,12.0,8.18,9.5,7.5,9.4,3.6,3.0,0.029,0.0,0.0,0.08,99.1,9.0,5.4,3.54,37.9,NORMAL
S00001404,EX-016,EXCAVATOR,336,FINAL_DRIVE,2026-06-25,13253.0,46.5,N,47.8,5.3,2.78,4.6,3.4,6.0,1.6,1.2,0.051,0.0,0.0,0.03,100.2,5.1,2.6,5.53,14.0,NORMAL
S00001361,EX-016,EXCAVATOR,336,HYDRAULIC,2023-04-13,5362.5,626.6,N,10.0,4.2,0.93,1.5,3.7,10.3,1.9,1.6,0.046,0.0,0.0,0.04,46.3,8.0,4.1,3.57,4.4,NORMAL
S00001362,EX-016,EXCAVATOR,336,HYDRAULIC,2023-07-12,5969.5,1233.6,N,11.4,4.3,1.07,2.5,3.5,5.6,3.3,3.0,0.037,0.0,0.0,0.08,45.6,8.5,4.5,3.46,8.7,NORMAL
S00001363,EX-016,EXCAVATOR,336,HYDRAULIC,2023-10-10,6576.4,1840.5,N,17.3,5.6,1.22,3.9,4.2,10.5,3.3,3.2,0.03,0.0,0.0,0.09,46.3,10.5,5.3,2.92,8.1,NORMAL
S00001364,EX-016,EXCAVATOR,336,HYDRAULIC,2024-01-08,7183.4,5.5,N,5.9,2.1,0.61,1.0,1.9,3.5,1.7,1.2,0.031,0.0,0.0,0.03,46.9,4.6,2.5,4.17,3.1,NORMAL
S00001365,EX-016,EXCAVATOR,336,HYDRAULIC,2024-04-07,7790.4,612.4,N,8.3,4.2,0.94,1.9,2.4,5.4,2.3,1.6,0.03,0.0,0.0,0.04,48.0,7.8,3.5,3.96,6.4,NORMAL
S00001366,EX-016,EXCAVATOR,336,HYDRAULIC,2024-07-06,8397.3,1219.4,N,14.0,4.4,1.35,3.2,2.5,7.8,3.4,2.4,0.029,0.0,0.0,0.06,46.6,8.7,4.4,3.77,6.7,NORMAL
S00001367,EX-016,EXCAVATOR,336,HYDRAULIC,2024-10-04,9004.3,1826.4,N,13.1,5.7,1.36,2.0,4.0,8.2,3.8,2.7,0.013,0.0,0.0,0.08,47.6,10.9,5.2,3.03,7.5,NORMAL
S00001368,EX-016,EXCAVATOR,336,HYDRAULIC,2025-01-02,9611.3,53.1,N,5.8,3.1,0.55,1.4,2.0,3.4,1.7,1.0,0.035,0.0,0.0,0.03,45.6,5.7,2.9,4.55,3.5,NORMAL
S00001369,EX-016,EXCAVATOR,336,HYDRAULIC,2025-04-02,10218.2,660.0,N,11.9,2.4,0.87,1.7,1.7,7.7,2.4,2.5,0.023,0.0,0.0,0.05,47.6,7.4,3.9,3.82,5.2,NORMAL
S00001370,EX-016,EXCAVATOR,336,HYDRAULIC,2025-07-01,10825.2,1267.0,N,13.0,3.7,1.35,1.8,3.7,5.1,3.1,2.2,0.043,0.0,0.0,0.08,45.3,10.0,4.5,3.27,6.1,NORMAL
S00001371,EX-016,EXCAVATOR,336,HYDRAULIC,2025-09-29,11432.2,1874.0,N,12.0,4.7,1.68,2.8,3.5,8.6,5.1,3.1,0.049,0.0,0.0,0.08,45.8,12.1,4.8,2.97,8.5,NORMAL
S00001372,EX-016,EXCAVATOR,336,HYDRAULIC,2025-12-28,12039.1,26.9,N,6.1,1.9,0.59,0.9,1.3,4.1,1.3,1.1,0.027,0.0,0.0,0.02,45.2,5.3,3.0,4.6,4.2,NORMAL
S00001373,EX-016,EXCAVATOR,336,HYDRAULIC,2026-03-28,12646.1,633.8,N,8.7,3.7,0.81,1.9,2.6,4.8,2.4,1.6,0.036,0.0,0.0,0.05,47.3,7.9,3.4,4.02,3.3,NORMAL
S00001374,EX-016,EXCAVATOR,336,HYDRAULIC,2026-06-26,13253.0,1240.8,N,9.5,4.1,1.21,2.4,3.8,7.3,4.1,2.7,0.021,0.0,0.0,0.06,47.2,9.2,4.8,3.41,8.1,NORMAL
S00001375,EX-016,EXCAVATOR,336,TRANSMISSION,2023-04-03,5268.7,939.0,N,50.8,16.2,4.56,12.0,6.3,9.7,4.5,1.8,0.025,0.0,0.0,0.14,67.7,12.3,6.0,4.15,17.0,NORMAL
S00001376,EX-016,EXCAVATOR,336,TRANSMISSION,2023-06-25,5825.9,27.2,N,23.2,7.4,1.59,3.2,2.9,3.7,2.3,1.6,0.031,0.0,0.0,0.05,70.5,5.8,3.7,7.6,8.7,NORMAL
S00001377,EX-016,EXCAVATOR,336,TRANSMISSION,2023-09-23,6432.8,634.2,N,34.0,18.1,3.78,7.5,6.8,8.3,2.9,2.2,0.021,0.0,0.0,0.11,65.7,7.7,5.5,4.47,11.9,NORMAL
S00001378,EX-016,EXCAVATOR,336,TRANSMISSION,2023-12-14,6988.7,49.5,N,23.8,8.8,1.85,3.5,2.6,4.6,1.4,1.5,0.031,0.0,0.0,0.05,69.1,7.4,3.4,6.95,10.8,NORMAL
S00001379,EX-016,EXCAVATOR,336,TRANSMISSION,2024-02-09,7372.6,433.3,N,39.7,12.2,2.75,5.2,4.5,7.0,3.4,1.7,0.024,0.0,0.0,0.12,66.6,9.1,4.8,5.48,13.6,NORMAL
S00001380,EX-016,EXCAVATOR,336,TRANSMISSION,2024-04-28,7906.8,967.5,N,50.8,16.7,5.2,7.1,8.8,13.8,5.1,2.6,0.038,0.0,0.0,0.16,65.8,11.8,6.6,4.39,20.4,NORMAL
S00001381,EX-016,EXCAVATOR,336,TRANSMISSION,2024-06-22,8274.6,59.0,N,25.2,9.6,1.41,3.2,3.3,3.6,1.7,1.1,0.056,0.0,0.0,0.07,68.7,6.2,3.6,6.71,7.4,NORMAL
S00001382,EX-016,EXCAVATOR,336,TRANSMISSION,2024-09-20,8881.6,666.0,N,39.3,15.4,3.55,5.9,6.5,7.1,3.8,2.2,0.018,0.0,0.0,0.12,67.8,10.2,6.0,5.21,10.5,NORMAL
S00001383,EX-016,EXCAVATOR,336,TRANSMISSION,2024-11-30,9362.9,50.5,N,26.4,7.4,1.91,2.8,2.6,4.0,1.8,0.8,0.026,0.0,0.0,0.05,68.7,7.0,3.7,6.7,7.9,NORMAL
S00001384,EX-016,EXCAVATOR,336,TRANSMISSION,2025-02-11,9855.4,543.0,N,46.1,12.7,3.76,8.0,4.6,6.3,3.5,2.2,0.029,0.0,0.0,0.12,67.5,10.8,5.1,5.53,17.7,NORMAL
S00001385,EX-016,EXCAVATOR,336,TRANSMISSION,2025-04-28,10367.0,27.3,N,21.3,9.3,1.49,3.3,2.3,4.9,1.6,1.0,0.024,0.0,0.0,0.05,66.0,6.1,3.5,7.12,8.8,NORMAL
S00001386,EX-016,EXCAVATOR,336,TRANSMISSION,2025-07-14,10884.8,545.1,N,35.9,13.5,4.14,6.7,5.5,9.5,3.4,2.5,0.026,0.0,0.0,0.13,69.9,10.3,4.8,5.9,13.7,NORMAL
S00001387,EX-016,EXCAVATOR,336,TRANSMISSION,2025-10-12,11491.8,29.3,N,22.8,9.5,1.48,3.4,2.3,4.1,2.1,1.1,0.026,0.0,0.0,0.06,69.2,7.3,3.9,5.9,8.0,NORMAL
S00001388,EX-016,EXCAVATOR,336,TRANSMISSION,2025-12-20,11957.5,495.0,N,35.4,14.4,3.85,7.2,5.1,5.8,2.5,2.3,0.03,0.0,0.0,0.09,66.7,9.2,4.5,5.6,16.9,NORMAL
S00001389,EX-016,EXCAVATOR,336,TRANSMISSION,2026-03-02,12445.2,982.7,N,43.1,18.8,3.71,8.1,7.7,9.2,4.6,2.3,0.026,0.0,0.0,0.14,66.3,13.3,7.1,3.98,23.1,NORMAL
S00001390,EX-016,EXCAVATOR,336,TRANSMISSION,2026-05-02,12855.0,50.3,N,25.3,7.8,2.15,3.6,2.6,4.3,1.4,1.0,0.029,0.0,0.0,0.06,70.1,7.1,3.6,6.42,6.3,NORMAL
S00001405,EX-017,EXCAVATOR,336,ENGINE,2023-02-19,3010.3,397.1,N,23.1,9.9,2.29,6.3,5.8,10.6,5.4,4.2,0.023,0.51,0.0,0.64,107.2,16.6,9.5,7.55,14.0,NORMAL
S00001406,EX-017,EXCAVATOR,336,ENGINE,2023-03-16,3225.3,44.7,N,11.7,4.5,1.3,2.7,2.8,6.3,2.6,1.9,0.02,0.55,0.0,0.23,107.2,8.8,6.1,10.17,4.2,NORMAL
S00001407,EX-017,EXCAVATOR,336,ENGINE,2023-04-18,3502.5,321.9,N,22.5,12.2,2.01,5.2,6.0,9.8,3.3,2.4,0.014,0.77,0.0,0.51,112.9,14.5,9.0,7.94,8.8,NORMAL
S00001408,EX-017,EXCAVATOR,336,ENGINE,2023-05-13,3706.3,13.0,N,10.8,3.7,1.25,2.6,2.5,5.2,2.4,1.4,0.01,0.87,0.0,0.23,109.8,7.8,5.8,10.37,4.2,NORMAL
S00001409,EX-017,EXCAVATOR,336,ENGINE,2023-06-09,3938.8,245.5,N,20.2,6.9,1.65,3.8,3.8,7.4,5.0,2.7,0.016,1.05,0.0,0.45,105.6,12.4,8.8,8.93,9.6,NORMAL
S00001410,EX-017,EXCAVATOR,336,ENGINE,2023-07-03,4136.3,442.9,N,22.8,8.9,2.48,4.7,6.6,11.6,4.0,3.0,0.015,0.55,0.0,0.71,108.3,15.1,11.7,7.26,12.5,NORMAL
S00001411,EX-017,EXCAVATOR,336,ENGINE,2023-08-15,4494.3,2.6,N,6.6,3.7,1.07,2.6,3.4,5.4,2.0,1.1,0.02,0.62,0.0,0.21,109.6,7.7,5.9,10.03,4.7,NORMAL
S00001412,EX-017,EXCAVATOR,336,ENGINE,2023-09-06,4686.8,195.0,N,13.9,4.9,1.65,4.1,4.3,5.7,3.6,2.8,0.013,0.61,0.0,0.37,110.3,11.5,5.9,9.51,8.3,NORMAL
S00001413,EX-017,EXCAVATOR,336,ENGINE,2023-10-03,4906.1,414.4,N,22.3,11.3,2.6,5.9,7.2,9.2,5.7,3.4,0.02,0.79,0.0,0.53,109.5,15.5,9.8,7.18,11.1,NORMAL
S00001414,EX-017,EXCAVATOR,336,ENGINE,2023-11-10,5227.9,18.6,N,10.5,4.6,1.02,2.5,4.2,3.8,2.4,1.7,0.045,0.39,0.0,0.21,110.0,8.9,6.1,10.15,4.5,NORMAL
S00001415,EX-017,EXCAVATOR,336,ENGINE,2023-12-03,5420.5,211.2,N,17.8,6.5,1.53,3.6,4.4,8.3,4.0,3.3,0.02,0.58,0.0,0.41,106.5,11.6,8.6,8.22,7.1,NORMAL
S00001416,EX-017,EXCAVATOR,336,ENGINE,2024-01-02,5672.0,462.7,N,27.5,8.6,2.54,5.5,6.9,11.7,5.1,4.0,0.027,0.55,0.0,0.66,109.3,15.6,11.1,5.99,8.9,NORMAL
S00001417,EX-017,EXCAVATOR,336,ENGINE,2024-02-01,5924.0,49.5,N,12.4,4.4,1.07,2.3,3.5,4.9,2.2,1.9,0.018,1.0,0.0,0.3,108.4,10.7,6.0,10.47,4.9,NORMAL
S00001418,EX-017,EXCAVATOR,336,ENGINE,2024-03-04,6190.7,316.2,N,21.6,6.9,2.54,4.4,5.3,7.5,4.4,3.8,0.024,0.63,0.0,0.43,116.1,13.9,8.1,8.24,10.7,NORMAL
S00001419,EX-017,EXCAVATOR,336,ENGINE,2024-04-01,6427.4,27.2,N,11.7,3.3,1.29,2.0,2.4,3.8,2.0,1.8,0.02,0.34,0.0,0.22,108.8,9.0,6.3,10.45,5.5,NORMAL
S00001420,EX-017,EXCAVATOR,336,ENGINE,2024-04-30,6669.4,269.2,N,15.7,5.9,1.96,3.1,5.2,8.0,2.9,3.2,0.02,0.64,0.0,0.42,107.3,11.1,8.2,8.28,7.9,NORMAL
S00001421,EX-017,EXCAVATOR,336,ENGINE,2024-05-23,6865.6,465.3,N,32.8,11.5,2.64,5.8,3.9,8.5,5.6,3.3,0.021,0.48,0.0,0.63,110.9,14.8,11.0,6.34,10.4,NORMAL
S00001422,EX-017,EXCAVATOR,336,ENGINE,2024-06-19,7089.2,59.9,N,14.0,4.4,1.24,2.5,3.2,5.0,2.4,2.5,0.022,0.54,0.0,0.29,101.6,8.9,6.2,10.34,5.4,NORMAL
S00001423,EX-017,EXCAVATOR,336,ENGINE,2024-07-25,7388.9,359.6,N,25.9,11.7,2.61,5.0,4.8,10.3,4.7,3.9,0.018,0.56,0.0,0.46,105.3,13.8,8.8,7.44,9.4,NORMAL
S00001424,EX-017,EXCAVATOR,336,ENGINE,2024-08-29,7683.7,4.4,N,10.0,3.9,1.15,1.5,2.7,5.8,2.3,2.1,0.017,0.59,0.0,0.16,104.7,9.0,5.9,10.1,4.5,NORMAL
S00001425,EX-017,EXCAVATOR,336,ENGINE,2024-10-03,7979.1,299.9,N,14.6,9.9,2.38,4.3,6.7,6.8,3.9,3.2,0.019,0.62,0.0,0.49,107.4,16.2,9.3,8.0,8.1,NORMAL
S00001426,EX-017,EXCAVATOR,336,ENGINE,2024-10-29,8201.2,16.5,N,10.7,3.6,1.06,1.6,3.0,5.2,2.6,2.4,0.028,0.45,0.0,0.24,113.4,10.1,5.7,9.79,5.8,NORMAL
S00001427,EX-017,EXCAVATOR,336,ENGINE,2024-11-15,8340.3,155.5,N,18.3,5.2,1.72,3.7,4.7,6.7,4.2,2.0,0.02,0.51,0.0,0.38,110.9,10.4,7.5,9.04,4.9,NORMAL
S00001428,EX-017,EXCAVATOR,336,ENGINE,2024-12-15,8593.7,408.9,N,21.1,7.7,3.21,6.9,8.0,9.4,5.9,4.1,0.015,0.85,0.0,0.66,108.0,14.8,11.3,6.98,9.5,NORMAL
S00001429,EX-017,EXCAVATOR,336,ENGINE,2025-01-17,8866.0,54.5,N,11.4,6.0,1.12,2.1,3.0,6.0,2.3,1.9,0.012,0.65,0.0,0.24,105.4,9.7,5.7,9.98,5.0,NORMAL
S00001430,EX-017,EXCAVATOR,336,ENGINE,2025-02-18,9141.8,330.2,N,20.7,6.1,2.64,3.9,6.7,8.6,4.6,4.3,0.017,0.43,0.0,0.56,111.2,14.7,9.5,7.78,8.3,NORMAL
S00001431,EX-017,EXCAVATOR,336,ENGINE,2025-03-23,9413.8,25.6,N,12.6,4.9,1.05,2.3,2.7,4.1,2.5,1.9,0.018,0.55,0.0,0.22,113.1,8.4,6.1,10.52,3.5,NORMAL
S00001432,EX-017,EXCAVATOR,336,ENGINE,2025-04-13,9589.2,201.0,N,19.8,5.8,2.12,3.4,4.2,6.3,3.8,3.3,0.022,0.38,0.0,0.47,108.6,11.4,9.5,8.85,8.9,NORMAL
S00001433,EX-017,EXCAVATOR,336,ENGINE,2025-05-11,9829.8,441.5,N,27.3,11.7,2.27,4.2,6.5,10.1,4.7,4.0,0.012,0.72,0.0,0.52,105.3,17.3,10.5,6.56,10.7,NORMAL
S00001434,EX-017,EXCAVATOR,336,ENGINE,2025-06-11,10088.1,48.2,N,13.1,3.9,0.99,3.1,2.6,4.7,3.1,2.4,0.027,0.93,0.0,0.22,107.5,9.8,6.8,10.81,4.7,NORMAL
S00001435,EX-017,EXCAVATOR,336,ENGINE,2025-07-17,10390.0,350.1,N,29.0,10.7,2.32,6.1,6.1,6.4,5.0,3.4,0.018,0.68,0.0,0.48,109.1,13.3,9.4,7.7,9.8,NORMAL
S00001436,EX-017,EXCAVATOR,336,ENGINE,2025-08-16,10638.4,20.5,N,11.9,7.1,1.26,2.7,2.8,6.0,2.7,2.1,0.025,0.41,0.0,0.22,110.5,8.6,5.8,10.25,4.5,NORMAL
S00001437,EX-017,EXCAVATOR,336,ENGINE,2025-09-18,10919.7,301.8,N,21.7,6.7,2.68,4.1,5.3,8.9,4.1,3.7,0.017,0.59,0.0,0.5,106.4,15.2,9.5,8.04,8.1,NORMAL
S00001438,EX-017,EXCAVATOR,336,ENGINE,2025-10-15,11142.3,7.8,N,8.3,3.3,1.08,2.3,2.8,5.4,2.4,1.7,0.022,0.57,0.0,0.23,111.2,8.2,6.1,10.95,3.2,NORMAL
S00001439,EX-017,EXCAVATOR,336,ENGINE,2025-11-14,11397.9,263.4,N,25.8,9.2,1.73,6.7,4.4,6.9,3.7,3.2,0.019,0.54,0.0,0.41,105.9,14.8,8.9,7.76,9.7,NORMAL
S00001440,EX-017,EXCAVATOR,336,ENGINE,2025-12-09,11602.3,467.8,N,27.2,14.6,3.55,10.5,8.5,14.1,6.3,4.9,0.01,0.71,0.0,0.54,110.8,16.3,8.7,6.92,17.0,MONITOR
S00001441,EX-017,EXCAVATOR,336,ENGINE,2026-01-02,11803.3,11.5,N,19.7,11.9,1.08,10.9,2.6,5.1,1.9,1.6,0.016,0.36,0.0,0.16,107.7,7.3,5.3,10.57,12.1,NORMAL
S00001442,EX-017,EXCAVATOR,336,ENGINE,2026-02-06,12100.2,308.5,N,33.8,20.7,2.0,19.7,7.0,6.3,4.3,4.0,0.022,0.62,0.0,0.58,107.9,13.4,9.7,7.44,21.6,ACTION
S00001443,EX-017,EXCAVATOR,336,ENGINE,2026-03-08,12348.1,24.8,N,11.0,5.1,1.09,1.7,3.1,5.7,2.1,1.9,0.028,0.51,0.0,0.25,112.6,7.5,5.5,9.92,5.8,NORMAL
S00001444,EX-017,EXCAVATOR,336,ENGINE,2026-04-15,12673.6,350.3,N,16.7,6.9,1.94,4.6,6.2,9.9,4.5,3.3,0.019,0.6,0.0,0.52,111.4,11.8,9.6,7.58,8.2,NORMAL
S00001445,EX-017,EXCAVATOR,336,ENGINE,2026-05-17,12937.1,15.5,N,12.7,4.3,0.98,1.9,3.4,3.9,2.0,2.3,0.018,0.57,0.0,0.21,111.0,8.6,6.2,9.82,4.5,NORMAL
S00001446,EX-017,EXCAVATOR,336,ENGINE,2026-06-11,13151.1,229.5,N,11.7,7.0,2.22,4.8,4.3,8.0,3.7,3.2,0.024,0.62,0.0,0.4,106.9,9.7,8.0,8.54,7.5,NORMAL
S00001482,EX-017,EXCAVATOR,336,FINAL_DRIVE,2023-04-19,3548.6,36.0,N,43.7,5.2,3.53,3.9,4.1,5.2,1.7,1.1,0.046,0.0,0.0,0.02,101.9,5.0,3.0,5.45,19.0,NORMAL
S00001483,EX-017,EXCAVATOR,336,FINAL_DRIVE,2023-07-18,4303.8,791.1,N,55.4,6.6,5.33,8.4,7.1,8.7,3.1,2.5,0.042,0.0,0.0,0.05,101.1,6.0,3.8,5.45,36.9,NORMAL
S00001484,EX-017,EXCAVATOR,336,FINAL_DRIVE,2023-10-16,5058.9,1546.2,N,97.5,12.2,6.64,11.0,8.2,10.7,3.2,2.0,0.031,0.0,0.0,0.08,98.8,7.5,4.1,3.84,23.7,NORMAL
S00001485,EX-017,EXCAVATOR,336,FINAL_DRIVE,2024-01-14,5814.0,19.7,N,50.8,5.5,3.16,5.4,3.1,4.8,1.5,1.1,0.059,0.0,0.0,0.03,95.6,4.6,3.1,5.91,22.2,NORMAL
S00001486,EX-017,EXCAVATOR,336,FINAL_DRIVE,2024-04-13,6569.1,774.8,N,79.0,7.4,5.31,7.6,3.6,6.1,2.9,2.1,0.05,0.0,0.0,0.05,102.6,6.3,3.8,4.83,22.6,NORMAL
S00001487,EX-017,EXCAVATOR,336,FINAL_DRIVE,2024-07-12,7324.2,1529.9,N,116.5,10.5,5.89,8.7,6.5,10.6,3.9,3.3,0.054,0.0,0.0,0.09,99.7,8.2,5.4,4.32,29.5,NORMAL
S00001488,EX-017,EXCAVATOR,336,FINAL_DRIVE,2024-10-10,8079.3,10.3,N,63.1,3.7,2.64,4.5,3.5,5.0,1.6,1.3,0.025,0.0,0.0,0.03,96.7,4.7,2.8,5.49,19.9,NORMAL
S00001489,EX-017,EXCAVATOR,336,FINAL_DRIVE,2025-01-08,8834.4,765.4,N,80.2,9.4,5.08,8.7,4.3,8.1,2.8,1.9,0.046,0.0,0.0,0.05,100.6,7.2,3.5,5.18,27.0,NORMAL
S00001490,EX-017,EXCAVATOR,336,FINAL_DRIVE,2025-04-08,9589.5,1520.5,N,94.7,12.6,5.7,9.1,7.6,15.8,4.0,2.6,0.056,0.0,0.0,0.06,99.6,8.1,4.8,4.07,34.7,NORMAL
S00001491,EX-017,EXCAVATOR,336,FINAL_DRIVE,2025-07-07,10344.6,40.5,N,55.8,5.1,4.48,4.8,3.7,5.6,1.3,1.3,0.041,0.0,0.0,0.03,99.2,5.3,2.4,5.6,14.7,NORMAL
S00001492,EX-017,EXCAVATOR,336,FINAL_DRIVE,2025-10-05,11099.7,795.6,N,92.1,8.0,4.12,7.9,4.4,8.1,3.0,2.0,0.053,0.0,0.0,0.04,103.3,7.8,3.8,4.83,26.6,NORMAL
S00001493,EX-017,EXCAVATOR,336,FINAL_DRIVE,2026-01-03,11854.8,1550.7,N,122.4,8.1,6.46,11.1,8.0,10.3,5.0,2.3,0.053,0.0,0.0,0.08,101.2,8.2,4.4,3.73,34.3,NORMAL
S00001494,EX-017,EXCAVATOR,336,FINAL_DRIVE,2026-03-09,12397.0,54.7,N,44.1,4.6,3.06,4.0,4.0,4.8,2.1,1.1,0.039,0.0,0.0,0.03,100.7,4.9,3.0,5.58,15.7,NORMAL
S00001495,EX-017,EXCAVATOR,336,FINAL_DRIVE,2026-06-07,13152.1,809.8,N,88.3,9.3,4.55,8.4,5.8,9.5,2.6,2.2,0.045,0.0,0.0,0.04,97.5,6.9,3.8,4.59,26.8,NORMAL
S00001447,EX-017,EXCAVATOR,336,HYDRAULIC,2023-04-12,3548.6,1718.3,N,15.3,4.7,1.38,2.4,3.0,8.7,4.0,2.8,0.024,0.0,0.0,0.07,46.9,9.8,5.3,2.8,7.3,NORMAL
S00001448,EX-017,EXCAVATOR,336,HYDRAULIC,2023-07-11,4303.8,35.0,N,4.2,2.1,0.5,0.8,1.5,3.3,1.5,1.1,0.041,0.0,0.0,0.03,48.5,5.4,2.8,4.51,3.1,NORMAL
S00001449,EX-017,EXCAVATOR,336,HYDRAULIC,2023-10-09,5058.9,790.1,N,11.4,4.2,1.06,1.5,2.8,6.4,2.6,1.6,0.037,0.0,0.0,0.04,43.9,7.1,3.9,4.11,6.0,NORMAL
S00001450,EX-017,EXCAVATOR,336,HYDRAULIC,2024-01-07,5814.0,1545.2,N,11.3,5.6,1.13,2.9,3.4,7.6,4.2,2.2,0.024,0.0,0.0,0.09,47.5,9.4,5.0,3.24,8.1,NORMAL
S00001451,EX-017,EXCAVATOR,336,HYDRAULIC,2024-04-06,6569.1,34.3,N,6.1,2.4,0.57,1.1,1.9,3.6,1.6,1.5,0.014,0.0,0.0,0.03,45.4,6.1,3.1,4.59,3.6,NORMAL
S00001452,EX-017,EXCAVATOR,336,HYDRAULIC,2024-07-05,7324.2,789.4,N,10.8,3.3,0.79,2.1,2.8,7.3,2.3,1.8,0.038,0.0,0.0,0.05,44.9,8.5,4.0,4.07,5.6,NORMAL
S00001453,EX-017,EXCAVATOR,336,HYDRAULIC,2024-10-03,8079.3,1544.6,N,17.6,5.7,1.0,1.5,4.7,10.0,3.6,2.5,0.03,0.0,0.0,0.07,47.0,8.2,4.5,3.12,5.7,NORMAL
S00001454,EX-017,EXCAVATOR,336,HYDRAULIC,2025-01-01,8834.4,0.6,N,6.3,2.3,0.45,0.9,1.7,3.3,1.9,1.4,0.021,0.0,0.0,0.03,44.2,6.2,2.8,5.08,3.8,NORMAL
S00001455,EX-017,EXCAVATOR,336,HYDRAULIC,2025-04-01,9589.5,755.7,N,8.3,3.3,0.83,1.7,2.6,7.0,2.5,1.5,0.031,0.0,0.0,0.05,46.9,7.1,4.0,4.31,5.3,NORMAL
S00001456,EX-017,EXCAVATOR,336,HYDRAULIC,2025-06-30,10344.6,1510.9,N,11.0,4.0,1.07,2.8,3.7,8.7,3.8,2.5,0.021,0.0,0.0,0.07,47.3,9.5,4.9,3.36,8.8,NORMAL
S00001457,EX-017,EXCAVATOR,336,HYDRAULIC,2025-09-28,11099.7,59.2,N,6.0,2.5,0.59,1.2,1.9,2.8,1.6,1.1,0.034,0.0,0.0,0.03,44.2,6.0,2.8,4.63,4.3,NORMAL
S00001458,EX-017,EXCAVATOR,336,HYDRAULIC,2025-12-27,11854.8,814.3,N,10.0,3.5,0.74,1.7,3.3,5.6,2.7,1.7,0.035,0.0,0.0,0.04,44.8,8.0,4.3,4.16,5.5,NORMAL
S00001459,EX-017,EXCAVATOR,336,HYDRAULIC,2026-03-23,12572.7,1532.1,N,13.1,5.0,1.24,1.8,4.9,9.5,4.2,2.8,0.039,0.0,0.0,0.06,46.8,9.4,5.3,3.35,8.2,NORMAL
S00001460,EX-017,EXCAVATOR,336,HYDRAULIC,2026-06-21,13327.8,58.7,N,5.0,1.8,0.5,1.1,2.0,3.1,1.4,0.9,0.027,0.0,0.0,0.03,46.5,5.9,3.0,4.51,2.9,NORMAL
S00001461,EX-017,EXCAVATOR,336,TRANSMISSION,2023-03-14,3322.2,27.7,N,25.4,11.0,1.75,3.6,2.3,3.7,1.8,0.9,0.035,0.0,0.0,0.04,70.0,6.3,3.7,6.72,6.1,NORMAL
S00001462,EX-017,EXCAVATOR,336,TRANSMISSION,2023-05-11,3811.8,517.3,N,33.0,13.6,3.74,4.3,3.5,7.4,4.0,2.2,0.021,0.0,0.0,0.09,65.5,9.4,4.9,5.24,14.2,NORMAL
S00001463,EX-017,EXCAVATOR,336,TRANSMISSION,2023-07-05,4273.0,978.5,N,50.0,18.9,4.46,9.8,8.9,11.2,3.5,3.6,0.034,0.0,0.0,0.17,68.2,13.1,6.6,4.01,20.5,NORMAL
S00001464,EX-017,EXCAVATOR,336,TRANSMISSION,2023-09-01,4757.0,21.2,N,24.9,8.4,2.23,3.3,3.5,4.4,2.0,1.0,0.027,0.0,0.0,0.05,68.5,6.3,3.8,6.82,10.0,NORMAL
S00001465,EX-017,EXCAVATOR,336,TRANSMISSION,2023-11-12,5361.1,625.3,N,76.7,14.9,6.26,6.3,5.7,8.4,2.4,2.4,0.031,0.0,0.0,0.14,65.7,10.4,5.0,5.24,41.3,MONITOR
S00001466,EX-017,EXCAVATOR,336,TRANSMISSION,2024-01-19,5935.8,30.5,N,27.6,6.5,1.66,3.8,2.6,4.2,1.5,1.0,0.027,0.0,0.0,0.05,69.5,7.0,3.3,7.05,9.9,NORMAL
S00001467,EX-017,EXCAVATOR,336,TRANSMISSION,2024-03-07,6334.4,429.0,N,76.3,14.0,5.98,6.6,5.8,5.9,2.7,1.8,0.038,0.0,0.0,0.08,66.9,8.1,4.7,5.36,37.0,MONITOR
S00001468,EX-017,EXCAVATOR,336,TRANSMISSION,2024-05-16,6925.6,13.8,N,19.8,8.1,1.71,3.4,2.9,4.6,1.5,1.0,0.033,0.0,0.0,0.05,68.0,5.9,3.8,6.73,8.6,NORMAL
S00001469,EX-017,EXCAVATOR,336,TRANSMISSION,2024-06-28,7286.8,375.0,N,31.3,15.9,3.82,5.5,4.1,5.9,3.0,1.5,0.04,0.0,0.0,0.11,63.7,8.4,4.2,5.73,9.9,NORMAL
S00001470,EX-017,EXCAVATOR,336,TRANSMISSION,2024-08-23,7758.0,846.2,N,50.1,15.4,2.71,8.1,7.0,11.1,4.0,2.3,0.023,0.0,0.0,0.13,65.4,10.8,7.0,4.17,26.0,NORMAL
S00001471,EX-017,EXCAVATOR,336,TRANSMISSION,2024-10-05,8112.9,0.6,N,28.7,7.8,1.51,2.9,2.5,3.7,1.3,0.9,0.041,0.0,0.0,0.05,69.1,6.5,3.5,7.29,7.8,NORMAL
S00001472,EX-017,EXCAVATOR,336,TRANSMISSION,2024-12-03,8609.1,496.9,N,40.4,19.9,2.73,6.2,4.8,6.1,3.0,1.9,0.025,0.0,0.0,0.13,66.5,9.7,5.2,5.53,14.7,NORMAL
S00001473,EX-017,EXCAVATOR,336,TRANSMISSION,2025-01-26,9060.9,948.6,N,50.0,17.5,4.63,7.4,7.5,9.7,4.8,2.9,0.044,0.0,0.0,0.17,66.2,12.8,5.9,4.2,20.4,NORMAL
S00001474,EX-017,EXCAVATOR,336,TRANSMISSION,2025-04-02,9617.9,49.7,N,26.1,7.1,1.89,3.7,3.0,3.9,1.6,1.2,0.024,0.0,0.0,0.06,70.3,6.2,3.9,7.16,8.3,NORMAL
S00001475,EX-017,EXCAVATOR,336,TRANSMISSION,2025-06-16,10244.5,676.4,N,44.9,20.4,3.84,8.3,6.6,9.7,5.9,1.8,0.029,0.0,0.0,0.13,67.9,11.2,6.1,5.09,11.6,NORMAL
S00001476,EX-017,EXCAVATOR,336,TRANSMISSION,2025-08-20,10796.0,6.7,N,22.8,7.6,1.6,3.1,3.2,3.1,1.7,1.2,0.019,0.0,0.0,0.06,66.6,5.9,3.9,7.13,8.2,NORMAL
S00001477,EX-017,EXCAVATOR,336,TRANSMISSION,2025-10-14,11252.0,462.7,N,49.0,14.6,3.34,6.4,3.3,4.6,3.4,2.8,0.039,0.0,0.0,0.09,65.9,9.2,4.3,6.11,12.1,NORMAL
S00001478,EX-017,EXCAVATOR,336,TRANSMISSION,2025-11-26,11619.3,829.9,N,55.4,16.1,3.45,9.0,8.5,7.3,4.6,3.2,0.029,0.0,0.0,0.15,68.4,10.8,6.2,4.36,16.0,NORMAL
S00001479,EX-017,EXCAVATOR,336,TRANSMISSION,2026-02-01,12176.1,28.6,N,28.4,11.8,1.92,3.0,3.0,4.2,1.9,0.9,0.039,0.0,0.0,0.05,68.6,6.9,3.6,7.05,6.3,NORMAL
S00001480,EX-017,EXCAVATOR,336,TRANSMISSION,2026-03-29,12648.2,500.7,N,43.9,14.0,2.91,6.6,4.5,7.8,2.5,1.8,0.026,0.0,0.0,0.11,69.4,8.1,4.9,5.59,12.5,NORMAL
S00001481,EX-017,EXCAVATOR,336,TRANSMISSION,2026-06-05,13220.1,42.5,N,21.1,7.3,1.92,2.6,2.7,4.6,2.1,1.4,0.038,0.0,0.0,0.06,67.2,7.2,3.5,7.17,8.1,NORMAL
S00001496,EX-018,EXCAVATOR,336,ENGINE,2023-02-07,7822.9,44.6,N,12.6,5.1,1.56,3.3,3.4,3.8,3.1,2.0,0.024,0.41,0.0,0.2,108.1,10.1,6.0,10.17,5.0,NORMAL
S00001497,EX-018,EXCAVATOR,336,ENGINE,2023-03-01,8078.0,299.8,N,22.8,9.2,2.73,4.1,6.2,9.0,6.4,3.3,0.033,0.75,0.0,0.44,111.1,14.4,8.4,7.54,8.6,NORMAL
S00001498,EX-018,EXCAVATOR,336,ENGINE,2023-03-23,8331.4,47.2,N,9.8,4.5,1.21,2.6,2.4,5.2,2.5,2.1,0.018,0.38,0.0,0.26,106.4,9.2,6.3,10.07,4.1,NORMAL
S00001499,EX-018,EXCAVATOR,336,ENGINE,2023-04-11,8547.0,262.8,N,18.4,8.7,1.73,4.7,4.7,6.7,4.1,3.2,0.026,0.77,0.0,0.47,106.3,11.9,8.5,7.94,10.1,NORMAL
S00001500,EX-018,EXCAVATOR,336,ENGINE,2023-05-01,8770.3,486.1,N,42.5,11.8,3.05,7.0,7.1,13.5,5.2,4.2,0.022,0.86,0.0,0.67,105.1,16.1,11.3,6.72,9.2,NORMAL
S00001501,EX-018,EXCAVATOR,336,ENGINE,2023-05-22,9006.0,32.3,N,15.5,4.9,1.44,2.4,5.2,13.3,3.2,2.2,0.037,0.64,0.0,0.18,107.7,9.7,5.9,9.34,5.1,NORMAL
S00001502,EX-018,EXCAVATOR,336,ENGINE,2023-06-13,9260.3,286.6,N,29.5,6.2,2.16,4.4,9.4,26.8,3.7,3.3,0.018,0.64,0.0,0.48,107.0,13.1,7.7,8.6,9.0,MONITOR
S00001503,EX-018,EXCAVATOR,336,ENGINE,2023-07-11,9577.8,53.4,N,25.2,3.9,1.51,2.6,12.1,39.9,2.3,1.6,0.027,0.64,0.0,0.26,112.2,9.2,6.0,10.13,5.6,MONITOR
S00001504,EX-018,EXCAVATOR,336,ENGINE,2023-08-06,9870.3,345.8,N,18.1,11.3,2.55,7.1,6.5,7.0,5.7,3.6,0.01,0.89,0.0,0.54,105.4,13.9,9.6,7.51,8.5,NORMAL
S00001505,EX-018,EXCAVATOR,336,ENGINE,2023-08-31,10154.5,1.2,N,12.9,2.7,0.96,2.6,2.2,4.9,2.3,1.5,0.022,0.57,0.0,0.18,108.0,9.4,5.4,10.04,4.4,NORMAL
S00001506,EX-018,EXCAVATOR,336,ENGINE,2023-09-17,10351.9,198.6,N,15.9,5.3,1.86,3.3,3.9,7.9,3.4,2.7,0.024,0.77,0.0,0.41,104.7,10.0,7.7,9.11,5.3,NORMAL
S00001507,EX-018,EXCAVATOR,336,ENGINE,2023-10-08,10594.7,441.3,N,19.3,8.1,3.3,6.7,6.1,11.8,7.3,3.7,0.024,1.08,0.0,0.58,107.2,15.8,10.9,7.04,9.8,NORMAL
S00001508,EX-018,EXCAVATOR,336,ENGINE,2023-10-23,10765.5,7.4,N,11.1,3.4,0.94,2.1,4.0,6.0,3.4,1.8,0.02,0.41,0.0,0.23,105.0,7.7,5.8,9.97,5.1,NORMAL
S00001509,EX-018,EXCAVATOR,336,ENGINE,2023-11-08,10945.5,187.4,N,12.4,8.3,1.53,3.9,3.8,6.6,3.3,3.2,0.024,0.33,0.0,0.38,107.7,10.5,8.1,9.34,8.0,NORMAL
S00001510,EX-018,EXCAVATOR,336,ENGINE,2023-12-01,11201.1,443.0,N,21.9,9.1,2.57,4.8,8.5,9.5,4.4,5.8,0.021,0.46,0.0,0.57,105.1,13.5,10.9,7.1,9.9,NORMAL
S00001511,EX-018,EXCAVATOR,336,ENGINE,2023-12-25,11481.5,26.7,N,13.0,4.9,1.35,2.1,2.8,6.7,2.3,1.4,0.025,0.46,0.0,0.23,104.6,9.0,6.1,11.12,3.5,NORMAL
S00001512,EX-018,EXCAVATOR,336,ENGINE,2024-01-05,11600.9,146.2,N,14.0,5.5,1.61,3.7,3.9,6.3,4.1,2.3,0.012,0.57,0.0,0.43,107.5,10.6,7.9,9.47,6.4,NORMAL
S00001513,EX-018,EXCAVATOR,336,ENGINE,2024-02-01,11911.0,456.2,N,23.4,11.0,2.02,5.2,5.3,11.7,5.1,3.8,0.017,0.85,0.0,0.67,110.1,15.0,11.3,5.85,7.3,NORMAL
S00001514,EX-018,EXCAVATOR,336,ENGINE,2024-03-05,12284.0,37.9,N,10.0,4.5,1.29,2.4,3.5,4.9,2.5,2.4,0.018,0.64,0.0,0.22,108.5,8.5,5.7,10.1,5.3,NORMAL
S00001515,EX-018,EXCAVATOR,336,ENGINE,2024-03-30,12572.6,326.5,N,20.5,8.2,2.06,4.3,5.2,12.3,4.1,2.6,0.019,0.99,0.0,0.54,109.9,14.1,9.0,7.13,7.8,NORMAL
S00001516,EX-018,EXCAVATOR,336,ENGINE,2024-04-27,12887.8,2.9,N,11.9,2.7,1.17,2.2,2.8,3.3,2.0,1.5,0.017,0.69,0.0,0.22,110.5,7.9,5.8,10.28,4.1,NORMAL
S00001517,EX-018,EXCAVATOR,336,ENGINE,2024-05-17,13117.8,232.9,N,17.6,7.6,1.75,5.8,4.6,6.7,3.0,3.0,0.021,0.52,0.0,0.46,108.8,12.3,8.8,7.85,7.9,NORMAL
S00001518,EX-018,EXCAVATOR,336,ENGINE,2024-06-13,13418.6,26.6,N,10.7,4.2,1.34,3.0,2.6,4.6,3.0,2.0,0.021,0.48,0.0,0.19,104.5,7.7,5.9,10.68,4.7,NORMAL
S00001519,EX-018,EXCAVATOR,336,ENGINE,2024-06-29,13596.0,204.0,N,19.1,7.3,2.05,2.9,4.9,7.1,4.2,2.5,0.011,1.37,0.0,0.42,105.8,14.6,8.0,8.82,6.9,NORMAL
S00001520,EX-018,EXCAVATOR,336,ENGINE,2024-07-22,13862.1,470.1,N,29.7,11.8,3.04,5.3,7.0,14.2,6.1,4.9,0.034,0.85,0.0,0.68,111.3,16.3,9.1,6.34,12.2,NORMAL
S00001521,EX-018,EXCAVATOR,336,ENGINE,2024-08-14,14123.3,29.2,N,10.2,4.6,1.32,2.0,3.7,4.7,2.3,1.3,0.035,0.66,0.0,0.22,104.9,9.9,6.2,10.08,4.3,NORMAL
S00001522,EX-018,EXCAVATOR,336,ENGINE,2024-09-08,14413.5,319.4,N,20.1,6.0,2.36,5.3,3.8,11.2,4.5,3.5,0.018,0.54,0.0,0.51,106.1,12.6,9.9,8.07,9.4,NORMAL
S00001523,EX-018,EXCAVATOR,336,ENGINE,2024-09-25,14604.9,0.3,N,10.0,2.8,1.33,2.0,3.1,4.6,2.3,1.8,0.025,0.52,0.0,0.17,108.6,8.2,5.0,9.96,5.1,NORMAL
S00001524,EX-018,EXCAVATOR,336,ENGINE,2024-10-16,14838.6,234.0,N,22.7,6.5,1.45,3.4,7.1,6.2,3.6,2.5,0.017,0.61,0.0,0.47,108.7,12.9,8.9,9.2,7.9,NORMAL
S00001525,EX-018,EXCAVATOR,336,ENGINE,2024-11-13,15152.5,42.3,N,12.1,3.4,1.3,2.9,3.9,3.9,2.7,1.7,0.03,0.63,0.0,0.22,111.8,8.4,6.1,9.67,4.9,NORMAL
S00001526,EX-018,EXCAVATOR,336,ENGINE,2024-12-03,15381.1,270.9,N,17.9,7.0,1.79,3.8,4.2,10.3,4.8,3.3,0.028,0.76,0.0,0.42,106.7,13.5,7.7,8.19,6.9,NORMAL
S00001527,EX-018,EXCAVATOR,336,ENGINE,2024-12-13,15502.9,392.6,N,18.4,8.7,2.54,5.6,7.0,12.0,5.4,5.5,0.018,0.69,0.0,0.63,111.1,17.9,10.7,7.42,12.2,NORMAL
S00001528,EX-018,EXCAVATOR,336,ENGINE,2025-01-04,15748.8,19.5,N,10.7,4.6,1.14,2.6,2.4,6.4,2.9,1.6,0.026,0.72,0.0,0.23,107.5,9.6,5.2,9.51,5.7,NORMAL
S00001529,EX-018,EXCAVATOR,336,ENGINE,2025-01-31,16057.3,328.0,N,20.5,7.6,1.69,4.3,5.6,7.1,4.7,4.1,0.032,0.45,0.0,0.54,109.2,13.4,9.2,8.46,9.7,NORMAL
S00001530,EX-018,EXCAVATOR,336,ENGINE,2025-02-17,16251.7,52.7,N,11.4,5.5,1.21,3.3,3.7,5.5,2.5,1.6,0.021,0.57,0.0,0.26,110.9,9.3,6.3,10.12,5.3,NORMAL
S00001531,EX-018,EXCAVATOR,336,ENGINE,2025-03-11,16499.8,300.8,N,20.1,7.5,1.7,6.0,4.6,8.5,5.0,2.6,0.014,0.64,0.0,0.41,109.5,13.8,8.7,7.67,8.0,NORMAL
S00001532,EX-018,EXCAVATOR,336,ENGINE,2025-04-07,16808.5,14.9,N,11.3,4.2,1.4,2.3,3.2,4.2,2.6,1.5,0.03,0.72,0.0,0.26,112.7,9.3,5.7,9.96,5.5,NORMAL
S00001533,EX-018,EXCAVATOR,336,ENGINE,2025-05-03,17103.9,310.3,N,20.1,6.6,2.46,3.9,5.3,9.0,4.7,2.9,0.012,1.09,0.0,0.5,106.8,13.4,9.4,7.45,7.3,NORMAL
S00001534,EX-018,EXCAVATOR,336,ENGINE,2025-05-27,17368.7,20.7,N,10.8,4.8,1.04,1.9,3.6,5.9,2.7,1.7,0.016,0.85,0.0,0.22,103.6,9.4,6.1,9.31,5.7,NORMAL
S00001535,EX-018,EXCAVATOR,336,ENGINE,2025-06-18,17622.5,274.6,N,16.8,6.6,2.11,4.9,6.3,10.6,4.9,3.7,0.025,0.81,0.0,0.48,109.6,14.4,9.6,7.71,11.2,NORMAL
S00001536,EX-018,EXCAVATOR,336,ENGINE,2025-07-20,17987.7,49.4,N,10.8,4.5,1.02,2.4,3.3,4.8,3.0,2.2,0.012,0.67,0.0,0.24,110.5,8.7,6.5,9.95,5.2,NORMAL
S00001537,EX-018,EXCAVATOR,336,ENGINE,2025-08-05,18174.3,236.1,N,22.1,6.7,1.83,3.2,4.4,7.7,4.0,3.6,0.012,0.43,0.0,0.44,106.0,11.8,7.9,7.96,7.1,NORMAL
S00001538,EX-018,EXCAVATOR,336,ENGINE,2025-08-23,18377.5,439.2,N,22.4,10.7,1.55,6.0,6.9,13.1,5.8,3.7,0.017,0.47,0.0,0.66,111.1,15.8,11.7,6.56,13.5,NORMAL
S00001539,EX-018,EXCAVATOR,336,ENGINE,2025-09-13,18617.4,55.7,N,15.3,4.5,1.19,2.2,2.8,4.3,2.4,2.5,0.016,0.52,0.0,0.26,111.1,8.9,5.9,8.78,5.6,NORMAL
S00001540,EX-018,EXCAVATOR,336,ENGINE,2025-10-06,18870.5,308.9,N,15.2,7.3,2.08,3.4,5.7,11.1,4.4,2.6,0.02,0.56,0.0,0.49,108.3,12.1,9.6,7.91,5.2,NORMAL
S00001541,EX-018,EXCAVATOR,336,ENGINE,2025-11-02,19182.4,7.4,N,10.7,4.9,0.83,2.3,2.5,4.9,2.1,1.7,0.012,0.89,0.0,0.17,107.8,8.2,6.2,9.82,5.0,NORMAL
S00001542,EX-018,EXCAVATOR,336,ENGINE,2025-11-22,19408.0,233.0,N,18.4,6.6,2.34,3.4,6.1,7.3,2.8,2.9,0.021,0.48,0.0,0.43,110.0,12.0,8.7,9.15,9.8,NORMAL
S00001543,EX-018,EXCAVATOR,336,ENGINE,2025-12-19,19719.9,21.1,N,9.4,4.8,1.0,2.6,2.5,4.7,2.7,1.7,0.015,0.46,0.0,0.22,105.0,8.5,4.9,10.38,4.1,NORMAL
S00001544,EX-018,EXCAVATOR,336,ENGINE,2026-01-12,19990.5,291.7,N,20.2,7.2,2.44,4.3,5.7,8.9,5.7,2.9,0.03,0.4,0.0,0.45,106.4,13.6,7.9,7.05,11.6,NORMAL
S00001545,EX-018,EXCAVATOR,336,ENGINE,2026-02-07,20284.1,17.7,N,9.6,3.9,1.17,2.5,3.9,5.3,2.1,1.6,0.013,0.67,0.0,0.25,107.4,8.2,6.7,10.15,4.2,NORMAL
S00001546,EX-018,EXCAVATOR,336,ENGINE,2026-03-02,20547.6,281.2,N,19.8,8.1,1.97,4.0,5.4,6.7,4.2,3.0,0.024,0.74,0.0,0.37,108.7,12.5,7.6,8.01,8.3,NORMAL
S00001547,EX-018,EXCAVATOR,336,ENGINE,2026-03-31,20874.6,59.1,N,14.5,5.8,1.2,2.7,3.3,5.6,2.1,2.1,0.017,0.45,0.0,0.27,104.5,8.6,6.3,9.4,5.1,NORMAL
S00001548,EX-018,EXCAVATOR,336,ENGINE,2026-04-27,21179.6,364.1,N,21.6,6.4,3.01,3.7,5.4,9.5,5.7,4.6,0.011,0.5,0.0,0.62,106.5,15.3,8.0,7.63,8.3,NORMAL
S00001549,EX-018,EXCAVATOR,336,ENGINE,2026-05-16,21401.1,52.6,N,12.4,4.7,1.18,2.4,3.3,5.7,2.0,1.8,0.034,0.52,0.0,0.27,111.7,9.3,6.2,10.45,5.0,NORMAL
S00001550,EX-018,EXCAVATOR,336,ENGINE,2026-06-06,21640.9,292.4,N,23.4,7.0,2.32,4.4,5.9,8.6,3.9,3.0,0.022,0.54,0.0,0.39,106.6,13.3,7.8,8.28,7.6,NORMAL
S00001551,EX-018,EXCAVATOR,336,ENGINE,2026-06-28,21881.2,6.4,N,6.5,3.7,1.15,2.1,2.7,4.4,2.1,1.4,0.015,0.63,0.0,0.19,106.3,8.8,5.5,11.09,5.2,NORMAL
S00001596,EX-018,EXCAVATOR,336,FINAL_DRIVE,2023-03-27,8435.8,909.2,N,80.6,9.5,5.77,6.9,6.4,8.6,3.1,1.8,0.055,0.0,0.0,0.05,102.4,7.5,4.0,4.88,25.6,NORMAL
S00001597,EX-018,EXCAVATOR,336,FINAL_DRIVE,2023-05-04,8869.5,1342.9,N,100.5,11.0,6.71,9.1,7.7,12.2,3.2,2.2,0.033,0.0,0.0,0.05,98.3,7.8,4.2,4.46,38.5,NORMAL
S00001598,EX-018,EXCAVATOR,336,FINAL_DRIVE,2023-08-02,9892.3,14.5,N,39.2,6.6,2.19,4.3,3.0,5.7,1.6,1.3,0.072,0.0,0.0,0.03,101.8,4.8,2.8,5.84,15.5,NORMAL
S00001599,EX-018,EXCAVATOR,336,FINAL_DRIVE,2023-10-31,10915.1,1037.3,N,88.4,7.6,6.24,7.4,3.9,11.2,2.8,2.6,0.03,0.0,0.0,0.04,99.6,8.1,4.3,4.73,29.5,NORMAL
S00001600,EX-018,EXCAVATOR,336,FINAL_DRIVE,2024-01-29,11937.9,21.3,N,41.5,5.4,2.6,4.9,3.7,4.5,1.7,1.0,0.068,0.0,0.0,0.03,103.5,4.4,2.9,6.0,19.1,NORMAL
S00001601,EX-018,EXCAVATOR,336,FINAL_DRIVE,2024-04-28,12960.7,1044.2,N,90.8,9.4,5.8,10.5,5.8,9.2,3.1,2.0,0.064,0.0,0.0,0.06,102.0,7.2,4.1,3.97,37.3,NORMAL
S00001602,EX-018,EXCAVATOR,336,FINAL_DRIVE,2024-07-27,13983.5,23.4,N,53.4,4.4,2.9,3.9,3.4,4.8,1.8,1.2,0.056,0.0,0.0,0.03,101.1,3.5,2.9,6.02,19.9,NORMAL
S00001603,EX-018,EXCAVATOR,336,FINAL_DRIVE,2024-10-14,14888.5,928.3,N,76.3,10.3,5.46,6.2,5.1,8.7,3.1,1.5,0.039,0.0,0.0,0.06,100.5,6.9,4.5,4.41,28.9,NORMAL
S00001604,EX-018,EXCAVATOR,336,FINAL_DRIVE,2025-01-04,15818.8,1858.6,N,148.6,14.5,6.39,13.7,10.6,11.5,4.1,2.7,0.034,0.0,0.0,0.08,98.0,9.5,5.7,3.44,50.7,NORMAL
S00001605,EX-018,EXCAVATOR,336,FINAL_DRIVE,2025-04-04,16841.6,47.6,N,46.7,6.3,2.59,4.4,4.4,5.4,1.6,1.4,0.058,0.0,0.0,0.03,96.4,4.8,3.1,5.67,17.1,NORMAL
S00001606,EX-018,EXCAVATOR,336,FINAL_DRIVE,2025-06-22,17730.7,936.7,N,73.1,10.3,5.35,7.1,6.0,7.6,4.4,1.9,0.048,0.0,0.0,0.06,99.1,7.8,3.7,4.65,36.1,NORMAL
S00001607,EX-018,EXCAVATOR,336,FINAL_DRIVE,2025-09-20,18753.5,1959.5,N,125.9,10.1,8.5,8.9,7.0,17.1,4.6,3.2,0.064,0.0,0.0,0.09,101.0,9.5,4.8,3.71,67.2,MONITOR
S00001608,EX-018,EXCAVATOR,336,FINAL_DRIVE,2025-11-18,19432.8,11.7,N,52.2,5.6,2.28,4.2,3.0,5.3,2.3,1.0,0.055,0.0,0.0,0.03,94.5,4.7,2.8,5.71,15.6,NORMAL
S00001609,EX-018,EXCAVATOR,336,FINAL_DRIVE,2026-02-16,20455.7,1034.5,N,87.7,8.9,4.86,10.0,5.7,8.8,3.6,2.5,0.045,0.0,0.0,0.05,96.1,6.6,4.5,5.19,30.8,NORMAL
S00001610,EX-018,EXCAVATOR,336,FINAL_DRIVE,2026-04-18,21147.0,1725.8,N,126.5,12.0,6.91,9.9,9.3,12.5,3.8,3.2,0.035,0.0,0.0,0.08,98.8,9.4,4.6,3.7,34.5,NORMAL
S00001552,EX-018,EXCAVATOR,336,HYDRAULIC,2023-04-01,8558.1,1598.2,N,14.1,4.6,1.18,2.4,3.6,6.2,3.0,3.0,0.029,0.0,0.0,0.07,46.4,9.0,4.5,3.27,7.9,NORMAL
S00001553,EX-018,EXCAVATOR,336,HYDRAULIC,2023-06-09,9348.7,15.5,N,7.0,2.4,0.48,1.0,1.7,2.2,1.5,1.2,0.059,0.0,0.0,0.03,44.6,5.5,2.9,4.38,4.0,NORMAL
S00001554,EX-018,EXCAVATOR,336,HYDRAULIC,2023-09-01,10297.4,964.3,N,10.0,3.3,1.02,1.9,2.4,7.2,2.5,1.9,0.022,0.0,0.0,0.05,46.7,8.4,5.0,3.72,6.1,NORMAL
S00001555,EX-018,EXCAVATOR,336,HYDRAULIC,2023-11-06,11050.4,1717.2,N,15.4,5.6,1.37,2.6,4.3,10.1,3.7,2.4,0.033,0.0,0.0,0.08,48.5,11.8,5.4,2.92,7.0,NORMAL
S00001556,EX-018,EXCAVATOR,336,HYDRAULIC,2024-02-04,12073.2,43.9,N,6.2,1.6,0.54,1.4,1.9,3.3,1.7,1.1,0.026,0.0,0.0,0.02,44.5,5.8,3.2,4.47,3.4,NORMAL
S00001557,EX-018,EXCAVATOR,336,HYDRAULIC,2024-04-28,13025.8,996.6,N,11.0,3.1,0.94,2.6,3.3,6.0,2.5,1.8,0.03,0.0,0.0,0.05,43.5,8.7,3.9,3.93,6.3,NORMAL
S00001558,EX-018,EXCAVATOR,336,HYDRAULIC,2024-07-07,13825.4,1796.1,N,14.5,4.3,1.4,3.6,4.0,7.6,3.3,2.4,0.041,0.0,0.0,0.07,45.9,12.6,5.3,3.0,7.8,NORMAL
S00001559,EX-018,EXCAVATOR,336,HYDRAULIC,2024-09-08,14542.0,36.0,N,5.6,2.4,0.63,1.1,1.8,3.0,1.7,1.3,0.03,0.0,0.0,0.03,43.6,5.6,2.7,4.33,3.1,NORMAL
S00001560,EX-018,EXCAVATOR,336,HYDRAULIC,2024-12-07,15564.8,1058.9,N,10.9,3.8,1.11,1.8,3.2,3.8,3.0,1.7,0.036,0.0,0.0,0.05,47.4,8.7,3.8,4.09,4.9,NORMAL
S00001561,EX-018,EXCAVATOR,336,HYDRAULIC,2025-03-07,16587.7,29.7,N,6.0,2.4,0.75,1.0,1.6,2.5,1.5,1.3,0.021,0.0,0.0,0.02,43.7,5.5,2.5,4.51,4.0,NORMAL
S00001562,EX-018,EXCAVATOR,336,HYDRAULIC,2025-05-28,17521.2,963.3,N,12.5,5.2,0.74,2.2,2.7,6.3,2.4,2.3,0.037,0.0,0.0,0.06,44.8,8.4,4.3,4.05,4.6,NORMAL
S00001563,EX-018,EXCAVATOR,336,HYDRAULIC,2025-08-14,18401.7,1843.7,N,17.4,3.6,1.02,2.8,4.4,9.5,3.2,3.4,0.019,0.0,0.0,0.07,45.9,11.0,5.5,3.0,7.4,NORMAL
S00001564,EX-018,EXCAVATOR,336,HYDRAULIC,2025-11-12,19424.5,51.3,N,7.1,2.7,0.45,1.2,2.3,3.1,2.3,1.0,0.017,0.0,0.0,0.03,47.1,6.3,3.0,4.48,4.3,NORMAL
S00001565,EX-018,EXCAVATOR,336,HYDRAULIC,2026-02-10,20447.3,1074.1,N,14.0,3.4,0.88,2.0,3.0,4.8,3.3,2.9,0.024,0.0,0.0,0.07,46.1,9.4,4.8,3.83,6.7,NORMAL
S00001566,EX-018,EXCAVATOR,336,HYDRAULIC,2026-04-26,21300.0,1926.8,N,15.8,6.1,1.34,3.0,3.5,7.1,5.6,2.0,0.027,0.0,0.0,0.08,45.2,10.1,5.7,3.02,8.0,NORMAL
S00001567,EX-018,EXCAVATOR,336,HYDRAULIC,2026-06-23,21960.8,30.0,N,7.0,2.1,0.61,1.0,1.4,3.4,1.9,1.5,0.046,0.0,0.0,0.02,45.9,5.7,2.6,4.99,3.1,NORMAL
S00001568,EX-018,EXCAVATOR,336,TRANSMISSION,2023-03-01,8010.8,3.5,N,22.6,7.4,1.22,3.6,2.5,3.8,1.7,0.9,0.031,0.0,0.0,0.04,66.3,7.0,3.4,7.6,7.5,NORMAL
S00001569,EX-018,EXCAVATOR,336,TRANSMISSION,2023-04-25,8629.9,622.6,N,31.9,14.3,3.27,5.4,6.4,8.6,2.8,2.1,0.038,0.0,0.0,0.14,69.9,10.0,5.9,5.33,14.2,NORMAL
S00001570,EX-018,EXCAVATOR,336,TRANSMISSION,2023-05-29,9015.8,51.6,N,39.0,8.5,3.31,3.0,3.6,4.6,1.5,1.6,0.042,0.0,0.0,0.06,67.7,6.9,3.7,7.23,21.0,NORMAL
S00001571,EX-018,EXCAVATOR,336,TRANSMISSION,2023-07-13,9531.9,567.7,N,39.6,12.4,3.44,7.4,3.7,8.3,2.9,2.1,0.022,0.0,0.0,0.12,67.6,10.0,5.4,5.71,17.8,NORMAL
S00001572,EX-018,EXCAVATOR,336,TRANSMISSION,2023-08-25,10016.3,20.2,N,22.6,5.8,1.8,3.9,2.4,3.3,1.6,1.5,0.043,0.0,0.0,0.06,69.1,5.6,3.9,6.68,8.9,NORMAL
S00001573,EX-018,EXCAVATOR,336,TRANSMISSION,2023-10-06,10497.1,501.0,N,39.8,14.7,2.98,5.4,4.7,7.6,2.5,1.8,0.035,0.0,0.0,0.11,70.3,8.9,4.8,5.51,14.7,NORMAL
S00001574,EX-018,EXCAVATOR,336,TRANSMISSION,2023-11-10,10891.9,895.8,N,35.6,23.1,4.75,9.5,5.8,11.8,3.7,3.0,0.049,0.0,0.0,0.14,70.6,12.9,6.4,4.75,14.2,NORMAL
S00001575,EX-018,EXCAVATOR,336,TRANSMISSION,2023-12-28,11437.5,20.9,N,19.4,9.0,2.42,3.3,3.1,4.3,1.6,1.2,0.016,0.0,0.0,0.05,66.5,6.2,3.9,6.74,6.4,NORMAL
S00001576,EX-018,EXCAVATOR,336,TRANSMISSION,2024-01-31,11824.6,407.9,N,37.3,11.8,2.6,5.0,3.2,7.2,2.2,1.4,0.024,0.0,0.0,0.1,68.5,8.3,4.8,5.76,14.3,NORMAL
S00001577,EX-018,EXCAVATOR,336,TRANSMISSION,2024-03-11,12284.9,868.3,N,38.2,22.9,3.89,10.2,7.1,8.0,3.4,1.9,0.027,0.0,0.0,0.13,68.1,11.9,7.1,4.24,17.1,NORMAL
S00001578,EX-018,EXCAVATOR,336,TRANSMISSION,2024-04-24,12783.8,8.8,N,22.1,6.6,1.63,4.4,2.3,3.9,1.6,0.9,0.02,0.0,0.0,0.05,70.9,6.3,3.3,6.84,6.9,NORMAL
S00001579,EX-018,EXCAVATOR,336,TRANSMISSION,2024-06-13,13349.2,574.2,N,38.9,14.9,3.45,5.9,5.5,6.7,2.8,2.4,0.026,0.0,0.0,0.11,70.0,10.0,5.6,5.56,14.5,NORMAL
S00001580,EX-018,EXCAVATOR,336,TRANSMISSION,2024-08-02,13917.4,37.8,N,21.7,8.2,1.45,3.1,2.8,5.3,1.6,1.1,0.023,0.0,0.0,0.06,67.7,6.5,3.9,6.85,7.2,NORMAL
S00001581,EX-018,EXCAVATOR,336,TRANSMISSION,2024-09-28,14568.0,688.3,N,42.1,14.9,3.6,9.0,5.2,11.1,3.6,2.1,0.017,0.0,0.0,0.13,68.0,10.1,6.3,5.25,19.9,NORMAL
S00001582,EX-018,EXCAVATOR,336,TRANSMISSION,2024-11-16,15124.9,15.0,N,22.0,7.9,2.0,3.7,3.2,3.6,1.5,1.3,0.025,0.0,0.0,0.05,67.2,7.3,3.4,6.67,9.0,NORMAL
S00001583,EX-018,EXCAVATOR,336,TRANSMISSION,2024-12-17,15473.4,363.5,N,27.9,11.3,2.52,4.3,4.0,7.5,2.3,1.4,0.025,0.0,0.0,0.09,67.5,8.2,4.9,5.74,10.3,NORMAL
S00001584,EX-018,EXCAVATOR,336,TRANSMISSION,2025-02-01,15999.4,889.5,N,57.2,19.5,2.99,7.9,6.8,12.0,4.8,2.9,0.018,0.0,0.0,0.18,66.5,10.8,7.4,4.79,18.5,NORMAL
S00001585,EX-018,EXCAVATOR,336,TRANSMISSION,2025-03-14,16459.8,50.5,N,23.5,6.2,1.86,3.1,3.0,4.0,1.7,1.1,0.021,0.0,0.0,0.05,67.0,6.8,4.4,7.08,7.5,NORMAL
S00001586,EX-018,EXCAVATOR,336,TRANSMISSION,2025-04-20,16888.3,478.9,N,43.4,18.4,2.38,5.5,4.0,9.2,1.8,2.0,0.03,0.0,0.0,0.12,68.0,10.1,4.9,5.4,13.2,NORMAL
S00001587,EX-018,EXCAVATOR,336,TRANSMISSION,2025-05-30,17333.5,924.2,N,43.5,21.6,4.68,8.1,6.4,7.7,4.4,3.1,0.03,0.0,0.0,0.17,69.2,12.1,6.6,4.19,13.6,NORMAL
S00001588,EX-018,EXCAVATOR,336,TRANSMISSION,2025-07-12,17831.3,52.1,N,17.2,11.8,1.62,4.7,2.3,4.6,2.5,1.2,0.032,0.0,0.0,0.06,70.0,5.6,3.3,6.99,6.8,NORMAL
S00001589,EX-018,EXCAVATOR,336,TRANSMISSION,2025-08-30,18379.0,599.8,N,39.6,16.5,2.59,4.9,5.0,6.6,3.5,1.7,0.046,0.0,0.0,0.11,69.6,10.7,6.0,5.4,12.0,NORMAL
S00001590,EX-018,EXCAVATOR,336,TRANSMISSION,2025-09-28,18711.1,931.9,N,56.6,15.7,3.07,9.6,8.0,8.6,3.7,2.6,0.048,0.0,0.0,0.15,66.1,12.0,5.7,4.16,25.6,NORMAL
S00001591,EX-018,EXCAVATOR,336,TRANSMISSION,2025-11-19,19298.9,55.1,N,19.2,6.6,2.04,3.6,3.0,3.9,2.3,1.2,0.025,0.0,0.0,0.06,68.7,6.6,3.6,6.44,8.4,NORMAL
S00001592,EX-018,EXCAVATOR,336,TRANSMISSION,2026-01-08,19874.0,630.2,N,39.5,13.0,3.34,7.0,7.5,12.0,4.1,2.7,0.053,0.0,0.0,0.12,70.9,11.0,6.1,5.21,11.7,NORMAL
S00001593,EX-018,EXCAVATOR,336,TRANSMISSION,2026-03-05,20510.5,9.4,N,18.4,9.2,1.8,3.8,2.3,4.4,2.0,1.0,0.025,0.0,0.0,0.04,69.1,6.0,3.8,7.26,7.5,NORMAL
S00001594,EX-018,EXCAVATOR,336,TRANSMISSION,2026-04-25,21082.3,581.3,N,38.4,15.5,3.3,5.3,5.6,7.9,3.5,2.9,0.018,0.0,0.0,0.11,70.5,10.3,5.5,5.39,12.6,NORMAL
S00001595,EX-018,EXCAVATOR,336,TRANSMISSION,2026-06-11,21618.3,50.8,N,23.7,9.3,2.58,2.7,2.9,3.6,2.2,0.9,0.02,0.0,0.0,0.05,70.6,7.1,3.8,7.66,5.9,NORMAL
S00001611,EX-019,EXCAVATOR,336,ENGINE,2023-02-22,6410.6,7.7,N,7.3,5.1,1.28,1.8,3.6,5.4,1.7,2.1,0.013,0.88,0.0,0.2,110.7,8.9,5.0,10.51,4.1,NORMAL
S00001612,EX-019,EXCAVATOR,336,ENGINE,2023-04-05,6681.6,278.7,N,17.7,7.9,2.4,5.3,4.7,8.4,3.6,3.2,0.018,0.61,0.0,0.51,106.1,13.2,8.4,7.91,8.1,NORMAL
S00001613,EX-019,EXCAVATOR,336,ENGINE,2023-05-03,6856.3,453.4,N,28.7,11.4,3.11,5.7,7.3,10.1,4.6,3.8,0.026,0.65,0.0,0.56,106.6,15.1,8.5,7.03,9.3,NORMAL
S00001614,EX-019,EXCAVATOR,336,ENGINE,2023-06-13,7118.8,48.8,N,12.7,4.6,1.48,2.1,2.8,4.3,2.6,1.8,0.02,0.59,0.0,0.23,106.6,9.2,6.3,10.34,4.8,NORMAL
S00001615,EX-019,EXCAVATOR,336,ENGINE,2023-07-19,7354.4,284.3,N,16.4,5.5,2.3,4.3,7.0,11.4,3.8,3.6,0.017,1.45,0.0,0.45,104.6,12.0,9.0,7.6,6.2,NORMAL
S00001616,EX-019,EXCAVATOR,336,ENGINE,2023-09-08,7678.3,8.1,N,12.5,4.6,1.58,2.2,4.0,10.9,2.3,1.9,0.029,0.51,0.0,0.2,110.0,8.8,6.2,10.38,4.7,NORMAL
S00001617,EX-019,EXCAVATOR,336,ENGINE,2023-10-22,7955.4,285.2,N,27.2,7.2,1.51,4.1,9.8,29.6,3.5,3.6,0.016,0.55,0.0,0.44,110.1,13.4,8.5,8.41,8.7,MONITOR
S00001618,EX-019,EXCAVATOR,336,ENGINE,2023-11-29,8202.8,51.6,N,24.2,4.2,1.59,2.7,11.4,39.5,2.6,1.7,0.022,0.35,0.0,0.27,103.4,9.8,7.3,9.95,5.2,MONITOR
S00001619,EX-019,EXCAVATOR,336,ENGINE,2023-12-21,8343.3,192.1,N,40.0,7.4,2.03,4.8,15.6,51.9,4.1,4.1,0.021,0.39,0.0,0.32,108.6,11.3,9.3,9.33,6.6,ACTION
S00001620,EX-019,EXCAVATOR,336,ENGINE,2024-01-22,8547.4,396.2,N,25.8,7.3,2.59,4.3,5.9,9.4,5.7,3.4,0.025,1.17,0.0,0.53,108.5,16.5,8.5,7.16,10.0,NORMAL
S00001621,EX-019,EXCAVATOR,336,ENGINE,2024-03-03,8805.9,4.1,N,7.8,4.0,1.23,1.9,2.6,4.0,2.3,1.9,0.023,0.92,0.0,0.23,103.6,7.4,6.0,11.09,4.5,NORMAL
S00001622,EX-019,EXCAVATOR,336,ENGINE,2024-04-12,9061.0,259.2,N,20.5,7.2,1.95,5.1,4.6,7.9,4.2,2.4,0.032,0.42,0.0,0.41,111.2,14.4,8.5,8.77,7.1,NORMAL
S00001623,EX-019,EXCAVATOR,336,ENGINE,2024-06-03,9396.6,18.6,N,10.7,4.2,1.26,2.1,3.0,5.5,2.9,1.8,0.017,0.37,0.0,0.19,104.2,8.3,5.8,10.73,4.8,NORMAL
S00001624,EX-019,EXCAVATOR,336,ENGINE,2024-07-08,9618.1,240.2,N,19.9,8.6,2.38,4.2,4.9,6.6,3.6,2.5,0.023,0.5,0.0,0.47,109.2,12.6,7.9,8.91,8.5,NORMAL
S00001625,EX-019,EXCAVATOR,336,ENGINE,2024-08-05,9798.8,420.8,N,23.8,11.5,2.41,4.3,5.2,10.8,5.6,3.6,0.018,0.56,0.0,0.63,112.8,14.9,10.5,7.12,8.7,NORMAL
S00001626,EX-019,EXCAVATOR,336,ENGINE,2024-09-12,10040.9,43.4,N,9.8,5.2,0.89,2.3,2.7,4.3,2.7,2.4,0.028,0.63,0.0,0.24,108.0,10.1,6.5,9.46,5.0,NORMAL
S00001627,EX-019,EXCAVATOR,336,ENGINE,2024-11-01,10357.6,360.1,N,20.7,9.0,2.47,4.7,7.2,8.8,6.5,4.5,0.023,0.55,0.0,0.68,108.4,16.4,9.1,7.27,8.8,NORMAL
S00001628,EX-019,EXCAVATOR,336,ENGINE,2024-12-11,10614.8,17.3,N,9.9,4.3,1.46,2.4,3.0,4.3,2.1,2.4,0.025,0.85,0.0,0.2,108.0,8.9,5.6,10.05,5.0,NORMAL
S00001629,EX-019,EXCAVATOR,336,ENGINE,2025-01-07,10790.2,192.7,N,10.9,4.2,2.05,4.1,5.1,6.4,3.5,2.9,0.017,0.63,0.0,0.43,108.5,12.9,8.1,9.07,7.4,NORMAL
S00001630,EX-019,EXCAVATOR,336,ENGINE,2025-02-11,11013.2,415.7,N,21.7,8.2,2.32,5.1,6.0,9.8,5.9,3.3,0.026,2.1,0.0,0.68,103.1,17.3,10.3,6.89,10.9,NORMAL
S00001631,EX-019,EXCAVATOR,336,ENGINE,2025-03-28,11296.1,50.5,N,11.2,4.8,1.24,2.6,3.1,5.7,2.6,1.7,0.026,9.05,0.0,0.65,81.1,8.7,6.0,9.18,5.5,MONITOR
S00001632,EX-019,EXCAVATOR,336,ENGINE,2025-04-29,11501.9,256.3,N,22.7,8.5,1.78,4.4,5.6,6.9,4.3,3.2,0.02,0.98,0.0,0.45,104.5,13.8,7.7,8.69,10.0,NORMAL
S00001633,EX-019,EXCAVATOR,336,ENGINE,2025-05-25,11672.2,426.6,N,24.1,10.1,2.08,4.1,5.0,9.0,4.6,3.9,0.023,0.59,0.0,0.73,105.9,15.1,10.8,6.82,8.4,NORMAL
S00001634,EX-019,EXCAVATOR,336,ENGINE,2025-06-29,11895.1,11.9,N,12.1,3.3,1.11,3.2,3.1,4.6,2.3,1.8,0.015,0.58,0.0,0.23,112.2,9.4,5.7,10.69,5.1,NORMAL
S00001635,EX-019,EXCAVATOR,336,ENGINE,2025-08-11,12168.9,285.7,N,24.1,8.6,2.3,4.6,7.8,10.2,3.7,4.0,0.018,0.5,0.0,0.48,106.3,12.2,9.1,8.33,10.2,NORMAL
S00001636,EX-019,EXCAVATOR,336,ENGINE,2025-09-14,12382.8,499.6,N,15.7,8.5,3.06,7.0,8.1,12.8,6.7,6.0,0.016,0.79,0.0,0.73,107.5,15.2,11.6,5.9,14.7,NORMAL
S00001637,EX-019,EXCAVATOR,336,ENGINE,2025-11-01,12690.0,39.8,N,12.5,5.0,0.99,2.1,2.6,5.0,3.0,1.7,0.026,0.61,0.0,0.24,107.1,9.5,5.9,9.74,5.2,NORMAL
S00001638,EX-019,EXCAVATOR,336,ENGINE,2025-12-03,12894.4,244.2,N,15.0,7.6,1.8,4.1,5.8,8.4,4.3,2.9,0.022,0.42,0.0,0.36,113.9,12.9,7.8,8.88,7.5,NORMAL
S00001639,EX-019,EXCAVATOR,336,ENGINE,2026-01-21,13206.4,25.4,N,9.7,5.2,1.14,2.1,3.7,4.3,2.7,1.8,0.02,0.62,0.0,0.23,107.8,9.1,7.4,10.78,4.2,NORMAL
S00001640,EX-019,EXCAVATOR,336,ENGINE,2026-03-03,13468.0,287.0,N,20.0,9.9,1.89,4.8,5.4,10.0,3.8,2.5,0.023,0.63,0.0,0.5,108.8,12.7,9.6,8.61,9.0,NORMAL
S00001641,EX-019,EXCAVATOR,336,ENGINE,2026-04-03,13667.8,486.8,N,27.8,7.4,2.67,6.1,7.5,12.6,6.2,4.7,0.026,0.83,0.0,0.65,105.0,18.4,8.9,6.28,10.1,NORMAL
S00001642,EX-019,EXCAVATOR,336,ENGINE,2026-05-22,13983.9,12.1,N,10.5,4.3,1.17,1.7,3.0,3.8,2.5,1.8,0.015,0.57,0.0,0.21,107.9,9.1,5.1,10.64,4.8,NORMAL
S00001643,EX-019,EXCAVATOR,336,ENGINE,2026-06-28,14218.6,246.8,N,16.7,6.1,2.11,3.1,4.4,6.4,4.7,3.0,0.017,0.43,0.0,0.46,107.4,11.9,8.3,8.08,7.9,NORMAL
S00001673,EX-019,EXCAVATOR,336,FINAL_DRIVE,2023-04-09,6754.0,1389.0,N,98.4,10.4,5.48,8.6,7.6,10.4,2.9,2.3,0.032,0.0,0.0,0.09,99.2,7.6,5.2,4.34,30.9,NORMAL
S00001674,EX-019,EXCAVATOR,336,FINAL_DRIVE,2023-07-08,7328.9,1963.9,N,108.8,15.1,5.93,14.6,10.3,13.2,6.5,2.4,0.033,0.0,0.0,0.09,95.6,9.4,6.2,3.62,43.5,NORMAL
S00001675,EX-019,EXCAVATOR,336,FINAL_DRIVE,2023-10-06,7903.8,51.8,N,54.0,4.2,2.27,3.8,2.9,4.9,1.7,1.2,0.055,0.0,0.0,0.03,96.7,5.0,2.7,5.55,18.1,NORMAL
S00001676,EX-019,EXCAVATOR,336,FINAL_DRIVE,2024-01-04,8478.7,626.7,N,71.3,7.6,4.6,6.8,4.7,8.8,2.8,1.9,0.028,0.0,0.0,0.05,99.8,6.8,3.7,4.73,22.1,NORMAL
S00001677,EX-019,EXCAVATOR,336,FINAL_DRIVE,2024-04-03,9053.7,1201.6,N,103.3,8.2,5.27,9.8,6.2,10.5,3.0,2.7,0.028,0.0,0.0,0.07,102.3,7.1,4.0,4.25,49.1,NORMAL
S00001678,EX-019,EXCAVATOR,336,FINAL_DRIVE,2024-07-02,9628.6,1776.5,N,95.2,8.7,8.91,12.8,5.9,8.6,3.8,2.4,0.049,0.0,0.0,0.05,102.5,9.7,5.3,3.86,40.7,NORMAL
S00001679,EX-019,EXCAVATOR,336,FINAL_DRIVE,2024-09-30,10203.5,19.9,N,68.4,4.0,3.12,4.3,3.0,5.2,1.3,1.1,0.052,0.0,0.0,0.03,100.0,5.0,2.6,6.09,17.0,NORMAL
S00001680,EX-019,EXCAVATOR,336,FINAL_DRIVE,2024-12-29,10778.4,594.8,N,71.7,8.7,3.81,6.4,4.4,9.2,2.1,1.6,0.055,0.0,0.0,0.05,98.8,6.9,3.3,4.71,22.6,NORMAL
S00001681,EX-019,EXCAVATOR,336,FINAL_DRIVE,2025-03-29,11353.3,1169.8,N,117.3,9.3,5.15,8.1,7.6,11.4,3.6,2.0,0.029,0.0,0.0,0.07,102.2,7.1,4.4,4.52,24.5,NORMAL
S00001682,EX-019,EXCAVATOR,336,FINAL_DRIVE,2025-06-27,11928.2,1744.7,N,117.4,10.3,5.45,10.2,7.7,12.7,4.2,3.8,0.041,0.0,0.0,0.08,98.9,10.3,5.2,4.05,40.2,NORMAL
S00001683,EX-019,EXCAVATOR,336,FINAL_DRIVE,2025-09-25,12503.1,31.6,N,39.4,5.8,2.8,5.2,2.9,5.4,2.2,1.0,0.086,0.0,0.0,0.03,98.8,4.2,2.7,5.77,15.9,NORMAL
S00001684,EX-019,EXCAVATOR,336,FINAL_DRIVE,2025-12-24,13078.0,606.5,N,77.4,6.5,4.92,5.3,6.2,5.3,2.3,2.0,0.039,0.0,0.0,0.04,98.2,7.2,3.6,5.35,18.4,NORMAL
S00001685,EX-019,EXCAVATOR,336,FINAL_DRIVE,2026-03-24,13652.9,1181.5,N,87.4,9.9,7.2,7.7,7.6,9.4,3.5,1.7,0.059,0.0,0.0,0.05,100.4,9.1,5.0,4.26,27.6,NORMAL
S00001686,EX-019,EXCAVATOR,336,FINAL_DRIVE,2026-06-22,14227.8,1756.4,N,135.4,10.8,5.0,11.7,10.9,10.7,4.9,3.1,0.044,0.0,0.0,0.06,102.0,9.5,5.2,3.66,49.9,NORMAL
S00001644,EX-019,EXCAVATOR,336,HYDRAULIC,2023-04-19,6754.0,1886.3,N,18.4,3.8,1.21,3.2,4.5,7.2,3.4,3.8,0.035,0.0,0.0,0.07,46.4,10.4,4.8,2.74,8.4,NORMAL
S00001645,EX-019,EXCAVATOR,336,HYDRAULIC,2023-07-18,7328.9,2.8,N,6.4,1.4,0.53,1.1,2.0,4.3,1.0,0.9,0.033,0.0,0.0,0.02,45.9,5.3,2.5,4.79,3.2,NORMAL
S00001646,EX-019,EXCAVATOR,336,HYDRAULIC,2023-10-16,7903.8,577.7,N,7.8,2.8,1.03,1.8,2.0,4.6,2.9,1.4,0.038,0.0,0.0,0.04,43.9,8.0,3.6,4.22,5.2,NORMAL
S00001647,EX-019,EXCAVATOR,336,HYDRAULIC,2024-01-14,8478.7,1152.6,N,13.4,4.4,1.23,2.5,2.8,5.6,3.8,1.9,0.04,0.0,0.0,0.05,46.5,9.3,4.3,3.89,6.1,NORMAL
S00001648,EX-019,EXCAVATOR,336,HYDRAULIC,2024-04-13,9053.7,1727.5,N,15.7,5.3,1.7,3.2,4.3,10.8,3.4,2.5,0.028,0.0,0.0,0.07,47.4,10.8,6.2,3.02,8.4,NORMAL
S00001649,EX-019,EXCAVATOR,336,HYDRAULIC,2024-07-12,9628.6,55.9,N,8.9,2.9,0.63,1.2,1.6,3.2,2.0,1.2,0.027,0.0,0.0,0.02,45.4,5.9,2.9,4.47,4.8,NORMAL
S00001650,EX-019,EXCAVATOR,336,HYDRAULIC,2024-10-10,10203.5,630.8,N,8.1,2.9,0.94,1.9,2.2,5.3,2.9,1.9,0.028,0.0,0.0,0.04,46.1,7.0,3.6,4.22,5.2,NORMAL
S00001651,EX-019,EXCAVATOR,336,HYDRAULIC,2025-01-08,10778.4,1205.7,N,13.1,4.5,1.05,2.6,3.5,6.3,2.9,2.2,0.022,0.0,0.0,0.06,46.9,9.5,3.9,3.28,7.9,NORMAL
S00001652,EX-019,EXCAVATOR,336,HYDRAULIC,2025-04-08,11353.3,1780.6,N,17.8,5.1,1.23,2.7,5.0,7.5,4.3,3.9,0.023,0.0,0.0,0.07,46.1,10.1,5.7,2.91,8.5,NORMAL
S00001653,EX-019,EXCAVATOR,336,HYDRAULIC,2025-07-07,11928.2,51.2,N,5.9,1.7,0.85,1.0,2.0,2.7,1.1,1.2,0.035,0.0,0.0,0.02,46.0,6.2,3.0,4.53,4.1,NORMAL
S00001654,EX-019,EXCAVATOR,336,HYDRAULIC,2025-10-05,12503.1,626.1,N,23.4,9.2,1.82,2.2,2.6,5.6,2.5,2.0,0.033,0.0,0.0,0.04,45.6,6.2,3.5,4.21,15.3,MONITOR
S00001655,EX-019,EXCAVATOR,336,HYDRAULIC,2026-01-03,13078.0,1201.0,N,12.0,3.1,0.95,2.4,3.5,7.0,3.3,2.3,0.053,0.0,0.0,0.06,45.3,9.7,4.5,3.59,7.1,NORMAL
S00001656,EX-019,EXCAVATOR,336,HYDRAULIC,2026-04-03,13652.9,1775.9,N,13.3,5.6,1.21,2.6,3.0,9.2,3.6,2.6,0.038,0.0,0.0,0.07,46.7,11.5,5.3,3.23,8.7,NORMAL
S00001657,EX-019,EXCAVATOR,336,TRANSMISSION,2023-04-02,6704.4,581.2,N,48.8,17.5,5.62,7.7,4.9,5.7,3.4,1.7,0.031,0.0,0.0,0.11,70.2,10.2,5.7,5.47,25.3,MONITOR
S00001658,EX-019,EXCAVATOR,336,TRANSMISSION,2023-06-19,7201.1,52.1,N,78.5,6.5,6.33,3.2,3.8,3.8,1.4,1.4,0.022,0.0,0.0,0.06,68.2,6.4,3.5,6.67,48.0,MONITOR
S00001659,EX-019,EXCAVATOR,336,TRANSMISSION,2023-08-29,7654.2,505.2,N,36.6,9.8,4.38,6.3,5.6,8.6,2.6,1.8,0.04,0.0,0.0,0.15,67.3,10.9,5.4,5.6,12.1,NORMAL
S00001660,EX-019,EXCAVATOR,336,TRANSMISSION,2023-11-09,8113.4,964.4,N,57.5,15.2,4.83,8.6,7.1,10.8,4.2,3.2,0.031,0.0,0.0,0.17,68.4,13.3,6.8,4.56,19.0,NORMAL
S00001661,EX-019,EXCAVATOR,336,TRANSMISSION,2024-02-07,8688.3,37.8,N,25.7,7.3,1.41,3.1,2.9,4.0,2.3,1.0,0.023,0.0,0.0,0.06,68.3,6.2,3.4,6.61,9.9,NORMAL
S00001662,EX-019,EXCAVATOR,336,TRANSMISSION,2024-04-04,9052.2,401.7,N,31.1,10.5,2.42,5.4,4.8,5.2,2.6,1.9,0.025,0.0,0.0,0.08,68.0,8.6,5.6,5.8,13.5,NORMAL
S00001663,EX-019,EXCAVATOR,336,TRANSMISSION,2024-06-12,9492.9,842.4,N,50.4,17.0,4.23,6.3,6.2,12.8,3.9,3.3,0.041,0.0,0.0,0.12,68.0,11.6,6.4,4.56,17.9,NORMAL
S00001664,EX-019,EXCAVATOR,336,TRANSMISSION,2024-09-02,10019.2,10.4,N,24.6,8.0,1.73,3.5,3.6,3.7,1.2,1.0,0.033,0.0,0.0,0.06,68.3,6.6,3.3,7.0,8.1,NORMAL
S00001665,EX-019,EXCAVATOR,336,TRANSMISSION,2024-11-20,10523.4,514.6,N,35.7,16.4,2.94,6.4,4.1,7.2,3.9,1.8,0.032,0.0,0.0,0.1,67.8,9.3,6.3,5.46,17.1,NORMAL
S00001666,EX-019,EXCAVATOR,336,TRANSMISSION,2025-01-06,10823.6,814.9,N,51.8,18.7,3.73,7.8,6.9,9.1,2.8,2.6,0.031,0.0,0.0,0.13,67.3,12.3,6.0,4.51,18.1,NORMAL
S00001667,EX-019,EXCAVATOR,336,TRANSMISSION,2025-04-06,11398.5,53.6,N,22.4,9.5,1.99,3.4,3.8,5.4,1.9,1.3,0.036,0.0,0.0,0.05,71.4,6.9,3.7,6.59,8.4,NORMAL
S00001668,EX-019,EXCAVATOR,336,TRANSMISSION,2025-06-18,11868.4,523.5,N,34.9,14.3,3.2,6.9,5.4,4.9,3.0,2.6,0.039,0.0,0.0,0.12,67.6,8.7,5.0,5.46,13.2,NORMAL
S00001669,EX-019,EXCAVATOR,336,TRANSMISSION,2025-08-26,12303.6,958.7,N,37.3,22.8,3.94,6.7,6.1,9.3,4.1,2.7,0.037,0.0,0.0,0.15,67.0,13.4,6.8,4.69,16.5,NORMAL
S00001670,EX-019,EXCAVATOR,336,TRANSMISSION,2025-11-23,12872.3,12.3,N,18.9,10.0,2.0,3.4,2.6,3.2,2.2,1.4,0.021,0.0,0.0,0.05,66.8,6.2,3.3,6.52,6.9,NORMAL
S00001671,EX-019,EXCAVATOR,336,TRANSMISSION,2026-01-30,13306.0,446.0,N,42.6,14.3,2.96,7.6,3.4,5.3,3.1,2.1,0.02,0.0,0.0,0.08,68.2,8.0,4.3,6.32,10.6,NORMAL
S00001672,EX-019,EXCAVATOR,336,TRANSMISSION,2026-04-30,13881.0,6.3,N,22.7,7.0,1.41,2.9,2.5,3.7,1.8,0.9,0.034,0.0,0.0,0.04,68.7,6.7,4.2,6.94,7.7,NORMAL
S00001687,EX-020,EXCAVATOR,336,ENGINE,2023-02-21,1152.9,278.6,N,16.6,7.1,1.7,5.0,5.1,7.9,4.4,3.1,0.018,0.5,0.0,0.37,106.2,13.6,9.3,7.96,9.8,NORMAL
S00001688,EX-020,EXCAVATOR,336,ENGINE,2023-04-10,1501.0,27.4,N,9.8,4.0,1.04,1.9,3.6,5.4,2.4,1.8,0.028,0.4,0.0,0.23,105.1,9.0,6.0,10.21,6.2,NORMAL
S00001689,EX-020,EXCAVATOR,336,ENGINE,2023-05-10,1720.5,246.9,N,18.0,6.6,1.78,3.9,5.4,9.0,3.5,2.9,0.015,0.49,0.0,0.33,108.5,13.0,8.3,7.97,7.7,NORMAL
S00001690,EX-020,EXCAVATOR,336,ENGINE,2023-06-10,1942.0,468.3,N,25.9,11.1,2.29,5.1,5.5,11.5,5.9,4.6,0.016,0.9,0.0,0.48,108.4,14.6,10.5,7.01,11.2,NORMAL
S00001691,EX-020,EXCAVATOR,336,ENGINE,2023-07-13,2179.3,10.1,N,11.3,3.9,1.18,2.2,2.3,3.7,1.9,1.8,0.025,0.68,0.0,0.22,107.4,8.8,5.7,10.74,4.5,NORMAL
S00001692,EX-020,EXCAVATOR,336,ENGINE,2023-08-10,2384.9,215.7,N,18.9,7.5,1.48,4.4,4.5,6.5,4.1,3.5,0.027,0.28,0.0,0.47,112.1,11.5,8.4,8.83,7.0,NORMAL
S00001693,EX-020,EXCAVATOR,336,ENGINE,2023-09-06,2577.2,408.0,N,20.5,9.1,2.3,5.2,6.9,9.6,4.2,5.1,0.023,0.7,0.0,0.58,106.4,15.0,10.1,7.01,12.3,NORMAL
S00001694,EX-020,EXCAVATOR,336,ENGINE,2023-10-06,2796.9,7.9,N,7.6,3.6,1.21,2.2,3.2,3.8,2.1,2.1,0.014,0.86,0.0,0.22,110.0,7.9,4.9,10.28,3.9,NORMAL
S00001695,EX-020,EXCAVATOR,336,ENGINE,2023-10-30,2968.5,179.6,N,14.4,7.9,1.56,3.9,5.0,7.9,2.9,4.6,0.034,1.01,0.0,0.32,109.5,10.8,7.7,9.07,7.5,NORMAL
S00001696,EX-020,EXCAVATOR,336,ENGINE,2023-12-06,3237.7,448.7,N,22.8,10.7,2.72,4.4,6.2,9.4,6.1,3.7,0.021,0.55,0.0,0.66,109.7,14.5,10.7,5.89,10.8,NORMAL
S00001697,EX-020,EXCAVATOR,336,ENGINE,2023-12-31,3416.0,15.3,N,10.0,5.1,1.4,2.5,2.8,5.8,2.1,1.5,0.018,0.81,0.0,0.21,108.6,8.3,5.9,9.9,5.3,NORMAL
S00001698,EX-020,EXCAVATOR,336,ENGINE,2024-01-29,3627.7,227.0,N,17.4,6.5,2.09,3.2,5.0,8.7,4.1,3.3,0.027,0.64,0.0,0.49,107.9,12.8,7.1,8.02,11.8,NORMAL
S00001699,EX-020,EXCAVATOR,336,ENGINE,2024-03-13,3947.2,19.3,N,10.5,3.8,1.23,2.6,2.6,4.9,2.3,1.7,0.019,0.5,0.0,0.17,108.3,8.3,5.7,10.78,4.9,NORMAL
S00001700,EX-020,EXCAVATOR,336,ENGINE,2024-04-12,4163.8,235.8,N,11.1,6.9,1.83,3.5,4.4,9.8,3.3,3.0,0.021,0.52,0.0,0.37,106.8,13.4,7.9,8.3,5.7,NORMAL
S00001701,EX-020,EXCAVATOR,336,ENGINE,2024-05-09,4357.1,429.2,N,16.5,8.9,2.42,5.2,7.2,10.6,6.9,4.1,0.02,0.58,0.0,0.52,106.0,14.1,10.2,6.58,12.5,NORMAL
S00001702,EX-020,EXCAVATOR,336,ENGINE,2024-06-09,4579.1,40.5,N,10.3,5.1,1.55,3.8,3.7,3.6,2.0,1.8,0.028,1.36,0.0,0.23,106.0,9.3,6.3,10.39,5.5,NORMAL
S00001703,EX-020,EXCAVATOR,336,ENGINE,2024-07-15,4838.6,300.0,N,19.2,8.2,1.98,3.8,6.4,8.2,3.9,3.0,0.029,0.54,0.0,0.49,107.5,14.3,9.0,8.0,7.1,NORMAL
S00001704,EX-020,EXCAVATOR,336,ENGINE,2024-08-23,5119.2,9.5,N,10.5,4.2,0.97,1.8,2.2,5.4,1.9,1.3,0.036,0.96,0.0,0.2,104.6,7.3,5.9,10.18,3.4,NORMAL
S00001705,EX-020,EXCAVATOR,336,ENGINE,2024-09-27,5374.2,264.5,N,16.0,5.8,1.82,3.5,4.4,8.2,3.3,3.4,0.017,0.87,0.0,0.42,111.1,12.2,9.3,7.13,8.8,NORMAL
S00001706,EX-020,EXCAVATOR,336,ENGINE,2024-10-30,5613.5,43.5,N,10.4,3.1,1.34,2.6,2.4,5.2,2.3,1.5,0.035,0.34,0.0,0.21,109.2,10.1,6.4,10.38,3.6,NORMAL
S00001707,EX-020,EXCAVATOR,336,ENGINE,2024-11-30,5839.8,269.8,N,24.1,7.8,1.89,4.8,5.0,9.2,4.2,2.7,0.02,0.49,0.0,0.48,107.4,13.8,8.2,8.38,6.0,NORMAL
S00001708,EX-020,EXCAVATOR,336,ENGINE,2025-01-01,6068.2,498.2,N,23.9,12.6,2.46,6.4,6.7,9.7,5.3,4.8,0.02,0.92,0.0,0.53,105.4,15.0,10.7,6.49,11.8,NORMAL
S00001709,EX-020,EXCAVATOR,336,ENGINE,2025-01-28,6265.8,13.5,N,12.7,3.0,1.36,2.1,2.6,3.7,2.2,1.6,0.018,0.39,0.0,0.25,110.4,7.5,4.9,10.54,5.8,NORMAL
S00001710,EX-020,EXCAVATOR,336,ENGINE,2025-02-24,6461.9,209.6,N,14.8,5.8,1.83,3.6,3.7,11.1,3.7,2.5,0.022,0.47,0.0,0.39,108.9,10.2,8.0,8.08,7.9,NORMAL
S00001711,EX-020,EXCAVATOR,336,ENGINE,2025-04-01,6721.8,469.4,N,28.0,8.8,2.39,7.1,6.6,13.2,6.9,4.2,0.037,0.69,0.0,0.57,108.0,13.6,11.6,6.94,11.0,NORMAL
S00001712,EX-020,EXCAVATOR,336,ENGINE,2025-04-23,6878.2,8.1,N,14.0,3.8,1.28,1.9,2.9,4.9,2.2,2.2,0.022,0.4,0.0,0.25,108.3,9.3,4.7,9.73,4.8,NORMAL
S00001713,EX-020,EXCAVATOR,336,ENGINE,2025-06-01,7157.9,287.8,N,20.2,6.4,2.41,4.5,4.8,7.1,4.7,3.2,0.012,0.53,0.0,0.5,109.3,13.6,9.4,7.55,7.1,NORMAL
S00001714,EX-020,EXCAVATOR,336,ENGINE,2025-07-13,7461.9,23.1,N,13.4,7.9,1.47,5.7,2.8,5.3,2.3,1.6,0.029,0.73,0.0,0.17,113.5,8.7,5.8,10.77,9.2,NORMAL
S00001715,EX-020,EXCAVATOR,336,ENGINE,2025-08-25,7776.0,337.2,N,24.2,8.1,2.48,5.9,4.9,9.8,3.5,3.7,0.027,0.67,0.0,0.5,108.6,14.1,7.7,7.18,9.0,NORMAL
S00001716,EX-020,EXCAVATOR,336,ENGINE,2025-10-01,8039.1,6.5,N,9.4,3.1,1.21,2.4,2.4,3.5,2.6,2.0,0.028,0.53,0.0,0.23,112.9,8.6,5.6,9.0,4.2,NORMAL
S00001717,EX-020,EXCAVATOR,336,ENGINE,2025-11-09,8322.3,289.8,N,17.8,7.2,2.31,4.4,5.6,7.1,4.5,2.6,0.027,0.78,0.0,0.42,110.1,11.2,8.3,7.87,10.0,NORMAL
S00001718,EX-020,EXCAVATOR,336,ENGINE,2025-12-18,8606.3,27.7,N,9.9,3.7,1.11,1.9,2.2,3.8,1.9,1.2,0.016,0.71,0.0,0.24,112.0,9.0,6.0,10.02,4.2,NORMAL
S00001719,EX-020,EXCAVATOR,336,ENGINE,2026-01-21,8847.1,268.6,N,16.2,6.4,2.23,3.9,6.3,11.6,3.7,3.1,0.024,0.36,0.0,0.57,109.3,12.4,8.4,7.45,7.9,NORMAL
S00001720,EX-020,EXCAVATOR,336,ENGINE,2026-02-28,9122.2,47.5,N,14.0,5.4,1.66,2.4,3.3,4.6,1.8,1.8,0.025,0.72,0.0,0.29,107.1,9.4,6.6,9.62,5.3,NORMAL
S00001721,EX-020,EXCAVATOR,336,ENGINE,2026-04-09,9417.6,342.8,N,23.0,7.3,2.27,4.9,8.2,8.7,4.3,3.6,0.028,0.37,0.0,0.59,108.5,13.0,9.5,6.73,9.4,NORMAL
S00001722,EX-020,EXCAVATOR,336,ENGINE,2026-05-08,9627.2,30.9,N,10.9,4.8,0.98,2.0,3.2,4.7,2.8,1.8,0.02,1.11,0.0,0.24,108.1,9.0,6.8,10.07,5.3,NORMAL
S00001723,EX-020,EXCAVATOR,336,ENGINE,2026-06-07,9843.6,247.2,N,19.8,7.8,2.2,6.1,4.8,7.9,4.1,2.5,0.011,0.65,0.0,0.38,102.0,10.9,9.0,8.29,5.7,NORMAL
S00001755,EX-020,EXCAVATOR,336,FINAL_DRIVE,2023-04-06,1573.3,683.6,N,75.5,7.2,4.27,7.3,6.3,8.3,4.1,1.8,0.114,0.0,0.0,0.05,97.4,6.1,4.0,4.8,32.3,NORMAL
S00001756,EX-020,EXCAVATOR,336,FINAL_DRIVE,2023-07-05,2223.6,1333.9,N,143.1,12.0,6.24,10.3,8.2,7.6,3.0,2.1,0.07,0.0,0.0,0.07,104.5,8.1,4.5,4.32,40.3,NORMAL
S00001757,EX-020,EXCAVATOR,336,FINAL_DRIVE,2023-10-03,2873.9,1984.3,N,141.6,14.4,8.62,11.3,12.1,11.1,4.3,3.3,0.058,0.0,0.0,0.07,101.9,8.3,5.3,3.64,51.4,NORMAL
S00001758,EX-020,EXCAVATOR,336,FINAL_DRIVE,2024-01-01,3524.2,14.0,N,53.2,4.9,2.48,5.6,4.1,9.5,1.5,1.1,0.997,0.0,0.0,0.02,101.2,4.8,2.6,5.76,16.8,MONITOR
S00001759,EX-020,EXCAVATOR,336,FINAL_DRIVE,2024-03-31,4174.5,664.3,N,160.5,7.0,4.65,7.6,4.9,50.2,2.6,2.0,8.063,0.0,0.0,0.04,103.3,7.1,3.5,4.92,32.1,ACTION
S00001760,EX-020,EXCAVATOR,336,FINAL_DRIVE,2024-06-29,4824.8,1314.6,N,87.0,9.5,5.59,9.6,8.1,9.9,3.9,2.8,0.039,0.0,0.0,0.07,98.5,8.0,4.2,4.54,28.7,NORMAL
S00001761,EX-020,EXCAVATOR,336,FINAL_DRIVE,2024-09-27,5475.1,1964.9,N,133.1,16.7,6.71,12.2,8.1,12.2,5.9,2.6,0.04,0.0,0.0,0.08,97.4,9.1,5.6,3.69,53.7,NORMAL
S00001762,EX-020,EXCAVATOR,336,FINAL_DRIVE,2024-12-26,6125.4,55.5,N,50.2,7.7,2.55,3.8,3.0,5.3,2.2,0.9,0.064,0.0,0.0,0.03,100.8,6.0,2.6,6.2,16.1,NORMAL
S00001763,EX-020,EXCAVATOR,336,FINAL_DRIVE,2025-03-26,6775.7,705.8,N,82.0,5.6,4.04,9.1,5.6,6.6,3.3,2.2,0.05,0.0,0.0,0.04,99.8,6.2,4.0,4.87,39.9,NORMAL
S00001764,EX-020,EXCAVATOR,336,FINAL_DRIVE,2025-06-24,7426.1,1356.1,N,97.6,8.0,5.08,11.9,7.0,8.0,3.1,2.0,0.022,0.0,0.0,0.08,98.9,7.8,5.0,4.54,34.5,NORMAL
S00001765,EX-020,EXCAVATOR,336,FINAL_DRIVE,2025-09-22,8076.4,31.2,N,45.6,6.9,3.45,3.6,2.7,6.4,1.9,1.2,0.058,0.0,0.0,0.03,96.9,4.9,2.7,5.95,21.7,NORMAL
S00001766,EX-020,EXCAVATOR,336,FINAL_DRIVE,2025-12-21,8726.7,681.5,N,100.9,7.7,4.0,5.5,6.0,8.1,2.4,1.4,0.067,0.0,0.0,0.05,98.4,6.8,3.9,5.52,29.6,NORMAL
S00001767,EX-020,EXCAVATOR,336,FINAL_DRIVE,2026-03-21,9377.0,1331.8,N,100.0,9.0,6.26,6.5,6.8,12.5,2.8,1.9,0.087,0.0,0.0,0.06,99.8,7.1,4.8,4.07,44.7,NORMAL
S00001768,EX-020,EXCAVATOR,336,FINAL_DRIVE,2026-06-19,10027.3,1982.1,N,105.6,13.8,7.66,8.7,9.9,14.6,3.8,2.8,0.038,0.0,0.0,0.09,98.1,9.7,5.2,3.58,43.6,NORMAL
S00001724,EX-020,EXCAVATOR,336,HYDRAULIC,2023-04-17,1573.3,1823.0,N,19.3,8.2,1.84,2.2,4.1,9.0,3.5,2.1,0.029,0.0,0.0,0.08,45.3,10.0,5.2,2.92,14.7,MONITOR
S00001725,EX-020,EXCAVATOR,336,HYDRAULIC,2023-07-16,2223.6,50.9,N,7.0,2.0,0.51,1.3,1.9,3.5,1.4,1.2,0.034,0.0,0.0,0.03,45.3,5.6,2.9,4.42,3.2,NORMAL
S00001726,EX-020,EXCAVATOR,336,HYDRAULIC,2023-10-14,2873.9,701.3,N,9.2,4.7,1.15,1.9,2.4,6.4,2.8,1.6,0.026,0.0,0.0,0.06,47.0,6.5,3.7,4.02,6.8,NORMAL
S00001727,EX-020,EXCAVATOR,336,HYDRAULIC,2024-01-12,3524.2,1351.6,N,16.0,4.6,1.15,2.5,2.0,6.5,3.6,2.3,0.029,0.0,0.0,0.07,45.2,9.7,4.9,3.48,5.7,NORMAL
S00001728,EX-020,EXCAVATOR,336,HYDRAULIC,2024-04-11,4174.5,55.8,N,6.1,2.9,0.52,0.9,1.8,3.7,1.8,1.2,0.033,0.0,0.0,0.02,44.8,4.8,2.7,4.62,4.3,NORMAL
S00001729,EX-020,EXCAVATOR,336,HYDRAULIC,2024-07-10,4824.8,706.1,N,12.0,3.5,0.93,1.8,2.0,4.3,2.0,1.6,4.13,0.0,0.0,0.05,45.9,7.5,4.1,3.84,6.7,MONITOR
S00001730,EX-020,EXCAVATOR,336,HYDRAULIC,2024-10-08,5475.1,1356.4,N,11.0,3.8,1.13,1.9,4.3,8.1,3.8,2.0,0.02,0.0,0.0,0.07,47.2,10.6,4.6,3.17,6.7,NORMAL
S00001731,EX-020,EXCAVATOR,336,HYDRAULIC,2025-01-06,6125.4,10.8,N,6.2,2.9,0.55,1.1,1.4,3.0,1.7,1.3,0.04,0.0,0.0,0.03,46.4,5.8,2.6,4.61,2.7,NORMAL
S00001732,EX-020,EXCAVATOR,336,HYDRAULIC,2025-04-06,6775.7,661.1,N,10.0,3.1,0.97,1.7,3.6,5.1,2.8,1.7,0.031,0.0,0.0,0.05,46.0,8.2,4.0,4.2,5.2,NORMAL
S00001733,EX-020,EXCAVATOR,336,HYDRAULIC,2025-07-05,7426.1,1311.4,N,13.0,4.1,1.14,1.9,5.1,6.8,4.0,2.0,0.023,0.0,0.0,0.07,45.7,8.6,5.1,3.2,6.1,NORMAL
S00001734,EX-020,EXCAVATOR,336,HYDRAULIC,2025-10-03,8076.4,1961.7,N,20.2,6.4,1.7,2.6,6.0,23.2,4.5,2.3,0.024,0.0,0.0,0.09,44.0,10.7,4.1,2.84,8.1,MONITOR
S00001735,EX-020,EXCAVATOR,336,HYDRAULIC,2026-01-01,8726.7,58.1,N,6.9,2.0,0.55,1.3,1.7,3.5,1.5,1.1,0.021,0.0,0.0,0.03,44.9,5.9,2.9,4.42,3.6,NORMAL
S00001736,EX-020,EXCAVATOR,336,HYDRAULIC,2026-04-01,9377.0,708.4,N,8.5,3.3,0.91,1.7,2.1,5.6,2.3,1.4,0.02,0.0,0.0,0.05,44.2,7.1,3.8,4.1,4.0,NORMAL
S00001737,EX-020,EXCAVATOR,336,TRANSMISSION,2023-03-26,1493.0,0.6,N,19.1,8.3,1.86,3.1,2.4,4.3,1.7,1.0,0.023,0.0,0.0,0.04,69.0,6.9,3.8,6.99,6.5,NORMAL
S00001738,EX-020,EXCAVATOR,336,TRANSMISSION,2023-06-24,2143.4,650.9,N,49.6,19.3,4.03,8.0,5.7,6.7,3.0,4.0,0.023,0.0,0.0,0.13,67.3,11.5,5.1,5.3,16.5,NORMAL
S00001739,EX-020,EXCAVATOR,336,TRANSMISSION,2023-08-22,2566.5,39.3,N,28.9,6.9,1.88,3.5,2.8,4.2,1.7,1.0,0.035,0.0,0.0,0.06,68.5,6.3,3.6,6.95,8.0,NORMAL
S00001740,EX-020,EXCAVATOR,336,TRANSMISSION,2023-11-17,3194.0,666.8,N,41.5,13.0,2.73,6.6,6.1,8.9,3.0,2.2,0.025,0.0,0.0,0.15,66.8,12.8,5.7,5.67,18.6,NORMAL
S00001741,EX-020,EXCAVATOR,336,TRANSMISSION,2024-02-15,3844.3,35.3,N,17.5,8.6,2.57,4.0,2.2,4.0,1.6,1.3,0.032,0.0,0.0,0.05,69.4,6.1,4.0,6.74,8.4,NORMAL
S00001742,EX-020,EXCAVATOR,336,TRANSMISSION,2024-04-26,4356.8,547.8,N,31.7,17.1,2.95,6.8,5.6,6.5,4.0,2.4,0.031,0.0,0.0,0.12,67.2,9.6,5.1,5.3,10.0,NORMAL
S00001743,EX-020,EXCAVATOR,336,TRANSMISSION,2024-07-04,4857.7,47.9,N,20.2,8.7,2.18,4.4,3.1,3.4,1.4,1.0,0.031,0.0,0.0,0.06,65.9,6.1,3.6,6.46,7.4,NORMAL
S00001744,EX-020,EXCAVATOR,336,TRANSMISSION,2024-08-25,5233.1,423.3,N,33.4,12.6,2.31,6.0,4.3,6.0,2.5,1.3,0.043,0.0,0.0,0.12,68.4,9.4,4.5,5.84,11.3,NORMAL
S00001745,EX-020,EXCAVATOR,336,TRANSMISSION,2024-10-25,5672.6,862.8,N,70.0,23.3,4.57,10.3,7.9,11.4,3.3,2.9,0.037,0.0,0.0,0.17,70.2,9.9,6.7,4.23,15.0,NORMAL
S00001746,EX-020,EXCAVATOR,336,TRANSMISSION,2024-12-10,6004.3,26.4,N,42.1,27.9,1.76,14.3,2.7,3.8,1.9,1.3,0.021,0.0,0.0,0.07,68.4,5.6,3.3,7.32,6.2,MONITOR
S00001747,EX-020,EXCAVATOR,336,TRANSMISSION,2025-02-22,6543.7,565.8,N,49.8,13.6,3.58,5.4,5.7,6.0,2.7,2.6,0.018,0.0,0.0,0.11,69.7,9.2,5.1,5.19,13.2,NORMAL
S00001748,EX-020,EXCAVATOR,336,TRANSMISSION,2025-05-06,7071.6,21.4,N,19.3,7.8,1.3,3.3,3.7,4.5,1.6,1.0,0.032,0.0,0.0,0.04,68.6,6.4,3.6,7.03,6.9,NORMAL
S00001749,EX-020,EXCAVATOR,336,TRANSMISSION,2025-06-29,7460.0,409.8,N,32.4,13.8,3.97,5.5,5.0,6.2,3.8,1.7,0.022,0.0,0.0,0.09,68.1,8.5,4.3,5.93,14.3,NORMAL
S00001750,EX-020,EXCAVATOR,336,TRANSMISSION,2025-09-15,8020.1,969.9,N,55.8,20.3,4.45,7.3,6.8,8.8,4.4,3.4,0.035,0.0,0.0,0.14,66.2,12.4,8.4,4.2,14.8,NORMAL
S00001751,EX-020,EXCAVATOR,336,TRANSMISSION,2025-11-04,8385.1,14.0,N,22.7,5.8,1.69,4.6,2.7,4.3,1.6,1.1,0.062,0.0,0.0,0.06,68.6,7.3,3.3,6.4,8.7,NORMAL
S00001752,EX-020,EXCAVATOR,336,TRANSMISSION,2025-12-18,8702.4,331.3,N,34.8,10.4,2.35,6.1,3.5,6.2,2.2,1.7,0.025,0.0,0.0,0.09,68.9,8.1,4.9,5.81,15.5,NORMAL
S00001753,EX-020,EXCAVATOR,336,TRANSMISSION,2026-02-17,9142.2,771.1,N,36.2,19.8,4.05,8.0,5.6,8.6,3.3,2.9,0.023,0.0,0.0,0.12,65.8,12.4,6.2,4.64,15.4,NORMAL
S00001754,EX-020,EXCAVATOR,336,TRANSMISSION,2026-05-10,9736.2,54.5,N,26.7,8.9,1.88,3.6,3.5,4.4,2.1,1.0,0.028,0.0,0.0,0.04,66.8,7.2,4.2,6.41,6.9,NORMAL
S00003124,HT-001,HAUL_TRUCK,775,ENGINE,2023-03-07,2659.4,15.2,N,8.9,4.6,0.96,2.1,3.7,3.1,2.3,1.7,0.031,0.76,0.0,0.2,110.3,8.5,5.9,10.13,5.5,NORMAL
S00003125,HT-001,HAUL_TRUCK,775,ENGINE,2023-04-24,2952.5,308.3,N,22.7,9.2,2.58,4.2,7.9,9.2,4.7,3.4,0.026,0.55,0.0,0.52,105.3,12.9,8.9,7.78,8.7,NORMAL
S00003126,HT-001,HAUL_TRUCK,775,ENGINE,2023-06-03,3199.3,26.4,N,9.0,4.6,1.13,1.9,3.3,5.3,2.2,1.6,0.027,0.86,0.0,0.23,113.1,8.8,5.4,9.2,5.4,NORMAL
S00003127,HT-001,HAUL_TRUCK,775,ENGINE,2023-07-26,3519.7,346.8,N,27.5,8.8,2.07,4.8,5.5,9.2,4.9,2.8,0.022,0.6,0.0,0.44,106.3,14.7,9.2,7.72,9.1,NORMAL
S00003128,HT-001,HAUL_TRUCK,775,ENGINE,2023-09-11,3807.5,34.1,N,16.2,6.0,1.17,2.0,2.8,3.4,2.4,1.5,0.015,0.52,0.0,0.21,107.5,9.9,6.7,10.11,4.2,NORMAL
S00003129,HT-001,HAUL_TRUCK,775,ENGINE,2023-11-02,4122.6,349.2,N,23.6,7.4,2.45,4.8,5.3,11.0,4.7,3.6,0.027,0.66,0.0,0.56,104.1,13.2,8.8,7.39,8.3,NORMAL
S00003130,HT-001,HAUL_TRUCK,775,ENGINE,2023-12-12,4368.4,55.2,N,9.7,4.4,1.1,2.0,3.8,5.0,2.1,2.2,0.023,0.35,0.0,0.3,111.1,8.3,6.7,10.36,4.7,NORMAL
S00003131,HT-001,HAUL_TRUCK,775,ENGINE,2024-01-15,4578.1,264.8,N,27.1,8.8,3.1,4.4,4.9,8.9,3.0,3.1,0.019,0.64,0.0,0.47,108.4,11.9,8.2,8.39,7.3,NORMAL
S00003132,HT-001,HAUL_TRUCK,775,ENGINE,2024-02-26,4830.4,19.0,N,9.5,4.3,1.0,2.2,2.6,3.8,2.3,1.7,0.029,0.59,0.0,0.21,105.1,9.8,5.8,9.86,5.4,NORMAL
S00003133,HT-001,HAUL_TRUCK,775,ENGINE,2024-04-17,5144.8,333.4,N,24.7,8.0,3.23,5.4,4.6,7.1,3.5,3.2,0.02,0.51,0.0,0.4,110.6,15.4,9.0,7.73,9.5,NORMAL
S00003134,HT-001,HAUL_TRUCK,775,ENGINE,2024-06-03,5430.0,21.0,N,7.8,3.3,1.19,3.3,2.6,5.0,2.6,1.8,0.017,0.83,0.0,0.21,107.4,9.4,5.8,10.15,5.6,NORMAL
S00003135,HT-001,HAUL_TRUCK,775,ENGINE,2024-06-29,5588.1,179.1,N,13.2,6.5,2.19,3.7,4.1,7.7,3.6,1.7,0.023,0.44,0.0,0.4,107.2,12.2,7.4,9.24,8.1,NORMAL
S00003136,HT-001,HAUL_TRUCK,775,ENGINE,2024-08-16,5880.9,471.9,N,23.9,8.1,2.96,5.4,6.3,11.3,6.9,7.4,0.024,0.62,0.0,0.76,107.6,16.2,10.9,5.98,9.9,NORMAL
S00003137,HT-001,HAUL_TRUCK,775,ENGINE,2024-09-19,6091.2,27.8,N,9.2,5.1,1.11,2.8,3.4,4.4,2.5,1.7,0.011,0.72,0.0,0.2,109.1,9.0,5.6,9.96,6.1,NORMAL
S00003138,HT-001,HAUL_TRUCK,775,ENGINE,2024-11-07,6391.2,327.8,N,17.8,7.1,2.19,5.4,6.6,7.7,5.8,4.2,0.02,0.25,0.0,0.46,111.8,12.6,9.6,7.96,9.7,NORMAL
S00003139,HT-001,HAUL_TRUCK,775,ENGINE,2024-12-24,6677.9,3.9,N,8.0,2.9,1.26,2.4,3.1,4.2,1.7,1.3,0.018,0.62,0.0,0.2,105.0,8.0,5.8,10.76,5.9,NORMAL
S00003140,HT-001,HAUL_TRUCK,775,ENGINE,2025-02-11,6977.0,302.9,N,25.4,5.5,2.43,5.5,4.4,9.6,4.5,3.4,0.019,0.56,0.0,0.41,109.6,13.2,8.3,8.09,9.9,NORMAL
S00003141,HT-001,HAUL_TRUCK,775,ENGINE,2025-03-20,7203.1,10.3,N,10.5,4.8,1.17,2.0,3.2,4.5,2.5,1.5,0.018,0.61,0.0,0.23,106.4,9.1,5.9,10.56,4.4,NORMAL
S00003142,HT-001,HAUL_TRUCK,775,ENGINE,2025-04-28,7439.6,246.8,N,15.2,6.9,1.36,4.4,4.8,6.9,3.8,2.7,0.018,0.55,0.0,0.48,110.6,12.0,8.6,7.92,5.6,NORMAL
S00003143,HT-001,HAUL_TRUCK,775,ENGINE,2025-06-20,7763.4,2.3,N,9.6,2.9,0.88,2.1,2.9,3.6,2.3,1.4,0.027,0.91,0.0,0.2,109.3,8.2,5.6,10.77,4.1,NORMAL
S00003144,HT-001,HAUL_TRUCK,775,ENGINE,2025-08-03,8027.7,266.6,N,19.8,6.7,2.28,3.5,5.0,8.3,4.4,2.3,0.02,0.77,0.0,0.42,110.8,12.9,8.9,7.98,8.0,NORMAL
S00003145,HT-001,HAUL_TRUCK,775,ENGINE,2025-09-01,8210.5,449.4,N,20.9,7.7,2.87,6.5,8.2,11.5,4.7,3.5,0.015,0.56,0.0,0.84,107.5,18.0,11.4,7.18,10.1,NORMAL
S00003146,HT-001,HAUL_TRUCK,775,ENGINE,2025-10-11,8450.8,27.2,N,11.1,4.0,1.07,2.4,2.9,5.5,2.3,2.0,0.024,0.85,0.0,0.22,108.2,9.0,5.7,10.07,4.5,NORMAL
S00003147,HT-001,HAUL_TRUCK,775,ENGINE,2025-11-16,8672.1,248.6,N,20.6,9.6,1.87,3.5,4.2,10.1,4.1,2.5,0.027,0.49,0.0,0.41,108.3,11.1,8.9,8.17,8.3,NORMAL
S00003148,HT-001,HAUL_TRUCK,775,ENGINE,2025-12-25,8908.3,484.7,N,27.9,9.9,3.06,6.5,6.1,10.6,5.8,5.0,0.013,3.51,0.0,0.77,96.9,16.8,11.5,6.94,8.7,NORMAL
S00003149,HT-001,HAUL_TRUCK,775,ENGINE,2026-01-25,9097.9,23.3,N,7.6,3.9,1.3,2.9,3.3,5.4,2.5,2.1,0.014,1.03,0.0,0.23,103.3,9.4,6.3,10.13,5.7,NORMAL
S00003150,HT-001,HAUL_TRUCK,775,ENGINE,2026-03-14,9393.3,318.6,N,23.9,7.6,1.57,5.1,5.3,10.1,5.8,4.2,0.024,0.7,0.0,0.56,107.2,14.1,8.5,7.88,9.1,NORMAL
S00003151,HT-001,HAUL_TRUCK,775,ENGINE,2026-04-15,9586.3,33.3,N,13.9,4.3,1.09,3.0,2.7,4.8,3.1,2.1,0.022,0.95,0.0,0.27,111.0,9.7,6.2,9.73,4.4,NORMAL
S00003152,HT-001,HAUL_TRUCK,775,ENGINE,2026-05-21,9809.6,256.6,N,22.0,5.8,1.53,5.2,4.2,5.9,3.4,2.9,0.021,0.53,0.0,0.42,111.4,11.6,8.3,8.76,7.9,NORMAL
S00003182,HT-001,HAUL_TRUCK,775,FINAL_DRIVE,2023-04-23,2862.7,39.5,N,69.0,5.6,1.85,5.6,3.6,5.6,2.2,1.4,0.062,0.0,0.0,0.03,98.4,5.1,2.9,5.74,16.1,NORMAL
S00003183,HT-001,HAUL_TRUCK,775,FINAL_DRIVE,2023-07-22,3412.0,588.8,N,70.9,9.0,4.29,6.1,6.8,7.6,2.9,1.9,0.027,0.0,0.0,0.04,98.5,6.6,4.0,4.95,24.5,NORMAL
S00003184,HT-001,HAUL_TRUCK,775,FINAL_DRIVE,2023-10-20,3961.3,1138.0,N,78.1,10.7,5.25,9.3,7.6,7.9,2.7,2.1,0.028,0.0,0.0,0.06,99.2,7.6,4.1,4.54,31.8,NORMAL
S00003185,HT-001,HAUL_TRUCK,775,FINAL_DRIVE,2024-01-18,4510.5,1687.3,N,91.6,11.9,7.7,9.4,9.3,11.3,3.9,2.5,0.042,0.0,0.0,0.08,99.0,7.6,5.9,3.73,55.1,NORMAL
S00003186,HT-001,HAUL_TRUCK,775,FINAL_DRIVE,2024-04-17,5059.8,6.6,N,58.1,5.3,2.87,5.5,3.2,7.2,1.5,1.2,0.082,0.0,0.0,0.03,97.8,4.1,2.3,5.41,16.9,NORMAL
S00003187,HT-001,HAUL_TRUCK,775,FINAL_DRIVE,2024-07-16,5609.1,555.9,N,52.8,7.9,3.64,8.8,4.4,7.7,1.7,2.2,0.095,0.0,0.0,0.06,102.1,6.3,3.5,5.5,27.7,NORMAL
S00003188,HT-001,HAUL_TRUCK,775,FINAL_DRIVE,2024-10-14,6158.4,1105.2,N,120.9,11.3,6.14,8.1,5.8,10.0,3.0,2.3,0.068,0.0,0.0,0.07,99.6,6.9,4.2,4.72,30.5,NORMAL
S00003189,HT-001,HAUL_TRUCK,775,FINAL_DRIVE,2025-01-12,6707.7,1654.5,N,126.3,10.5,5.86,10.1,7.1,11.5,3.7,2.3,0.062,0.0,0.0,0.07,97.6,8.7,5.4,4.0,52.7,NORMAL
S00003190,HT-001,HAUL_TRUCK,775,FINAL_DRIVE,2025-04-12,7257.0,11.8,N,47.2,5.1,2.56,5.0,3.3,6.4,1.4,1.0,0.036,0.0,0.0,0.03,94.6,5.3,2.5,6.2,11.0,NORMAL
S00003191,HT-001,HAUL_TRUCK,775,FINAL_DRIVE,2025-07-11,7806.3,561.0,N,71.3,8.8,4.32,6.8,6.8,6.7,2.7,2.0,0.068,0.0,0.0,0.04,97.0,6.2,3.3,5.02,32.8,NORMAL
S00003192,HT-001,HAUL_TRUCK,775,FINAL_DRIVE,2025-10-09,8355.6,1110.3,N,93.0,11.0,6.41,9.2,6.3,12.3,2.9,1.3,0.032,0.0,0.0,0.07,102.1,6.7,3.7,4.68,29.0,NORMAL
S00003193,HT-001,HAUL_TRUCK,775,FINAL_DRIVE,2026-01-07,8904.9,1659.6,N,109.9,12.0,5.4,10.4,5.9,15.7,4.1,2.1,0.85,0.0,0.0,0.08,99.5,9.6,5.5,4.15,39.5,MONITOR
S00003194,HT-001,HAUL_TRUCK,775,FINAL_DRIVE,2026-04-07,9454.1,20.5,N,108.1,5.6,3.46,4.1,3.0,37.1,1.7,1.3,6.01,0.0,0.0,0.02,97.5,4.8,2.7,5.68,17.2,ACTION
S00003153,HT-001,HAUL_TRUCK,775,HYDRAULIC,2023-04-17,2862.7,1414.8,N,17.7,4.6,1.18,2.2,3.3,5.9,4.5,1.7,0.025,0.0,0.0,0.07,47.4,8.1,5.1,3.2,7.2,NORMAL
S00003154,HT-001,HAUL_TRUCK,775,HYDRAULIC,2023-07-16,3412.0,1964.1,N,15.9,5.0,1.72,3.4,5.4,7.6,3.8,2.4,0.023,0.0,0.0,0.1,43.6,10.3,4.8,3.07,7.8,NORMAL
S00003155,HT-001,HAUL_TRUCK,775,HYDRAULIC,2023-10-14,3961.3,42.0,N,6.7,2.1,0.59,1.1,1.9,3.8,2.0,1.0,0.036,0.0,0.0,0.03,45.5,5.7,2.9,4.34,3.9,NORMAL
S00003156,HT-001,HAUL_TRUCK,775,HYDRAULIC,2024-01-12,4510.5,591.3,N,9.0,5.3,0.94,1.5,2.4,4.8,2.6,1.5,0.033,0.0,0.0,0.05,47.2,7.2,4.0,3.72,4.4,NORMAL
S00003157,HT-001,HAUL_TRUCK,775,HYDRAULIC,2024-04-11,5059.8,1140.6,N,12.5,3.8,0.92,2.4,3.6,13.7,3.1,2.8,0.034,0.0,0.0,0.05,45.8,9.5,3.7,3.38,6.7,NORMAL
S00003158,HT-001,HAUL_TRUCK,775,HYDRAULIC,2024-07-10,5609.1,1689.9,N,29.2,6.1,1.3,2.6,8.9,43.3,3.9,2.5,0.041,0.0,0.0,0.07,46.8,10.1,5.3,2.86,10.7,MONITOR
S00003159,HT-001,HAUL_TRUCK,775,HYDRAULIC,2024-10-08,6158.4,17.7,N,7.0,2.9,0.6,0.9,1.6,3.3,1.9,1.1,0.034,0.0,0.0,0.03,45.2,5.6,3.2,4.35,3.0,NORMAL
S00003160,HT-001,HAUL_TRUCK,775,HYDRAULIC,2025-01-06,6707.7,567.0,N,9.7,3.6,0.87,1.8,2.9,5.6,2.6,1.5,0.031,0.0,0.0,0.05,47.4,6.2,4.2,4.08,4.5,NORMAL
S00003161,HT-001,HAUL_TRUCK,775,HYDRAULIC,2025-04-06,7257.0,1116.3,N,15.2,5.5,1.36,1.7,3.1,6.1,3.3,1.9,0.027,0.0,0.0,0.05,45.8,9.1,4.8,3.49,8.2,NORMAL
S00003162,HT-001,HAUL_TRUCK,775,HYDRAULIC,2025-07-05,7806.3,1665.6,N,39.0,13.6,2.54,3.4,3.5,10.5,4.4,2.7,0.025,0.0,0.0,0.09,45.4,9.7,5.2,2.87,26.3,ACTION
S00003163,HT-001,HAUL_TRUCK,775,HYDRAULIC,2025-10-03,8355.6,31.3,N,7.1,1.7,0.56,1.1,1.9,3.2,2.2,0.9,0.021,0.0,0.0,0.02,46.8,5.4,2.7,4.18,3.5,NORMAL
S00003164,HT-001,HAUL_TRUCK,775,HYDRAULIC,2026-01-01,8904.9,580.6,N,8.9,3.4,0.78,1.5,2.0,4.3,1.7,1.5,0.019,0.0,0.0,0.04,44.3,7.2,3.4,3.81,4.9,NORMAL
S00003165,HT-001,HAUL_TRUCK,775,HYDRAULIC,2026-04-01,9454.1,1129.9,N,11.9,5.3,1.03,2.2,3.7,6.2,3.6,2.1,0.029,0.0,0.0,0.05,46.9,8.5,4.9,3.87,7.2,NORMAL
S00003166,HT-001,HAUL_TRUCK,775,TRANSMISSION,2023-03-28,2771.8,11.5,N,20.8,8.6,1.6,3.9,2.1,3.4,1.8,1.0,0.027,0.0,0.0,0.05,66.7,6.3,3.4,6.68,8.9,NORMAL
S00003167,HT-001,HAUL_TRUCK,775,TRANSMISSION,2023-06-08,3212.2,452.0,N,32.7,14.6,2.76,5.0,4.2,7.4,3.4,2.1,0.025,0.0,0.0,0.08,69.4,8.4,5.3,5.63,13.1,NORMAL
S00003168,HT-001,HAUL_TRUCK,775,TRANSMISSION,2023-09-04,3747.9,987.7,N,57.9,17.3,4.93,8.4,5.9,11.1,4.1,2.5,0.028,0.0,0.0,0.16,65.7,14.1,6.4,4.46,25.0,NORMAL
S00003169,HT-001,HAUL_TRUCK,775,TRANSMISSION,2023-12-02,4296.9,57.4,N,21.4,7.1,1.65,3.4,4.3,3.6,1.5,1.2,0.023,0.0,0.0,0.05,68.8,6.6,3.7,6.59,7.2,NORMAL
S00003170,HT-001,HAUL_TRUCK,775,TRANSMISSION,2024-02-08,4708.1,468.6,N,34.9,13.5,2.58,6.1,4.9,7.3,2.4,1.6,0.028,0.0,0.0,0.1,68.5,9.1,5.2,5.08,14.3,NORMAL
S00003171,HT-001,HAUL_TRUCK,775,TRANSMISSION,2024-05-01,5216.5,976.9,N,61.0,22.2,5.41,7.3,6.3,9.5,3.2,2.7,0.013,0.0,0.0,0.17,67.4,13.3,7.3,4.42,25.9,MONITOR
S00003172,HT-001,HAUL_TRUCK,775,TRANSMISSION,2024-06-30,5582.6,0.7,N,19.2,8.9,1.54,3.0,2.5,3.7,1.9,1.1,0.029,0.0,0.0,0.05,67.7,6.3,3.7,6.8,7.1,NORMAL
S00003173,HT-001,HAUL_TRUCK,775,TRANSMISSION,2024-09-04,5982.8,400.9,N,40.5,15.1,2.03,4.9,3.5,6.8,3.4,2.4,0.025,0.0,0.0,0.11,66.6,9.5,5.5,5.94,11.8,NORMAL
S00003174,HT-001,HAUL_TRUCK,775,TRANSMISSION,2024-11-25,6487.1,905.2,N,49.8,17.3,4.45,7.4,9.1,9.3,3.0,2.9,0.019,0.0,0.0,0.14,68.8,12.2,7.2,4.38,15.7,NORMAL
S00003175,HT-001,HAUL_TRUCK,775,TRANSMISSION,2025-02-11,6959.6,22.4,N,23.7,7.9,1.84,3.1,2.1,4.9,1.4,1.0,0.031,0.0,0.0,0.06,67.9,6.5,3.4,6.94,8.4,NORMAL
S00003176,HT-001,HAUL_TRUCK,775,TRANSMISSION,2025-04-28,7427.1,489.9,N,31.7,15.0,3.13,5.7,5.9,7.8,2.2,1.8,0.034,0.0,0.0,0.11,69.8,8.6,5.2,5.33,9.9,NORMAL
S00003177,HT-001,HAUL_TRUCK,775,TRANSMISSION,2025-07-15,7904.0,966.7,N,64.0,23.6,4.36,9.8,7.3,10.1,4.6,2.3,0.059,0.0,0.0,0.17,65.8,13.0,6.7,4.16,24.6,NORMAL
S00003178,HT-001,HAUL_TRUCK,775,TRANSMISSION,2025-09-14,8270.5,6.1,N,19.0,6.3,1.85,4.7,2.7,3.7,2.1,1.0,0.027,0.0,0.0,0.05,66.4,6.1,3.4,7.25,7.9,NORMAL
S00003179,HT-001,HAUL_TRUCK,775,TRANSMISSION,2025-12-13,8819.8,555.4,N,43.4,12.0,3.28,7.1,5.2,7.8,3.7,2.3,0.06,0.0,0.0,0.14,69.8,8.9,5.1,5.77,14.5,NORMAL
S00003180,HT-001,HAUL_TRUCK,775,TRANSMISSION,2026-03-13,9369.1,14.4,N,17.2,6.4,1.7,4.6,3.6,3.6,1.5,0.9,0.034,0.0,0.0,0.06,69.8,6.8,3.7,6.46,5.5,NORMAL
S00003181,HT-001,HAUL_TRUCK,775,TRANSMISSION,2026-06-07,9899.7,545.0,N,37.5,15.0,2.7,5.8,5.6,7.1,2.7,1.7,0.04,0.0,0.0,0.14,68.3,10.0,5.4,5.41,10.5,NORMAL
S00003195,HT-002,HAUL_TRUCK,775,ENGINE,2023-02-15,3025.8,24.4,N,9.2,3.9,0.98,2.2,2.5,4.0,1.9,1.7,0.018,0.52,0.0,0.23,106.2,9.2,5.5,9.59,3.2,NORMAL
S00003196,HT-002,HAUL_TRUCK,775,ENGINE,2023-03-16,3251.7,250.3,N,19.3,6.6,2.16,3.1,5.7,6.8,4.6,4.1,0.019,0.46,0.0,0.39,106.2,11.3,8.1,8.82,7.9,NORMAL
S00003197,HT-002,HAUL_TRUCK,775,ENGINE,2023-04-15,3484.3,482.9,N,31.9,8.2,2.65,4.9,7.7,11.4,4.9,5.0,0.015,0.6,0.0,0.77,110.0,17.0,12.5,6.29,10.4,NORMAL
S00003198,HT-002,HAUL_TRUCK,775,ENGINE,2023-05-11,3690.6,24.9,N,13.0,5.4,1.17,2.7,3.0,3.6,2.2,2.0,0.112,0.47,0.01,0.21,106.5,8.0,6.4,10.55,4.4,NORMAL
S00003199,HT-002,HAUL_TRUCK,775,ENGINE,2023-06-08,3906.7,241.0,N,25.3,7.4,2.03,3.3,5.0,9.2,6.6,5.2,1.048,0.49,0.126,0.26,108.8,12.7,9.0,8.82,6.0,ACTION
S00003200,HT-002,HAUL_TRUCK,775,ENGINE,2023-07-09,4150.3,484.6,N,24.5,11.3,3.4,4.1,6.3,12.5,12.1,10.5,2.85,0.4,0.348,0.62,110.1,17.2,10.3,6.24,9.2,ACTION
S00003201,HT-002,HAUL_TRUCK,775,ENGINE,2023-08-07,4371.6,33.7,N,8.9,5.7,0.95,2.1,3.4,4.9,14.5,11.3,5.027,0.46,0.614,0.2,112.4,9.8,5.8,9.66,5.4,ACTION
S00003202,HT-002,HAUL_TRUCK,775,ENGINE,2023-09-09,4626.0,288.1,N,17.7,6.0,2.09,4.7,6.3,9.3,24.3,17.5,8.056,0.58,0.987,0.43,107.8,16.4,7.6,8.34,9.3,ACTION
S00003203,HT-002,HAUL_TRUCK,775,ENGINE,2023-10-05,4827.3,489.3,N,23.6,9.4,3.06,5.2,8.2,10.8,5.5,4.1,0.02,0.67,0.0,0.82,108.3,16.7,12.0,5.89,13.4,NORMAL
S00003204,HT-002,HAUL_TRUCK,775,ENGINE,2023-11-06,5074.2,55.9,N,15.9,4.5,1.43,2.6,3.6,6.4,2.6,2.0,0.02,0.49,0.0,0.25,110.0,8.4,6.2,10.57,5.1,NORMAL
S00003205,HT-002,HAUL_TRUCK,775,ENGINE,2023-12-01,5271.9,253.6,N,16.4,7.9,2.24,3.3,5.6,9.7,4.0,2.9,0.023,0.57,0.0,0.47,107.4,13.4,10.3,8.1,8.4,NORMAL
S00003206,HT-002,HAUL_TRUCK,775,ENGINE,2024-01-04,5537.8,19.8,N,9.6,4.3,1.14,2.1,4.0,5.0,2.0,2.4,0.018,0.39,0.0,0.2,110.5,9.9,5.3,10.26,5.1,NORMAL
S00003207,HT-002,HAUL_TRUCK,775,ENGINE,2024-01-31,5744.7,226.6,N,16.1,5.9,1.45,3.7,4.8,8.6,3.4,2.8,0.021,0.42,0.0,0.32,114.7,13.1,7.7,8.36,6.2,NORMAL
S00003208,HT-002,HAUL_TRUCK,775,ENGINE,2024-03-05,6012.6,494.6,N,25.9,10.7,2.64,5.6,6.3,10.1,5.3,3.4,0.03,0.37,0.0,0.69,109.5,15.1,11.5,7.18,10.3,NORMAL
S00003209,HT-002,HAUL_TRUCK,775,ENGINE,2024-04-04,6240.5,7.5,N,9.9,5.1,0.89,1.8,2.7,4.9,1.8,2.0,0.032,0.79,0.0,0.2,114.0,8.3,5.5,11.1,5.0,NORMAL
S00003210,HT-002,HAUL_TRUCK,775,ENGINE,2024-05-07,6498.4,265.4,N,16.0,7.6,2.1,5.5,4.6,8.9,4.5,3.6,0.027,1.0,0.0,0.49,110.8,12.4,8.6,7.64,8.2,NORMAL
S00003211,HT-002,HAUL_TRUCK,775,ENGINE,2024-06-10,6763.5,20.3,N,12.2,3.8,1.25,1.9,2.8,3.8,1.6,1.9,0.028,0.64,0.0,0.2,107.6,7.9,6.1,10.63,4.3,NORMAL
S00003212,HT-002,HAUL_TRUCK,775,ENGINE,2024-07-18,7054.5,311.2,N,20.6,10.0,2.07,4.2,6.7,9.3,3.4,2.9,0.009,1.1,0.0,0.56,109.9,12.4,8.2,7.42,8.7,NORMAL
S00003213,HT-002,HAUL_TRUCK,775,ENGINE,2024-08-25,7350.1,52.8,N,11.2,4.3,1.68,2.6,3.5,5.4,2.9,2.2,0.021,0.57,0.0,0.22,104.7,9.6,6.7,10.49,5.4,NORMAL
S00003214,HT-002,HAUL_TRUCK,775,ENGINE,2024-09-16,7521.3,224.0,N,16.1,6.1,1.78,3.7,4.6,8.3,4.7,3.0,0.015,0.53,0.0,0.3,108.1,13.4,7.1,8.07,9.3,NORMAL
S00003215,HT-002,HAUL_TRUCK,775,ENGINE,2024-10-18,7770.3,473.0,N,18.4,13.7,2.06,5.9,6.0,12.5,6.4,5.1,0.021,0.47,0.0,0.49,109.3,14.5,11.6,6.7,11.4,NORMAL
S00003216,HT-002,HAUL_TRUCK,775,ENGINE,2024-11-08,7932.8,1.8,N,9.9,4.3,1.09,2.6,3.0,4.2,2.1,1.6,0.011,0.86,0.0,0.2,107.1,8.8,5.9,10.41,4.4,NORMAL
S00003217,HT-002,HAUL_TRUCK,775,ENGINE,2024-12-06,8152.7,221.7,N,14.5,6.9,1.51,4.4,6.1,6.8,3.7,3.0,0.02,0.89,0.0,0.35,107.8,11.6,8.4,8.41,6.3,NORMAL
S00003218,HT-002,HAUL_TRUCK,775,ENGINE,2025-01-18,8486.9,51.1,N,10.0,5.8,1.45,2.8,2.7,5.2,2.5,2.2,0.034,1.43,0.0,0.3,108.5,9.2,6.2,9.77,6.3,NORMAL
S00003219,HT-002,HAUL_TRUCK,775,ENGINE,2025-02-23,8765.9,330.1,N,16.4,8.4,2.58,4.6,5.8,7.3,4.9,3.2,0.024,0.36,0.0,0.52,105.2,12.0,9.6,8.1,10.2,NORMAL
S00003220,HT-002,HAUL_TRUCK,775,ENGINE,2025-03-27,9009.4,14.5,N,13.1,3.9,0.97,2.5,2.9,4.1,2.7,1.5,0.014,0.62,0.0,0.17,109.3,8.2,6.0,9.87,6.5,NORMAL
S00003221,HT-002,HAUL_TRUCK,775,ENGINE,2025-05-08,9339.6,344.7,N,22.6,7.6,2.75,5.7,6.2,8.2,5.7,3.7,0.02,0.64,0.0,0.56,103.3,13.6,10.1,7.65,9.5,NORMAL
S00003222,HT-002,HAUL_TRUCK,775,ENGINE,2025-06-14,9623.0,8.4,N,10.0,5.0,1.49,2.3,2.3,3.0,2.4,1.9,0.017,0.43,0.0,0.23,106.1,9.6,5.9,10.24,4.6,NORMAL
S00003223,HT-002,HAUL_TRUCK,775,ENGINE,2025-07-17,9879.8,265.1,N,17.8,8.9,2.49,4.0,4.2,8.6,3.3,3.0,0.019,0.48,0.0,0.48,107.8,12.1,9.0,8.78,9.5,NORMAL
S00003224,HT-002,HAUL_TRUCK,775,ENGINE,2025-08-16,10113.4,498.8,N,28.8,8.3,3.33,5.7,7.2,11.8,6.6,4.3,0.014,0.42,0.0,0.81,113.9,17.1,11.3,6.29,14.1,NORMAL
S00003225,HT-002,HAUL_TRUCK,775,ENGINE,2025-09-11,10317.8,14.7,N,11.3,5.1,1.09,2.6,3.1,5.2,2.4,1.7,0.02,0.81,0.0,0.24,106.3,9.0,6.2,10.4,5.8,NORMAL
S00003226,HT-002,HAUL_TRUCK,775,ENGINE,2025-10-20,10620.3,317.1,N,16.0,6.1,2.3,4.2,6.6,9.9,4.6,4.6,0.034,0.8,0.0,0.56,105.0,14.3,8.7,7.07,9.0,NORMAL
S00003227,HT-002,HAUL_TRUCK,775,ENGINE,2025-11-11,10786.0,482.9,N,25.4,9.0,2.59,4.3,5.3,13.4,6.0,3.6,0.013,0.9,0.0,0.6,109.2,15.8,11.0,6.3,10.3,NORMAL
S00003228,HT-002,HAUL_TRUCK,775,ENGINE,2025-12-11,11018.5,44.8,N,14.0,4.4,0.95,2.2,2.2,5.8,2.5,2.2,0.021,0.41,0.0,0.28,107.3,8.2,6.4,9.76,5.1,NORMAL
S00003229,HT-002,HAUL_TRUCK,775,ENGINE,2026-01-25,11366.5,392.8,N,24.2,7.7,2.89,4.2,4.9,9.6,6.2,4.1,0.016,0.84,0.0,0.59,103.6,15.4,10.4,6.69,8.0,NORMAL
S00003230,HT-002,HAUL_TRUCK,775,ENGINE,2026-02-21,11579.7,36.2,N,14.6,4.3,1.46,2.3,3.4,3.7,2.1,2.1,0.014,0.67,0.0,0.24,106.6,9.1,6.0,9.43,5.0,NORMAL
S00003231,HT-002,HAUL_TRUCK,775,ENGINE,2026-03-24,11821.1,277.6,N,13.2,8.5,1.94,3.9,6.3,8.0,5.0,3.0,0.016,0.81,0.0,0.55,112.0,14.3,8.7,8.33,7.5,NORMAL
S00003232,HT-002,HAUL_TRUCK,775,ENGINE,2026-04-25,12071.7,12.9,N,10.0,4.1,1.13,1.8,3.0,3.5,2.7,1.5,0.025,0.42,0.0,0.16,108.4,8.4,5.9,10.41,3.8,NORMAL
S00003233,HT-002,HAUL_TRUCK,775,ENGINE,2026-05-22,12278.3,219.4,N,13.4,8.9,2.01,3.8,6.0,5.9,3.8,3.2,0.024,0.37,0.0,0.42,108.9,13.4,7.2,9.0,6.8,NORMAL
S00003267,HT-002,HAUL_TRUCK,775,FINAL_DRIVE,2023-04-20,3448.3,5.7,N,44.4,4.5,2.51,4.2,3.5,4.5,1.4,0.8,0.054,0.0,0.0,0.02,102.7,4.6,2.8,5.64,16.7,NORMAL
S00003268,HT-002,HAUL_TRUCK,775,FINAL_DRIVE,2023-07-19,4146.6,704.0,N,77.4,6.3,3.58,5.7,5.4,10.6,3.0,1.8,0.042,0.0,0.0,0.06,96.4,5.7,3.7,5.03,27.0,NORMAL
S00003269,HT-002,HAUL_TRUCK,775,FINAL_DRIVE,2023-10-17,4844.9,1402.3,N,110.3,10.5,5.74,7.1,9.3,8.9,2.7,2.4,0.07,0.0,0.0,0.08,97.5,7.5,5.1,4.24,27.3,NORMAL
S00003270,HT-002,HAUL_TRUCK,775,FINAL_DRIVE,2024-01-15,5543.2,6.3,N,62.3,4.8,4.3,4.0,3.6,4.7,1.3,1.2,0.033,0.0,0.0,0.02,98.8,5.5,2.4,5.46,32.7,NORMAL
S00003271,HT-002,HAUL_TRUCK,775,FINAL_DRIVE,2024-04-14,6241.4,704.6,N,224.9,7.7,15.22,8.5,5.6,8.6,1.9,1.6,0.045,0.0,0.0,0.05,98.7,6.7,4.0,4.93,120.9,ACTION
S00003272,HT-002,HAUL_TRUCK,775,FINAL_DRIVE,2024-07-13,6939.7,1402.9,N,99.8,12.5,5.62,8.4,7.0,8.9,3.3,2.9,0.05,0.0,0.0,0.05,104.5,8.8,4.9,4.2,26.9,NORMAL
S00003273,HT-002,HAUL_TRUCK,775,FINAL_DRIVE,2024-10-11,7638.0,57.9,N,64.4,4.8,2.66,6.0,3.2,4.9,1.8,1.3,0.057,0.0,0.0,0.02,102.5,5.0,2.8,5.81,13.7,NORMAL
S00003274,HT-002,HAUL_TRUCK,775,FINAL_DRIVE,2025-01-09,8336.3,756.2,N,63.4,6.9,4.53,8.3,5.4,8.0,2.5,2.0,0.043,0.0,0.0,0.04,102.0,7.0,3.8,4.93,32.7,NORMAL
S00003275,HT-002,HAUL_TRUCK,775,FINAL_DRIVE,2025-04-09,9034.6,1454.5,N,121.4,10.3,7.18,9.6,7.8,9.5,3.6,2.5,0.039,0.0,0.0,0.09,100.6,8.5,5.1,3.9,30.4,NORMAL
S00003276,HT-002,HAUL_TRUCK,775,FINAL_DRIVE,2025-06-25,9633.8,14.1,N,39.7,5.8,2.49,3.6,2.8,8.1,1.8,1.2,0.045,0.0,0.0,0.03,100.3,5.1,2.9,5.39,14.4,NORMAL
S00003277,HT-002,HAUL_TRUCK,775,FINAL_DRIVE,2025-09-23,10332.1,712.4,N,80.0,8.1,4.05,7.7,5.2,9.5,2.0,1.2,0.051,0.0,0.0,0.04,99.5,6.9,3.5,5.07,28.9,NORMAL
S00003278,HT-002,HAUL_TRUCK,775,FINAL_DRIVE,2025-12-22,11030.4,1410.6,N,194.4,10.4,9.5,7.8,5.5,9.3,3.1,1.9,0.051,0.0,0.0,0.06,103.2,8.8,5.2,4.19,67.1,MONITOR
S00003279,HT-002,HAUL_TRUCK,775,FINAL_DRIVE,2026-03-22,11728.7,46.1,N,79.7,5.1,3.38,4.0,2.8,27.2,2.1,1.1,4.101,0.0,0.0,0.02,98.6,5.3,2.9,5.83,17.3,ACTION
S00003280,HT-002,HAUL_TRUCK,775,FINAL_DRIVE,2026-06-20,12427.0,744.4,N,78.6,6.5,4.12,8.0,3.9,6.3,2.4,1.5,0.063,0.0,0.0,0.04,99.6,6.7,3.3,5.17,19.7,NORMAL
S00003234,HT-002,HAUL_TRUCK,775,HYDRAULIC,2023-04-02,3448.3,1566.2,N,12.2,5.0,1.05,2.7,3.2,9.5,3.7,2.5,0.033,0.0,0.0,0.07,43.8,10.7,5.5,3.17,6.0,NORMAL
S00003235,HT-002,HAUL_TRUCK,775,HYDRAULIC,2023-06-18,4045.3,33.5,N,5.0,2.6,0.58,1.2,1.9,3.3,2.2,0.9,0.057,0.0,0.0,0.03,46.2,5.9,2.8,4.46,4.6,NORMAL
S00003236,HT-002,HAUL_TRUCK,775,HYDRAULIC,2023-09-16,4743.6,731.8,N,10.8,3.6,0.83,1.4,3.2,5.8,2.7,2.6,0.022,0.0,0.0,0.05,47.0,7.4,3.7,3.85,5.5,NORMAL
S00003237,HT-002,HAUL_TRUCK,775,HYDRAULIC,2023-12-15,5441.9,1430.1,N,17.9,5.2,1.38,1.8,3.2,5.6,4.2,2.6,0.023,0.0,0.0,0.08,48.4,9.6,5.0,3.24,5.3,NORMAL
S00003238,HT-002,HAUL_TRUCK,775,HYDRAULIC,2024-03-14,6140.2,25.4,N,6.9,2.4,0.62,1.3,1.8,2.2,1.4,1.2,0.042,0.0,0.0,0.03,46.2,5.3,2.5,4.65,3.3,NORMAL
S00003239,HT-002,HAUL_TRUCK,775,HYDRAULIC,2024-06-12,6838.4,723.7,N,9.8,4.2,0.88,1.8,2.7,5.4,2.4,1.7,0.018,0.0,0.0,0.05,45.5,8.2,3.5,3.5,4.4,NORMAL
S00003240,HT-002,HAUL_TRUCK,775,HYDRAULIC,2024-09-10,7536.7,1422.0,N,12.1,3.9,0.98,2.6,3.0,7.9,3.9,2.3,0.025,0.0,0.0,0.07,45.3,9.5,4.7,3.3,7.8,NORMAL
S00003241,HT-002,HAUL_TRUCK,775,HYDRAULIC,2024-12-09,8235.0,46.0,N,6.3,2.3,0.56,1.7,1.5,3.3,1.4,1.4,0.022,0.0,0.0,0.03,48.5,5.7,2.6,4.41,2.7,NORMAL
S00003242,HT-002,HAUL_TRUCK,775,HYDRAULIC,2025-03-09,8933.3,744.3,N,7.9,3.3,0.72,1.9,2.3,3.9,2.7,1.3,0.029,0.0,0.0,0.05,45.2,7.4,3.7,3.64,6.3,NORMAL
S00003243,HT-002,HAUL_TRUCK,775,HYDRAULIC,2025-06-07,9631.6,1442.6,N,12.8,4.7,1.2,1.9,3.5,7.1,3.8,2.3,0.022,0.0,0.0,0.07,47.1,11.0,4.8,2.96,7.0,NORMAL
S00003244,HT-002,HAUL_TRUCK,775,HYDRAULIC,2025-09-05,10329.9,57.7,N,6.9,2.0,0.58,1.3,1.6,3.3,1.6,1.5,0.025,0.0,0.0,0.03,44.4,6.3,3.2,4.39,3.4,NORMAL
S00003245,HT-002,HAUL_TRUCK,775,HYDRAULIC,2025-12-04,11028.2,756.0,N,10.0,3.8,1.03,2.4,1.8,5.7,3.4,2.0,0.033,0.0,0.0,0.04,47.6,7.6,4.0,3.83,5.6,NORMAL
S00003246,HT-002,HAUL_TRUCK,775,HYDRAULIC,2026-03-04,11726.5,1454.3,N,12.8,4.0,1.3,2.7,3.8,8.1,3.8,2.9,0.035,0.0,0.0,0.07,46.4,8.8,4.4,3.45,6.8,NORMAL
S00003247,HT-002,HAUL_TRUCK,775,HYDRAULIC,2026-06-02,12424.8,13.2,N,5.2,2.0,0.48,1.0,1.9,3.3,1.6,1.1,0.034,0.0,0.0,0.03,47.1,4.9,2.8,4.52,2.8,NORMAL
S00003248,HT-002,HAUL_TRUCK,775,TRANSMISSION,2023-03-23,3310.3,35.9,N,23.1,8.6,1.93,2.7,2.2,3.4,1.6,0.9,0.024,0.0,0.0,0.05,66.8,6.7,4.0,6.61,7.3,NORMAL
S00003249,HT-002,HAUL_TRUCK,775,TRANSMISSION,2023-05-27,3818.5,544.1,N,41.4,11.5,3.28,7.1,6.5,10.0,2.5,1.8,0.029,0.0,0.0,0.11,66.1,9.8,5.1,5.5,11.9,NORMAL
S00003250,HT-002,HAUL_TRUCK,775,TRANSMISSION,2023-08-16,4446.3,16.2,N,18.8,9.4,1.92,4.2,2.4,3.5,1.5,1.4,0.036,0.0,0.0,0.05,65.4,5.7,3.6,6.77,6.6,NORMAL
S00003251,HT-002,HAUL_TRUCK,775,TRANSMISSION,2023-10-13,4892.4,462.3,N,45.0,16.6,3.0,7.9,4.5,7.5,2.9,2.0,0.029,0.0,0.0,0.12,70.0,9.9,5.2,5.91,10.6,NORMAL
S00003252,HT-002,HAUL_TRUCK,775,TRANSMISSION,2023-12-25,5462.4,28.6,N,54.4,37.0,1.65,21.0,3.6,4.5,1.6,1.7,0.033,0.0,0.0,0.06,68.6,6.3,3.5,6.71,6.5,MONITOR
S00003253,HT-002,HAUL_TRUCK,775,TRANSMISSION,2024-02-25,5940.4,506.5,N,26.0,13.2,2.41,8.0,4.6,5.1,2.2,2.2,0.031,0.0,0.0,0.12,70.9,8.3,5.7,5.61,15.3,NORMAL
S00003254,HT-002,HAUL_TRUCK,775,TRANSMISSION,2024-05-08,6508.4,58.0,N,29.7,10.9,1.37,4.9,2.6,4.4,1.4,1.2,0.044,0.0,0.0,0.06,69.5,6.7,3.5,6.44,6.4,NORMAL
S00003255,HT-002,HAUL_TRUCK,775,TRANSMISSION,2024-07-02,6933.5,483.0,N,87.1,37.1,2.8,18.6,5.1,6.2,2.8,2.5,0.029,0.0,0.0,0.12,65.7,8.2,6.0,6.07,14.3,MONITOR
S00003256,HT-002,HAUL_TRUCK,775,TRANSMISSION,2024-09-13,7501.1,47.8,N,20.4,6.3,2.35,3.8,2.4,5.1,1.6,1.1,0.031,0.0,0.0,0.05,69.9,6.7,4.3,6.47,10.0,NORMAL
S00003257,HT-002,HAUL_TRUCK,775,TRANSMISSION,2024-11-03,7900.9,447.6,N,27.4,13.6,2.64,6.0,5.3,5.8,2.7,2.1,0.035,0.0,0.0,0.08,70.1,8.2,4.2,5.78,17.0,NORMAL
S00003258,HT-002,HAUL_TRUCK,775,TRANSMISSION,2025-01-17,8477.2,17.9,N,28.0,8.2,1.57,3.3,3.1,4.6,2.0,1.0,0.034,0.0,0.0,0.06,67.6,6.0,3.7,7.0,8.3,NORMAL
S00003259,HT-002,HAUL_TRUCK,775,TRANSMISSION,2025-03-21,8971.6,512.4,N,50.9,16.4,2.94,6.7,4.5,7.4,3.2,1.9,0.032,0.0,0.0,0.1,68.8,9.1,5.4,5.12,13.3,NORMAL
S00003260,HT-002,HAUL_TRUCK,775,TRANSMISSION,2025-05-07,9335.6,876.4,N,43.4,15.6,4.01,10.1,5.4,7.8,4.0,2.6,0.047,0.0,0.0,0.12,69.5,10.4,6.2,4.35,19.1,NORMAL
S00003261,HT-002,HAUL_TRUCK,775,TRANSMISSION,2025-07-06,9795.9,49.4,N,23.1,11.6,1.97,3.9,3.3,4.6,1.9,1.1,0.029,0.0,0.0,0.05,67.3,7.6,3.6,6.52,8.8,NORMAL
S00003262,HT-002,HAUL_TRUCK,775,TRANSMISSION,2025-09-15,10351.0,604.5,N,30.7,17.3,3.68,7.0,5.2,7.9,2.6,1.7,0.031,0.0,0.0,0.13,67.4,8.9,5.2,5.15,19.1,NORMAL
S00003263,HT-002,HAUL_TRUCK,775,TRANSMISSION,2025-10-26,10672.3,925.8,N,51.0,20.0,4.49,7.2,7.6,7.7,4.2,3.0,0.028,0.0,0.0,0.18,66.9,13.4,7.4,4.92,17.3,NORMAL
S00003264,HT-002,HAUL_TRUCK,775,TRANSMISSION,2025-12-27,11152.8,25.2,N,18.2,6.9,1.47,4.5,2.3,3.9,2.1,1.2,0.045,0.0,0.0,0.05,65.0,6.2,3.8,6.32,7.6,NORMAL
S00003265,HT-002,HAUL_TRUCK,775,TRANSMISSION,2026-03-23,11819.5,691.9,N,41.3,14.8,3.51,5.4,5.8,9.1,4.6,3.0,0.035,0.0,0.0,0.13,70.1,11.1,6.0,4.95,17.8,NORMAL
S00003266,HT-002,HAUL_TRUCK,775,TRANSMISSION,2026-05-27,12317.5,36.2,N,15.3,8.1,2.03,2.8,3.3,5.0,1.8,0.9,0.053,0.0,0.0,0.05,65.3,7.1,3.7,6.69,7.2,NORMAL
S00003281,HT-003,HAUL_TRUCK,775,ENGINE,2023-02-14,4188.5,385.8,N,23.6,10.3,2.72,7.0,5.1,11.0,4.1,3.6,0.014,0.55,0.0,0.58,103.6,13.7,10.0,7.12,11.4,NORMAL
S00003282,HT-003,HAUL_TRUCK,775,ENGINE,2023-03-10,4426.6,10.4,N,10.7,5.1,1.43,2.5,2.7,4.6,2.2,2.0,0.018,0.45,0.0,0.2,108.8,9.3,5.2,9.97,4.1,NORMAL
S00003283,HT-003,HAUL_TRUCK,775,ENGINE,2023-04-06,4699.1,283.0,N,19.0,5.9,2.45,3.6,5.1,7.5,4.6,3.2,0.023,0.55,0.0,0.5,110.2,11.3,9.0,7.89,8.6,NORMAL
S00003284,HT-003,HAUL_TRUCK,775,ENGINE,2023-05-05,4982.7,19.8,N,8.3,4.6,0.84,1.9,2.7,5.6,2.4,1.4,0.021,0.6,0.0,0.15,104.2,8.6,5.1,10.81,4.3,NORMAL
S00003285,HT-003,HAUL_TRUCK,775,ENGINE,2023-06-07,5317.6,354.7,N,34.0,9.4,1.89,6.7,7.7,12.1,5.0,3.6,0.027,0.49,0.0,0.53,107.7,12.9,8.9,7.61,7.6,NORMAL
S00003286,HT-003,HAUL_TRUCK,775,ENGINE,2023-06-25,5495.8,54.2,N,11.1,4.4,1.25,2.2,2.7,3.5,2.3,1.8,0.015,0.6,0.0,0.29,107.0,9.3,6.3,10.44,5.9,NORMAL
S00003287,HT-003,HAUL_TRUCK,775,ENGINE,2023-07-22,5766.6,325.1,N,15.4,6.8,2.0,3.5,6.3,9.0,4.2,3.0,0.019,0.49,0.0,0.63,108.4,14.9,9.0,7.08,8.5,NORMAL
S00003288,HT-003,HAUL_TRUCK,775,ENGINE,2023-08-20,6062.9,29.3,N,12.4,5.5,1.1,2.8,2.6,4.7,3.0,1.4,0.023,1.01,0.0,0.23,101.9,7.5,6.4,10.84,5.3,NORMAL
S00003289,HT-003,HAUL_TRUCK,775,ENGINE,2023-09-10,6273.0,239.4,N,17.4,7.3,1.69,4.0,4.2,7.8,2.6,3.4,0.012,0.56,0.0,0.42,107.4,14.1,7.8,8.33,6.2,NORMAL
S00003290,HT-003,HAUL_TRUCK,775,ENGINE,2023-10-02,6491.3,457.8,N,23.4,10.6,3.0,4.9,5.5,12.4,5.4,4.5,0.023,0.25,0.0,0.61,105.7,13.8,11.5,6.67,11.5,NORMAL
S00003291,HT-003,HAUL_TRUCK,775,ENGINE,2023-10-25,6717.4,51.4,N,9.5,3.7,1.14,3.0,3.6,5.4,2.3,2.3,0.03,0.7,0.0,0.22,104.4,9.9,7.0,10.16,4.8,NORMAL
S00003292,HT-003,HAUL_TRUCK,775,ENGINE,2023-11-11,6896.9,230.9,N,12.2,8.1,2.13,3.3,5.0,7.5,4.0,2.6,0.031,0.48,0.0,0.38,104.2,14.1,9.1,8.47,7.3,NORMAL
S00003293,HT-003,HAUL_TRUCK,775,ENGINE,2023-12-03,7110.4,444.5,N,31.5,7.1,3.03,4.4,6.2,11.7,8.4,3.5,0.02,0.49,0.0,0.78,110.3,16.7,8.6,6.33,9.7,NORMAL
S00003294,HT-003,HAUL_TRUCK,775,ENGINE,2023-12-25,7335.9,49.6,N,11.6,4.0,1.19,2.5,2.6,5.8,2.3,2.1,0.013,0.33,0.0,0.3,109.7,9.1,6.7,9.58,5.4,NORMAL
S00003295,HT-003,HAUL_TRUCK,775,ENGINE,2024-01-21,7608.8,322.4,N,21.7,9.0,2.45,5.0,7.2,6.9,4.1,3.3,0.018,0.92,0.0,0.47,108.4,15.7,9.2,8.22,11.2,NORMAL
S00003296,HT-003,HAUL_TRUCK,775,ENGINE,2024-02-16,7861.2,38.4,N,10.4,4.5,1.02,2.3,3.0,5.2,3.0,1.6,0.025,0.47,0.0,0.21,109.1,8.1,5.6,9.82,5.1,NORMAL
S00003297,HT-003,HAUL_TRUCK,775,ENGINE,2024-03-17,8162.9,340.2,N,24.6,7.3,2.26,4.6,4.7,9.3,5.5,2.6,0.021,0.68,0.0,0.45,107.0,13.3,11.4,8.1,8.4,NORMAL
S00003298,HT-003,HAUL_TRUCK,775,ENGINE,2024-04-11,8422.4,27.1,N,12.0,5.1,1.29,1.7,2.9,4.1,1.8,1.7,0.019,0.87,0.0,0.23,109.8,8.7,5.7,10.13,6.4,NORMAL
S00003299,HT-003,HAUL_TRUCK,775,ENGINE,2024-05-10,8708.5,313.1,N,16.8,9.0,1.75,4.2,5.8,10.1,5.3,3.1,0.023,1.18,0.0,0.63,107.8,15.2,9.5,8.36,8.3,NORMAL
S00003300,HT-003,HAUL_TRUCK,775,ENGINE,2024-05-28,8887.5,492.1,N,22.6,9.4,2.95,6.6,6.1,9.8,5.1,3.9,0.021,0.47,0.0,0.69,104.6,14.4,10.4,5.44,10.3,NORMAL
S00003301,HT-003,HAUL_TRUCK,775,ENGINE,2024-06-23,9146.1,32.8,N,9.3,4.1,0.96,2.4,4.1,4.8,1.5,1.7,0.023,0.73,0.0,0.23,107.2,9.4,5.8,10.31,4.7,NORMAL
S00003302,HT-003,HAUL_TRUCK,775,ENGINE,2024-07-25,9469.8,356.6,N,21.9,8.1,2.59,5.4,4.9,8.2,4.0,3.5,0.027,0.6,0.0,0.56,110.4,15.7,9.4,6.64,11.4,NORMAL
S00003303,HT-003,HAUL_TRUCK,775,ENGINE,2024-08-17,9705.7,30.1,N,11.4,2.9,1.2,3.1,3.2,5.5,2.0,2.2,0.014,0.63,0.0,0.27,108.4,8.3,5.5,9.58,3.7,NORMAL
S00003304,HT-003,HAUL_TRUCK,775,ENGINE,2024-09-13,9967.9,292.3,N,18.7,8.2,1.78,3.4,5.9,8.2,4.2,3.2,0.038,0.31,0.0,0.48,112.8,13.1,9.5,7.92,11.0,NORMAL
S00003305,HT-003,HAUL_TRUCK,775,ENGINE,2024-10-01,10157.1,481.6,N,25.3,8.7,2.6,6.1,7.1,7.0,4.8,4.3,0.014,0.83,0.0,0.59,106.0,17.7,10.2,6.77,11.4,NORMAL
S00003306,HT-003,HAUL_TRUCK,775,ENGINE,2024-10-20,10344.3,9.1,N,8.2,4.0,1.23,2.9,3.2,3.6,2.5,2.0,0.021,1.38,0.0,0.17,105.1,8.2,5.5,10.97,4.5,NORMAL
S00003307,HT-003,HAUL_TRUCK,775,ENGINE,2024-11-20,10652.8,317.6,N,24.4,6.7,2.07,3.9,5.9,10.1,4.0,2.5,0.018,4.87,0.0,0.69,93.7,13.8,8.0,7.94,10.2,NORMAL
S00003308,HT-003,HAUL_TRUCK,775,ENGINE,2024-12-07,10826.4,491.2,N,29.2,8.3,2.43,5.7,7.7,11.8,4.4,4.4,0.018,7.9,0.0,1.1,83.7,13.4,11.4,5.85,11.1,MONITOR
S00003309,HT-003,HAUL_TRUCK,775,ENGINE,2024-12-23,10990.8,45.0,N,11.2,2.7,1.09,3.5,3.7,5.6,2.3,2.5,0.03,10.68,0.0,0.66,75.8,9.7,6.5,10.61,7.3,MONITOR
S00003310,HT-003,HAUL_TRUCK,775,ENGINE,2025-01-10,11166.3,220.5,N,13.8,7.5,1.88,4.1,5.1,8.7,3.7,3.1,0.031,14.48,0.0,1.04,68.0,13.4,6.8,7.4,9.5,MONITOR
S00003311,HT-003,HAUL_TRUCK,775,ENGINE,2025-02-07,11452.3,41.1,N,16.4,3.7,1.15,3.0,2.4,5.5,2.3,1.4,0.026,8.66,0.0,0.59,81.1,10.8,5.2,10.44,5.5,MONITOR
S00003312,HT-003,HAUL_TRUCK,775,ENGINE,2025-03-09,11744.6,333.4,N,19.9,9.9,2.65,3.8,4.0,7.5,3.7,2.8,0.015,0.55,0.0,0.62,109.9,12.5,8.1,7.75,9.9,NORMAL
S00003313,HT-003,HAUL_TRUCK,775,ENGINE,2025-04-03,11995.0,5.4,N,18.8,13.8,1.15,11.0,2.2,4.3,1.8,1.2,0.022,0.39,0.0,0.22,108.6,8.6,6.0,10.52,13.5,MONITOR
S00003314,HT-003,HAUL_TRUCK,775,ENGINE,2025-04-24,12206.7,217.0,N,14.9,5.5,1.41,3.4,5.7,7.2,3.9,3.6,0.021,0.47,0.0,0.49,104.7,11.7,7.4,7.86,6.5,NORMAL
S00003315,HT-003,HAUL_TRUCK,775,ENGINE,2025-05-19,12456.8,467.2,N,24.4,9.7,2.65,5.2,4.7,12.1,5.9,4.5,0.016,0.78,0.0,0.55,107.2,15.2,10.1,6.48,10.4,NORMAL
S00003316,HT-003,HAUL_TRUCK,775,ENGINE,2025-05-30,12573.9,4.9,N,10.3,3.3,0.97,2.0,2.2,3.6,2.4,1.9,0.014,0.68,0.0,0.21,105.5,8.4,6.5,10.89,3.3,NORMAL
S00003317,HT-003,HAUL_TRUCK,775,ENGINE,2025-06-15,12735.4,166.4,N,19.4,5.6,1.87,2.7,4.2,7.8,3.3,2.3,0.018,0.65,0.0,0.37,110.9,10.3,8.2,8.8,6.4,NORMAL
S00003318,HT-003,HAUL_TRUCK,775,ENGINE,2025-07-11,12989.4,420.3,N,18.6,10.2,2.73,4.6,6.4,9.0,5.0,3.6,0.02,0.8,0.0,0.66,112.2,16.7,11.4,6.84,10.8,NORMAL
S00003319,HT-003,HAUL_TRUCK,775,ENGINE,2025-08-11,13301.0,21.5,N,7.9,3.7,1.04,2.9,3.1,4.6,2.0,1.5,0.013,0.5,0.0,0.17,103.9,8.5,5.6,9.9,4.2,NORMAL
S00003320,HT-003,HAUL_TRUCK,775,ENGINE,2025-09-05,13553.4,274.0,N,25.0,6.7,2.22,5.7,3.7,7.0,4.0,3.2,0.018,0.52,0.0,0.52,112.9,12.2,9.1,8.77,7.4,NORMAL
S00003321,HT-003,HAUL_TRUCK,775,ENGINE,2025-10-02,13825.5,34.9,N,9.6,4.9,1.01,2.0,2.9,4.7,2.1,2.2,0.03,0.67,0.0,0.18,106.5,9.3,6.0,9.93,3.4,NORMAL
S00003322,HT-003,HAUL_TRUCK,775,ENGINE,2025-10-19,13993.2,202.6,N,12.5,5.2,2.02,4.1,4.8,9.4,3.0,3.2,0.025,0.61,0.0,0.53,107.3,11.9,8.3,8.54,7.3,NORMAL
S00003323,HT-003,HAUL_TRUCK,775,ENGINE,2025-11-09,14208.7,418.1,N,25.4,10.6,2.16,6.0,6.2,12.5,6.1,4.3,0.019,0.62,0.0,0.6,104.9,13.3,9.8,7.22,10.0,NORMAL
S00003324,HT-003,HAUL_TRUCK,775,ENGINE,2025-11-25,14366.0,1.7,N,10.5,4.4,1.18,2.3,2.9,4.0,2.0,1.2,0.02,0.66,0.0,0.22,104.7,8.9,5.8,10.69,4.7,NORMAL
S00003325,HT-003,HAUL_TRUCK,775,ENGINE,2025-12-17,14592.1,227.8,N,16.8,6.7,2.4,4.4,4.8,8.3,3.4,3.4,0.02,0.28,0.0,0.47,103.6,10.7,9.1,8.39,9.4,NORMAL
S00003326,HT-003,HAUL_TRUCK,775,ENGINE,2026-01-14,14872.4,51.9,N,11.7,5.7,1.18,2.2,3.5,5.0,2.4,2.0,0.027,0.63,0.0,0.26,114.3,9.4,7.0,10.27,4.6,NORMAL
S00003327,HT-003,HAUL_TRUCK,775,ENGINE,2026-02-11,15148.4,327.9,N,22.7,9.1,2.72,4.1,5.3,6.7,4.5,4.1,0.024,0.47,0.0,0.51,111.5,11.6,10.3,8.29,10.1,NORMAL
S00003328,HT-003,HAUL_TRUCK,775,ENGINE,2026-03-09,15413.8,9.8,N,9.2,4.2,0.97,2.6,3.2,4.3,2.3,1.5,0.014,0.69,0.0,0.21,109.3,9.0,6.1,10.48,4.7,NORMAL
S00003329,HT-003,HAUL_TRUCK,775,ENGINE,2026-03-26,15577.6,173.7,N,13.0,4.7,1.84,3.6,4.5,6.4,2.7,2.7,0.024,0.67,0.0,0.36,109.9,10.0,7.7,9.73,7.5,NORMAL
S00003330,HT-003,HAUL_TRUCK,775,ENGINE,2026-04-26,15889.2,485.2,N,23.7,7.5,2.76,6.4,8.0,14.2,5.6,4.3,0.024,0.39,0.0,0.71,111.4,16.4,10.6,6.28,11.2,NORMAL
S00003331,HT-003,HAUL_TRUCK,775,ENGINE,2026-05-28,16211.9,59.1,N,9.0,4.7,1.22,2.3,3.0,5.4,2.3,2.0,0.026,0.69,0.0,0.25,105.0,8.0,6.6,10.49,5.1,NORMAL
S00003332,HT-003,HAUL_TRUCK,775,ENGINE,2026-06-20,16442.6,289.8,N,17.7,7.1,1.77,4.4,5.2,6.2,3.6,3.3,0.02,0.8,0.0,0.43,104.5,12.6,8.8,8.82,7.8,NORMAL
S00003371,HT-003,HAUL_TRUCK,775,FINAL_DRIVE,2023-04-17,4785.9,877.8,N,72.3,7.3,4.08,8.4,5.6,7.7,3.0,2.2,0.035,0.0,0.0,0.05,101.3,6.5,4.2,4.34,26.6,NORMAL
S00003372,HT-003,HAUL_TRUCK,775,FINAL_DRIVE,2023-07-07,5592.7,1684.7,N,86.8,10.8,6.36,8.5,5.7,12.1,4.1,2.5,0.045,0.0,0.0,0.06,100.7,9.9,5.4,3.59,37.4,NORMAL
S00003373,HT-003,HAUL_TRUCK,775,FINAL_DRIVE,2023-10-05,6495.7,50.3,N,60.6,6.0,2.73,5.7,2.9,5.8,1.9,1.4,0.036,0.0,0.0,0.03,102.8,4.6,3.0,5.6,16.7,NORMAL
S00003374,HT-003,HAUL_TRUCK,775,FINAL_DRIVE,2024-01-03,7398.6,953.2,N,99.3,6.1,5.13,8.2,5.5,7.9,3.7,2.2,0.099,0.0,0.0,0.05,95.2,8.1,4.1,4.9,28.6,NORMAL
S00003375,HT-003,HAUL_TRUCK,775,FINAL_DRIVE,2024-04-02,8301.5,1856.1,N,100.5,9.0,7.67,13.9,8.6,13.6,4.1,2.7,0.046,0.0,0.0,0.08,101.5,10.3,5.3,3.52,45.5,NORMAL
S00003376,HT-003,HAUL_TRUCK,775,FINAL_DRIVE,2024-07-01,9204.4,34.0,N,47.8,5.9,3.59,4.1,2.8,4.5,2.3,0.9,0.053,0.0,0.0,0.03,100.9,5.3,2.9,5.42,21.6,NORMAL
S00003377,HT-003,HAUL_TRUCK,775,FINAL_DRIVE,2024-09-29,10107.4,936.9,N,69.7,9.9,3.68,9.5,6.3,9.5,2.9,2.5,0.061,0.0,0.0,0.05,98.1,7.5,4.5,4.62,39.9,NORMAL
S00003378,HT-003,HAUL_TRUCK,775,FINAL_DRIVE,2024-12-28,11010.3,1839.8,N,87.3,14.5,9.25,11.9,8.9,15.0,5.5,2.6,0.052,0.0,0.0,0.07,99.7,9.3,5.5,3.92,57.7,MONITOR
S00003379,HT-003,HAUL_TRUCK,775,FINAL_DRIVE,2025-03-28,11913.2,37.5,N,56.6,6.5,3.11,4.4,3.6,5.9,2.3,1.2,0.035,0.0,0.0,0.02,104.6,5.1,2.6,5.64,19.6,NORMAL
S00003380,HT-003,HAUL_TRUCK,775,FINAL_DRIVE,2025-06-26,12816.1,940.4,N,92.4,12.0,3.87,8.3,6.0,9.1,2.6,1.9,0.057,0.0,0.0,0.05,104.1,7.2,3.4,4.53,23.9,NORMAL
S00003381,HT-003,HAUL_TRUCK,775,FINAL_DRIVE,2025-09-24,13719.1,1843.3,N,98.1,16.1,6.75,8.5,8.0,12.1,3.8,2.8,0.065,0.0,0.0,0.08,101.5,10.1,5.3,3.97,49.2,NORMAL
S00003382,HT-003,HAUL_TRUCK,775,FINAL_DRIVE,2025-12-23,14622.0,12.3,N,52.2,6.2,2.46,4.0,2.5,5.7,1.5,1.2,0.042,0.0,0.0,0.03,104.7,4.9,2.8,5.61,17.0,NORMAL
S00003383,HT-003,HAUL_TRUCK,775,FINAL_DRIVE,2026-03-23,15524.9,915.2,N,80.8,10.1,4.75,6.9,5.3,9.4,2.6,2.7,0.057,0.0,0.0,0.05,102.0,8.0,3.7,5.25,24.8,NORMAL
S00003384,HT-003,HAUL_TRUCK,775,FINAL_DRIVE,2026-06-18,16395.9,1786.2,N,113.6,16.7,4.98,10.1,8.0,11.3,4.7,2.7,0.068,0.0,0.0,0.06,96.2,10.1,4.8,3.78,46.4,NORMAL
S00003333,HT-003,HAUL_TRUCK,775,HYDRAULIC,2023-04-08,4731.3,1985.9,N,16.5,6.2,1.53,2.5,3.3,11.7,4.0,3.5,0.019,0.0,0.0,0.09,45.4,12.5,6.5,2.75,8.5,NORMAL
S00003334,HT-003,HAUL_TRUCK,775,HYDRAULIC,2023-07-07,5634.2,34.7,N,6.0,2.4,0.48,1.0,2.0,3.2,1.7,1.0,0.029,0.0,0.0,0.02,45.7,6.4,2.7,4.58,2.7,NORMAL
S00003335,HT-003,HAUL_TRUCK,775,HYDRAULIC,2023-10-05,6537.2,937.7,N,8.8,4.2,0.98,1.8,3.8,6.1,2.6,1.6,0.031,0.0,0.0,0.06,45.1,8.2,4.2,3.42,5.8,NORMAL
S00003336,HT-003,HAUL_TRUCK,775,HYDRAULIC,2024-01-03,7440.1,1840.6,N,13.0,4.4,1.03,3.3,3.2,8.2,5.6,2.3,0.032,0.0,0.0,0.06,45.5,10.7,5.8,2.8,7.8,NORMAL
S00003337,HT-003,HAUL_TRUCK,775,HYDRAULIC,2024-04-02,8343.0,3.0,N,5.9,2.1,0.62,1.0,1.8,3.0,1.5,0.9,0.03,0.0,0.0,0.03,43.9,6.1,2.3,4.85,3.7,NORMAL
S00003338,HT-003,HAUL_TRUCK,775,HYDRAULIC,2024-06-21,9146.2,806.1,N,13.0,2.5,0.83,2.0,2.4,4.7,2.5,1.9,0.02,0.0,0.0,0.05,45.0,7.1,3.9,3.87,6.3,NORMAL
S00003339,HT-003,HAUL_TRUCK,775,HYDRAULIC,2024-09-14,9999.0,1659.0,N,16.9,5.0,1.52,2.5,4.4,8.5,3.6,2.0,0.026,0.0,0.0,0.06,47.9,10.2,5.9,2.98,10.2,NORMAL
S00003340,HT-003,HAUL_TRUCK,775,HYDRAULIC,2024-12-13,10902.0,26.0,N,6.0,2.7,0.62,1.1,1.5,4.2,1.8,1.1,0.015,0.0,0.0,0.03,48.7,5.8,2.5,4.37,3.1,NORMAL
S00003341,HT-003,HAUL_TRUCK,775,HYDRAULIC,2025-03-04,11715.1,839.1,N,11.4,3.8,1.12,1.6,2.5,4.9,2.8,1.9,0.047,0.0,0.0,0.05,45.9,7.2,3.7,3.68,4.7,NORMAL
S00003342,HT-003,HAUL_TRUCK,775,HYDRAULIC,2025-06-02,12618.0,1742.0,N,19.9,5.4,1.06,2.3,3.4,7.6,4.6,3.0,0.026,0.0,0.0,0.06,46.7,9.8,5.6,2.88,8.7,NORMAL
S00003343,HT-003,HAUL_TRUCK,775,HYDRAULIC,2025-08-31,13520.9,47.1,N,7.0,2.2,0.51,1.0,1.5,4.0,2.0,1.4,0.015,0.0,0.0,0.03,46.2,5.3,3.2,4.64,4.3,NORMAL
S00003344,HT-003,HAUL_TRUCK,775,HYDRAULIC,2025-11-05,14181.8,708.0,N,8.2,5.1,0.97,2.0,1.9,4.7,2.7,2.2,0.031,0.0,0.0,0.04,44.4,7.9,3.8,3.87,4.7,NORMAL
S00003345,HT-003,HAUL_TRUCK,775,HYDRAULIC,2026-02-03,15084.7,1610.9,N,15.3,3.8,1.28,2.2,4.4,8.3,5.0,2.3,0.03,0.0,0.0,0.09,46.8,10.8,4.8,3.23,7.1,NORMAL
S00003346,HT-003,HAUL_TRUCK,775,HYDRAULIC,2026-05-04,15987.6,48.2,N,6.1,2.5,0.48,1.0,1.8,3.1,1.3,1.2,0.023,0.0,0.0,0.02,45.3,6.1,2.9,4.65,3.6,NORMAL
S00003347,HT-003,HAUL_TRUCK,775,TRANSMISSION,2023-02-15,4415.9,690.5,N,60.8,16.9,3.54,7.5,6.0,8.2,3.2,2.4,0.029,0.0,0.0,0.11,69.1,10.1,6.0,4.94,17.4,NORMAL
S00003348,HT-003,HAUL_TRUCK,775,TRANSMISSION,2023-04-25,5104.1,58.7,N,21.0,9.8,1.48,3.9,3.0,3.9,1.6,1.4,0.046,0.0,0.0,0.05,70.7,6.4,4.4,6.37,10.7,NORMAL
S00003349,HT-003,HAUL_TRUCK,775,TRANSMISSION,2023-06-20,5672.1,626.6,N,51.6,18.3,3.21,6.5,6.5,8.6,2.7,2.3,0.031,0.0,0.0,0.14,67.6,10.0,5.9,5.21,15.0,NORMAL
S00003350,HT-003,HAUL_TRUCK,775,TRANSMISSION,2023-07-31,6082.0,14.5,N,19.3,6.6,1.74,3.2,2.5,4.1,2.0,1.2,0.034,0.0,0.0,0.05,67.7,6.9,3.7,6.41,9.3,NORMAL
S00003351,HT-003,HAUL_TRUCK,775,TRANSMISSION,2023-10-04,6732.4,664.9,N,45.1,17.6,3.66,7.3,6.4,8.0,4.3,2.6,0.039,0.0,0.0,0.11,69.2,10.8,6.3,5.18,15.1,NORMAL
S00003352,HT-003,HAUL_TRUCK,775,TRANSMISSION,2023-11-11,7118.4,25.4,N,32.3,7.5,1.54,3.7,3.0,4.1,1.6,1.2,0.04,0.0,0.0,0.05,71.0,6.7,4.1,7.08,7.2,NORMAL
S00003353,HT-003,HAUL_TRUCK,775,TRANSMISSION,2023-12-25,7552.6,459.6,N,40.5,12.2,2.34,5.2,4.5,9.0,2.7,2.0,0.05,0.0,0.0,0.11,65.7,8.4,5.2,5.47,14.2,NORMAL
S00003354,HT-003,HAUL_TRUCK,775,TRANSMISSION,2024-02-21,8135.7,18.2,N,20.8,6.6,1.29,3.8,3.2,4.0,1.9,1.0,0.018,0.0,0.0,0.05,69.5,6.5,3.4,7.0,10.0,NORMAL
S00003355,HT-003,HAUL_TRUCK,775,TRANSMISSION,2024-04-07,8599.9,482.4,N,38.6,13.9,3.25,7.1,4.5,7.4,3.1,2.2,0.021,0.0,0.0,0.1,68.3,10.1,5.4,5.4,12.3,NORMAL
S00003356,HT-003,HAUL_TRUCK,775,TRANSMISSION,2024-05-30,9134.3,26.7,N,18.9,7.9,1.52,3.6,4.1,4.6,1.7,1.0,0.042,0.0,0.0,0.05,67.5,5.3,3.4,6.77,10.6,NORMAL
S00003357,HT-003,HAUL_TRUCK,775,TRANSMISSION,2024-07-15,9591.8,484.3,N,31.9,15.1,3.04,6.0,5.5,6.4,2.8,1.9,0.031,0.0,0.0,0.12,66.5,8.9,5.1,5.55,11.4,NORMAL
S00003358,HT-003,HAUL_TRUCK,775,TRANSMISSION,2024-09-12,10188.2,46.1,N,33.7,8.8,1.55,4.5,2.9,5.1,1.8,1.2,0.021,0.0,0.0,0.05,67.2,5.8,3.8,6.94,9.1,NORMAL
S00003359,HT-003,HAUL_TRUCK,775,TRANSMISSION,2024-10-30,10662.5,520.4,N,67.5,12.0,4.77,5.7,4.3,7.0,2.8,2.1,0.031,0.0,0.0,0.12,62.8,9.1,5.8,5.36,31.3,NORMAL
S00003360,HT-003,HAUL_TRUCK,775,TRANSMISSION,2024-12-24,11213.8,21.8,N,20.4,10.4,1.81,3.3,3.5,4.8,1.8,1.0,0.022,0.0,0.0,0.05,69.2,6.6,3.5,6.37,8.7,NORMAL
S00003361,HT-003,HAUL_TRUCK,775,TRANSMISSION,2025-02-01,11609.4,417.3,N,30.7,12.5,3.13,6.8,6.1,7.2,2.8,2.1,0.021,0.0,0.0,0.1,72.5,9.3,4.4,5.69,12.5,NORMAL
S00003362,HT-003,HAUL_TRUCK,775,TRANSMISSION,2025-03-23,12112.6,920.5,N,51.6,17.3,2.65,7.5,6.7,8.9,5.1,2.2,0.028,0.0,0.0,0.16,69.9,10.1,6.9,4.24,24.2,NORMAL
S00003363,HT-003,HAUL_TRUCK,775,TRANSMISSION,2025-05-04,12528.5,54.6,N,26.8,8.1,1.76,3.3,2.9,4.1,1.6,1.2,0.033,0.0,0.0,0.05,66.8,6.5,3.9,6.75,9.5,NORMAL
S00003364,HT-003,HAUL_TRUCK,775,TRANSMISSION,2025-07-08,13184.5,710.5,N,58.5,19.8,3.78,6.9,4.3,9.8,3.3,2.4,0.058,0.0,0.0,0.15,68.8,9.8,5.8,4.82,15.4,NORMAL
S00003365,HT-003,HAUL_TRUCK,775,TRANSMISSION,2025-08-17,13581.9,5.5,N,24.0,6.6,2.41,3.2,2.4,3.7,2.0,0.9,0.033,0.0,0.0,0.06,69.1,6.5,3.5,7.07,8.1,NORMAL
S00003366,HT-003,HAUL_TRUCK,775,TRANSMISSION,2025-09-30,14025.4,449.1,N,34.4,14.4,2.87,6.2,4.7,5.9,3.2,2.2,0.025,0.0,0.0,0.09,70.5,9.4,4.1,5.37,9.0,NORMAL
S00003367,HT-003,HAUL_TRUCK,775,TRANSMISSION,2025-11-30,14638.3,23.3,N,17.5,7.7,1.14,3.8,3.0,3.2,2.0,1.1,0.025,0.0,0.0,0.04,70.5,6.5,3.7,7.32,6.7,NORMAL
S00003368,HT-003,HAUL_TRUCK,775,TRANSMISSION,2026-01-26,15206.1,591.1,N,48.9,12.8,3.59,7.5,5.0,8.5,3.8,2.5,0.02,0.0,0.0,0.14,66.8,9.1,6.5,5.31,11.9,NORMAL
S00003369,HT-003,HAUL_TRUCK,775,TRANSMISSION,2026-03-29,15834.2,17.7,N,29.3,8.1,1.72,2.6,4.0,3.9,2.0,1.5,0.028,0.0,0.0,0.05,68.6,7.1,3.3,6.45,8.3,NORMAL
S00003370,HT-003,HAUL_TRUCK,775,TRANSMISSION,2026-05-31,16465.1,648.6,N,45.4,20.9,3.72,5.8,5.1,6.6,3.5,2.3,0.023,0.0,0.0,0.11,70.4,10.1,5.7,5.01,14.3,NORMAL
S00003385,HT-004,HAUL_TRUCK,775,ENGINE,2023-02-27,8566.7,41.6,N,9.3,4.8,1.06,2.9,3.9,5.3,2.9,2.7,0.027,0.93,0.0,0.2,108.4,9.2,6.5,10.44,4.7,NORMAL
S00003386,HT-004,HAUL_TRUCK,775,ENGINE,2023-03-28,8818.5,293.4,N,19.6,5.8,1.82,4.5,4.7,6.1,4.0,3.1,0.032,0.59,0.0,0.48,105.5,15.2,8.7,7.95,7.8,NORMAL
S00003387,HT-004,HAUL_TRUCK,775,ENGINE,2023-04-29,9103.1,1.8,N,11.1,3.8,1.2,2.5,2.4,3.8,4.8,2.8,0.735,0.59,0.088,0.17,107.1,9.0,5.1,10.01,4.5,MONITOR
S00003388,HT-004,HAUL_TRUCK,775,ENGINE,2023-06-02,9397.4,296.1,N,16.4,8.5,2.13,3.5,5.1,8.7,11.8,7.8,2.506,0.84,0.306,0.54,107.5,13.8,10.0,7.74,9.9,ACTION
S00003389,HT-004,HAUL_TRUCK,775,ENGINE,2023-07-04,9680.1,5.3,N,9.5,3.6,1.03,2.5,3.2,4.7,14.3,10.7,4.888,0.7,0.598,0.23,114.2,8.6,5.8,10.91,4.0,ACTION
S00003390,HT-004,HAUL_TRUCK,775,ENGINE,2023-08-08,9985.4,310.5,N,17.5,8.7,2.17,4.5,5.3,9.5,23.8,17.7,8.068,0.51,0.989,0.5,106.6,14.1,10.7,8.17,9.9,ACTION
S00003391,HT-004,HAUL_TRUCK,775,ENGINE,2023-09-08,10257.8,30.8,N,9.7,4.0,0.98,2.3,3.4,4.3,2.0,2.0,0.029,1.04,0.0,0.24,103.4,8.7,6.0,9.11,5.5,NORMAL
S00003392,HT-004,HAUL_TRUCK,775,ENGINE,2023-10-05,10498.0,271.1,N,20.9,7.6,2.32,4.1,6.1,8.6,5.5,2.5,0.024,1.32,0.0,0.4,107.5,13.4,8.1,9.11,9.3,NORMAL
S00003393,HT-004,HAUL_TRUCK,775,ENGINE,2023-11-05,10769.2,28.3,N,10.1,4.2,1.67,2.2,3.1,4.7,2.3,2.1,0.023,0.49,0.0,0.28,111.1,10.4,5.5,9.18,4.5,NORMAL
S00003394,HT-004,HAUL_TRUCK,775,ENGINE,2023-12-12,11099.1,358.2,N,17.4,7.1,2.11,5.2,7.2,9.4,3.5,3.9,0.018,0.55,0.0,0.57,109.8,13.0,10.6,7.41,6.8,NORMAL
S00003395,HT-004,HAUL_TRUCK,775,ENGINE,2024-01-12,11369.5,37.2,N,8.6,5.3,1.14,2.5,2.8,5.4,2.8,1.6,0.011,0.74,0.0,0.21,110.4,7.7,5.1,10.23,4.2,NORMAL
S00003396,HT-004,HAUL_TRUCK,775,ENGINE,2024-02-15,11668.4,336.2,N,14.7,5.7,2.96,4.0,7.2,8.2,4.0,3.1,0.039,0.71,0.0,0.57,107.5,14.9,9.2,8.01,8.6,NORMAL
S00003397,HT-004,HAUL_TRUCK,775,ENGINE,2024-03-24,11997.5,57.3,N,10.1,6.4,1.51,2.7,3.6,5.1,2.5,1.9,0.023,0.98,0.0,0.27,103.4,8.5,5.6,10.43,5.2,NORMAL
S00003398,HT-004,HAUL_TRUCK,775,ENGINE,2024-04-08,12136.0,195.8,N,13.1,6.7,1.78,3.5,4.0,7.3,2.5,2.5,0.015,0.58,0.0,0.43,105.5,12.7,8.4,8.21,5.5,NORMAL
S00003399,HT-004,HAUL_TRUCK,775,ENGINE,2024-05-13,12437.4,497.2,N,29.9,8.5,3.45,4.2,5.6,9.8,4.6,4.1,0.026,0.84,0.0,0.58,101.3,15.9,10.4,6.41,12.4,NORMAL
S00003400,HT-004,HAUL_TRUCK,775,ENGINE,2024-06-12,12703.5,16.4,N,11.9,3.9,1.15,2.5,3.3,4.9,2.2,1.5,0.03,0.8,0.0,0.26,107.9,10.1,6.8,9.46,5.3,NORMAL
S00003401,HT-004,HAUL_TRUCK,775,ENGINE,2024-07-15,12991.3,304.2,N,16.8,7.4,2.47,3.2,6.3,8.7,4.1,2.7,0.022,0.87,0.0,0.46,105.6,11.9,9.6,7.28,8.1,NORMAL
S00003402,HT-004,HAUL_TRUCK,775,ENGINE,2024-08-19,13300.7,48.6,N,13.8,3.9,1.52,2.6,3.3,4.6,1.8,1.9,0.014,0.47,0.0,0.26,105.6,9.9,5.3,9.72,4.8,NORMAL
S00003403,HT-004,HAUL_TRUCK,775,ENGINE,2024-09-02,13425.3,173.2,N,14.9,5.2,1.87,3.7,4.1,5.9,3.6,1.7,0.02,0.99,0.0,0.4,108.7,11.3,8.3,9.35,5.0,NORMAL
S00003404,HT-004,HAUL_TRUCK,775,ENGINE,2024-10-01,13677.7,425.7,N,22.6,7.7,3.06,6.4,5.5,13.4,4.1,4.1,0.021,0.98,0.0,0.67,107.1,13.9,10.5,6.98,8.2,NORMAL
S00003405,HT-004,HAUL_TRUCK,775,ENGINE,2024-10-28,13918.0,57.8,N,13.6,5.2,1.14,2.7,3.0,6.2,2.8,1.5,0.015,0.61,0.0,0.23,106.3,9.1,6.3,10.69,4.7,NORMAL
S00003406,HT-004,HAUL_TRUCK,775,ENGINE,2024-11-27,14175.2,315.0,N,23.6,8.3,2.23,5.8,4.6,8.4,4.5,3.8,0.022,0.47,0.0,0.5,103.9,14.4,8.6,7.39,9.4,NORMAL
S00003407,HT-004,HAUL_TRUCK,775,ENGINE,2024-12-23,14407.3,55.4,N,8.3,4.2,1.44,3.2,3.1,5.6,2.3,2.0,0.018,0.42,0.0,0.25,107.7,10.2,6.5,9.27,4.9,NORMAL
S00003408,HT-004,HAUL_TRUCK,775,ENGINE,2025-01-19,14640.6,288.7,N,21.5,7.6,2.09,3.5,4.8,8.5,4.6,3.0,0.013,0.46,0.0,0.48,106.1,13.2,9.1,7.29,8.5,NORMAL
S00003409,HT-004,HAUL_TRUCK,775,ENGINE,2025-02-09,14831.4,479.5,N,31.6,10.1,2.78,5.5,6.1,12.7,6.0,4.8,0.027,0.69,0.0,0.75,110.9,17.8,10.6,6.74,10.7,NORMAL
S00003410,HT-004,HAUL_TRUCK,775,ENGINE,2025-03-08,15062.4,39.4,N,11.4,5.1,1.51,2.5,3.0,3.7,3.1,1.6,0.038,1.02,0.0,0.23,107.8,7.5,6.5,10.09,4.8,NORMAL
S00003411,HT-004,HAUL_TRUCK,775,ENGINE,2025-04-06,15323.4,300.4,N,16.8,8.7,1.65,4.5,6.5,9.0,4.7,3.2,0.024,0.67,0.0,0.48,105.1,11.7,8.0,7.99,8.6,NORMAL
S00003412,HT-004,HAUL_TRUCK,775,ENGINE,2025-05-07,15592.8,17.2,N,12.9,3.9,1.08,2.9,2.9,5.8,2.1,1.5,0.033,0.43,0.0,0.22,106.6,9.0,5.7,9.37,4.7,NORMAL
S00003413,HT-004,HAUL_TRUCK,775,ENGINE,2025-06-05,15845.2,269.6,N,14.0,10.7,2.56,4.9,4.6,9.4,4.0,2.8,0.023,0.66,0.0,0.46,106.8,13.2,7.5,7.98,7.4,NORMAL
S00003414,HT-004,HAUL_TRUCK,775,ENGINE,2025-07-11,16162.1,43.8,N,9.2,4.2,1.71,2.9,3.3,4.0,2.2,1.6,0.011,0.51,0.0,0.23,107.6,10.0,5.5,10.17,4.4,NORMAL
S00003415,HT-004,HAUL_TRUCK,775,ENGINE,2025-08-13,16457.1,338.8,N,23.8,8.8,2.95,3.3,5.6,10.2,6.3,3.4,0.021,0.57,0.0,0.54,108.8,15.3,9.4,7.72,9.3,NORMAL
S00003416,HT-004,HAUL_TRUCK,775,ENGINE,2025-09-03,16637.5,30.0,N,10.5,3.5,1.02,2.9,3.7,5.3,2.8,1.9,0.034,0.82,0.0,0.22,110.5,7.9,5.0,10.34,4.3,NORMAL
S00003417,HT-004,HAUL_TRUCK,775,ENGINE,2025-10-01,16880.9,273.4,N,21.1,6.3,2.59,4.6,5.8,7.5,4.2,2.9,0.017,0.49,0.0,0.45,108.2,13.8,9.1,8.26,6.8,NORMAL
S00003418,HT-004,HAUL_TRUCK,775,ENGINE,2025-10-27,17108.1,45.2,N,10.9,4.1,1.35,3.0,3.3,7.1,2.9,1.8,0.025,0.74,0.0,0.21,111.6,8.6,6.1,10.64,5.3,NORMAL
S00003419,HT-004,HAUL_TRUCK,775,ENGINE,2025-12-02,17432.7,369.8,N,15.7,9.4,2.7,5.2,5.7,10.4,5.7,4.8,0.022,0.44,0.0,0.54,107.5,15.5,9.7,6.79,9.5,NORMAL
S00003420,HT-004,HAUL_TRUCK,775,ENGINE,2026-01-09,17759.9,47.9,N,8.4,4.0,1.21,2.4,4.0,5.7,2.3,1.8,0.023,0.8,0.0,0.26,110.5,10.3,6.2,9.7,4.3,NORMAL
S00003421,HT-004,HAUL_TRUCK,775,ENGINE,2026-02-08,18021.7,309.7,N,24.4,6.0,2.25,3.3,5.6,10.4,4.9,3.5,0.016,0.85,0.0,0.46,107.8,13.0,7.7,8.27,8.3,NORMAL
S00003422,HT-004,HAUL_TRUCK,775,ENGINE,2026-03-07,18259.9,21.4,N,9.0,4.2,1.08,2.4,2.9,4.5,2.5,1.6,0.021,0.77,0.0,0.22,110.9,7.8,5.6,9.66,4.3,NORMAL
S00003423,HT-004,HAUL_TRUCK,775,ENGINE,2026-04-02,18489.2,250.6,N,16.2,8.2,2.34,3.7,4.3,7.8,3.0,3.1,0.025,0.96,0.0,0.5,111.6,14.4,9.1,8.56,8.8,NORMAL
S00003424,HT-004,HAUL_TRUCK,775,ENGINE,2026-05-08,18807.4,19.2,N,10.6,3.8,0.85,2.0,2.8,5.6,2.6,1.7,0.016,0.57,0.0,0.2,108.1,8.9,6.1,10.15,5.1,NORMAL
S00003425,HT-004,HAUL_TRUCK,775,ENGINE,2026-05-30,18996.7,208.5,N,20.1,6.7,1.48,3.4,5.1,8.3,3.9,1.6,0.016,0.99,0.0,0.51,106.1,12.5,7.6,8.29,7.7,NORMAL
S00003463,HT-004,HAUL_TRUCK,775,FINAL_DRIVE,2023-03-20,8905.5,1168.5,N,79.8,9.2,5.82,8.9,5.9,11.8,3.4,2.9,0.043,0.0,0.0,0.04,104.2,7.4,4.3,4.52,38.0,NORMAL
S00003464,HT-004,HAUL_TRUCK,775,FINAL_DRIVE,2023-06-18,9696.0,1959.1,N,118.1,16.1,7.63,13.6,8.4,11.8,3.9,2.2,0.052,0.0,0.0,0.08,100.9,10.2,4.9,3.64,34.2,NORMAL
S00003465,HT-004,HAUL_TRUCK,775,FINAL_DRIVE,2023-09-16,10486.5,34.1,N,51.8,4.5,3.34,5.2,3.5,4.2,1.5,1.0,0.046,0.0,0.0,0.02,99.2,4.8,2.7,5.3,17.1,NORMAL
S00003466,HT-004,HAUL_TRUCK,775,FINAL_DRIVE,2023-12-15,11277.0,824.6,N,64.5,8.3,4.14,6.8,5.9,6.6,2.6,1.8,0.042,0.0,0.0,0.05,96.8,5.9,3.7,4.54,26.6,NORMAL
S00003467,HT-004,HAUL_TRUCK,775,FINAL_DRIVE,2024-02-23,11891.5,1439.1,N,112.2,11.6,9.16,8.0,6.6,11.6,4.0,2.4,0.037,0.0,0.0,0.07,97.9,8.1,4.5,3.91,42.4,NORMAL
S00003468,HT-004,HAUL_TRUCK,775,FINAL_DRIVE,2024-05-23,12682.0,8.2,N,47.4,5.9,2.35,3.7,4.3,3.8,1.6,1.3,0.061,0.0,0.0,0.03,101.1,4.8,2.4,5.46,18.1,NORMAL
S00003469,HT-004,HAUL_TRUCK,775,FINAL_DRIVE,2024-08-21,13472.5,798.7,N,77.5,8.3,3.86,6.4,5.7,17.2,2.9,1.5,1.499,0.0,0.0,0.04,100.6,5.9,3.7,5.43,22.3,MONITOR
S00003470,HT-004,HAUL_TRUCK,775,FINAL_DRIVE,2024-11-19,14263.1,1589.3,N,90.3,13.0,6.77,10.6,10.3,14.1,4.0,2.8,0.053,0.0,0.0,0.07,97.6,8.5,5.0,3.68,40.5,NORMAL
S00003471,HT-004,HAUL_TRUCK,775,FINAL_DRIVE,2025-02-17,15053.6,29.4,N,70.3,4.5,2.93,4.2,4.1,27.6,1.6,1.1,4.079,0.0,0.0,0.02,99.3,4.7,3.3,5.48,19.7,ACTION
S00003472,HT-004,HAUL_TRUCK,775,FINAL_DRIVE,2025-05-18,15844.1,819.9,N,69.7,7.1,5.59,8.4,5.2,7.9,3.1,1.9,0.06,0.0,0.0,0.06,105.2,6.9,4.1,4.68,23.7,NORMAL
S00003473,HT-004,HAUL_TRUCK,775,FINAL_DRIVE,2025-08-16,16634.6,1610.4,N,108.9,14.8,7.03,10.8,7.8,10.3,4.8,2.5,0.056,0.0,0.0,0.06,102.7,8.7,4.7,3.84,40.2,NORMAL
S00003474,HT-004,HAUL_TRUCK,775,FINAL_DRIVE,2025-11-14,17425.1,14.0,N,52.3,6.0,2.24,3.8,4.6,5.4,1.6,1.2,0.051,0.0,0.0,0.03,96.0,5.2,2.9,6.28,15.0,NORMAL
S00003475,HT-004,HAUL_TRUCK,775,FINAL_DRIVE,2026-02-12,18215.6,804.5,N,102.8,7.9,3.38,7.6,6.0,10.0,3.4,2.3,0.042,0.0,0.0,0.05,98.8,5.9,4.1,5.35,31.3,NORMAL
S00003476,HT-004,HAUL_TRUCK,775,FINAL_DRIVE,2026-05-13,19006.1,1595.0,N,116.6,13.8,6.69,14.1,5.8,12.7,4.4,2.0,0.047,0.0,0.0,0.08,99.8,9.5,5.2,4.0,33.1,NORMAL
S00003426,HT-004,HAUL_TRUCK,775,HYDRAULIC,2023-03-20,8924.0,1441.5,N,13.7,5.0,1.56,2.6,2.9,7.0,3.6,2.7,0.041,0.0,0.0,0.06,44.1,8.2,5.8,3.45,10.3,NORMAL
S00003427,HT-004,HAUL_TRUCK,775,HYDRAULIC,2023-06-18,9714.5,2.5,N,6.5,1.9,0.5,1.2,1.9,2.5,1.9,1.0,0.025,0.0,0.0,0.03,45.0,5.4,2.9,4.48,4.0,NORMAL
S00003428,HT-004,HAUL_TRUCK,775,HYDRAULIC,2023-09-16,10505.0,793.0,N,10.3,3.1,0.93,1.3,2.2,4.2,2.4,1.6,0.023,0.0,0.0,0.04,47.5,7.8,3.8,3.8,5.4,NORMAL
S00003429,HT-004,HAUL_TRUCK,775,HYDRAULIC,2023-12-15,11295.6,1583.5,N,13.1,3.7,1.12,2.5,2.9,6.9,4.9,1.7,0.028,0.0,0.0,0.07,45.3,8.7,5.0,3.2,8.0,NORMAL
S00003430,HT-004,HAUL_TRUCK,775,HYDRAULIC,2024-03-13,12075.8,48.1,N,8.5,2.6,0.54,1.2,1.8,3.4,1.7,1.1,0.022,0.0,0.0,0.03,45.3,5.9,2.4,4.84,3.4,NORMAL
S00003431,HT-004,HAUL_TRUCK,775,HYDRAULIC,2024-06-11,12866.3,838.6,N,8.6,2.7,0.63,1.9,2.9,4.8,3.3,1.6,0.034,0.0,0.0,0.05,46.6,7.7,3.9,4.0,4.8,NORMAL
S00003432,HT-004,HAUL_TRUCK,775,HYDRAULIC,2024-09-08,13649.7,1622.0,N,10.8,4.4,1.58,2.2,4.2,8.3,4.0,3.3,0.019,0.0,0.0,0.06,47.4,9.9,4.9,3.19,7.4,NORMAL
S00003433,HT-004,HAUL_TRUCK,775,HYDRAULIC,2024-12-07,14440.2,36.0,N,6.9,2.9,0.49,1.2,1.9,3.7,2.1,1.0,0.038,0.0,0.0,0.03,47.4,4.6,3.0,4.71,3.4,NORMAL
S00003434,HT-004,HAUL_TRUCK,775,HYDRAULIC,2025-03-07,15230.7,826.6,N,13.3,2.7,0.8,2.2,2.8,10.8,3.0,1.6,0.022,0.0,0.0,0.06,46.7,7.9,3.6,3.69,5.6,NORMAL
S00003435,HT-004,HAUL_TRUCK,775,HYDRAULIC,2025-06-05,16021.3,1617.1,N,16.3,6.4,1.22,2.5,4.6,6.6,4.2,2.8,0.027,0.0,0.0,0.09,46.2,11.2,5.0,3.44,6.7,NORMAL
S00003436,HT-004,HAUL_TRUCK,775,HYDRAULIC,2025-09-03,16811.8,29.2,N,5.4,2.6,0.47,1.8,2.0,3.1,1.5,1.1,0.033,0.0,0.0,0.02,45.4,6.0,2.6,4.43,2.9,NORMAL
S00003437,HT-004,HAUL_TRUCK,775,HYDRAULIC,2025-12-02,17602.3,819.7,N,12.2,4.0,0.94,1.6,2.2,4.7,3.3,2.0,0.02,0.0,0.0,0.06,46.1,8.8,4.0,4.06,4.9,NORMAL
S00003438,HT-004,HAUL_TRUCK,775,HYDRAULIC,2026-03-01,18384.9,1602.4,N,13.6,5.6,1.24,2.5,3.3,7.5,3.3,2.5,0.048,0.0,0.0,0.06,46.7,9.8,5.4,3.23,8.5,NORMAL
S00003439,HT-004,HAUL_TRUCK,775,HYDRAULIC,2026-05-18,19068.3,3.7,N,6.8,2.2,0.8,1.1,1.1,3.1,2.1,1.2,0.042,0.0,0.0,0.02,46.8,4.7,2.9,4.76,3.2,NORMAL
S00003440,HT-004,HAUL_TRUCK,775,TRANSMISSION,2023-02-24,8617.4,25.0,N,23.4,10.3,1.39,3.5,2.8,3.7,1.7,0.9,0.016,0.0,0.0,0.05,68.8,7.3,3.3,6.42,9.2,NORMAL
S00003441,HT-004,HAUL_TRUCK,775,TRANSMISSION,2023-04-29,9183.9,591.5,N,39.5,16.1,3.14,7.3,5.3,6.8,3.4,2.1,0.037,0.0,0.0,0.11,67.3,9.1,6.5,5.65,16.1,NORMAL
S00003442,HT-004,HAUL_TRUCK,775,TRANSMISSION,2023-06-16,9605.1,54.3,N,25.9,7.7,1.95,4.4,2.4,5.1,2.1,1.0,0.037,0.0,0.0,0.05,68.8,7.6,2.9,7.26,12.0,NORMAL
S00003443,HT-004,HAUL_TRUCK,775,TRANSMISSION,2023-08-17,10150.8,600.0,N,48.0,12.8,4.53,5.1,5.8,8.1,2.7,2.3,0.039,0.0,0.0,0.11,72.0,9.4,6.1,5.12,11.4,NORMAL
S00003444,HT-004,HAUL_TRUCK,775,TRANSMISSION,2023-10-08,10603.3,37.2,N,24.4,7.1,1.74,5.0,3.2,3.5,1.9,1.1,0.02,0.0,0.0,0.06,69.5,6.0,3.4,6.77,8.2,NORMAL
S00003445,HT-004,HAUL_TRUCK,775,TRANSMISSION,2023-12-02,11090.5,524.4,N,46.3,17.4,3.09,7.5,4.6,6.7,2.9,2.0,0.018,0.0,0.0,0.11,69.3,8.8,5.5,5.37,13.6,NORMAL
S00003446,HT-004,HAUL_TRUCK,775,TRANSMISSION,2024-01-29,11596.2,38.1,N,17.6,6.5,1.49,4.0,3.4,3.4,1.8,1.0,0.027,0.0,0.0,0.05,67.4,6.3,3.1,6.87,9.9,NORMAL
S00003447,HT-004,HAUL_TRUCK,775,TRANSMISSION,2024-03-10,11955.2,397.1,N,34.1,12.3,2.8,5.1,4.5,7.6,2.9,2.0,0.042,0.0,0.0,0.12,68.7,9.4,4.2,5.61,12.0,NORMAL
S00003448,HT-004,HAUL_TRUCK,775,TRANSMISSION,2024-04-16,12278.3,720.2,N,45.5,18.1,3.79,7.5,5.7,10.1,3.9,2.3,0.024,0.0,0.0,0.15,64.5,10.2,5.5,4.88,20.4,NORMAL
S00003449,HT-004,HAUL_TRUCK,775,TRANSMISSION,2024-06-21,12857.9,23.4,N,28.5,7.9,1.46,2.6,2.4,3.3,1.5,1.4,0.038,0.0,0.0,0.06,67.0,6.1,4.2,6.81,8.0,NORMAL
S00003450,HT-004,HAUL_TRUCK,775,TRANSMISSION,2024-08-12,13322.1,487.5,N,29.8,16.6,2.28,6.8,4.6,6.9,3.0,1.8,0.034,0.0,0.0,0.11,66.7,9.5,5.7,5.13,15.9,NORMAL
S00003451,HT-004,HAUL_TRUCK,775,TRANSMISSION,2024-10-24,13960.1,12.5,N,24.9,9.4,1.76,3.2,2.4,3.0,1.4,1.1,0.035,0.0,0.0,0.05,67.2,6.8,3.2,6.75,9.7,NORMAL
S00003452,HT-004,HAUL_TRUCK,775,TRANSMISSION,2024-12-18,14439.0,491.4,N,37.1,16.8,3.13,6.3,5.3,7.2,2.5,1.9,0.035,0.0,0.0,0.11,67.8,9.6,4.5,5.5,15.8,NORMAL
S00003453,HT-004,HAUL_TRUCK,775,TRANSMISSION,2025-01-16,14698.5,750.8,N,52.5,14.1,3.11,7.5,9.4,6.8,3.4,2.4,0.02,0.0,0.0,0.14,68.6,11.3,5.9,5.04,19.2,NORMAL
S00003454,HT-004,HAUL_TRUCK,775,TRANSMISSION,2025-03-07,15141.1,28.1,N,25.0,8.5,1.52,2.7,2.7,2.7,1.9,0.9,0.025,0.0,0.0,0.05,67.2,6.0,4.0,6.23,6.6,NORMAL
S00003455,HT-004,HAUL_TRUCK,775,TRANSMISSION,2025-05-04,15647.4,534.4,N,46.3,13.9,3.2,6.5,4.5,7.4,4.5,2.2,0.026,0.0,0.0,0.12,65.2,10.0,5.2,5.35,15.5,NORMAL
S00003456,HT-004,HAUL_TRUCK,775,TRANSMISSION,2025-07-08,16221.5,23.5,N,17.8,8.7,1.7,3.2,2.9,4.9,1.8,1.4,0.028,0.0,0.0,0.05,69.4,6.8,3.1,6.72,8.3,NORMAL
S00003457,HT-004,HAUL_TRUCK,775,TRANSMISSION,2025-09-10,16783.2,585.2,N,38.6,21.2,2.71,9.1,5.8,9.3,3.1,2.2,0.019,0.0,0.0,0.13,67.6,8.8,6.5,5.53,14.4,NORMAL
S00003458,HT-004,HAUL_TRUCK,775,TRANSMISSION,2025-11-09,17305.6,55.4,N,22.2,7.7,1.72,3.6,3.5,5.1,1.7,1.0,0.02,0.0,0.0,0.06,66.9,5.9,2.9,7.46,8.2,NORMAL
S00003459,HT-004,HAUL_TRUCK,775,TRANSMISSION,2025-12-23,17690.7,440.4,N,29.6,15.7,2.76,6.7,5.4,7.1,4.4,1.6,0.032,0.0,0.0,0.09,68.0,8.8,4.9,5.62,12.0,NORMAL
S00003460,HT-004,HAUL_TRUCK,775,TRANSMISSION,2026-01-29,18018.4,768.1,N,47.4,14.9,3.92,8.7,7.0,10.4,5.5,2.8,0.023,0.0,0.0,0.14,67.7,12.5,6.0,4.75,15.4,NORMAL
S00003461,HT-004,HAUL_TRUCK,775,TRANSMISSION,2026-04-06,18609.4,49.2,N,18.1,8.9,1.64,2.7,3.7,3.2,1.7,1.3,0.034,0.0,0.0,0.06,64.6,6.7,3.6,6.97,8.4,NORMAL
S00003462,HT-004,HAUL_TRUCK,775,TRANSMISSION,2026-06-11,19188.1,628.0,N,47.6,20.5,4.06,7.3,5.0,7.2,4.1,1.8,0.029,0.0,0.0,0.1,65.3,9.6,5.1,5.11,14.1,NORMAL
S00003477,HT-005,HAUL_TRUCK,775,ENGINE,2023-01-24,2147.9,55.3,N,9.5,5.6,1.19,2.4,3.4,5.5,3.3,1.7,0.011,0.52,0.0,0.31,104.7,9.0,5.9,9.77,4.5,NORMAL
S00003478,HT-005,HAUL_TRUCK,775,ENGINE,2023-02-10,2358.2,265.6,N,15.6,5.9,2.27,4.4,5.5,8.2,3.8,2.8,0.024,0.44,0.0,0.5,110.9,12.9,9.2,8.56,9.3,NORMAL
S00003479,HT-005,HAUL_TRUCK,775,ENGINE,2023-03-03,2620.7,0.3,N,10.4,3.1,1.14,2.1,3.4,3.4,2.1,1.5,0.016,0.66,0.0,0.22,109.3,8.1,5.3,10.43,3.6,NORMAL
S00003480,HT-005,HAUL_TRUCK,775,ENGINE,2023-03-24,2877.6,257.3,N,17.5,8.3,2.12,3.8,3.7,8.7,3.8,2.1,0.036,0.56,0.0,0.52,109.2,10.3,8.5,8.11,9.2,NORMAL
S00003481,HT-005,HAUL_TRUCK,775,ENGINE,2023-04-11,3106.6,486.2,N,28.2,7.8,3.14,6.1,7.4,10.9,4.3,4.2,0.029,0.67,0.0,0.71,112.5,16.7,11.3,6.76,12.0,NORMAL
S00003482,HT-005,HAUL_TRUCK,775,ENGINE,2023-04-29,3331.7,6.8,N,10.9,3.7,1.01,2.0,3.2,4.9,1.9,1.7,0.016,0.42,0.0,0.21,109.5,8.6,6.0,10.35,4.4,NORMAL
S00003483,HT-005,HAUL_TRUCK,775,ENGINE,2023-05-20,3590.5,265.6,N,20.4,6.7,1.98,3.9,5.3,10.0,3.7,2.5,0.022,0.94,0.0,0.38,112.0,13.4,8.9,8.41,10.3,NORMAL
S00003484,HT-005,HAUL_TRUCK,775,ENGINE,2023-06-10,3847.9,50.6,N,13.1,4.9,0.97,2.3,2.5,5.2,3.2,1.5,0.028,0.89,0.0,0.26,105.5,9.0,6.1,10.08,4.2,NORMAL
S00003485,HT-005,HAUL_TRUCK,775,ENGINE,2023-07-05,4163.5,366.2,N,20.4,9.3,2.24,4.2,5.4,8.2,4.4,3.4,0.018,0.53,0.0,0.51,104.8,13.5,10.7,6.94,11.0,NORMAL
S00003486,HT-005,HAUL_TRUCK,775,ENGINE,2023-07-29,4458.1,10.8,N,8.0,2.8,1.1,2.1,2.4,3.5,2.6,1.4,0.017,0.6,0.0,0.22,107.4,10.1,5.7,10.61,4.8,NORMAL
S00003487,HT-005,HAUL_TRUCK,775,ENGINE,2023-08-16,4684.1,236.8,N,19.1,6.9,2.53,3.1,4.2,8.6,3.9,3.6,0.021,0.98,0.0,0.39,107.6,12.2,8.3,8.42,8.4,NORMAL
S00003488,HT-005,HAUL_TRUCK,775,ENGINE,2023-09-01,4879.9,432.6,N,23.9,8.7,2.39,3.4,6.3,9.1,4.1,3.9,0.01,0.59,0.0,0.68,109.1,15.5,10.5,6.31,10.5,NORMAL
S00003489,HT-005,HAUL_TRUCK,775,ENGINE,2023-09-26,5185.7,42.5,N,13.2,4.7,1.07,2.2,3.6,5.3,2.1,2.1,0.018,0.6,0.0,0.26,107.2,9.1,6.0,9.66,4.5,NORMAL
S00003490,HT-005,HAUL_TRUCK,775,ENGINE,2023-10-15,5425.4,282.2,N,18.0,8.4,2.28,5.3,5.2,10.9,5.1,3.1,0.012,0.46,0.0,0.54,107.7,11.6,8.9,8.45,7.3,NORMAL
S00003491,HT-005,HAUL_TRUCK,775,ENGINE,2023-11-06,5690.9,12.1,N,11.2,3.5,1.12,2.0,3.3,3.9,2.3,2.1,0.022,0.55,0.0,0.18,103.9,8.3,5.3,10.16,4.8,NORMAL
S00003492,HT-005,HAUL_TRUCK,775,ENGINE,2023-11-23,5902.2,223.3,N,19.9,5.3,2.33,4.4,5.8,10.3,3.0,2.8,0.017,0.48,0.0,0.51,107.9,12.1,8.6,8.54,6.6,NORMAL
S00003493,HT-005,HAUL_TRUCK,775,ENGINE,2023-12-13,6153.5,474.7,N,27.3,10.4,2.96,6.3,6.7,10.2,7.5,3.9,0.017,0.45,0.0,0.69,109.1,17.5,10.6,6.45,8.5,NORMAL
S00003494,HT-005,HAUL_TRUCK,775,ENGINE,2023-12-26,6310.5,21.5,N,9.3,3.7,0.84,1.9,2.6,4.6,1.6,1.6,0.015,0.72,0.0,0.19,108.5,8.9,5.8,10.0,5.7,NORMAL
S00003495,HT-005,HAUL_TRUCK,775,ENGINE,2024-01-10,6503.9,214.9,N,16.0,8.3,1.7,4.8,4.7,6.0,3.3,2.9,0.019,0.4,0.0,0.35,111.0,12.4,7.8,9.56,9.9,NORMAL
S00003496,HT-005,HAUL_TRUCK,775,ENGINE,2024-01-28,6721.0,432.0,N,25.7,10.1,2.71,6.1,6.7,11.9,4.9,3.7,0.017,0.36,0.0,0.58,101.4,16.0,10.2,6.82,9.0,NORMAL
S00003497,HT-005,HAUL_TRUCK,775,ENGINE,2024-02-16,6963.6,39.7,N,9.5,4.6,1.68,2.3,3.5,4.9,2.3,1.6,0.049,0.79,0.0,0.22,108.8,8.3,6.1,10.15,4.6,NORMAL
S00003498,HT-005,HAUL_TRUCK,775,ENGINE,2024-03-03,7152.4,228.5,N,18.7,5.5,1.89,4.8,5.4,6.5,3.4,2.7,0.02,0.64,0.0,0.5,103.1,12.3,8.4,8.84,7.9,NORMAL
S00003499,HT-005,HAUL_TRUCK,775,ENGINE,2024-03-26,7441.3,20.9,N,9.6,3.7,1.1,2.7,2.8,5.2,2.2,1.6,0.022,0.79,0.0,0.22,103.4,8.8,5.5,9.95,4.6,NORMAL
S00003500,HT-005,HAUL_TRUCK,775,ENGINE,2024-04-18,7733.1,312.6,N,20.9,6.7,2.04,3.4,3.6,11.0,3.6,3.4,0.021,0.94,0.0,0.46,111.1,14.0,9.7,7.86,11.0,NORMAL
S00003501,HT-005,HAUL_TRUCK,775,ENGINE,2024-05-07,7968.5,1.9,N,10.6,4.5,1.04,2.4,2.5,4.5,2.3,1.5,0.019,0.51,0.0,0.18,102.7,7.7,5.7,10.0,3.5,NORMAL
S00003502,HT-005,HAUL_TRUCK,775,ENGINE,2024-05-26,8199.7,233.1,N,13.7,6.6,2.08,4.1,4.4,7.4,3.3,3.3,0.016,1.46,0.0,0.42,104.7,13.2,7.9,8.21,7.0,NORMAL
S00003503,HT-005,HAUL_TRUCK,775,ENGINE,2024-06-21,8524.3,38.9,N,12.5,4.6,1.05,2.2,2.8,5.2,2.0,1.8,0.024,0.27,0.0,0.22,107.0,9.2,6.9,9.77,5.8,NORMAL
S00003504,HT-005,HAUL_TRUCK,775,ENGINE,2024-07-16,8836.4,351.0,N,23.0,13.0,2.81,3.6,7.3,9.2,4.7,3.1,0.02,0.6,0.0,0.51,106.0,14.3,11.4,7.75,9.9,NORMAL
S00003505,HT-005,HAUL_TRUCK,775,ENGINE,2024-08-10,9143.9,15.5,N,11.2,4.7,1.14,2.4,2.6,3.7,2.7,1.8,0.022,0.85,0.0,0.23,103.0,8.3,6.1,9.93,4.4,NORMAL
S00003506,HT-005,HAUL_TRUCK,775,ENGINE,2024-08-29,9381.1,252.6,N,20.5,9.8,2.4,3.9,5.7,8.5,3.6,3.7,0.019,1.37,0.0,0.48,107.6,12.8,8.6,7.83,7.9,NORMAL
S00003507,HT-005,HAUL_TRUCK,775,ENGINE,2024-09-18,9627.6,499.2,N,28.2,6.9,2.46,5.5,9.4,8.8,5.7,4.1,0.015,0.61,0.0,0.83,108.7,17.1,9.4,6.4,10.0,NORMAL
S00003508,HT-005,HAUL_TRUCK,775,ENGINE,2024-10-16,9965.2,41.3,N,10.1,4.8,0.98,2.3,3.7,5.4,2.2,2.0,0.024,0.72,0.0,0.22,103.9,9.8,6.0,9.9,4.8,NORMAL
S00003509,HT-005,HAUL_TRUCK,775,ENGINE,2024-11-11,10295.4,371.6,N,21.9,9.9,2.74,4.8,7.1,10.3,3.4,3.1,0.018,0.71,0.0,0.5,112.0,15.7,10.4,6.95,9.0,NORMAL
S00003510,HT-005,HAUL_TRUCK,775,ENGINE,2024-12-05,10590.9,8.6,N,8.0,3.8,1.11,2.2,2.9,5.3,2.1,1.6,0.017,1.01,0.0,0.23,105.4,8.6,5.5,10.29,3.4,NORMAL
S00003511,HT-005,HAUL_TRUCK,775,ENGINE,2024-12-26,10853.3,271.0,N,19.4,7.2,2.04,3.7,6.4,6.7,4.7,3.6,0.021,0.53,0.0,0.4,108.0,13.5,9.2,8.09,7.3,NORMAL
S00003512,HT-005,HAUL_TRUCK,775,ENGINE,2025-01-18,11137.5,55.3,N,11.2,4.5,1.01,3.0,3.3,6.4,3.1,2.0,0.018,0.82,0.0,0.35,108.9,9.0,7.0,10.12,5.2,NORMAL
S00003513,HT-005,HAUL_TRUCK,775,ENGINE,2025-02-09,11406.6,324.4,N,20.2,6.8,3.07,4.0,7.3,11.3,4.6,3.7,0.02,0.76,0.0,0.53,105.1,15.6,9.3,7.72,7.9,NORMAL
S00003514,HT-005,HAUL_TRUCK,775,ENGINE,2025-03-02,11673.6,31.1,N,11.7,4.3,1.09,2.0,3.0,5.6,2.0,1.6,0.016,0.82,0.0,0.21,100.8,8.6,5.8,9.25,5.1,NORMAL
S00003515,HT-005,HAUL_TRUCK,775,ENGINE,2025-03-24,11941.0,298.4,N,18.9,7.8,2.2,4.1,6.1,7.7,6.0,3.8,0.031,0.74,0.0,0.61,107.1,12.2,9.0,8.16,6.6,NORMAL
S00003516,HT-005,HAUL_TRUCK,775,ENGINE,2025-04-13,12184.1,15.6,N,8.9,4.3,0.99,2.2,2.5,4.8,2.1,1.8,0.017,0.8,0.0,0.17,105.6,8.6,7.0,9.53,4.7,NORMAL
S00003517,HT-005,HAUL_TRUCK,775,ENGINE,2025-05-11,12530.0,361.5,N,21.6,9.7,2.65,4.4,6.6,9.7,6.2,2.8,0.028,0.95,0.0,0.6,109.8,16.2,9.9,7.53,10.5,NORMAL
S00003518,HT-005,HAUL_TRUCK,775,ENGINE,2025-06-05,12840.6,20.8,N,10.2,4.2,1.18,2.5,3.4,4.1,2.4,2.2,0.016,0.57,0.0,0.25,112.8,8.5,6.2,10.64,5.7,NORMAL
S00003519,HT-005,HAUL_TRUCK,775,ENGINE,2025-06-27,13119.4,299.6,N,10.9,7.3,1.79,3.7,5.7,9.8,5.3,3.4,0.044,0.83,0.0,0.46,113.1,11.1,8.9,8.05,11.4,NORMAL
S00003520,HT-005,HAUL_TRUCK,775,ENGINE,2025-07-24,13447.3,42.8,N,11.5,4.5,1.35,2.3,2.4,5.4,2.0,1.9,0.018,0.5,0.0,0.19,102.5,8.5,6.4,9.77,3.8,NORMAL
S00003521,HT-005,HAUL_TRUCK,775,ENGINE,2025-08-08,13641.8,237.3,N,17.4,6.4,2.15,2.9,5.3,6.7,3.8,3.3,0.015,0.78,0.0,0.4,109.4,13.1,9.2,7.76,9.6,NORMAL
S00003522,HT-005,HAUL_TRUCK,775,ENGINE,2025-08-28,13890.6,486.1,N,22.7,9.2,2.6,5.1,5.9,12.5,6.2,3.6,0.017,0.71,0.0,0.7,107.2,16.4,10.2,6.1,14.7,NORMAL
S00003523,HT-005,HAUL_TRUCK,775,ENGINE,2025-09-20,14166.6,50.7,N,12.4,4.2,1.05,2.2,4.5,5.2,2.4,2.1,0.019,0.49,0.0,0.28,106.9,8.8,5.6,9.08,4.1,NORMAL
S00003524,HT-005,HAUL_TRUCK,775,ENGINE,2025-10-09,14403.0,287.1,N,18.8,8.8,2.38,4.7,5.3,7.8,4.0,2.8,0.031,0.68,0.0,0.4,110.6,11.0,8.7,8.46,9.1,NORMAL
S00003525,HT-005,HAUL_TRUCK,775,ENGINE,2025-11-04,14728.2,55.6,N,11.9,4.0,1.54,2.5,4.1,3.7,3.3,1.9,0.023,0.61,0.0,0.28,107.6,10.3,6.7,9.11,4.5,NORMAL
S00003526,HT-005,HAUL_TRUCK,775,ENGINE,2025-11-20,14928.0,255.4,N,17.6,7.6,1.84,4.0,5.3,8.6,3.9,2.6,0.018,0.41,0.0,0.46,107.8,9.9,9.9,8.33,6.4,NORMAL
S00003527,HT-005,HAUL_TRUCK,775,ENGINE,2025-12-08,15149.6,477.0,N,24.1,11.1,2.4,5.5,9.9,13.4,5.4,3.5,0.014,0.63,0.0,0.64,103.9,16.4,11.1,7.28,10.0,NORMAL
S00003528,HT-005,HAUL_TRUCK,775,ENGINE,2025-12-23,15340.6,35.8,N,10.1,4.5,1.12,2.5,2.2,6.9,2.5,2.0,0.015,0.67,0.0,0.24,109.6,8.8,6.4,10.48,6.1,NORMAL
S00003529,HT-005,HAUL_TRUCK,775,ENGINE,2026-01-17,15646.2,341.5,N,14.4,9.4,2.37,3.3,5.4,10.7,3.3,4.5,0.021,0.48,0.0,0.58,107.8,14.7,9.8,7.46,8.3,NORMAL
S00003530,HT-005,HAUL_TRUCK,775,ENGINE,2026-02-12,15962.5,56.2,N,13.6,3.4,1.55,3.3,3.6,5.4,2.5,2.4,0.033,0.36,0.0,0.28,111.4,9.7,5.6,10.13,6.1,NORMAL
S00003531,HT-005,HAUL_TRUCK,775,ENGINE,2026-03-01,16178.6,272.2,N,20.1,7.0,1.84,5.0,5.8,7.4,4.2,2.8,0.034,1.08,0.0,0.39,103.1,13.1,9.2,8.39,6.7,NORMAL
S00003532,HT-005,HAUL_TRUCK,775,ENGINE,2026-03-20,16408.6,3.3,N,12.6,3.9,1.16,2.3,2.5,4.6,1.9,1.2,0.015,0.53,0.0,0.23,102.7,8.4,5.2,10.85,5.0,NORMAL
S00003533,HT-005,HAUL_TRUCK,775,ENGINE,2026-04-09,16664.6,259.3,N,14.8,6.4,1.86,3.6,6.0,7.5,4.3,3.4,0.014,0.67,0.0,0.5,103.6,13.0,7.4,8.07,6.7,NORMAL
S00003534,HT-005,HAUL_TRUCK,775,ENGINE,2026-04-30,16918.8,18.8,N,9.3,4.5,1.41,2.1,3.2,4.9,1.9,1.9,0.011,0.48,0.0,0.25,107.9,8.4,4.7,9.86,3.7,NORMAL
S00003535,HT-005,HAUL_TRUCK,775,ENGINE,2026-05-24,17218.9,318.9,N,24.4,6.8,2.57,3.5,6.0,9.3,5.0,4.4,0.024,0.54,0.0,0.54,102.7,13.6,9.0,8.0,7.7,NORMAL
S00003536,HT-005,HAUL_TRUCK,775,ENGINE,2026-06-18,17524.2,14.9,N,13.0,3.6,1.02,2.1,2.7,4.8,2.6,2.2,0.022,0.29,0.0,0.23,109.6,9.2,4.3,10.58,4.1,NORMAL
S00003584,HT-005,HAUL_TRUCK,775,FINAL_DRIVE,2023-03-21,2810.4,1300.4,N,115.0,10.9,6.03,6.8,8.0,10.8,4.1,2.6,0.051,0.0,0.0,0.07,101.8,8.3,3.9,4.5,43.4,NORMAL
S00003585,HT-005,HAUL_TRUCK,775,FINAL_DRIVE,2023-05-30,3679.2,50.4,N,71.9,5.7,2.33,4.5,2.8,3.9,2.1,1.2,0.095,0.0,0.0,0.02,101.0,4.7,2.7,5.78,20.1,NORMAL
S00003586,HT-005,HAUL_TRUCK,775,FINAL_DRIVE,2023-07-20,4306.9,678.1,N,60.7,7.5,3.69,6.1,4.6,7.5,2.3,1.9,0.042,0.0,0.0,0.04,99.1,6.9,3.7,4.87,27.9,NORMAL
S00003587,HT-005,HAUL_TRUCK,775,FINAL_DRIVE,2023-10-18,5422.1,1793.2,N,157.2,13.1,5.04,11.9,9.3,9.2,4.2,2.3,0.055,0.0,0.0,0.08,97.8,9.2,4.6,3.62,32.6,NORMAL
S00003588,HT-005,HAUL_TRUCK,775,FINAL_DRIVE,2023-12-25,6268.1,8.6,N,212.7,3.6,15.09,4.8,3.2,5.9,1.6,1.1,0.032,0.0,0.0,0.03,100.3,4.8,2.4,5.45,128.1,ACTION
S00003589,HT-005,HAUL_TRUCK,775,FINAL_DRIVE,2024-03-24,7383.3,1123.8,N,108.2,10.2,6.3,7.8,7.3,7.0,3.0,2.4,0.06,0.0,0.0,0.06,96.9,7.6,5.0,4.16,31.8,NORMAL
S00003590,HT-005,HAUL_TRUCK,775,FINAL_DRIVE,2024-05-25,8146.6,1887.1,N,125.9,10.2,6.16,14.9,8.5,12.6,4.1,2.9,0.068,0.0,0.0,0.08,101.6,9.7,5.6,3.79,44.5,NORMAL
S00003591,HT-005,HAUL_TRUCK,775,FINAL_DRIVE,2024-07-27,8935.9,7.3,N,45.8,5.0,2.56,4.7,3.4,4.7,2.0,1.1,0.034,0.0,0.0,0.03,97.0,5.8,2.9,5.67,14.0,NORMAL
S00003592,HT-005,HAUL_TRUCK,775,FINAL_DRIVE,2024-09-18,9582.4,653.8,N,109.0,9.6,4.35,5.3,5.2,7.1,2.5,1.4,0.045,0.0,0.0,0.05,97.9,6.3,3.9,4.69,23.0,NORMAL
S00003593,HT-005,HAUL_TRUCK,775,FINAL_DRIVE,2024-12-03,10526.0,1597.5,N,101.5,11.3,5.97,8.5,8.4,11.1,3.9,2.7,0.05,0.0,0.0,0.08,100.9,7.4,6.1,3.71,28.7,NORMAL
S00003594,HT-005,HAUL_TRUCK,775,FINAL_DRIVE,2025-02-12,11405.0,34.7,N,65.5,5.7,3.03,4.2,3.8,4.3,1.9,1.1,0.035,0.0,0.0,0.02,99.1,5.0,3.0,5.74,15.1,NORMAL
S00003595,HT-005,HAUL_TRUCK,775,FINAL_DRIVE,2025-05-11,12504.6,1134.3,N,99.6,11.3,6.15,10.9,6.6,19.2,2.4,3.1,1.87,0.0,0.0,0.06,98.6,6.6,4.3,4.24,32.7,MONITOR
S00003596,HT-005,HAUL_TRUCK,775,FINAL_DRIVE,2025-08-09,13619.8,15.7,N,64.6,5.1,3.1,5.2,3.3,13.1,1.8,1.0,1.448,0.0,0.0,0.03,98.8,4.9,3.0,5.33,11.1,MONITOR
S00003597,HT-005,HAUL_TRUCK,775,FINAL_DRIVE,2025-11-03,14679.6,1075.4,N,105.3,7.2,5.11,7.7,5.6,9.6,2.9,2.2,0.055,0.0,0.0,0.05,99.3,7.4,4.2,4.21,37.5,NORMAL
S00003598,HT-005,HAUL_TRUCK,775,FINAL_DRIVE,2026-01-24,15693.8,32.9,N,52.9,4.0,3.21,4.7,3.1,4.8,1.9,1.1,0.044,0.0,0.0,0.03,99.9,5.0,2.5,5.82,20.7,NORMAL
S00003599,HT-005,HAUL_TRUCK,775,FINAL_DRIVE,2026-04-06,16592.0,931.1,N,87.2,11.8,5.1,7.6,5.6,10.2,3.4,2.6,0.08,0.0,0.0,0.06,102.0,7.6,4.8,4.68,32.0,NORMAL
S00003537,HT-005,HAUL_TRUCK,775,HYDRAULIC,2023-03-06,2576.7,1085.1,N,7.6,5.0,1.0,2.7,3.4,8.9,3.5,2.4,0.022,0.0,0.0,0.06,44.6,9.2,4.3,3.54,7.4,NORMAL
S00003538,HT-005,HAUL_TRUCK,775,HYDRAULIC,2023-06-04,3691.9,17.9,N,6.6,2.7,0.65,0.9,1.2,2.4,1.5,1.3,0.023,0.0,0.0,0.02,43.3,6.0,2.6,5.02,3.5,NORMAL
S00003539,HT-005,HAUL_TRUCK,775,HYDRAULIC,2023-08-11,4531.1,857.1,N,12.4,3.8,0.97,1.5,4.2,15.6,3.6,1.8,0.024,0.0,0.0,0.06,43.9,8.0,4.4,3.98,4.3,NORMAL
S00003540,HT-005,HAUL_TRUCK,775,HYDRAULIC,2023-11-04,5578.5,1904.6,N,15.9,6.0,1.44,2.9,3.7,8.8,4.7,2.4,0.024,0.0,0.0,0.07,47.4,11.1,5.5,2.91,9.4,NORMAL
S00003541,HT-005,HAUL_TRUCK,775,HYDRAULIC,2024-01-04,6338.9,37.0,N,5.7,2.5,0.65,1.0,2.0,3.1,1.4,1.0,0.017,0.0,0.0,0.03,45.4,6.6,2.6,4.65,3.5,NORMAL
S00003542,HT-005,HAUL_TRUCK,775,HYDRAULIC,2024-04-02,7436.6,1134.7,N,12.7,4.1,1.21,2.2,3.2,6.0,2.6,2.2,0.038,0.0,0.0,0.07,45.5,9.4,4.4,3.52,5.5,NORMAL
S00003543,HT-005,HAUL_TRUCK,775,HYDRAULIC,2024-07-01,8551.8,8.7,N,7.4,2.2,0.79,1.1,1.6,3.1,1.6,1.3,0.017,0.0,0.0,0.03,45.5,7.3,2.8,5.03,3.3,NORMAL
S00003544,HT-005,HAUL_TRUCK,775,HYDRAULIC,2024-09-22,9587.2,1044.2,N,10.5,4.0,1.01,2.3,3.3,6.7,2.3,2.1,0.042,0.0,0.0,0.06,45.3,8.1,4.8,4.0,6.2,NORMAL
S00003545,HT-005,HAUL_TRUCK,775,HYDRAULIC,2024-11-13,10234.5,1691.4,N,16.6,5.0,0.75,2.5,4.0,15.4,3.7,2.3,0.036,0.0,0.0,0.08,47.3,11.2,5.3,3.08,9.3,NORMAL
S00003546,HT-005,HAUL_TRUCK,775,HYDRAULIC,2025-02-01,11217.6,52.8,N,5.4,2.4,0.58,1.1,1.6,4.1,1.6,1.0,0.03,0.0,0.0,0.03,44.9,5.4,2.7,4.69,3.5,NORMAL
S00003547,HT-005,HAUL_TRUCK,775,HYDRAULIC,2025-05-02,12332.8,1167.9,N,12.2,3.0,0.91,2.2,4.1,6.9,2.8,3.2,0.089,0.0,0.0,0.05,46.4,7.4,3.9,3.63,5.8,NORMAL
S00003548,HT-005,HAUL_TRUCK,775,HYDRAULIC,2025-07-10,13197.2,32.3,N,10.6,2.4,0.65,1.1,1.8,3.9,1.3,0.8,3.855,0.0,0.0,0.02,44.5,6.4,2.8,4.42,4.0,MONITOR
S00003549,HT-005,HAUL_TRUCK,775,HYDRAULIC,2025-10-08,14312.4,1147.5,N,10.4,3.8,1.03,2.3,3.5,5.8,3.5,2.4,0.026,0.0,0.0,0.06,47.8,8.5,4.0,3.52,7.5,NORMAL
S00003550,HT-005,HAUL_TRUCK,775,HYDRAULIC,2025-12-20,15210.9,46.6,N,5.7,1.9,0.81,1.3,1.3,3.2,1.6,1.2,0.028,0.0,0.0,0.03,46.0,6.7,3.5,4.52,3.6,NORMAL
S00003551,HT-005,HAUL_TRUCK,775,HYDRAULIC,2026-02-19,15971.0,806.7,N,10.9,3.5,1.04,1.7,2.4,6.0,2.4,1.4,0.022,0.0,0.0,0.06,45.2,7.7,3.5,4.13,5.1,NORMAL
S00003552,HT-005,HAUL_TRUCK,775,HYDRAULIC,2026-04-20,16705.4,1541.1,N,12.9,4.7,1.21,2.5,3.4,7.3,4.0,2.6,0.035,0.0,0.0,0.08,45.7,9.8,4.9,3.39,6.2,NORMAL
S00003553,HT-005,HAUL_TRUCK,775,TRANSMISSION,2023-02-18,2343.7,472.6,N,24.3,12.5,2.74,6.3,5.5,6.1,2.6,1.8,0.026,0.0,0.0,0.11,67.1,9.6,4.7,5.54,12.6,NORMAL
S00003554,HT-005,HAUL_TRUCK,775,TRANSMISSION,2023-04-07,2932.4,47.2,N,17.9,7.1,1.86,3.6,2.5,3.6,1.6,1.1,0.018,0.0,0.0,0.06,70.7,6.9,3.7,6.38,9.2,NORMAL
S00003555,HT-005,HAUL_TRUCK,775,TRANSMISSION,2023-05-24,3514.6,629.4,N,89.9,17.4,6.22,6.6,5.3,8.0,3.3,1.9,0.048,0.0,0.0,0.13,66.8,10.7,5.3,5.4,46.5,MONITOR
S00003556,HT-005,HAUL_TRUCK,775,TRANSMISSION,2023-07-02,3999.3,42.3,N,26.5,6.9,1.83,4.1,3.5,4.7,1.8,0.9,0.027,0.0,0.0,0.06,70.4,7.1,3.5,6.79,7.7,NORMAL
S00003557,HT-005,HAUL_TRUCK,775,TRANSMISSION,2023-08-06,4427.9,470.9,N,31.2,13.5,2.21,6.2,4.9,8.1,3.0,2.6,0.038,0.0,0.0,0.13,66.3,8.5,4.5,5.72,9.3,NORMAL
S00003558,HT-005,HAUL_TRUCK,775,TRANSMISSION,2023-09-11,4874.3,917.2,N,62.4,18.4,4.34,8.3,9.0,9.9,5.0,4.2,0.027,0.0,0.0,0.17,67.4,12.2,6.5,4.6,22.2,NORMAL
S00003559,HT-005,HAUL_TRUCK,775,TRANSMISSION,2023-10-22,5383.0,33.3,N,35.2,10.8,1.29,5.0,3.0,4.8,1.8,1.6,0.027,0.0,0.0,0.07,72.5,6.4,3.5,6.64,7.8,NORMAL
S00003560,HT-005,HAUL_TRUCK,775,TRANSMISSION,2023-12-13,6036.2,686.6,N,65.4,48.4,2.63,19.7,4.8,10.9,2.9,2.8,0.018,0.0,0.0,0.15,67.8,9.4,6.5,4.89,14.9,MONITOR
S00003561,HT-005,HAUL_TRUCK,775,TRANSMISSION,2024-01-13,6419.7,23.3,N,20.5,8.7,2.04,3.5,2.7,3.3,1.6,1.2,0.027,0.0,0.0,0.05,65.5,6.8,3.5,6.59,7.3,NORMAL
S00003562,HT-005,HAUL_TRUCK,775,TRANSMISSION,2024-02-25,6948.7,552.4,N,41.0,15.0,2.68,5.4,4.4,6.4,2.2,2.6,0.032,0.0,0.0,0.12,64.1,11.0,5.3,5.31,17.6,NORMAL
S00003563,HT-005,HAUL_TRUCK,775,TRANSMISSION,2024-03-30,7368.4,972.0,N,64.4,19.0,3.8,7.3,6.8,9.0,5.3,2.3,0.033,0.0,0.0,0.15,69.4,12.8,6.9,4.23,18.8,NORMAL
S00003564,HT-005,HAUL_TRUCK,775,TRANSMISSION,2024-05-21,8021.0,36.2,N,25.1,12.1,2.07,4.0,3.0,4.5,1.2,1.3,0.031,0.0,0.0,0.05,65.5,6.4,3.3,6.28,9.5,NORMAL
S00003565,HT-005,HAUL_TRUCK,775,TRANSMISSION,2024-07-11,8647.7,663.0,N,43.3,16.0,3.23,6.8,5.2,8.2,2.9,2.3,0.034,0.0,0.0,0.17,69.4,10.7,5.5,4.97,19.9,NORMAL
S00003566,HT-005,HAUL_TRUCK,775,TRANSMISSION,2024-08-19,9128.5,9.1,N,15.8,9.9,1.44,2.2,2.6,4.9,1.3,1.2,0.023,0.0,0.0,0.05,67.7,6.0,3.4,6.65,6.3,NORMAL
S00003567,HT-005,HAUL_TRUCK,775,TRANSMISSION,2024-09-20,9529.3,409.9,N,33.6,10.4,2.52,6.9,3.7,8.0,2.4,1.5,0.019,0.0,0.0,0.09,69.8,8.6,5.3,5.48,9.5,NORMAL
S00003568,HT-005,HAUL_TRUCK,775,TRANSMISSION,2024-10-27,9983.5,864.1,N,31.5,26.5,4.07,9.4,7.2,10.4,4.0,2.8,0.043,0.0,0.0,0.16,68.4,12.5,6.3,4.81,16.4,NORMAL
S00003569,HT-005,HAUL_TRUCK,775,TRANSMISSION,2024-12-08,10503.7,10.9,N,23.0,11.0,1.68,3.0,2.9,3.3,2.1,1.2,0.032,0.0,0.0,0.06,67.4,6.0,3.8,6.74,7.5,NORMAL
S00003570,HT-005,HAUL_TRUCK,775,TRANSMISSION,2025-01-22,11059.6,566.8,N,34.9,13.7,2.27,5.9,7.1,5.5,2.9,1.9,0.026,0.0,0.0,0.1,70.5,10.9,5.4,4.99,13.2,NORMAL
S00003571,HT-005,HAUL_TRUCK,775,TRANSMISSION,2025-02-27,11509.5,29.4,N,29.1,8.0,1.36,3.5,3.3,4.5,1.9,1.1,0.028,0.0,0.0,0.05,68.8,5.9,3.4,6.75,6.4,NORMAL
S00003572,HT-005,HAUL_TRUCK,775,TRANSMISSION,2025-04-09,12011.9,531.8,N,49.3,16.3,2.76,6.1,6.3,7.7,3.4,2.5,0.022,0.0,0.0,0.11,67.3,10.4,5.1,5.91,21.6,NORMAL
S00003573,HT-005,HAUL_TRUCK,775,TRANSMISSION,2025-05-21,12541.7,16.8,N,18.7,7.2,1.78,3.0,3.8,5.3,1.8,1.0,0.036,0.0,0.0,0.05,66.4,6.3,3.6,7.2,7.3,NORMAL
S00003574,HT-005,HAUL_TRUCK,775,TRANSMISSION,2025-07-05,13100.8,575.9,N,41.0,14.0,3.32,6.3,4.3,7.3,3.3,1.9,0.028,0.0,0.0,0.11,67.5,9.7,5.5,5.38,17.0,NORMAL
S00003575,HT-005,HAUL_TRUCK,775,TRANSMISSION,2025-08-10,13547.6,39.3,N,30.8,9.0,1.82,3.1,4.5,3.6,1.9,1.1,0.031,0.0,0.0,0.06,65.6,6.7,3.6,7.33,10.0,NORMAL
S00003576,HT-005,HAUL_TRUCK,775,TRANSMISSION,2025-09-30,14178.9,670.6,N,42.8,17.5,3.92,6.5,5.3,7.9,6.1,2.7,0.028,0.0,0.0,0.14,69.0,11.8,6.4,4.91,16.0,NORMAL
S00003577,HT-005,HAUL_TRUCK,775,TRANSMISSION,2025-11-08,14660.8,30.5,N,14.3,9.2,1.61,3.4,2.9,3.0,1.6,1.4,0.028,0.0,0.0,0.06,67.8,6.3,3.7,7.24,8.7,NORMAL
S00003578,HT-005,HAUL_TRUCK,775,TRANSMISSION,2025-12-14,15104.7,474.4,N,40.1,13.0,2.64,5.7,5.5,7.4,2.3,1.5,0.042,0.0,0.0,0.11,68.6,9.2,4.8,5.66,10.3,NORMAL
S00003579,HT-005,HAUL_TRUCK,775,TRANSMISSION,2026-01-24,15606.6,976.3,N,44.4,19.6,3.69,9.3,7.4,9.7,4.1,2.1,0.016,0.0,0.0,0.15,71.1,12.0,6.0,4.37,20.3,NORMAL
S00003580,HT-005,HAUL_TRUCK,775,TRANSMISSION,2026-02-26,16024.4,6.4,N,22.7,6.4,1.51,4.1,2.8,4.5,1.4,1.1,0.037,0.0,0.0,0.05,66.6,6.3,3.1,6.46,7.0,NORMAL
S00003581,HT-005,HAUL_TRUCK,775,TRANSMISSION,2026-04-01,16442.8,424.7,N,39.8,9.7,3.21,6.7,4.7,7.3,2.2,1.5,0.021,0.0,0.0,0.11,67.5,9.1,5.4,5.72,14.8,NORMAL
S00003582,HT-005,HAUL_TRUCK,775,TRANSMISSION,2026-05-18,17021.3,47.2,N,22.3,6.2,1.68,4.1,2.9,3.5,1.8,1.4,0.027,0.0,0.0,0.06,67.0,6.5,3.3,6.88,7.2,NORMAL
S00003583,HT-005,HAUL_TRUCK,775,TRANSMISSION,2026-06-25,17492.2,518.2,N,42.1,16.1,3.49,7.8,6.6,6.8,3.3,1.9,0.026,0.0,0.0,0.12,71.9,9.2,5.2,5.87,14.6,NORMAL
S00003600,HT-006,HAUL_TRUCK,775,ENGINE,2023-02-10,6905.0,342.7,N,30.1,8.8,3.29,3.8,10.0,8.0,3.9,3.3,0.029,0.56,0.0,0.59,108.6,15.4,10.9,7.54,11.1,NORMAL
S00003601,HT-006,HAUL_TRUCK,775,ENGINE,2023-03-12,7172.2,21.9,N,11.9,4.8,1.15,2.5,3.0,3.5,2.2,2.2,0.029,0.41,0.0,0.2,108.8,10.1,5.4,10.1,6.4,NORMAL
S00003602,HT-006,HAUL_TRUCK,775,ENGINE,2023-04-02,7362.6,212.2,N,20.9,7.8,2.24,3.8,4.8,7.6,3.1,2.2,0.016,0.33,0.0,0.38,108.2,12.9,7.5,9.23,7.6,NORMAL
S00003603,HT-006,HAUL_TRUCK,775,ENGINE,2023-04-28,7589.9,439.5,N,24.8,10.8,2.86,6.1,6.4,11.3,5.2,3.4,0.026,0.52,0.0,0.71,111.1,16.0,11.4,6.98,10.5,NORMAL
S00003604,HT-006,HAUL_TRUCK,775,ENGINE,2023-05-16,7753.4,49.5,N,11.6,5.5,1.22,3.0,2.5,5.9,2.8,2.0,0.02,0.61,0.0,0.26,108.5,10.2,6.1,10.4,6.4,NORMAL
S00003605,HT-006,HAUL_TRUCK,775,ENGINE,2023-06-07,7950.2,246.3,N,17.8,8.2,2.44,4.7,6.5,8.0,4.5,3.6,0.018,0.75,0.0,0.4,109.9,12.9,8.4,8.3,6.4,NORMAL
S00003606,HT-006,HAUL_TRUCK,775,ENGINE,2023-07-04,8192.1,488.2,N,27.4,11.3,2.7,6.5,6.3,10.9,5.2,4.5,0.024,0.81,0.0,0.67,106.0,18.7,10.4,6.43,10.8,NORMAL
S00003607,HT-006,HAUL_TRUCK,775,ENGINE,2023-07-27,8398.3,45.1,N,11.5,4.4,1.18,2.4,2.8,5.8,3.0,2.4,0.021,0.44,0.0,0.23,109.1,8.4,6.4,10.43,5.5,NORMAL
S00003608,HT-006,HAUL_TRUCK,775,ENGINE,2023-08-23,8639.1,285.9,N,20.5,5.8,2.8,4.4,5.1,9.6,3.8,3.2,0.025,0.72,0.0,0.41,115.5,13.0,9.8,8.0,6.7,NORMAL
S00003609,HT-006,HAUL_TRUCK,775,ENGINE,2023-09-25,8926.4,32.0,N,13.1,4.9,1.08,2.3,2.4,4.1,2.9,1.6,0.016,0.7,0.0,0.18,106.8,9.3,6.5,9.99,6.1,NORMAL
S00003610,HT-006,HAUL_TRUCK,775,ENGINE,2023-10-24,9186.0,291.6,N,21.1,6.9,2.15,3.8,4.4,10.9,4.4,2.8,0.028,0.66,0.0,0.64,108.6,15.5,8.1,7.84,6.5,NORMAL
S00003611,HT-006,HAUL_TRUCK,775,ENGINE,2023-11-21,9431.9,38.8,N,12.7,4.0,0.96,2.6,3.1,4.0,2.7,2.0,0.033,0.79,0.0,0.25,109.0,9.0,6.4,9.58,5.6,NORMAL
S00003612,HT-006,HAUL_TRUCK,775,ENGINE,2023-12-19,9686.1,293.0,N,17.8,6.5,1.96,5.6,5.0,10.6,5.1,2.7,0.019,0.72,0.0,0.54,108.2,13.3,8.6,8.11,9.0,NORMAL
S00003613,HT-006,HAUL_TRUCK,775,ENGINE,2024-01-23,9997.2,2.3,N,9.6,4.1,1.45,2.1,2.9,4.4,1.9,1.6,0.018,0.82,0.0,0.22,111.0,8.2,6.0,9.86,4.1,NORMAL
S00003614,HT-006,HAUL_TRUCK,775,ENGINE,2024-02-25,10292.9,298.1,N,17.9,8.2,2.02,4.5,5.7,7.2,4.2,2.9,0.024,0.43,0.0,0.38,110.8,13.6,9.8,7.61,7.6,NORMAL
S00003615,HT-006,HAUL_TRUCK,775,ENGINE,2024-04-03,10630.8,3.7,N,8.4,3.4,0.96,1.8,2.1,5.0,2.0,1.4,0.016,0.58,0.0,0.13,107.6,9.4,5.3,10.8,4.6,NORMAL
S00003616,HT-006,HAUL_TRUCK,775,ENGINE,2024-05-02,10883.8,256.7,N,20.1,7.1,1.77,3.9,3.6,9.0,4.3,3.8,0.02,0.39,0.0,0.52,110.5,12.6,8.2,8.42,8.3,NORMAL
S00003617,HT-006,HAUL_TRUCK,775,ENGINE,2024-05-30,11135.4,32.0,N,12.7,4.7,0.94,2.0,2.2,5.6,2.8,2.3,0.017,0.41,0.0,0.22,108.2,8.5,7.0,10.76,5.3,NORMAL
S00003618,HT-006,HAUL_TRUCK,775,ENGINE,2024-06-25,11371.9,268.6,N,16.5,6.5,1.7,5.1,6.6,7.6,3.7,3.9,0.036,0.47,0.0,0.34,99.9,12.2,9.0,8.18,6.9,NORMAL
S00003619,HT-006,HAUL_TRUCK,775,ENGINE,2024-07-23,11615.9,2.5,N,10.2,3.5,1.05,2.3,2.1,4.2,1.8,1.9,0.016,0.62,0.0,0.22,110.4,10.5,5.5,10.22,5.4,NORMAL
S00003620,HT-006,HAUL_TRUCK,775,ENGINE,2024-08-15,11818.2,204.8,N,17.4,5.1,1.72,3.2,6.2,9.5,4.1,2.0,0.01,0.55,0.0,0.44,105.9,10.7,6.8,8.56,7.2,NORMAL
S00003621,HT-006,HAUL_TRUCK,775,ENGINE,2024-09-11,12064.3,450.9,N,27.7,7.3,2.13,4.4,7.1,13.2,5.2,3.5,0.021,0.74,0.0,0.65,104.5,17.1,10.6,6.6,12.4,NORMAL
S00003622,HT-006,HAUL_TRUCK,775,ENGINE,2024-09-27,12209.7,23.5,N,11.9,3.6,0.9,2.2,3.1,5.3,1.9,1.4,0.021,0.36,0.0,0.23,111.8,7.5,6.4,9.52,3.9,NORMAL
S00003623,HT-006,HAUL_TRUCK,775,ENGINE,2024-10-24,12443.6,257.4,N,16.0,6.1,2.15,3.8,5.2,7.4,3.6,3.1,0.014,0.51,0.0,0.38,104.0,13.0,10.0,8.09,10.4,NORMAL
S00003624,HT-006,HAUL_TRUCK,775,ENGINE,2024-11-17,12656.4,470.3,N,26.4,9.7,2.49,6.6,7.1,13.6,6.8,4.2,0.253,0.29,0.028,0.65,110.3,16.9,12.8,6.62,9.8,NORMAL
S00003625,HT-006,HAUL_TRUCK,775,ENGINE,2024-12-06,12831.2,6.1,N,11.3,3.9,1.22,2.4,2.9,5.2,5.1,3.8,1.265,0.55,0.153,0.17,108.4,7.9,5.1,10.64,3.7,ACTION
S00003626,HT-006,HAUL_TRUCK,775,ENGINE,2025-01-04,13090.3,265.2,N,19.4,5.2,2.73,3.7,5.2,9.1,14.0,9.9,3.706,0.56,0.452,0.44,105.6,12.1,9.2,8.05,9.0,ACTION
S00003627,HT-006,HAUL_TRUCK,775,ENGINE,2025-02-04,13359.2,49.5,N,14.3,4.1,1.52,2.9,3.1,5.8,19.3,16.0,7.142,1.86,0.875,0.33,102.2,9.8,5.9,10.48,4.2,ACTION
S00003628,HT-006,HAUL_TRUCK,775,ENGINE,2025-03-08,13651.0,341.2,N,25.8,10.6,2.19,5.7,6.2,11.6,5.6,3.3,0.021,4.9,0.0,0.71,94.1,14.3,10.4,6.62,8.6,NORMAL
S00003629,HT-006,HAUL_TRUCK,775,ENGINE,2025-04-08,13919.8,5.7,N,9.1,6.9,1.12,4.0,2.2,4.2,2.7,1.6,0.023,9.2,0.0,0.61,77.1,8.3,5.1,10.27,6.4,MONITOR
S00003630,HT-006,HAUL_TRUCK,775,ENGINE,2025-05-15,14249.5,335.5,N,44.4,28.1,2.05,23.8,6.3,6.2,4.3,3.0,0.016,0.92,0.0,0.59,110.5,13.6,9.6,7.46,25.7,ACTION
S00003631,HT-006,HAUL_TRUCK,775,ENGINE,2025-06-17,14544.5,40.6,N,9.4,4.5,1.28,2.2,2.9,5.6,2.3,1.6,0.022,0.62,0.0,0.24,106.4,8.3,6.7,9.49,4.9,NORMAL
S00003632,HT-006,HAUL_TRUCK,775,ENGINE,2025-07-11,14756.3,252.4,N,21.5,7.3,2.38,3.9,4.9,8.9,4.4,2.9,0.02,0.52,0.0,0.44,106.9,12.7,8.9,8.53,6.6,NORMAL
S00003633,HT-006,HAUL_TRUCK,775,ENGINE,2025-08-17,15086.6,1.9,N,7.4,4.6,1.22,2.2,2.4,4.5,1.8,1.4,0.024,0.56,0.0,0.19,105.7,8.1,6.1,11.08,5.0,NORMAL
S00003634,HT-006,HAUL_TRUCK,775,ENGINE,2025-09-13,15327.2,242.5,N,17.1,6.3,2.15,3.6,3.9,8.6,3.5,3.4,0.014,0.56,0.0,0.38,105.5,13.8,8.5,7.9,8.1,NORMAL
S00003635,HT-006,HAUL_TRUCK,775,ENGINE,2025-10-17,15633.2,20.6,N,9.1,2.6,1.22,2.6,3.0,4.7,2.4,2.0,0.029,0.84,0.0,0.25,107.1,9.7,5.9,9.71,5.1,NORMAL
S00003636,HT-006,HAUL_TRUCK,775,ENGINE,2025-11-19,15928.1,315.5,N,14.2,7.9,1.79,4.5,6.8,10.7,5.4,2.1,0.013,0.38,0.0,0.45,107.3,14.1,8.8,8.21,9.7,NORMAL
S00003637,HT-006,HAUL_TRUCK,775,ENGINE,2025-12-18,16184.2,39.9,N,13.0,3.9,1.19,2.5,2.9,6.7,2.4,1.8,0.016,0.69,0.0,0.24,103.5,8.1,5.6,9.71,5.1,NORMAL
S00003638,HT-006,HAUL_TRUCK,775,ENGINE,2026-01-11,16400.4,256.1,N,21.8,6.0,1.66,5.1,5.0,10.3,4.4,2.8,0.018,0.53,0.0,0.45,109.8,13.5,9.1,7.88,8.2,NORMAL
S00003639,HT-006,HAUL_TRUCK,775,ENGINE,2026-02-08,16647.2,9.3,N,9.9,4.5,1.07,2.0,2.4,5.4,2.6,1.8,0.021,0.52,0.0,0.24,108.9,9.3,5.2,10.33,5.0,NORMAL
S00003640,HT-006,HAUL_TRUCK,775,ENGINE,2026-03-01,16833.1,195.2,N,16.4,7.8,1.77,2.8,4.4,9.2,3.4,2.0,0.027,0.88,0.0,0.41,106.8,11.8,8.1,8.7,6.9,NORMAL
S00003641,HT-006,HAUL_TRUCK,775,ENGINE,2026-03-29,17087.6,449.7,N,18.7,8.9,2.72,5.0,7.3,11.5,5.7,3.7,0.017,0.59,0.0,0.72,104.1,18.3,11.5,6.43,8.3,NORMAL
S00003642,HT-006,HAUL_TRUCK,775,ENGINE,2026-04-26,17337.7,10.9,N,9.9,4.1,1.18,2.6,2.9,5.4,2.1,1.4,0.032,0.47,0.0,0.21,110.4,9.0,6.1,10.13,4.7,NORMAL
S00003643,HT-006,HAUL_TRUCK,775,ENGINE,2026-05-21,17559.1,232.3,N,14.9,5.4,2.41,4.7,5.1,8.2,5.1,3.2,0.024,0.6,0.0,0.46,107.0,12.9,8.1,8.73,8.8,NORMAL
S00003644,HT-006,HAUL_TRUCK,775,ENGINE,2026-06-20,17822.9,496.1,N,26.8,7.5,3.53,6.2,5.1,10.6,5.0,3.5,0.015,0.79,0.0,0.65,110.0,17.9,12.4,6.11,10.5,NORMAL
S00003682,HT-006,HAUL_TRUCK,775,FINAL_DRIVE,2023-04-24,7542.8,1469.1,N,86.5,11.5,5.63,8.1,8.1,9.8,3.4,2.4,0.033,0.0,0.0,0.08,98.9,7.3,5.1,4.32,39.7,NORMAL
S00003683,HT-006,HAUL_TRUCK,775,FINAL_DRIVE,2023-07-23,8344.1,5.3,N,48.5,3.9,3.1,4.4,3.5,14.4,1.5,0.8,1.667,0.0,0.0,0.02,101.5,4.3,3.0,5.98,15.4,MONITOR
S00003684,HT-006,HAUL_TRUCK,775,FINAL_DRIVE,2023-10-21,9145.4,806.6,N,70.8,11.1,5.2,7.1,6.1,6.1,3.2,2.6,0.052,0.0,0.0,0.05,100.5,5.9,3.9,4.74,30.9,NORMAL
S00003685,HT-006,HAUL_TRUCK,775,FINAL_DRIVE,2024-01-19,9946.7,1607.9,N,163.9,10.1,6.01,7.6,6.9,29.8,3.9,2.2,3.468,0.0,0.0,0.06,101.6,9.5,4.8,4.02,33.5,ACTION
S00003686,HT-006,HAUL_TRUCK,775,FINAL_DRIVE,2024-04-18,10748.0,10.3,N,55.1,5.1,3.04,3.8,2.3,5.7,1.6,1.0,0.03,0.0,0.0,0.02,99.7,5.0,3.1,6.06,19.7,NORMAL
S00003687,HT-006,HAUL_TRUCK,775,FINAL_DRIVE,2024-06-20,11313.1,575.4,N,61.4,7.3,5.19,7.1,5.1,9.6,2.6,1.9,0.077,0.0,0.0,0.05,98.3,7.0,3.7,5.47,24.0,NORMAL
S00003688,HT-006,HAUL_TRUCK,775,FINAL_DRIVE,2024-09-18,12114.4,1376.7,N,106.5,9.4,7.4,8.2,6.4,12.1,3.0,3.1,0.06,0.0,0.0,0.05,101.5,8.8,4.6,4.78,37.5,NORMAL
S00003689,HT-006,HAUL_TRUCK,775,FINAL_DRIVE,2024-12-17,12915.7,36.7,N,54.3,6.6,2.72,4.5,4.0,4.6,1.6,1.1,0.07,0.0,0.0,0.02,102.4,5.1,2.7,6.2,18.7,NORMAL
S00003690,HT-006,HAUL_TRUCK,775,FINAL_DRIVE,2025-03-07,13622.6,743.5,N,74.4,8.6,4.83,7.8,5.1,8.6,4.0,1.6,0.046,0.0,0.0,0.05,99.9,6.9,3.7,5.01,31.8,NORMAL
S00003691,HT-006,HAUL_TRUCK,775,FINAL_DRIVE,2025-06-05,14423.9,1544.8,N,132.4,13.1,6.56,12.8,8.5,12.9,4.0,2.5,0.059,0.0,0.0,0.07,99.8,8.7,4.2,4.01,44.6,NORMAL
S00003692,HT-006,HAUL_TRUCK,775,FINAL_DRIVE,2025-09-03,15225.2,4.6,N,48.4,4.3,2.97,4.3,2.8,4.2,1.8,1.4,0.073,0.0,0.0,0.03,99.7,5.2,3.3,6.08,17.0,NORMAL
S00003693,HT-006,HAUL_TRUCK,775,FINAL_DRIVE,2025-11-14,15867.5,646.9,N,57.4,6.0,3.93,7.5,5.0,7.0,3.0,1.7,0.054,0.0,0.0,0.04,95.4,7.6,3.7,5.07,21.3,NORMAL
S00003694,HT-006,HAUL_TRUCK,775,FINAL_DRIVE,2026-02-12,16668.8,1448.2,N,95.1,10.8,6.35,11.5,9.0,6.9,3.3,2.2,0.044,0.0,0.0,0.06,99.9,9.2,4.5,4.44,33.6,NORMAL
S00003695,HT-006,HAUL_TRUCK,775,FINAL_DRIVE,2026-05-13,17470.1,8.4,N,62.5,4.7,2.35,3.0,3.7,5.5,1.8,1.1,0.03,0.0,0.0,0.03,102.1,5.5,2.7,6.04,15.9,NORMAL
S00003645,HT-006,HAUL_TRUCK,775,HYDRAULIC,2023-04-19,7542.8,59.9,N,6.4,2.1,0.57,1.2,1.9,3.1,1.3,1.4,0.026,0.0,0.0,0.03,45.6,5.7,3.2,4.36,4.2,NORMAL
S00003646,HT-006,HAUL_TRUCK,775,HYDRAULIC,2023-07-18,8344.1,861.2,N,9.1,3.7,0.85,2.6,3.6,6.6,3.6,1.7,0.02,0.0,0.0,0.04,45.2,7.6,4.1,4.02,5.8,NORMAL
S00003647,HT-006,HAUL_TRUCK,775,HYDRAULIC,2023-10-16,9145.4,1662.5,N,18.3,4.7,1.04,3.1,3.0,4.9,4.8,2.7,0.023,0.0,0.0,0.08,47.1,11.1,4.6,2.96,7.7,NORMAL
S00003648,HT-006,HAUL_TRUCK,775,HYDRAULIC,2024-01-14,9946.7,3.3,N,7.2,1.7,0.63,0.8,1.3,3.4,1.8,1.1,0.046,0.0,0.0,0.03,46.3,5.4,2.7,4.46,3.7,NORMAL
S00003649,HT-006,HAUL_TRUCK,775,HYDRAULIC,2024-04-13,10748.0,804.6,N,9.2,4.3,0.99,1.7,2.4,4.8,2.7,2.0,0.018,0.0,0.0,0.05,48.3,7.3,3.7,4.22,6.6,NORMAL
S00003650,HT-006,HAUL_TRUCK,775,HYDRAULIC,2024-07-12,11549.3,1605.9,N,11.9,3.9,1.22,2.5,5.0,10.3,3.7,2.3,0.032,0.0,0.0,0.08,46.4,11.1,4.6,3.27,9.6,NORMAL
S00003651,HT-006,HAUL_TRUCK,775,HYDRAULIC,2024-10-10,12350.6,39.7,N,7.3,2.4,0.56,1.0,1.8,3.8,1.6,1.2,0.044,0.0,0.0,0.02,44.3,5.9,2.9,4.62,4.6,NORMAL
S00003652,HT-006,HAUL_TRUCK,775,HYDRAULIC,2025-01-08,13151.9,841.0,N,9.4,3.5,1.39,1.9,2.7,3.8,2.1,2.0,0.021,0.0,0.0,0.04,45.5,7.9,3.3,3.48,6.9,NORMAL
S00003653,HT-006,HAUL_TRUCK,775,HYDRAULIC,2025-04-08,13953.2,1642.3,N,15.7,5.2,1.18,2.9,4.4,7.0,3.7,2.9,0.026,0.0,0.0,0.09,45.9,10.6,4.9,3.14,8.2,NORMAL
S00003654,HT-006,HAUL_TRUCK,775,HYDRAULIC,2025-06-28,14669.5,50.8,N,5.2,2.4,0.58,0.9,1.7,2.6,1.5,0.9,0.026,0.0,0.0,0.03,46.4,5.6,3.0,4.54,2.6,NORMAL
S00003655,HT-006,HAUL_TRUCK,775,HYDRAULIC,2025-09-26,15470.8,852.1,N,10.2,3.4,0.84,1.7,2.8,5.7,2.8,2.3,0.039,0.0,0.0,0.04,47.5,8.8,4.2,3.81,7.2,NORMAL
S00003656,HT-006,HAUL_TRUCK,775,HYDRAULIC,2025-12-25,16272.1,1653.4,N,14.1,4.4,0.97,2.6,4.0,8.5,4.2,2.4,0.019,0.0,0.0,0.07,44.9,11.6,4.3,2.9,8.3,NORMAL
S00003657,HT-006,HAUL_TRUCK,775,HYDRAULIC,2026-03-25,17073.4,5.2,N,7.0,2.0,0.45,1.0,1.8,3.2,1.5,1.1,0.024,0.0,0.0,0.02,44.4,6.5,2.4,4.62,2.7,NORMAL
S00003658,HT-006,HAUL_TRUCK,775,HYDRAULIC,2026-06-23,17874.7,806.5,N,10.4,3.1,0.92,2.1,3.0,4.8,2.4,1.7,0.031,0.0,0.0,0.05,44.8,8.1,3.9,3.57,5.8,NORMAL
S00003659,HT-006,HAUL_TRUCK,775,TRANSMISSION,2023-03-04,7281.1,28.0,N,16.8,6.6,1.88,3.6,2.6,3.4,1.8,1.4,0.054,0.0,0.0,0.05,65.6,6.3,3.8,6.98,7.8,NORMAL
S00003660,HT-006,HAUL_TRUCK,775,TRANSMISSION,2023-05-04,7823.1,570.0,N,43.7,14.6,2.31,6.3,6.0,8.2,2.9,2.1,0.047,0.0,0.0,0.12,67.0,9.6,5.0,5.32,16.3,NORMAL
S00003661,HT-006,HAUL_TRUCK,775,TRANSMISSION,2023-06-18,8225.6,972.6,N,73.4,24.6,4.93,7.2,7.7,8.3,4.8,3.6,0.027,0.0,0.0,0.14,67.7,12.0,6.3,3.55,27.3,MONITOR
S00003662,HT-006,HAUL_TRUCK,775,TRANSMISSION,2023-08-03,8637.9,52.4,N,17.7,5.7,1.89,4.3,2.4,4.2,1.6,1.1,0.028,0.0,0.0,0.06,68.1,7.2,3.6,6.68,7.1,NORMAL
S00003663,HT-006,HAUL_TRUCK,775,TRANSMISSION,2023-09-26,9118.5,533.0,N,42.2,16.7,2.6,8.6,4.9,6.8,3.3,2.0,0.018,0.0,0.0,0.12,64.9,9.1,6.1,5.44,11.7,NORMAL
S00003664,HT-006,HAUL_TRUCK,775,TRANSMISSION,2023-12-15,9824.6,29.8,N,20.7,7.1,2.01,2.8,2.9,4.8,2.1,1.1,0.028,0.0,0.0,0.05,67.2,6.3,3.8,6.81,8.9,NORMAL
S00003665,HT-006,HAUL_TRUCK,775,TRANSMISSION,2024-01-25,10190.1,395.3,N,58.1,12.3,4.1,5.9,4.7,7.0,3.3,1.8,0.023,0.0,0.0,0.08,70.5,9.2,5.7,6.12,27.0,NORMAL
S00003666,HT-006,HAUL_TRUCK,775,TRANSMISSION,2024-03-26,10735.2,940.4,N,41.4,15.2,4.41,9.2,6.6,8.0,4.1,3.7,0.026,0.0,0.0,0.18,67.5,11.2,7.8,4.22,16.0,NORMAL
S00003667,HT-006,HAUL_TRUCK,775,TRANSMISSION,2024-06-06,11378.1,35.8,N,23.1,9.5,2.33,3.9,2.8,3.3,1.4,1.1,0.032,0.0,0.0,0.05,68.4,5.8,3.7,6.87,6.8,NORMAL
S00003668,HT-006,HAUL_TRUCK,775,TRANSMISSION,2024-08-10,11955.6,613.3,N,39.7,14.6,2.86,5.9,6.2,8.5,3.1,1.8,0.026,0.0,0.0,0.11,65.2,9.9,5.5,5.46,18.4,NORMAL
S00003669,HT-006,HAUL_TRUCK,775,TRANSMISSION,2024-09-15,12277.1,934.8,N,60.3,13.6,5.01,6.3,7.2,13.4,3.1,3.3,0.037,0.0,0.0,0.17,68.6,12.3,7.5,4.46,21.2,NORMAL
S00003670,HT-006,HAUL_TRUCK,775,TRANSMISSION,2024-11-10,12772.4,37.5,N,22.2,8.8,2.25,2.9,2.6,4.6,1.6,1.3,0.036,0.0,0.0,0.06,69.5,7.1,3.4,6.18,10.5,NORMAL
S00003671,HT-006,HAUL_TRUCK,775,TRANSMISSION,2025-01-16,13369.8,634.9,N,32.2,15.6,3.67,5.4,5.8,8.7,3.7,2.8,0.029,0.0,0.0,0.14,66.3,11.2,5.5,5.23,17.4,NORMAL
S00003672,HT-006,HAUL_TRUCK,775,TRANSMISSION,2025-03-01,13763.3,53.0,N,19.1,7.3,1.81,3.8,3.9,3.5,1.8,0.9,0.017,0.0,0.0,0.06,67.4,6.0,3.7,6.79,7.5,NORMAL
S00003673,HT-006,HAUL_TRUCK,775,TRANSMISSION,2025-04-15,14166.0,455.7,N,36.8,15.0,2.58,6.4,3.5,5.9,3.2,2.0,0.027,0.0,0.0,0.11,68.5,9.0,4.6,5.78,17.9,NORMAL
S00003674,HT-006,HAUL_TRUCK,775,TRANSMISSION,2025-05-24,14506.9,796.7,N,62.0,19.3,5.96,6.7,6.0,9.1,2.9,3.2,0.037,0.0,0.0,0.13,69.4,11.6,6.8,5.0,14.7,NORMAL
S00003675,HT-006,HAUL_TRUCK,775,TRANSMISSION,2025-07-24,15056.4,50.0,N,23.3,8.1,1.81,5.4,2.9,5.3,2.0,1.0,0.026,0.0,0.0,0.05,65.5,7.4,3.4,6.22,7.0,NORMAL
S00003676,HT-006,HAUL_TRUCK,775,TRANSMISSION,2025-09-08,15464.3,458.0,N,34.0,19.9,2.65,6.5,7.3,5.8,2.3,2.0,0.026,0.0,0.0,0.09,68.4,8.8,5.7,5.84,15.4,NORMAL
S00003677,HT-006,HAUL_TRUCK,775,TRANSMISSION,2025-11-07,15993.6,987.2,N,52.1,20.8,3.93,9.6,10.0,12.9,4.5,3.9,0.049,0.0,0.0,0.16,69.3,12.0,6.3,4.53,18.5,MONITOR
S00003678,HT-006,HAUL_TRUCK,775,TRANSMISSION,2026-01-09,16560.0,49.0,N,19.9,7.7,1.99,2.9,2.2,3.0,2.4,1.1,0.023,0.0,0.0,0.06,69.1,7.1,3.4,7.18,6.4,NORMAL
S00003679,HT-006,HAUL_TRUCK,775,TRANSMISSION,2026-03-04,17043.5,532.5,N,37.8,14.8,2.89,6.8,6.2,8.2,3.2,2.6,0.027,0.0,0.0,0.12,66.4,9.5,5.4,5.38,14.6,NORMAL
S00003680,HT-006,HAUL_TRUCK,775,TRANSMISSION,2026-05-03,17577.0,21.2,N,27.8,8.4,1.86,4.0,2.4,4.2,1.5,1.1,0.042,0.0,0.0,0.06,67.6,6.9,3.5,6.81,7.7,NORMAL
S00003681,HT-006,HAUL_TRUCK,775,TRANSMISSION,2026-06-23,18025.9,470.1,N,37.4,14.0,3.39,5.1,4.7,6.8,2.3,1.8,0.031,0.0,0.0,0.11,69.9,9.8,4.9,5.39,13.0,NORMAL
S00003696,HT-007,HAUL_TRUCK,775,ENGINE,2023-02-13,5904.7,22.8,N,9.7,5.3,0.88,2.3,2.7,6.4,2.3,1.8,0.012,0.81,0.0,0.23,112.8,9.0,6.1,10.2,4.9,NORMAL
S00003697,HT-007,HAUL_TRUCK,775,ENGINE,2023-03-10,6166.9,285.1,N,22.7,7.3,1.67,4.1,6.0,8.6,4.5,3.7,0.018,0.52,0.0,0.43,106.6,13.8,6.9,7.88,7.4,NORMAL
S00003698,HT-007,HAUL_TRUCK,775,ENGINE,2023-04-03,6418.7,52.6,N,9.4,5.5,1.1,2.9,3.0,4.9,2.0,2.5,0.014,0.4,0.0,0.27,102.4,9.3,6.3,9.82,4.9,NORMAL
S00003699,HT-007,HAUL_TRUCK,775,ENGINE,2023-05-03,6727.3,361.1,N,25.6,7.1,2.85,4.4,4.3,7.9,4.4,4.1,0.023,0.7,0.0,0.66,110.3,13.1,11.7,6.56,13.4,NORMAL
S00003700,HT-007,HAUL_TRUCK,775,ENGINE,2023-05-25,6957.9,59.7,N,15.1,3.5,1.35,2.3,3.1,5.2,2.1,1.9,0.018,0.87,0.0,0.27,111.3,9.7,6.0,9.62,5.5,NORMAL
S00003701,HT-007,HAUL_TRUCK,775,ENGINE,2023-06-25,7288.7,390.5,N,20.2,9.4,2.44,5.1,7.9,8.6,4.4,4.2,0.025,0.63,0.0,0.59,105.5,13.6,9.6,7.59,7.4,NORMAL
S00003702,HT-007,HAUL_TRUCK,775,ENGINE,2023-07-18,7526.2,55.1,N,12.6,3.8,1.37,2.4,2.9,5.1,2.5,2.1,0.017,0.59,0.0,0.21,107.7,10.2,6.3,9.99,4.1,NORMAL
S00003703,HT-007,HAUL_TRUCK,775,ENGINE,2023-08-07,7738.7,267.7,N,22.6,6.2,2.59,3.1,4.9,8.7,4.1,3.5,0.022,0.83,0.0,0.42,104.8,13.5,9.6,8.4,8.1,NORMAL
S00003704,HT-007,HAUL_TRUCK,775,ENGINE,2023-08-28,7956.6,485.6,N,25.8,8.9,2.55,5.3,6.2,11.5,5.2,4.9,0.017,0.3,0.0,0.81,107.3,16.9,11.4,6.31,11.9,NORMAL
S00003705,HT-007,HAUL_TRUCK,775,ENGINE,2023-09-27,8265.0,46.0,N,11.7,3.9,1.35,2.2,3.2,7.4,2.7,1.7,0.02,0.59,0.0,0.25,109.7,9.2,6.7,10.46,4.8,NORMAL
S00003706,HT-007,HAUL_TRUCK,775,ENGINE,2023-10-20,8507.6,288.6,N,18.5,7.0,1.85,4.9,5.5,15.3,4.2,2.6,0.021,0.44,0.0,0.43,110.4,13.9,9.4,8.15,7.4,NORMAL
S00003707,HT-007,HAUL_TRUCK,775,ENGINE,2023-11-15,8773.0,46.2,N,17.6,4.3,1.65,2.8,7.5,22.1,3.0,2.5,0.04,0.77,0.0,0.25,110.8,8.5,6.1,10.02,4.3,NORMAL
S00003708,HT-007,HAUL_TRUCK,775,ENGINE,2023-12-11,9049.2,322.4,N,33.2,7.4,2.01,3.9,15.7,42.9,4.5,2.9,0.02,0.89,0.0,0.56,108.4,16.8,9.7,7.49,9.5,ACTION
S00003709,HT-007,HAUL_TRUCK,775,ENGINE,2024-01-04,9295.1,45.9,N,12.7,4.3,1.33,2.9,3.1,6.3,2.4,1.7,0.032,0.88,0.0,0.28,111.0,9.7,5.4,9.87,5.9,NORMAL
S00003710,HT-007,HAUL_TRUCK,775,ENGINE,2024-01-25,9518.8,269.6,N,18.8,8.7,2.28,5.1,6.8,7.2,3.8,2.8,0.017,0.41,0.0,0.43,110.0,14.0,7.8,9.64,12.4,NORMAL
S00003711,HT-007,HAUL_TRUCK,775,ENGINE,2024-02-16,9749.6,45.7,N,10.3,4.0,1.43,2.3,3.3,4.8,2.4,1.5,0.028,0.7,0.0,0.21,110.0,9.6,6.7,9.86,4.8,NORMAL
S00003712,HT-007,HAUL_TRUCK,775,ENGINE,2024-03-10,9991.6,287.7,N,17.1,7.5,2.2,3.6,5.2,7.2,3.7,2.8,0.023,0.63,0.0,0.4,107.6,13.5,9.4,7.76,10.2,NORMAL
S00003713,HT-007,HAUL_TRUCK,775,ENGINE,2024-04-03,10239.8,40.2,N,9.2,4.0,1.32,2.6,3.1,4.9,2.3,2.0,0.024,0.7,0.0,0.23,107.1,9.7,5.8,9.15,5.4,NORMAL
S00003714,HT-007,HAUL_TRUCK,775,ENGINE,2024-04-28,10501.9,302.2,N,26.0,8.5,1.9,6.0,6.8,11.0,4.2,2.8,0.018,0.68,0.0,0.43,104.8,13.1,8.0,7.79,9.0,NORMAL
S00003715,HT-007,HAUL_TRUCK,775,ENGINE,2024-05-11,10637.2,437.6,N,26.7,8.6,2.47,6.8,7.1,10.9,5.8,4.6,0.02,0.5,0.0,0.63,107.6,15.0,11.0,6.83,11.3,NORMAL
S00003716,HT-007,HAUL_TRUCK,775,ENGINE,2024-06-12,10969.1,43.9,N,11.2,4.4,1.24,2.5,3.7,4.9,2.3,2.0,0.025,0.57,0.0,0.28,106.1,8.9,5.7,10.16,5.3,NORMAL
S00003717,HT-007,HAUL_TRUCK,775,ENGINE,2024-07-13,11293.5,368.3,N,26.0,8.5,2.11,5.1,5.2,10.0,4.5,3.6,0.023,0.53,0.0,0.52,109.8,15.7,12.5,6.93,9.8,NORMAL
S00003718,HT-007,HAUL_TRUCK,775,ENGINE,2024-08-09,11577.2,48.9,N,10.4,3.9,1.44,2.2,3.4,4.0,3.6,3.0,0.019,0.41,0.0,0.26,110.1,8.4,5.6,10.76,4.9,NORMAL
S00003719,HT-007,HAUL_TRUCK,775,ENGINE,2024-09-05,11853.7,325.4,N,23.5,7.0,1.92,5.1,6.5,6.4,4.4,4.0,0.032,0.45,0.0,0.58,106.2,13.6,9.3,7.98,9.1,NORMAL
S00003720,HT-007,HAUL_TRUCK,775,ENGINE,2024-09-27,12081.2,45.3,N,14.9,4.8,1.15,2.7,3.8,5.2,2.7,2.0,0.022,0.66,0.0,0.3,108.5,9.1,5.9,10.31,7.2,NORMAL
S00003721,HT-007,HAUL_TRUCK,775,ENGINE,2024-10-22,12345.9,310.1,N,18.1,8.6,2.29,5.0,7.0,8.0,4.0,3.1,0.014,0.63,0.0,0.5,107.0,13.4,9.2,8.33,7.1,NORMAL
S00003722,HT-007,HAUL_TRUCK,775,ENGINE,2024-11-18,12630.1,55.5,N,11.3,4.6,1.38,2.5,3.8,4.6,2.8,1.9,0.017,0.46,0.0,0.26,108.3,9.9,6.7,8.91,6.5,NORMAL
S00003723,HT-007,HAUL_TRUCK,775,ENGINE,2024-12-11,12867.5,293.0,N,18.3,5.5,2.06,4.4,4.7,7.3,4.2,3.7,0.028,0.38,0.0,0.55,109.9,14.6,9.3,8.51,9.6,NORMAL
S00003724,HT-007,HAUL_TRUCK,775,ENGINE,2025-01-09,13166.1,47.9,N,12.9,4.6,1.39,2.0,2.8,4.6,2.5,2.0,0.024,0.68,0.0,0.28,108.4,9.6,6.2,10.93,4.8,NORMAL
S00003725,HT-007,HAUL_TRUCK,775,ENGINE,2025-01-30,13388.0,269.7,N,16.1,8.5,2.21,4.3,6.5,6.8,3.8,3.2,0.021,0.63,0.0,0.5,112.1,12.5,8.3,7.91,6.8,NORMAL
S00003726,HT-007,HAUL_TRUCK,775,ENGINE,2025-02-28,13695.7,16.7,N,10.7,4.4,1.02,2.5,3.7,5.2,2.0,2.3,0.029,0.92,0.0,0.22,108.0,9.6,6.0,9.75,5.4,NORMAL
S00003727,HT-007,HAUL_TRUCK,775,ENGINE,2025-03-29,13990.4,311.4,N,15.8,8.0,2.27,4.2,7.7,7.5,4.7,3.8,0.034,0.89,0.0,0.43,110.1,14.4,9.6,8.12,6.9,NORMAL
S00003728,HT-007,HAUL_TRUCK,775,ENGINE,2025-04-21,14237.8,58.6,N,10.5,4.4,1.24,2.4,3.5,7.1,2.1,2.4,0.02,0.52,0.0,0.28,107.9,10.2,6.1,9.18,6.8,NORMAL
S00003729,HT-007,HAUL_TRUCK,775,ENGINE,2025-05-18,14514.9,335.6,N,18.9,7.9,2.19,4.9,6.8,10.6,5.9,3.7,0.016,0.39,0.0,0.48,107.3,13.2,9.8,7.09,12.5,NORMAL
S00003730,HT-007,HAUL_TRUCK,775,ENGINE,2025-06-07,14725.8,6.3,N,11.0,3.6,1.06,2.3,2.8,4.0,2.2,1.8,0.02,0.57,0.0,0.18,109.5,8.9,5.8,10.88,5.0,NORMAL
S00003731,HT-007,HAUL_TRUCK,775,ENGINE,2025-07-03,14992.0,272.6,N,17.9,6.8,2.33,3.3,7.4,9.5,4.4,3.8,0.027,0.46,0.0,0.48,109.7,14.3,9.0,8.09,8.3,NORMAL
S00003732,HT-007,HAUL_TRUCK,775,ENGINE,2025-07-20,15172.4,453.0,N,35.9,10.2,3.02,5.6,8.0,13.3,5.6,4.2,0.021,0.74,0.0,0.73,107.7,18.0,10.0,6.38,11.9,NORMAL
S00003733,HT-007,HAUL_TRUCK,775,ENGINE,2025-08-12,15408.7,52.3,N,8.9,5.1,1.37,2.4,4.1,5.1,2.0,1.9,0.021,0.62,0.0,0.25,110.0,9.3,6.6,9.93,5.7,NORMAL
S00003734,HT-007,HAUL_TRUCK,775,ENGINE,2025-09-03,15644.2,287.8,N,18.9,7.2,1.88,3.9,4.5,9.0,3.9,2.7,0.034,0.38,0.0,0.49,106.6,14.0,9.5,7.56,8.1,NORMAL
S00003735,HT-007,HAUL_TRUCK,775,ENGINE,2025-10-03,15957.4,32.1,N,9.8,4.4,1.26,2.3,2.6,5.9,1.9,1.4,0.02,0.52,0.0,0.22,108.6,8.5,5.7,10.96,6.1,NORMAL
S00003736,HT-007,HAUL_TRUCK,775,ENGINE,2025-11-03,16284.5,359.2,N,16.1,11.0,1.97,3.3,4.6,9.8,4.8,2.7,0.016,0.7,0.0,0.54,110.8,15.0,9.8,7.44,12.7,NORMAL
S00003737,HT-007,HAUL_TRUCK,775,ENGINE,2025-12-03,16593.0,25.1,N,10.3,5.4,1.05,2.6,4.1,4.1,2.1,1.3,0.028,0.41,0.0,0.19,115.7,8.5,5.8,10.86,4.2,NORMAL
S00003738,HT-007,HAUL_TRUCK,775,ENGINE,2025-12-20,16770.6,202.7,N,17.6,6.0,1.39,3.5,3.3,8.3,3.3,3.5,0.042,0.52,0.0,0.38,115.2,11.6,8.2,8.86,6.7,NORMAL
S00003739,HT-007,HAUL_TRUCK,775,ENGINE,2026-01-09,16974.1,406.1,N,24.3,8.5,2.56,5.1,6.0,11.1,4.2,4.6,0.021,0.7,0.0,0.65,109.9,15.5,9.5,6.65,10.2,NORMAL
S00003740,HT-007,HAUL_TRUCK,775,ENGINE,2026-02-03,17239.6,4.0,N,10.7,3.0,1.22,2.9,3.3,4.1,2.0,1.4,0.032,0.57,0.0,0.2,108.4,8.8,5.3,9.92,4.2,NORMAL
S00003741,HT-007,HAUL_TRUCK,775,ENGINE,2026-03-01,17513.4,277.8,N,25.5,8.7,1.75,4.8,5.7,6.6,4.9,3.2,0.021,0.74,0.0,0.47,108.1,12.6,8.4,7.49,9.3,NORMAL
S00003742,HT-007,HAUL_TRUCK,775,ENGINE,2026-04-03,17859.7,50.5,N,11.3,2.9,1.44,2.9,2.7,4.4,2.7,2.1,0.019,0.59,0.0,0.26,106.4,9.3,6.7,10.11,4.9,NORMAL
S00003743,HT-007,HAUL_TRUCK,775,ENGINE,2026-04-27,18104.1,294.9,N,16.0,6.0,2.31,4.5,4.5,10.4,4.0,2.6,0.017,0.43,0.0,0.56,112.6,12.4,9.2,8.02,7.0,NORMAL
S00003744,HT-007,HAUL_TRUCK,775,ENGINE,2026-05-20,18344.3,12.4,N,7.4,4.5,1.31,3.4,3.2,3.1,2.4,1.7,0.031,0.57,0.0,0.2,106.7,8.4,5.6,10.0,3.3,NORMAL
S00003745,HT-007,HAUL_TRUCK,775,ENGINE,2026-06-14,18607.9,276.0,N,15.2,5.1,1.99,4.7,4.8,8.7,5.2,3.8,0.019,0.51,0.0,0.48,107.0,12.0,8.3,7.99,6.9,NORMAL
S00003785,HT-007,HAUL_TRUCK,775,FINAL_DRIVE,2023-04-19,6632.5,1395.1,N,93.8,9.1,6.94,11.0,6.4,9.7,4.3,2.7,0.076,0.0,0.0,0.06,98.8,8.2,4.6,3.93,40.4,NORMAL
S00003786,HT-007,HAUL_TRUCK,775,FINAL_DRIVE,2023-07-18,7571.6,16.6,N,56.2,4.7,2.79,5.3,3.2,3.8,1.8,1.1,0.056,0.0,0.0,0.02,104.4,4.7,2.3,5.32,17.9,NORMAL
S00003787,HT-007,HAUL_TRUCK,775,FINAL_DRIVE,2023-10-16,8510.7,955.7,N,88.7,9.1,4.15,7.5,6.0,10.8,3.1,2.2,0.061,0.0,0.0,0.06,98.7,6.5,4.2,4.04,25.7,NORMAL
S00003788,HT-007,HAUL_TRUCK,775,FINAL_DRIVE,2024-01-14,9449.8,1894.8,N,152.8,14.5,7.22,11.6,10.6,13.3,3.5,2.9,0.05,0.0,0.0,0.08,99.9,9.9,4.6,3.52,43.5,NORMAL
S00003789,HT-007,HAUL_TRUCK,775,FINAL_DRIVE,2024-04-13,10388.9,34.6,N,54.8,4.9,2.78,3.8,3.0,6.2,1.7,1.3,0.044,0.0,0.0,0.02,104.0,5.4,2.7,5.32,14.3,NORMAL
S00003790,HT-007,HAUL_TRUCK,775,FINAL_DRIVE,2024-07-12,11328.0,973.7,N,84.2,8.2,3.65,6.9,5.4,8.6,2.2,1.6,0.085,0.0,0.0,0.06,100.8,7.7,4.1,4.85,32.6,NORMAL
S00003791,HT-007,HAUL_TRUCK,775,FINAL_DRIVE,2024-10-07,12237.7,1883.4,N,174.5,15.3,6.2,9.9,9.7,33.6,3.9,2.5,3.649,0.0,0.0,0.08,99.6,9.5,5.8,3.82,42.1,ACTION
S00003792,HT-007,HAUL_TRUCK,775,FINAL_DRIVE,2025-01-05,13176.8,25.2,N,53.2,4.0,2.28,5.2,4.4,5.1,1.7,1.1,0.052,0.0,0.0,0.02,99.1,4.6,2.9,5.17,14.7,NORMAL
S00003793,HT-007,HAUL_TRUCK,775,FINAL_DRIVE,2025-04-05,14115.9,964.3,N,92.6,9.5,5.58,9.4,7.1,8.7,2.6,1.8,0.035,0.0,0.0,0.04,99.6,7.0,4.2,4.63,37.9,NORMAL
S00003794,HT-007,HAUL_TRUCK,775,FINAL_DRIVE,2025-07-04,15055.0,1903.4,N,121.4,11.1,7.57,10.4,9.8,13.1,4.0,3.3,0.046,0.0,0.0,0.09,101.8,10.7,5.7,3.64,28.7,NORMAL
S00003795,HT-007,HAUL_TRUCK,775,FINAL_DRIVE,2025-09-14,15802.2,58.9,N,46.6,4.2,3.02,4.3,2.9,6.1,1.9,1.3,0.041,0.0,0.0,0.03,99.3,4.8,2.9,5.72,15.9,NORMAL
S00003796,HT-007,HAUL_TRUCK,775,FINAL_DRIVE,2025-12-12,16736.1,992.8,N,98.5,9.0,3.88,7.4,5.0,8.8,2.4,2.3,0.036,0.0,0.0,0.06,97.9,6.9,4.0,4.93,28.8,NORMAL
S00003797,HT-007,HAUL_TRUCK,775,FINAL_DRIVE,2026-03-12,17675.2,1931.9,N,158.8,12.8,7.2,9.3,6.9,10.7,4.3,2.2,0.042,0.0,0.0,0.08,105.4,8.8,5.3,3.46,44.5,NORMAL
S00003798,HT-007,HAUL_TRUCK,775,FINAL_DRIVE,2026-06-10,18614.4,24.5,N,48.4,6.8,2.88,4.8,4.1,4.2,2.0,1.1,0.058,0.0,0.0,0.02,101.7,4.2,2.7,5.68,10.6,NORMAL
S00003746,HT-007,HAUL_TRUCK,775,HYDRAULIC,2023-04-10,6632.5,54.0,N,7.1,2.1,0.44,1.0,1.9,2.9,1.7,1.1,0.022,0.0,0.0,0.03,45.0,5.9,3.3,4.52,3.1,NORMAL
S00003747,HT-007,HAUL_TRUCK,775,HYDRAULIC,2023-07-09,7571.6,993.1,N,10.5,4.6,1.04,2.0,2.2,5.5,3.9,1.8,0.04,0.0,0.0,0.05,44.6,8.8,3.5,3.71,4.9,NORMAL
S00003748,HT-007,HAUL_TRUCK,775,HYDRAULIC,2023-08-27,8087.1,1508.6,N,14.6,3.6,1.41,2.3,3.5,9.7,4.2,2.5,0.037,0.0,0.0,0.06,44.5,10.9,5.7,3.36,6.7,NORMAL
S00003749,HT-007,HAUL_TRUCK,775,HYDRAULIC,2023-11-25,9022.0,14.4,N,8.1,2.4,0.59,1.6,2.2,9.2,1.6,1.0,0.022,0.0,0.0,0.02,45.7,5.3,2.9,4.64,3.3,NORMAL
S00003750,HT-007,HAUL_TRUCK,775,HYDRAULIC,2024-02-23,9961.1,953.5,N,27.5,3.6,0.89,2.0,8.5,44.8,2.7,1.7,0.487,0.0,0.0,0.05,46.1,8.0,4.1,4.0,5.6,MONITOR
S00003751,HT-007,HAUL_TRUCK,775,HYDRAULIC,2024-05-23,10900.2,1892.6,N,16.2,5.2,1.22,2.6,4.5,10.3,3.5,3.5,0.025,0.0,0.0,0.08,45.4,11.4,5.7,3.0,9.0,NORMAL
S00003752,HT-007,HAUL_TRUCK,775,HYDRAULIC,2024-08-21,11839.3,1.3,N,7.5,2.2,0.45,1.5,1.6,4.2,1.9,0.9,0.043,0.0,0.0,0.02,45.3,5.8,3.1,4.8,3.8,NORMAL
S00003753,HT-007,HAUL_TRUCK,775,HYDRAULIC,2024-11-19,12778.4,940.4,N,11.7,3.7,1.04,2.0,4.0,5.6,3.1,1.8,0.052,0.0,0.0,0.05,45.8,9.3,3.6,3.85,6.7,NORMAL
S00003754,HT-007,HAUL_TRUCK,775,HYDRAULIC,2025-02-17,13717.6,1879.5,N,15.3,5.0,1.51,2.8,5.6,8.8,3.9,2.6,0.025,0.0,0.0,0.07,46.4,10.7,5.1,2.78,10.8,NORMAL
S00003755,HT-007,HAUL_TRUCK,775,HYDRAULIC,2025-05-18,14656.7,6.2,N,5.9,1.6,0.67,1.0,1.7,2.4,2.5,1.1,0.032,0.0,0.0,0.03,47.6,5.6,2.8,4.45,2.3,NORMAL
S00003756,HT-007,HAUL_TRUCK,775,HYDRAULIC,2025-08-16,15595.8,945.3,N,12.3,2.7,1.47,1.9,2.6,5.5,2.9,1.6,0.031,0.0,0.0,0.05,46.2,8.2,4.6,3.77,4.7,NORMAL
S00003757,HT-007,HAUL_TRUCK,775,HYDRAULIC,2025-11-10,16496.0,1845.6,N,13.1,4.4,1.17,3.2,3.9,8.0,4.8,2.7,0.041,0.0,0.0,0.09,45.2,10.7,5.2,2.55,8.4,NORMAL
S00003758,HT-007,HAUL_TRUCK,775,HYDRAULIC,2026-02-08,17435.1,58.0,N,6.9,2.0,0.43,1.4,1.5,3.6,1.3,1.1,0.031,0.0,0.0,0.03,45.4,5.5,3.3,4.63,4.2,NORMAL
S00003759,HT-007,HAUL_TRUCK,775,HYDRAULIC,2026-04-19,18166.0,788.8,N,11.1,4.1,0.77,2.0,2.4,5.5,2.3,1.9,0.029,0.0,0.0,0.06,48.5,8.7,4.0,3.95,4.7,NORMAL
S00003760,HT-007,HAUL_TRUCK,775,TRANSMISSION,2023-03-15,6272.1,811.3,N,51.7,18.5,4.24,5.3,6.3,9.4,4.7,3.0,0.022,0.0,0.0,0.15,66.3,12.3,5.9,5.02,17.1,NORMAL
S00003761,HT-007,HAUL_TRUCK,775,TRANSMISSION,2023-05-06,6809.3,37.2,N,19.7,10.1,1.89,4.0,2.5,3.8,1.9,1.1,0.033,0.0,0.0,0.05,67.8,6.7,3.7,7.07,9.1,NORMAL
S00003762,HT-007,HAUL_TRUCK,775,TRANSMISSION,2023-07-05,7437.1,665.0,N,41.4,15.6,3.17,7.2,4.6,9.1,2.7,2.5,0.024,0.0,0.0,0.13,71.0,10.7,6.3,4.79,18.8,NORMAL
S00003763,HT-007,HAUL_TRUCK,775,TRANSMISSION,2023-08-21,7925.5,29.7,N,19.3,8.5,1.42,3.2,2.5,4.2,2.2,0.8,0.027,0.0,0.0,0.05,69.3,6.3,3.3,6.59,8.1,NORMAL
S00003764,HT-007,HAUL_TRUCK,775,TRANSMISSION,2023-10-23,8585.6,689.8,N,30.2,17.0,3.83,5.3,5.0,8.0,4.6,2.8,0.031,0.0,0.0,0.15,69.9,11.0,6.1,5.09,18.0,NORMAL
S00003765,HT-007,HAUL_TRUCK,775,TRANSMISSION,2023-12-17,9154.1,41.4,N,45.7,9.2,3.47,4.5,3.3,5.0,1.7,1.1,0.019,0.0,0.0,0.06,67.2,7.0,4.0,6.5,26.4,NORMAL
S00003766,HT-007,HAUL_TRUCK,775,TRANSMISSION,2024-01-26,9578.1,465.4,N,40.8,15.1,2.7,4.9,4.7,7.3,2.4,1.8,0.023,0.0,0.0,0.13,71.7,10.7,4.9,5.54,16.2,NORMAL
S00003767,HT-007,HAUL_TRUCK,775,TRANSMISSION,2024-03-06,9995.7,883.0,N,49.4,26.5,4.11,8.8,6.6,9.0,3.6,3.1,0.025,0.0,0.0,0.16,68.7,11.9,6.3,4.95,14.6,NORMAL
S00003768,HT-007,HAUL_TRUCK,775,TRANSMISSION,2024-04-30,10565.2,19.0,N,23.0,9.4,1.44,3.3,2.6,3.8,2.0,1.0,0.036,0.0,0.0,0.05,65.5,6.6,3.5,6.8,9.2,NORMAL
S00003769,HT-007,HAUL_TRUCK,775,TRANSMISSION,2024-06-12,11019.6,473.4,N,43.6,15.3,2.59,7.0,5.2,6.4,2.6,1.9,0.026,0.0,0.0,0.11,69.9,9.0,5.3,6.08,17.6,NORMAL
S00003770,HT-007,HAUL_TRUCK,775,TRANSMISSION,2024-07-21,11417.6,871.3,N,65.3,14.9,3.75,7.1,6.8,13.9,3.3,2.9,0.024,0.0,0.0,0.16,66.4,10.4,5.7,4.57,12.9,NORMAL
S00003771,HT-007,HAUL_TRUCK,775,TRANSMISSION,2024-08-24,11778.2,8.0,N,17.7,10.4,1.25,3.6,2.3,4.0,1.5,1.2,0.031,0.0,0.0,0.05,67.2,7.7,3.6,7.04,8.0,NORMAL
S00003772,HT-007,HAUL_TRUCK,775,TRANSMISSION,2024-10-07,12234.9,464.7,N,30.1,16.8,2.66,6.1,3.9,5.7,2.7,1.3,0.027,0.0,0.0,0.1,68.2,9.9,5.3,5.63,13.9,NORMAL
S00003773,HT-007,HAUL_TRUCK,775,TRANSMISSION,2024-12-03,12835.2,11.0,N,20.9,8.0,1.42,3.2,2.8,4.9,1.3,0.9,0.027,0.0,0.0,0.06,64.6,6.3,3.5,6.74,9.1,NORMAL
S00003774,HT-007,HAUL_TRUCK,775,TRANSMISSION,2025-01-24,13375.3,551.1,N,43.9,14.3,2.87,7.5,6.6,5.0,3.1,2.3,0.027,0.0,0.0,0.13,67.9,8.5,5.3,5.31,16.4,NORMAL
S00003775,HT-007,HAUL_TRUCK,775,TRANSMISSION,2025-03-10,13838.5,31.3,N,22.2,6.3,1.75,2.6,3.7,4.3,1.7,1.1,0.029,0.0,0.0,0.05,64.8,7.2,4.0,7.56,7.6,NORMAL
S00003776,HT-007,HAUL_TRUCK,775,TRANSMISSION,2025-04-19,14265.1,457.9,N,35.1,11.2,3.11,4.0,5.2,6.1,2.8,1.5,0.048,0.0,0.0,0.13,67.9,9.7,5.0,5.63,19.6,NORMAL
S00003777,HT-007,HAUL_TRUCK,775,TRANSMISSION,2025-06-09,14794.8,987.6,N,57.6,23.4,3.66,9.8,5.7,12.7,4.4,3.0,0.026,0.0,0.0,0.13,66.4,13.4,6.6,4.69,23.1,NORMAL
S00003778,HT-007,HAUL_TRUCK,775,TRANSMISSION,2025-08-04,15376.1,14.1,N,17.2,6.0,1.67,3.3,2.6,4.5,1.8,1.2,0.021,0.0,0.0,0.06,69.8,6.2,3.7,6.82,7.3,NORMAL
S00003779,HT-007,HAUL_TRUCK,775,TRANSMISSION,2025-09-26,15930.1,568.1,N,51.7,13.9,3.79,5.2,5.0,7.1,3.7,1.9,0.041,0.0,0.0,0.11,66.0,10.6,5.4,4.89,19.3,NORMAL
S00003780,HT-007,HAUL_TRUCK,775,TRANSMISSION,2025-11-17,16477.7,34.4,N,66.8,6.8,5.22,3.6,3.8,3.9,1.6,1.2,0.02,0.0,0.0,0.07,65.9,6.5,3.6,6.83,38.2,NORMAL
S00003781,HT-007,HAUL_TRUCK,775,TRANSMISSION,2026-01-08,17018.1,574.8,N,56.4,22.6,3.88,10.9,5.2,8.4,2.9,2.0,0.033,0.0,0.0,0.11,67.1,9.7,5.3,5.95,13.5,NORMAL
S00003782,HT-007,HAUL_TRUCK,775,TRANSMISSION,2026-02-01,17262.4,819.1,N,81.5,41.8,4.16,21.6,6.6,9.1,4.9,2.6,0.023,0.0,0.0,0.19,66.0,11.5,7.0,4.79,17.8,MONITOR
S00003783,HT-007,HAUL_TRUCK,775,TRANSMISSION,2026-03-31,17873.4,24.2,N,26.4,7.0,1.84,3.8,2.9,3.8,2.2,1.3,0.031,0.0,0.0,0.05,66.3,6.4,3.5,7.42,8.4,NORMAL
S00003784,HT-007,HAUL_TRUCK,775,TRANSMISSION,2026-05-28,18473.4,624.2,N,42.8,18.7,5.24,9.0,4.9,10.1,2.7,2.2,0.032,0.0,0.0,0.12,70.4,9.6,5.2,5.57,14.1,NORMAL
S00003799,HT-008,HAUL_TRUCK,775,ENGINE,2023-02-14,6937.6,53.0,N,11.2,3.7,1.39,2.5,3.6,6.6,2.5,1.9,0.017,0.46,0.0,0.29,109.8,9.1,5.9,10.29,5.1,NORMAL
S00003800,HT-008,HAUL_TRUCK,775,ENGINE,2023-03-12,7187.8,303.2,N,18.5,7.9,1.38,3.4,4.9,10.8,3.8,3.2,0.025,0.63,0.0,0.42,110.1,13.2,9.1,7.72,10.3,NORMAL
S00003801,HT-008,HAUL_TRUCK,775,ENGINE,2023-04-07,7427.8,6.8,N,13.1,4.2,1.23,3.0,2.6,4.9,2.5,1.6,0.021,0.35,0.0,0.18,108.0,8.1,6.1,10.46,4.0,NORMAL
S00003802,HT-008,HAUL_TRUCK,775,ENGINE,2023-05-10,7739.3,318.4,N,17.2,9.2,2.1,4.6,5.8,8.8,4.8,3.4,0.015,0.53,0.0,0.54,110.3,15.5,9.3,7.7,9.4,NORMAL
S00003803,HT-008,HAUL_TRUCK,775,ENGINE,2023-06-16,8087.5,44.3,N,13.5,4.1,1.23,2.4,2.6,4.4,2.4,2.6,0.019,0.68,0.0,0.26,105.5,8.4,5.9,9.99,5.6,NORMAL
S00003804,HT-008,HAUL_TRUCK,775,ENGINE,2023-07-21,8415.8,372.6,N,30.2,9.0,3.05,5.0,7.2,6.3,3.9,3.5,0.016,0.72,0.0,0.56,110.1,13.8,10.8,7.76,8.6,NORMAL
S00003805,HT-008,HAUL_TRUCK,775,ENGINE,2023-08-21,8701.1,42.9,N,7.8,5.1,1.18,2.5,3.8,5.8,1.9,1.8,0.013,0.62,0.0,0.2,107.0,9.2,6.8,9.09,5.0,NORMAL
S00003806,HT-008,HAUL_TRUCK,775,ENGINE,2023-09-11,8899.8,241.6,N,14.7,7.5,2.08,3.8,5.2,7.2,4.4,2.6,0.035,0.68,0.0,0.43,110.0,12.5,8.7,8.25,7.0,NORMAL
S00003807,HT-008,HAUL_TRUCK,775,ENGINE,2023-09-28,9058.7,400.5,N,20.1,8.4,2.51,4.1,6.0,10.4,5.8,3.9,0.031,0.81,0.0,0.65,106.3,13.4,10.5,7.39,9.2,NORMAL
S00003808,HT-008,HAUL_TRUCK,775,ENGINE,2023-10-21,9270.0,1.1,N,9.3,3.6,1.31,1.8,3.2,4.3,1.8,1.6,0.03,0.64,0.0,0.22,108.7,9.5,5.7,8.93,5.0,NORMAL
S00003809,HT-008,HAUL_TRUCK,775,ENGINE,2023-11-13,9483.4,214.5,N,20.3,9.3,2.1,3.5,3.8,6.9,3.9,3.2,0.02,0.46,0.0,0.46,111.2,11.6,7.8,8.87,8.3,NORMAL
S00003810,HT-008,HAUL_TRUCK,775,ENGINE,2023-12-12,9757.2,488.4,N,26.6,9.7,2.76,5.7,7.8,11.9,5.8,3.9,0.014,0.56,0.0,0.62,109.6,16.0,11.6,6.24,13.0,NORMAL
S00003811,HT-008,HAUL_TRUCK,775,ENGINE,2024-01-10,10033.3,38.6,N,10.4,3.2,1.13,2.6,3.1,5.2,2.6,2.1,0.012,0.41,0.0,0.27,107.0,9.6,6.0,9.96,5.0,NORMAL
S00003812,HT-008,HAUL_TRUCK,775,ENGINE,2024-02-03,10254.7,260.0,N,24.5,5.6,1.59,3.4,5.1,7.5,4.4,3.0,0.021,0.54,0.0,0.54,112.1,12.2,8.9,8.16,7.9,NORMAL
S00003813,HT-008,HAUL_TRUCK,775,ENGINE,2024-02-23,10442.5,447.8,N,22.9,11.2,2.64,5.4,6.7,9.2,6.2,3.9,0.013,0.37,0.0,0.74,114.2,16.0,12.3,6.98,10.7,NORMAL
S00003814,HT-008,HAUL_TRUCK,775,ENGINE,2024-03-18,10668.9,15.4,N,10.7,4.3,1.0,1.8,2.4,3.7,2.3,1.6,0.021,0.55,0.0,0.19,106.8,9.3,5.5,11.06,4.9,NORMAL
S00003815,HT-008,HAUL_TRUCK,775,ENGINE,2024-04-12,10901.0,247.5,N,12.2,5.4,3.03,3.7,4.9,8.8,4.4,3.3,0.015,0.65,0.0,0.51,104.1,11.3,7.4,7.7,7.0,NORMAL
S00003816,HT-008,HAUL_TRUCK,775,ENGINE,2024-05-13,11188.4,28.7,N,10.6,4.0,1.06,2.1,2.7,4.0,2.4,2.1,0.041,0.51,0.0,0.22,112.5,8.9,6.0,10.39,3.6,NORMAL
S00003817,HT-008,HAUL_TRUCK,775,ENGINE,2024-06-12,11470.0,310.3,N,21.8,7.6,1.94,5.0,5.4,6.3,4.1,4.1,0.025,0.61,0.0,0.49,112.5,12.1,9.1,8.09,9.9,NORMAL
S00003818,HT-008,HAUL_TRUCK,775,ENGINE,2024-07-08,11712.0,29.3,N,12.3,4.5,1.28,2.7,3.1,5.3,2.3,1.6,0.017,0.63,0.0,0.21,109.5,9.3,5.9,10.16,4.0,NORMAL
S00003819,HT-008,HAUL_TRUCK,775,ENGINE,2024-08-05,11980.3,297.6,N,22.7,8.1,2.06,4.4,6.5,7.1,3.8,3.2,0.034,1.0,0.0,0.47,107.4,13.9,10.0,7.77,7.2,NORMAL
S00003820,HT-008,HAUL_TRUCK,775,ENGINE,2024-08-29,12202.1,51.5,N,13.6,4.9,1.37,2.9,3.9,6.1,3.2,1.6,0.02,0.49,0.0,0.26,109.1,10.3,6.5,10.26,5.5,NORMAL
S00003821,HT-008,HAUL_TRUCK,775,ENGINE,2024-10-02,12518.4,367.7,N,23.9,8.5,2.11,4.6,7.2,7.5,5.2,4.7,0.018,0.48,0.0,0.63,104.4,13.3,9.3,6.94,6.9,NORMAL
S00003822,HT-008,HAUL_TRUCK,775,ENGINE,2024-10-31,12794.3,39.5,N,13.1,5.3,1.09,2.3,3.1,5.4,2.5,1.9,0.025,1.1,0.0,0.23,109.7,9.4,5.7,9.91,4.2,NORMAL
S00003823,HT-008,HAUL_TRUCK,775,ENGINE,2024-11-26,13036.6,281.8,N,25.3,7.6,2.18,4.0,6.2,8.4,5.1,3.5,0.018,0.46,0.0,0.53,106.2,13.1,8.0,7.63,7.0,NORMAL
S00003824,HT-008,HAUL_TRUCK,775,ENGINE,2024-12-10,13163.7,408.9,N,22.1,9.3,3.1,4.3,6.6,11.0,6.1,3.2,0.014,0.34,0.0,0.64,109.7,13.7,10.5,6.91,10.7,NORMAL
S00003825,HT-008,HAUL_TRUCK,775,ENGINE,2025-01-04,13399.7,20.3,N,10.3,3.8,1.16,2.2,3.6,4.4,2.6,2.1,0.017,0.78,0.0,0.23,107.2,7.7,5.7,10.85,4.4,NORMAL
S00003826,HT-008,HAUL_TRUCK,775,ENGINE,2025-02-05,13701.1,321.7,N,21.1,9.4,1.66,3.4,4.5,8.7,3.7,3.9,0.019,0.49,0.0,0.48,108.3,13.2,8.5,7.7,7.9,NORMAL
S00003827,HT-008,HAUL_TRUCK,775,ENGINE,2025-02-24,13882.5,42.2,N,14.2,5.5,1.59,2.6,3.2,5.9,3.9,1.7,0.017,0.78,0.0,0.24,105.6,8.4,6.2,9.39,4.0,NORMAL
S00003828,HT-008,HAUL_TRUCK,775,ENGINE,2025-03-29,14192.7,352.4,N,21.6,9.1,2.22,4.8,5.9,9.1,4.9,4.4,0.019,0.64,0.0,0.7,105.8,14.5,9.9,7.01,8.5,NORMAL
S00003829,HT-008,HAUL_TRUCK,775,ENGINE,2025-05-01,14494.7,24.3,N,9.6,3.8,1.03,2.9,3.9,4.9,2.4,1.7,0.024,0.67,0.0,0.18,110.5,8.7,5.6,9.92,5.3,NORMAL
S00003830,HT-008,HAUL_TRUCK,775,ENGINE,2025-06-01,14791.7,321.4,N,18.1,10.3,2.04,4.3,5.2,6.2,6.1,4.0,0.026,0.56,0.0,0.49,102.2,13.7,10.1,7.73,9.3,NORMAL
S00003831,HT-008,HAUL_TRUCK,775,ENGINE,2025-07-02,15074.1,39.6,N,11.7,3.9,1.6,2.5,3.5,4.8,2.4,2.0,0.021,0.46,0.0,0.2,110.6,9.3,6.4,10.03,5.5,NORMAL
S00003832,HT-008,HAUL_TRUCK,775,ENGINE,2025-08-02,15369.2,334.7,N,19.2,6.1,2.58,4.5,4.8,9.2,5.4,3.4,0.016,0.67,0.0,0.55,108.7,13.3,8.4,8.51,10.9,NORMAL
S00003833,HT-008,HAUL_TRUCK,775,ENGINE,2025-09-03,15667.5,0.5,N,10.8,4.2,1.13,3.1,2.5,5.4,2.6,1.5,0.018,0.9,0.0,0.21,105.9,7.9,5.3,10.83,4.2,NORMAL
S00003834,HT-008,HAUL_TRUCK,775,ENGINE,2025-10-10,16012.5,345.4,N,20.7,8.9,2.02,3.3,4.8,10.3,4.4,3.4,0.013,0.24,0.0,0.5,108.2,14.1,9.6,6.97,10.1,NORMAL
S00003835,HT-008,HAUL_TRUCK,775,ENGINE,2025-11-05,16256.6,56.4,N,9.6,3.4,1.4,2.2,3.6,5.2,2.9,2.0,0.046,0.58,0.0,0.23,109.5,9.6,5.1,9.24,4.6,NORMAL
S00003836,HT-008,HAUL_TRUCK,775,ENGINE,2025-11-30,16492.9,292.7,N,14.9,5.7,2.52,3.7,4.1,11.1,3.6,3.4,0.013,0.66,0.0,0.41,107.3,14.1,10.0,9.25,9.1,NORMAL
S00003837,HT-008,HAUL_TRUCK,775,ENGINE,2025-12-29,16764.0,39.2,N,12.1,3.3,1.39,2.2,2.8,5.4,2.5,1.8,0.021,0.53,0.0,0.24,103.0,7.7,5.9,9.68,6.2,NORMAL
S00003838,HT-008,HAUL_TRUCK,775,ENGINE,2026-01-29,17054.1,329.3,N,19.2,6.9,2.21,4.3,5.7,9.8,5.7,3.6,0.019,0.57,0.0,0.63,108.2,13.3,9.4,7.68,7.9,NORMAL
S00003839,HT-008,HAUL_TRUCK,775,ENGINE,2026-02-19,17248.5,25.8,N,11.0,3.9,1.26,2.0,4.1,5.4,2.1,1.5,0.019,0.58,0.0,0.23,112.3,9.2,5.5,10.69,4.8,NORMAL
S00003840,HT-008,HAUL_TRUCK,775,ENGINE,2026-03-15,17479.2,256.5,N,18.2,8.7,2.13,5.1,5.7,7.9,3.7,3.6,0.013,0.59,0.0,0.42,107.9,10.2,8.2,8.34,9.5,NORMAL
S00003841,HT-008,HAUL_TRUCK,775,ENGINE,2026-04-20,17809.5,45.9,N,12.5,3.9,1.26,2.0,3.0,4.9,2.1,1.5,0.015,0.64,0.0,0.21,107.3,7.5,7.1,9.95,4.3,NORMAL
S00003842,HT-008,HAUL_TRUCK,775,ENGINE,2026-05-16,18052.0,288.4,N,22.8,8.0,2.27,4.0,4.8,11.0,4.5,3.4,0.018,0.85,0.0,0.45,107.3,12.1,9.3,8.01,6.9,NORMAL
S00003843,HT-008,HAUL_TRUCK,775,ENGINE,2026-06-07,18257.5,493.8,N,22.2,12.9,3.28,6.6,7.6,11.9,5.9,3.8,0.018,0.65,0.0,0.61,103.9,17.2,10.9,6.24,11.4,NORMAL
S00003880,HT-008,HAUL_TRUCK,775,FINAL_DRIVE,2023-04-06,7533.2,1609.9,N,109.0,9.6,6.55,9.1,9.9,10.3,2.8,2.4,0.034,0.0,0.0,0.07,96.7,9.3,5.3,3.75,40.4,NORMAL
S00003881,HT-008,HAUL_TRUCK,775,FINAL_DRIVE,2023-07-05,8375.9,47.4,N,48.7,4.3,2.94,3.7,3.8,7.3,1.4,1.2,0.047,0.0,0.0,0.03,100.9,5.4,2.6,5.18,16.6,NORMAL
S00003882,HT-008,HAUL_TRUCK,775,FINAL_DRIVE,2023-10-03,9218.6,890.0,N,112.9,6.3,6.42,8.2,6.8,41.7,2.7,2.1,6.386,0.0,0.0,0.05,102.9,6.1,3.9,4.61,25.7,ACTION
S00003883,HT-008,HAUL_TRUCK,775,FINAL_DRIVE,2024-01-01,10061.2,1732.7,N,103.3,10.4,6.8,15.3,5.9,9.6,3.8,3.3,0.041,0.0,0.0,0.09,99.3,9.1,4.9,3.62,34.8,NORMAL
S00003884,HT-008,HAUL_TRUCK,775,FINAL_DRIVE,2024-03-31,10903.9,1.8,N,51.5,5.2,3.02,5.2,3.6,4.6,1.2,1.6,0.032,0.0,0.0,0.02,99.9,4.8,3.0,5.77,16.8,NORMAL
S00003885,HT-008,HAUL_TRUCK,775,FINAL_DRIVE,2024-06-18,11642.7,740.6,N,56.5,8.1,5.7,8.9,3.7,8.2,2.8,1.6,0.056,0.0,0.0,0.04,97.5,6.6,3.5,5.49,36.8,NORMAL
S00003886,HT-008,HAUL_TRUCK,775,FINAL_DRIVE,2024-09-06,12394.2,1492.2,N,126.0,11.5,5.8,9.3,9.7,11.0,3.9,2.3,0.048,0.0,0.0,0.08,96.0,8.2,4.0,3.48,33.9,NORMAL
S00003887,HT-008,HAUL_TRUCK,775,FINAL_DRIVE,2024-12-05,13236.9,22.2,N,65.8,5.1,3.24,3.3,3.0,5.1,1.4,1.0,0.026,0.0,0.0,0.03,100.2,5.0,2.7,5.65,16.7,NORMAL
S00003888,HT-008,HAUL_TRUCK,775,FINAL_DRIVE,2025-02-26,14016.2,801.6,N,68.1,7.2,5.51,6.6,4.8,7.4,2.3,2.2,0.062,0.0,0.0,0.06,98.0,7.5,3.8,5.02,26.5,NORMAL
S00003889,HT-008,HAUL_TRUCK,775,FINAL_DRIVE,2025-05-24,14834.7,1620.0,N,100.5,9.9,7.45,8.3,7.1,10.0,2.8,2.5,0.042,0.0,0.0,0.08,98.9,8.3,5.2,4.09,43.8,NORMAL
S00003890,HT-008,HAUL_TRUCK,775,FINAL_DRIVE,2025-08-12,15582.3,38.3,N,47.1,6.4,2.78,5.3,2.7,6.0,2.2,1.3,0.033,0.0,0.0,0.03,95.1,5.4,2.6,6.09,15.0,NORMAL
S00003891,HT-008,HAUL_TRUCK,775,FINAL_DRIVE,2025-11-10,16425.0,880.9,N,77.2,8.3,5.51,7.4,4.8,7.8,2.2,2.3,0.047,0.0,0.0,0.05,99.3,6.5,4.1,4.31,21.6,NORMAL
S00003892,HT-008,HAUL_TRUCK,775,FINAL_DRIVE,2026-02-02,17212.8,1668.7,N,86.6,13.9,5.28,8.8,7.9,15.6,3.2,3.2,0.048,0.0,0.0,0.08,97.2,8.3,5.1,3.76,39.3,NORMAL
S00003893,HT-008,HAUL_TRUCK,775,FINAL_DRIVE,2026-05-03,18055.4,55.7,N,55.0,3.9,2.83,4.1,3.6,4.4,1.5,1.0,0.061,0.0,0.0,0.03,97.2,4.8,2.7,5.51,21.4,NORMAL
S00003844,HT-008,HAUL_TRUCK,775,HYDRAULIC,2023-04-15,7533.2,1490.9,N,11.8,4.6,1.22,2.7,3.0,6.6,2.7,2.7,0.028,0.0,0.0,0.07,46.4,10.4,4.7,2.95,6.8,NORMAL
S00003845,HT-008,HAUL_TRUCK,775,HYDRAULIC,2023-07-14,8375.9,58.5,N,7.4,2.1,0.6,1.3,1.9,3.5,1.5,1.2,0.028,0.0,0.0,0.03,49.3,5.3,2.9,3.84,4.3,NORMAL
S00003846,HT-008,HAUL_TRUCK,775,HYDRAULIC,2023-10-12,9218.6,901.1,N,12.0,3.3,0.95,1.8,2.8,5.2,3.2,2.1,0.027,0.0,0.0,0.05,46.4,7.9,4.4,3.42,5.3,NORMAL
S00003847,HT-008,HAUL_TRUCK,775,HYDRAULIC,2024-01-05,10008.1,1690.7,N,13.3,6.4,1.25,2.2,4.8,8.2,5.6,2.9,0.038,0.0,0.0,0.07,48.7,10.1,5.4,2.99,9.9,NORMAL
S00003848,HT-008,HAUL_TRUCK,775,HYDRAULIC,2024-04-04,10850.8,34.2,N,5.3,2.1,0.5,1.1,1.9,3.0,1.5,1.0,0.024,0.0,0.0,0.03,44.9,5.3,2.6,4.44,3.4,NORMAL
S00003849,HT-008,HAUL_TRUCK,775,HYDRAULIC,2024-07-03,11693.4,876.9,N,13.1,4.0,1.19,1.7,2.0,8.2,2.9,1.4,0.024,0.0,0.0,0.05,47.0,7.3,4.3,3.66,4.9,NORMAL
S00003850,HT-008,HAUL_TRUCK,775,HYDRAULIC,2024-10-01,12536.1,1719.5,N,12.1,5.6,1.6,2.4,5.0,7.6,3.9,2.7,0.027,0.0,0.0,0.07,46.0,11.6,5.2,3.31,9.9,NORMAL
S00003851,HT-008,HAUL_TRUCK,775,HYDRAULIC,2024-12-30,13378.8,56.1,N,6.4,2.1,0.51,1.2,1.7,3.7,2.2,1.0,0.028,0.0,0.0,0.02,45.9,4.7,3.0,4.64,3.3,NORMAL
S00003852,HT-008,HAUL_TRUCK,775,HYDRAULIC,2025-03-30,14221.4,898.7,N,12.9,4.0,1.07,2.0,4.3,5.1,2.5,1.5,0.045,0.0,0.0,0.06,43.7,7.6,3.6,3.73,7.1,NORMAL
S00003853,HT-008,HAUL_TRUCK,775,HYDRAULIC,2025-06-28,15064.1,1741.4,N,13.2,6.1,1.55,2.5,4.1,7.2,4.1,3.1,0.027,0.0,0.0,0.06,46.8,11.7,5.8,2.83,7.2,NORMAL
S00003854,HT-008,HAUL_TRUCK,775,HYDRAULIC,2025-09-26,15906.8,29.0,N,5.7,2.4,0.53,1.1,2.2,2.6,1.9,1.1,0.028,0.0,0.0,0.03,42.9,5.4,3.0,4.25,3.1,NORMAL
S00003855,HT-008,HAUL_TRUCK,775,HYDRAULIC,2025-12-25,16749.4,871.7,N,9.4,3.8,0.83,1.6,3.4,4.4,2.3,1.7,0.027,0.0,0.0,0.06,46.3,8.7,4.1,3.98,5.8,NORMAL
S00003856,HT-008,HAUL_TRUCK,775,HYDRAULIC,2026-02-07,17160.9,1283.1,N,10.1,4.0,1.0,1.9,2.5,6.3,2.5,2.3,0.032,0.0,0.0,0.06,47.8,10.0,4.9,3.38,8.3,NORMAL
S00003857,HT-008,HAUL_TRUCK,775,HYDRAULIC,2026-05-08,18003.6,10.0,N,5.6,1.8,0.47,0.9,1.5,3.2,1.2,1.1,0.034,0.0,0.0,0.03,48.6,5.6,2.6,4.47,2.8,NORMAL
S00003858,HT-008,HAUL_TRUCK,775,TRANSMISSION,2023-03-16,7202.9,12.0,N,22.5,7.8,1.59,3.1,1.9,6.3,1.5,0.9,0.038,0.0,0.0,0.05,66.6,5.8,3.5,6.37,9.6,NORMAL
S00003859,HT-008,HAUL_TRUCK,775,TRANSMISSION,2023-05-12,7734.0,543.1,N,43.3,17.3,2.46,6.2,4.5,5.1,2.5,1.7,0.026,0.0,0.0,0.12,65.2,8.5,5.3,5.4,11.9,NORMAL
S00003860,HT-008,HAUL_TRUCK,775,TRANSMISSION,2023-06-24,8135.5,944.7,N,51.7,17.2,4.16,7.5,6.3,9.8,4.2,2.8,0.029,0.0,0.0,0.19,65.9,12.4,5.5,4.36,25.0,NORMAL
S00003861,HT-008,HAUL_TRUCK,775,TRANSMISSION,2023-08-27,8736.9,34.0,N,19.8,9.3,1.83,3.4,3.3,4.1,2.0,1.2,0.036,0.0,0.0,0.05,69.9,6.8,3.7,6.9,9.0,NORMAL
S00003862,HT-008,HAUL_TRUCK,775,TRANSMISSION,2023-10-22,9263.2,560.2,N,37.7,11.7,3.49,4.8,4.1,8.4,3.1,2.3,0.036,0.0,0.0,0.12,70.3,8.6,5.2,5.97,13.0,NORMAL
S00003863,HT-008,HAUL_TRUCK,775,TRANSMISSION,2023-12-23,9838.6,8.1,N,16.5,6.3,1.86,2.8,2.3,3.3,1.4,1.0,0.014,0.0,0.0,0.05,64.9,6.2,2.8,6.35,9.7,NORMAL
S00003864,HT-008,HAUL_TRUCK,775,TRANSMISSION,2024-02-14,10337.7,507.2,N,37.3,12.4,2.97,6.8,4.5,7.4,2.7,1.7,0.041,0.0,0.0,0.11,68.4,8.4,5.0,5.61,14.8,NORMAL
S00003865,HT-008,HAUL_TRUCK,775,TRANSMISSION,2024-04-22,10973.5,51.0,N,23.7,6.9,2.11,4.4,2.8,4.1,2.0,1.1,0.025,0.0,0.0,0.05,64.7,6.6,3.9,7.03,10.2,NORMAL
S00003866,HT-008,HAUL_TRUCK,775,TRANSMISSION,2024-06-07,11404.1,481.7,N,34.2,13.0,2.57,6.9,3.9,5.1,2.7,2.1,0.011,0.0,0.0,0.12,68.7,9.4,5.0,5.58,15.1,NORMAL
S00003867,HT-008,HAUL_TRUCK,775,TRANSMISSION,2024-07-26,11861.1,938.6,N,41.9,21.4,4.69,8.7,8.3,8.6,3.8,3.3,0.028,0.0,0.0,0.19,67.1,10.8,6.6,4.38,22.4,NORMAL
S00003868,HT-008,HAUL_TRUCK,775,TRANSMISSION,2024-09-16,12350.9,25.5,N,32.9,7.1,2.0,3.7,2.6,4.3,2.0,0.8,0.025,0.0,0.0,0.06,69.5,6.8,3.6,7.12,8.8,NORMAL
S00003869,HT-008,HAUL_TRUCK,775,TRANSMISSION,2024-11-18,12943.7,618.3,N,35.5,17.5,3.12,7.1,5.7,8.6,3.5,2.0,0.025,0.0,0.0,0.13,67.9,10.6,5.4,5.4,12.4,NORMAL
S00003870,HT-008,HAUL_TRUCK,775,TRANSMISSION,2025-01-19,13520.3,54.9,N,31.0,7.6,1.79,3.2,3.5,3.3,1.9,1.2,0.036,0.0,0.0,0.05,72.5,5.7,3.7,7.26,7.3,NORMAL
S00003871,HT-008,HAUL_TRUCK,775,TRANSMISSION,2025-03-08,13969.4,503.9,N,40.7,12.9,3.89,7.8,6.2,7.6,2.6,2.5,0.021,0.0,0.0,0.14,69.7,8.2,5.3,5.89,18.4,NORMAL
S00003872,HT-008,HAUL_TRUCK,775,TRANSMISSION,2025-04-26,14434.1,968.7,N,68.7,18.4,5.06,9.1,9.5,12.2,4.6,3.5,0.043,0.0,0.0,0.14,68.9,11.9,6.7,4.54,18.7,MONITOR
S00003873,HT-008,HAUL_TRUCK,775,TRANSMISSION,2025-06-25,14997.0,40.5,N,47.1,7.1,3.62,3.5,3.3,3.3,2.0,1.5,0.023,0.0,0.0,0.05,66.2,6.1,3.3,6.51,19.9,NORMAL
S00003874,HT-008,HAUL_TRUCK,775,TRANSMISSION,2025-08-28,15594.2,637.7,N,103.2,14.0,8.04,8.1,5.6,8.1,4.8,2.1,0.043,0.0,0.0,0.14,69.9,11.3,5.0,5.21,48.0,MONITOR
S00003875,HT-008,HAUL_TRUCK,775,TRANSMISSION,2025-10-14,16036.2,54.1,N,19.3,10.3,1.87,3.9,3.1,5.6,2.1,0.9,0.038,0.0,0.0,0.05,69.7,6.2,3.3,7.11,9.3,NORMAL
S00003876,HT-008,HAUL_TRUCK,775,TRANSMISSION,2025-12-13,16596.8,614.7,N,46.0,14.2,5.29,6.7,5.0,6.5,3.6,1.9,0.023,0.0,0.0,0.15,66.4,9.4,5.4,5.6,15.8,NORMAL
S00003877,HT-008,HAUL_TRUCK,775,TRANSMISSION,2026-02-02,17073.2,22.0,N,17.3,6.3,1.76,3.6,2.7,2.9,1.8,1.2,0.027,0.0,0.0,0.05,68.7,5.6,3.5,6.14,7.9,NORMAL
S00003878,HT-008,HAUL_TRUCK,775,TRANSMISSION,2026-03-26,17556.9,505.7,N,31.5,13.5,2.66,4.6,5.7,6.9,3.1,1.6,0.065,0.0,0.0,0.11,67.6,8.8,4.8,5.13,15.4,NORMAL
S00003879,HT-008,HAUL_TRUCK,775,TRANSMISSION,2026-06-04,18212.7,58.5,N,24.8,7.5,1.92,4.5,2.4,4.0,1.9,1.0,0.019,0.0,0.0,0.06,69.9,6.9,3.8,6.77,7.0,NORMAL
S00003894,HT-009,HAUL_TRUCK,775,ENGINE,2023-02-23,1236.8,4.7,N,10.6,4.0,1.09,1.6,3.1,4.9,2.1,2.7,0.012,0.86,0.0,0.2,108.2,8.8,5.9,9.56,4.6,NORMAL
S00003895,HT-009,HAUL_TRUCK,775,ENGINE,2023-03-25,1543.9,311.8,N,18.4,7.1,2.0,4.4,5.0,8.1,5.7,3.8,0.036,0.57,0.0,0.48,105.9,13.8,8.2,7.99,9.9,NORMAL
S00003896,HT-009,HAUL_TRUCK,775,ENGINE,2023-04-21,1826.9,48.0,N,13.6,3.5,1.71,2.3,3.1,6.7,2.7,1.7,0.015,0.97,0.0,0.23,108.0,9.6,5.7,9.71,6.7,NORMAL
S00003897,HT-009,HAUL_TRUCK,775,ENGINE,2023-05-13,2058.8,279.9,N,17.4,6.7,2.01,4.4,4.7,6.5,4.1,3.2,0.021,1.07,0.0,0.46,108.2,12.1,9.7,7.94,9.2,NORMAL
S00003898,HT-009,HAUL_TRUCK,775,ENGINE,2023-06-04,2293.8,13.7,N,14.5,4.2,1.02,3.2,2.8,3.9,2.5,2.1,0.028,0.5,0.0,0.21,104.2,8.5,5.6,10.47,5.9,NORMAL
S00003899,HT-009,HAUL_TRUCK,775,ENGINE,2023-07-01,2572.6,292.6,N,24.0,8.4,2.36,4.7,5.3,11.2,3.8,2.9,0.024,0.4,0.0,0.41,112.0,13.8,8.8,7.82,8.4,NORMAL
S00003900,HT-009,HAUL_TRUCK,775,ENGINE,2023-07-25,2833.0,36.7,N,12.4,4.0,0.96,2.2,3.3,5.0,2.2,1.9,0.02,0.67,0.0,0.2,112.9,9.2,5.6,10.45,5.3,NORMAL
S00003901,HT-009,HAUL_TRUCK,775,ENGINE,2023-08-24,3144.6,348.3,N,24.8,9.6,2.58,5.8,4.7,8.0,4.3,3.2,0.015,0.86,0.0,0.52,110.9,14.6,9.2,7.52,9.8,NORMAL
S00003902,HT-009,HAUL_TRUCK,775,ENGINE,2023-09-16,3389.9,22.0,N,12.9,3.3,1.11,2.0,3.2,4.7,1.9,1.9,0.021,0.77,0.0,0.24,105.9,8.9,6.2,10.52,3.5,NORMAL
S00003903,HT-009,HAUL_TRUCK,775,ENGINE,2023-10-15,3688.1,320.3,N,20.8,10.8,2.34,5.4,4.9,9.9,4.8,3.1,0.024,1.12,0.0,0.7,107.2,13.6,10.6,8.78,13.3,NORMAL
S00003904,HT-009,HAUL_TRUCK,775,ENGINE,2023-11-08,3941.6,49.0,N,12.5,3.6,1.85,2.8,2.2,4.8,2.3,1.6,0.019,0.59,0.0,0.25,104.4,9.0,5.5,9.6,5.9,NORMAL
S00003905,HT-009,HAUL_TRUCK,775,ENGINE,2023-11-26,4131.5,238.8,N,17.2,8.0,1.68,2.4,4.0,7.4,2.6,2.8,0.021,0.59,0.0,0.38,105.9,13.4,7.2,8.06,7.7,NORMAL
S00003906,HT-009,HAUL_TRUCK,775,ENGINE,2023-12-23,4409.9,37.7,N,10.8,4.0,1.25,2.6,2.7,4.1,2.0,1.8,0.016,0.43,0.0,0.21,107.2,10.4,5.7,10.55,4.5,NORMAL
S00003907,HT-009,HAUL_TRUCK,775,ENGINE,2024-01-17,4680.2,308.0,N,27.1,10.8,1.92,4.2,4.9,10.1,3.7,3.4,0.021,0.53,0.0,0.57,106.4,13.5,8.3,7.24,7.6,NORMAL
S00003908,HT-009,HAUL_TRUCK,775,ENGINE,2024-02-14,4970.9,24.8,N,9.8,3.8,1.67,2.5,3.4,4.3,2.5,1.9,0.015,0.43,0.0,0.22,110.5,8.0,5.3,10.16,4.6,NORMAL
S00003909,HT-009,HAUL_TRUCK,775,ENGINE,2024-03-18,5321.8,375.7,N,25.9,9.9,2.47,5.6,7.3,8.9,4.5,4.5,0.017,0.91,0.0,0.45,111.6,13.7,10.4,7.58,9.8,NORMAL
S00003910,HT-009,HAUL_TRUCK,775,ENGINE,2024-04-12,5578.6,27.3,N,12.6,3.4,1.13,2.1,2.7,5.0,2.1,1.5,0.024,1.13,0.0,0.22,108.2,8.9,6.1,10.1,4.3,NORMAL
S00003911,HT-009,HAUL_TRUCK,775,ENGINE,2024-05-03,5801.0,249.7,N,16.6,7.1,2.44,4.8,6.8,5.7,4.6,3.2,0.014,0.74,0.0,0.35,109.2,12.8,8.2,8.75,6.6,NORMAL
S00003912,HT-009,HAUL_TRUCK,775,ENGINE,2024-05-25,6032.6,481.2,N,26.0,9.5,2.43,5.0,6.5,10.8,6.5,4.4,0.017,0.9,0.0,0.63,106.7,18.0,11.3,6.75,9.3,NORMAL
S00003913,HT-009,HAUL_TRUCK,775,ENGINE,2024-06-19,6290.1,45.4,N,12.4,3.4,1.63,3.1,3.4,4.3,2.8,1.5,0.022,0.61,0.0,0.22,107.2,9.1,7.0,10.51,3.7,NORMAL
S00003914,HT-009,HAUL_TRUCK,775,ENGINE,2024-07-06,6475.7,231.0,N,13.1,7.3,1.65,3.0,4.5,7.8,4.4,2.7,0.018,0.49,0.0,0.43,105.7,13.7,9.0,7.57,7.2,NORMAL
S00003915,HT-009,HAUL_TRUCK,775,ENGINE,2024-07-27,6691.6,446.9,N,22.2,9.6,2.52,6.8,6.4,12.3,4.3,4.6,0.017,0.53,0.0,0.66,106.0,14.8,10.8,6.8,11.6,NORMAL
S00003916,HT-009,HAUL_TRUCK,775,ENGINE,2024-08-15,6893.5,15.4,N,8.1,4.2,0.99,2.1,3.0,3.2,2.6,2.0,0.025,1.01,0.0,0.17,108.5,7.9,5.4,10.69,4.3,NORMAL
S00003917,HT-009,HAUL_TRUCK,775,ENGINE,2024-09-01,7070.7,192.6,N,12.6,9.2,1.87,4.5,4.1,7.8,3.8,2.4,0.018,0.7,0.0,0.42,106.9,9.5,8.0,8.7,7.9,NORMAL
S00003918,HT-009,HAUL_TRUCK,775,ENGINE,2024-09-22,7295.7,417.6,N,20.4,9.7,2.72,5.0,5.5,10.2,6.6,4.1,0.029,0.38,0.0,0.61,108.0,14.5,10.5,7.4,10.6,NORMAL
S00003919,HT-009,HAUL_TRUCK,775,ENGINE,2024-10-20,7581.2,52.5,N,11.1,3.5,1.17,2.9,4.5,4.7,1.9,2.3,0.018,0.69,0.0,0.28,105.7,9.3,6.9,9.64,5.2,NORMAL
S00003920,HT-009,HAUL_TRUCK,775,ENGINE,2024-11-14,7852.5,323.8,N,22.4,9.5,2.81,4.3,8.5,10.3,4.8,3.3,0.021,0.47,0.0,0.46,108.0,15.3,9.0,7.99,8.0,NORMAL
S00003921,HT-009,HAUL_TRUCK,775,ENGINE,2024-12-06,8076.4,39.7,N,13.3,5.1,1.4,2.7,2.8,5.0,2.8,2.1,0.03,0.69,0.0,0.24,107.5,9.7,5.0,9.25,4.2,NORMAL
S00003922,HT-009,HAUL_TRUCK,775,ENGINE,2025-01-05,8392.1,355.3,N,23.0,8.6,2.57,4.4,5.4,9.9,5.2,4.8,0.026,0.59,0.0,0.49,109.4,16.3,9.0,7.09,10.5,NORMAL
S00003923,HT-009,HAUL_TRUCK,775,ENGINE,2025-01-24,8591.9,4.7,N,13.4,3.2,0.96,2.8,2.3,5.6,1.6,1.9,0.018,0.53,0.0,0.18,106.7,7.8,5.7,9.75,4.5,NORMAL
S00003924,HT-009,HAUL_TRUCK,775,ENGINE,2025-02-23,8906.7,319.4,N,18.8,8.1,2.96,4.4,5.7,11.1,6.3,3.9,0.018,0.45,0.0,0.52,104.6,14.5,10.3,7.58,8.7,NORMAL
S00003925,HT-009,HAUL_TRUCK,775,ENGINE,2025-03-22,9192.5,32.8,N,9.5,4.5,1.31,2.0,3.4,4.2,2.4,1.8,0.02,0.6,0.0,0.22,104.8,10.8,5.2,9.98,5.2,NORMAL
S00003926,HT-009,HAUL_TRUCK,775,ENGINE,2025-04-10,9388.9,229.3,N,14.5,7.6,1.76,3.7,4.6,9.3,4.0,3.1,0.021,0.67,0.0,0.44,99.6,12.1,9.2,8.61,6.3,NORMAL
S00003927,HT-009,HAUL_TRUCK,775,ENGINE,2025-04-28,9575.7,416.1,N,28.9,10.6,2.23,5.9,6.5,9.4,5.1,3.5,0.035,0.84,0.0,0.62,111.5,14.8,8.6,6.81,8.2,NORMAL
S00003928,HT-009,HAUL_TRUCK,775,ENGINE,2025-05-19,9801.4,6.1,N,8.9,4.8,0.87,2.0,3.4,3.4,2.4,1.7,0.011,0.6,0.0,0.21,105.1,8.2,5.5,10.44,4.7,NORMAL
S00003929,HT-009,HAUL_TRUCK,775,ENGINE,2025-06-12,10057.1,261.8,N,16.5,6.3,1.85,3.0,5.2,8.8,4.7,2.9,0.033,0.35,0.0,0.49,107.8,13.6,9.1,7.89,7.7,NORMAL
S00003930,HT-009,HAUL_TRUCK,775,ENGINE,2025-07-05,10289.4,494.2,N,22.0,9.1,2.99,6.6,9.2,10.1,7.1,4.6,0.018,0.54,0.0,0.62,111.9,16.9,11.2,6.27,10.4,NORMAL
S00003931,HT-009,HAUL_TRUCK,775,ENGINE,2025-07-27,10524.4,31.6,N,10.3,4.7,1.21,2.0,2.6,4.4,2.7,1.3,0.011,0.63,0.0,0.24,105.6,8.8,5.7,9.61,3.9,NORMAL
S00003932,HT-009,HAUL_TRUCK,775,ENGINE,2025-08-21,10785.4,292.6,N,20.7,7.4,1.71,5.0,5.9,9.9,3.6,2.3,0.018,0.62,0.0,0.48,110.2,12.2,10.2,7.76,9.7,NORMAL
S00003933,HT-009,HAUL_TRUCK,775,ENGINE,2025-09-13,11029.5,52.7,N,14.0,5.2,1.06,2.7,3.1,6.6,2.5,1.9,0.021,0.94,0.0,0.28,109.9,10.8,6.1,10.72,5.5,NORMAL
S00003934,HT-009,HAUL_TRUCK,775,ENGINE,2025-10-06,11273.5,296.7,N,13.7,9.5,1.97,3.9,4.7,9.1,4.7,3.2,0.028,0.56,0.0,0.45,108.4,11.2,9.7,8.28,9.2,NORMAL
S00003935,HT-009,HAUL_TRUCK,775,ENGINE,2025-10-30,11520.3,32.8,N,11.7,3.6,1.44,2.3,3.0,4.1,1.9,1.8,0.025,0.62,0.0,0.23,106.3,8.6,5.8,10.1,4.9,NORMAL
S00003936,HT-009,HAUL_TRUCK,775,ENGINE,2025-11-23,11779.0,291.5,N,17.0,6.6,1.86,5.4,6.9,9.9,4.9,4.0,0.039,1.09,0.0,0.41,105.2,14.2,8.5,7.42,9.3,NORMAL
S00003937,HT-009,HAUL_TRUCK,775,ENGINE,2025-12-19,12046.9,40.6,N,8.7,4.1,1.5,1.8,3.8,5.2,2.8,2.5,0.025,0.75,0.0,0.22,110.7,8.9,6.0,10.58,5.2,NORMAL
S00003938,HT-009,HAUL_TRUCK,775,ENGINE,2026-01-10,12282.2,275.9,N,17.2,5.9,2.03,3.7,6.0,8.4,4.1,3.0,0.015,0.37,0.0,0.54,109.2,13.6,9.1,8.6,9.1,NORMAL
S00003939,HT-009,HAUL_TRUCK,775,ENGINE,2026-01-31,12498.4,492.1,N,25.1,11.0,2.14,5.8,7.1,10.1,4.8,4.3,0.016,0.46,0.0,0.64,108.6,16.8,10.2,6.12,11.0,NORMAL
S00003940,HT-009,HAUL_TRUCK,775,ENGINE,2026-02-24,12747.1,29.4,N,11.3,3.7,1.09,2.3,3.1,3.5,2.7,1.9,0.018,0.72,0.0,0.24,108.0,8.0,4.5,9.9,5.3,NORMAL
S00003941,HT-009,HAUL_TRUCK,775,ENGINE,2026-03-11,12907.4,189.7,N,17.5,7.0,1.85,4.8,4.9,6.1,4.1,3.1,0.029,0.62,0.0,0.37,112.2,10.8,7.2,8.83,5.6,NORMAL
S00003942,HT-009,HAUL_TRUCK,775,ENGINE,2026-04-07,13190.7,473.0,N,33.9,10.1,3.36,5.2,5.3,12.0,3.6,5.1,0.013,0.66,0.0,0.59,105.8,13.7,11.0,6.17,9.6,NORMAL
S00003943,HT-009,HAUL_TRUCK,775,ENGINE,2026-04-23,13361.1,46.7,N,11.2,3.7,1.23,2.1,3.3,4.6,3.0,1.9,0.012,1.16,0.0,0.24,111.5,9.5,5.6,9.71,6.0,NORMAL
S00003944,HT-009,HAUL_TRUCK,775,ENGINE,2026-05-12,13564.4,250.0,N,18.6,8.0,1.8,5.0,5.0,7.3,4.0,4.1,0.022,0.65,0.0,0.45,115.2,12.6,7.6,8.83,9.4,NORMAL
S00003945,HT-009,HAUL_TRUCK,775,ENGINE,2026-05-31,13761.9,447.5,N,21.7,8.7,2.74,5.7,9.1,10.2,5.3,3.2,0.017,0.34,0.0,0.56,106.7,17.1,11.2,7.15,8.8,NORMAL
S00003946,HT-009,HAUL_TRUCK,775,ENGINE,2026-06-20,13968.0,59.2,N,8.8,6.0,1.65,2.6,4.1,5.1,3.1,2.1,0.032,0.74,0.0,0.18,109.7,9.7,7.0,9.96,6.0,NORMAL
S00003987,HT-009,HAUL_TRUCK,775,FINAL_DRIVE,2023-04-06,1829.8,1675.3,N,81.7,12.1,5.6,10.6,5.7,13.5,4.1,2.3,0.055,0.0,0.0,0.08,100.1,9.5,4.8,3.96,44.3,NORMAL
S00003988,HT-009,HAUL_TRUCK,775,FINAL_DRIVE,2023-07-05,2774.9,24.1,N,73.4,5.3,4.97,3.9,4.1,4.9,1.2,1.1,0.041,0.0,0.0,0.02,102.4,4.8,2.7,5.55,30.4,NORMAL
S00003989,HT-009,HAUL_TRUCK,775,FINAL_DRIVE,2023-09-29,3674.6,923.9,N,205.9,9.4,17.11,10.1,5.3,11.5,2.7,2.1,0.067,0.0,0.0,0.05,98.7,7.2,4.2,4.86,126.2,ACTION
S00003990,HT-009,HAUL_TRUCK,775,FINAL_DRIVE,2023-12-22,4564.9,1814.1,N,114.7,12.3,6.61,12.8,9.1,11.6,4.9,2.6,0.02,0.0,0.0,0.06,99.7,9.9,4.9,4.05,45.1,NORMAL
S00003991,HT-009,HAUL_TRUCK,775,FINAL_DRIVE,2024-03-21,5509.9,26.9,N,36.0,4.7,2.0,5.2,3.4,4.2,1.9,1.2,0.056,0.0,0.0,0.03,99.1,4.8,3.0,5.91,15.9,NORMAL
S00003992,HT-009,HAUL_TRUCK,775,FINAL_DRIVE,2024-06-19,6454.9,971.9,N,105.6,8.6,3.47,7.0,6.7,8.4,3.2,2.1,0.05,0.0,0.0,0.05,101.3,7.3,4.1,4.65,28.3,NORMAL
S00003993,HT-009,HAUL_TRUCK,775,FINAL_DRIVE,2024-09-03,7248.1,1765.1,N,111.9,12.4,7.07,13.1,8.6,13.3,3.4,2.6,0.042,0.0,0.0,0.07,93.4,8.7,4.8,3.67,37.6,NORMAL
S00003994,HT-009,HAUL_TRUCK,775,FINAL_DRIVE,2024-11-05,7905.9,58.1,N,35.3,4.0,3.57,6.3,3.4,4.9,1.7,1.5,0.051,0.0,0.0,0.03,100.1,5.1,3.0,5.18,14.7,NORMAL
S00003995,HT-009,HAUL_TRUCK,775,FINAL_DRIVE,2025-02-01,8835.6,987.8,N,84.9,9.2,4.94,7.1,4.6,10.4,3.4,2.4,0.042,0.0,0.0,0.06,97.6,6.3,4.0,4.78,25.6,NORMAL
S00003996,HT-009,HAUL_TRUCK,775,FINAL_DRIVE,2025-05-02,9780.6,1932.8,N,133.5,15.8,6.92,12.7,9.7,14.0,3.1,3.0,0.032,0.0,0.0,0.07,101.3,10.1,5.4,3.48,40.6,NORMAL
S00003997,HT-009,HAUL_TRUCK,775,FINAL_DRIVE,2025-07-31,10725.7,7.5,N,48.3,4.9,2.99,6.2,3.6,4.9,1.5,0.8,0.05,0.0,0.0,0.02,102.3,4.8,2.5,5.74,15.4,NORMAL
S00003998,HT-009,HAUL_TRUCK,775,FINAL_DRIVE,2025-10-29,11670.7,952.6,N,81.1,10.4,3.61,4.4,7.2,8.0,3.8,2.5,0.039,0.0,0.0,0.05,97.8,8.1,4.2,4.68,28.8,NORMAL
S00003999,HT-009,HAUL_TRUCK,775,FINAL_DRIVE,2026-01-27,12615.7,1897.6,N,162.6,13.2,6.77,9.2,10.2,25.6,4.0,3.5,2.054,0.0,0.0,0.08,102.4,8.4,5.6,3.41,52.0,ACTION
S00004000,HT-009,HAUL_TRUCK,775,FINAL_DRIVE,2026-04-27,13560.7,6.4,N,41.8,5.2,2.91,5.2,3.5,5.0,1.9,1.2,0.041,0.0,0.0,0.03,97.1,5.1,2.9,5.72,21.0,NORMAL
S00003947,HT-009,HAUL_TRUCK,775,HYDRAULIC,2023-04-18,1844.3,1387.9,N,9.7,4.4,1.37,2.0,3.5,7.9,3.0,3.4,0.054,0.0,0.0,0.07,47.1,9.3,4.1,3.37,6.3,NORMAL
S00003948,HT-009,HAUL_TRUCK,775,HYDRAULIC,2023-07-17,2789.4,15.3,N,6.7,2.1,0.72,0.9,1.7,4.2,1.1,0.8,0.029,0.0,0.0,0.03,46.1,5.4,3.0,4.94,3.3,NORMAL
S00003949,HT-009,HAUL_TRUCK,775,HYDRAULIC,2023-10-15,3734.4,960.3,N,12.2,4.1,1.01,2.1,2.4,6.3,3.1,1.4,0.018,0.0,0.0,0.05,46.0,7.3,4.3,3.5,5.2,NORMAL
S00003950,HT-009,HAUL_TRUCK,775,HYDRAULIC,2024-01-13,4679.4,1905.3,N,19.9,5.4,1.7,2.5,4.4,7.5,4.3,3.4,0.027,0.0,0.0,0.07,45.1,9.1,6.3,2.95,7.5,NORMAL
S00003951,HT-009,HAUL_TRUCK,775,HYDRAULIC,2024-04-12,5624.4,44.0,N,4.5,3.1,0.49,1.0,1.6,3.2,1.6,1.1,0.029,0.0,0.0,0.02,47.5,6.1,3.1,4.79,3.5,NORMAL
S00003952,HT-009,HAUL_TRUCK,775,HYDRAULIC,2024-07-11,6569.4,989.1,N,13.7,4.2,1.18,1.8,2.5,4.2,3.8,1.6,0.025,0.0,0.0,0.06,45.2,9.1,4.2,3.81,5.2,NORMAL
S00003953,HT-009,HAUL_TRUCK,775,HYDRAULIC,2024-10-09,7514.5,1934.1,N,17.6,5.9,1.15,3.0,4.6,7.4,3.8,3.3,0.041,0.0,0.0,0.08,46.0,9.9,6.0,2.62,7.4,NORMAL
S00003954,HT-009,HAUL_TRUCK,775,HYDRAULIC,2025-01-07,8459.5,48.6,N,6.5,2.5,0.45,1.0,1.4,3.4,1.5,1.0,0.032,0.0,0.0,0.02,45.8,5.8,3.1,4.42,3.6,NORMAL
S00003955,HT-009,HAUL_TRUCK,775,HYDRAULIC,2025-04-07,9404.5,993.6,N,10.6,3.1,0.7,1.4,3.7,7.0,2.7,1.7,0.029,0.0,0.0,0.04,46.0,8.3,5.1,3.99,8.0,NORMAL
S00003956,HT-009,HAUL_TRUCK,775,HYDRAULIC,2025-07-06,10349.5,1938.6,N,17.8,7.2,1.18,2.4,3.8,10.1,3.6,3.9,0.056,0.0,0.0,0.07,46.1,10.8,5.1,3.03,8.7,NORMAL
S00003957,HT-009,HAUL_TRUCK,775,HYDRAULIC,2025-10-04,11294.5,51.6,N,4.6,2.8,0.54,1.2,1.5,3.4,1.7,1.2,0.043,0.0,0.0,0.03,47.1,5.2,3.2,4.71,3.1,NORMAL
S00003958,HT-009,HAUL_TRUCK,775,HYDRAULIC,2025-12-23,12133.4,890.5,N,11.1,5.3,1.14,1.4,2.9,5.2,2.9,1.9,0.03,0.0,0.0,0.06,47.7,8.2,3.9,3.64,5.7,NORMAL
S00003959,HT-009,HAUL_TRUCK,775,HYDRAULIC,2026-03-13,12978.7,1735.8,N,16.1,6.4,1.31,3.3,3.4,8.0,3.8,2.3,0.033,0.0,0.0,0.06,45.5,11.0,4.9,3.14,7.6,NORMAL
S00003960,HT-009,HAUL_TRUCK,775,HYDRAULIC,2026-06-11,13923.7,37.2,N,6.5,3.2,0.62,1.2,1.8,4.3,1.4,1.1,0.028,0.0,0.0,0.03,45.9,5.5,2.7,4.37,2.7,NORMAL
S00003961,HT-009,HAUL_TRUCK,775,TRANSMISSION,2023-02-13,1338.6,20.5,N,20.1,7.7,1.58,5.1,2.2,3.6,1.9,1.1,0.02,0.0,0.0,0.05,71.1,6.3,3.8,6.9,8.5,NORMAL
S00003962,HT-009,HAUL_TRUCK,775,TRANSMISSION,2023-04-10,1923.5,605.4,N,41.8,16.3,3.32,7.5,6.0,11.8,3.2,1.8,0.029,0.0,0.0,0.12,66.3,10.0,6.4,5.04,17.2,NORMAL
S00003963,HT-009,HAUL_TRUCK,775,TRANSMISSION,2023-05-27,2423.0,30.7,N,23.5,9.9,1.42,3.3,3.4,4.0,2.2,1.2,0.028,0.0,0.0,0.04,67.2,6.6,3.3,7.16,9.2,NORMAL
S00003964,HT-009,HAUL_TRUCK,775,TRANSMISSION,2023-08-03,3137.4,745.1,N,44.4,24.9,3.57,7.6,6.0,6.7,3.7,2.7,0.03,0.0,0.0,0.12,65.5,10.7,6.1,4.69,18.7,NORMAL
S00003965,HT-009,HAUL_TRUCK,775,TRANSMISSION,2023-09-20,3644.9,39.7,N,22.6,11.6,1.47,4.5,3.0,4.4,2.0,1.2,0.063,0.0,0.0,0.05,67.6,7.1,3.6,7.05,7.7,NORMAL
S00003966,HT-009,HAUL_TRUCK,775,TRANSMISSION,2023-11-16,4241.3,636.1,N,47.2,15.1,3.28,6.0,7.7,7.4,3.1,2.9,0.022,0.0,0.0,0.11,68.6,9.7,5.2,5.08,12.2,NORMAL
S00003967,HT-009,HAUL_TRUCK,775,TRANSMISSION,2023-12-27,4673.5,43.5,N,21.5,8.2,2.08,4.1,3.4,4.4,2.0,1.0,0.024,0.0,0.0,0.04,67.1,6.9,3.9,6.93,7.7,NORMAL
S00003968,HT-009,HAUL_TRUCK,775,TRANSMISSION,2024-02-27,5324.3,694.3,N,77.4,39.2,2.86,18.1,6.7,7.5,3.3,2.8,0.033,0.0,0.0,0.15,64.8,11.5,4.9,5.44,14.3,MONITOR
S00003969,HT-009,HAUL_TRUCK,775,TRANSMISSION,2024-04-11,5778.3,14.1,N,22.3,7.6,1.34,2.6,2.9,3.5,1.4,1.2,0.036,0.0,0.0,0.05,68.3,5.9,3.3,7.0,6.3,NORMAL
S00003970,HT-009,HAUL_TRUCK,775,TRANSMISSION,2024-05-25,6248.2,484.0,N,27.3,12.4,3.89,5.5,5.1,7.6,3.2,1.9,0.023,0.0,0.0,0.11,67.9,9.1,5.3,5.46,15.0,NORMAL
S00003971,HT-009,HAUL_TRUCK,775,TRANSMISSION,2024-07-11,6734.1,969.8,N,69.7,19.1,4.4,8.9,6.1,12.1,3.3,3.0,0.022,0.0,0.0,0.13,68.7,12.6,6.7,4.43,20.8,NORMAL
S00003972,HT-009,HAUL_TRUCK,775,TRANSMISSION,2024-08-29,7252.8,2.8,N,26.9,8.2,1.56,3.9,2.8,5.0,1.5,0.9,0.018,0.0,0.0,0.04,67.4,5.7,3.2,6.22,7.3,NORMAL
S00003973,HT-009,HAUL_TRUCK,775,TRANSMISSION,2024-10-15,7748.7,498.6,N,40.8,17.9,1.92,5.2,4.9,6.0,2.6,2.5,0.026,0.0,0.0,0.13,66.9,10.2,5.7,6.03,13.5,NORMAL
S00003974,HT-009,HAUL_TRUCK,775,TRANSMISSION,2024-12-09,8327.4,12.7,N,15.0,8.2,1.52,3.0,2.3,3.3,1.5,1.1,0.025,0.0,0.0,0.06,68.7,6.0,3.6,6.6,7.6,NORMAL
S00003975,HT-009,HAUL_TRUCK,775,TRANSMISSION,2025-02-03,8913.5,598.8,N,61.6,14.5,3.31,4.9,6.2,7.4,2.8,1.9,0.031,0.0,0.0,0.11,65.5,10.6,5.7,5.18,17.4,NORMAL
S00003976,HT-009,HAUL_TRUCK,775,TRANSMISSION,2025-03-29,9475.6,20.3,N,23.2,7.0,1.34,4.6,3.0,3.8,1.8,1.6,0.022,0.0,0.0,0.06,66.5,7.0,4.3,6.28,8.7,NORMAL
S00003977,HT-009,HAUL_TRUCK,775,TRANSMISSION,2025-05-16,9979.9,524.5,N,66.7,38.9,3.24,22.1,4.3,5.8,3.2,1.9,0.027,0.0,0.0,0.1,67.4,10.6,5.7,5.53,15.2,MONITOR
S00003978,HT-009,HAUL_TRUCK,775,TRANSMISSION,2025-06-24,10388.7,933.3,N,48.1,17.8,3.26,7.7,7.1,12.7,5.4,3.0,0.016,0.0,0.0,0.16,65.6,12.9,7.0,4.04,23.5,NORMAL
S00003979,HT-009,HAUL_TRUCK,775,TRANSMISSION,2025-08-19,10977.0,39.2,N,16.9,9.2,1.93,4.1,3.3,4.3,2.1,1.2,0.031,0.0,0.0,0.05,68.3,6.0,3.6,6.36,12.0,NORMAL
S00003980,HT-009,HAUL_TRUCK,775,TRANSMISSION,2025-10-06,11483.2,545.4,N,72.2,14.9,4.97,5.8,4.6,6.4,3.5,2.4,0.038,0.0,0.0,0.15,66.9,9.5,5.0,5.21,40.4,MONITOR
S00003981,HT-009,HAUL_TRUCK,775,TRANSMISSION,2025-11-26,12016.2,11.8,N,25.6,8.4,1.62,4.1,2.5,4.1,2.9,1.0,0.029,0.0,0.0,0.06,67.4,7.4,3.3,6.59,9.6,NORMAL
S00003982,HT-009,HAUL_TRUCK,775,TRANSMISSION,2025-12-30,12376.8,372.4,N,41.5,9.4,2.42,6.3,4.3,5.3,3.2,1.7,0.017,0.0,0.0,0.08,64.0,7.4,4.5,5.91,13.9,NORMAL
S00003983,HT-009,HAUL_TRUCK,775,TRANSMISSION,2026-02-05,12761.9,757.5,N,61.0,19.3,3.42,8.3,6.5,8.5,3.6,2.2,0.02,0.0,0.0,0.16,70.8,12.2,6.2,4.44,15.4,NORMAL
S00003984,HT-009,HAUL_TRUCK,775,TRANSMISSION,2026-03-26,13282.3,3.7,N,18.8,8.0,2.17,2.4,2.9,3.8,1.7,1.2,0.026,0.0,0.0,0.05,68.3,5.7,3.4,7.11,6.9,NORMAL
S00003985,HT-009,HAUL_TRUCK,775,TRANSMISSION,2026-05-06,13710.9,432.2,N,38.5,13.2,2.83,6.2,5.7,6.5,2.7,1.8,0.037,0.0,0.0,0.11,68.0,9.3,5.2,5.59,13.8,NORMAL
S00003986,HT-009,HAUL_TRUCK,775,TRANSMISSION,2026-06-17,14153.8,875.1,N,47.8,19.6,4.63,7.6,6.5,9.3,3.7,2.7,0.023,0.0,0.0,0.17,66.4,13.1,6.4,4.45,22.4,NORMAL
S00004001,HT-010,HAUL_TRUCK,775,ENGINE,2023-02-13,5481.3,418.1,N,29.5,8.3,2.3,4.2,7.3,8.3,4.6,3.7,0.019,0.6,0.0,0.58,111.2,15.6,11.0,6.98,10.2,NORMAL
S00004002,HT-010,HAUL_TRUCK,775,ENGINE,2023-03-13,5711.6,21.2,N,11.2,5.3,1.32,2.2,2.2,3.8,2.4,1.7,0.041,0.35,0.0,0.22,107.9,8.2,5.8,10.21,4.4,NORMAL
S00004003,HT-010,HAUL_TRUCK,775,ENGINE,2023-04-21,6042.8,352.4,N,22.8,9.7,1.86,4.0,5.1,8.2,6.1,3.7,0.017,0.56,0.0,0.56,106.0,15.6,9.1,7.49,7.3,NORMAL
S00004004,HT-010,HAUL_TRUCK,775,ENGINE,2023-05-19,6274.1,23.3,N,12.7,4.7,0.98,2.4,2.4,5.0,2.1,2.0,0.024,0.67,0.0,0.2,113.4,10.0,5.2,10.53,4.5,NORMAL
S00004005,HT-010,HAUL_TRUCK,775,ENGINE,2023-06-02,6397.5,146.7,N,11.3,6.1,1.31,3.5,4.6,8.1,3.1,2.1,0.015,0.6,0.0,0.33,107.6,12.3,7.3,9.62,5.8,NORMAL
S00004006,HT-010,HAUL_TRUCK,775,ENGINE,2023-06-19,6539.7,288.9,N,19.8,7.5,2.34,4.6,5.3,7.0,4.6,2.9,0.027,0.6,0.0,0.44,110.9,12.7,8.3,7.93,11.8,NORMAL
S00004007,HT-010,HAUL_TRUCK,775,ENGINE,2023-07-26,6846.6,54.1,N,10.3,5.3,1.19,2.4,2.1,5.2,2.3,2.3,0.021,0.4,0.0,0.31,104.8,10.4,5.1,10.32,4.9,NORMAL
S00004008,HT-010,HAUL_TRUCK,775,ENGINE,2023-08-21,7068.4,276.0,N,19.1,8.0,2.02,5.3,4.0,9.5,4.0,4.2,0.018,0.52,0.0,0.52,105.6,13.9,9.0,7.34,7.4,NORMAL
S00004009,HT-010,HAUL_TRUCK,775,ENGINE,2023-09-22,7337.4,38.9,N,9.4,3.5,1.04,2.1,2.3,5.1,3.8,2.3,0.028,0.31,0.0,0.23,107.0,10.1,5.7,10.58,5.4,NORMAL
S00004010,HT-010,HAUL_TRUCK,775,ENGINE,2023-10-11,7501.4,202.9,N,12.7,6.2,2.1,3.1,3.6,7.0,4.2,2.3,0.028,0.68,0.0,0.39,108.8,11.1,6.9,8.65,7.3,NORMAL
S00004011,HT-010,HAUL_TRUCK,775,ENGINE,2023-11-10,7748.1,449.6,N,21.9,7.2,3.72,5.6,6.5,11.0,6.4,3.5,0.012,0.91,0.0,0.68,109.1,16.7,11.1,6.74,10.2,NORMAL
S00004012,HT-010,HAUL_TRUCK,775,ENGINE,2023-12-12,8017.3,23.4,N,12.1,5.5,1.38,2.5,3.4,4.6,2.6,1.8,0.019,0.66,0.0,0.21,104.6,9.6,6.2,10.02,4.6,NORMAL
S00004013,HT-010,HAUL_TRUCK,775,ENGINE,2024-01-05,8220.5,226.7,N,15.6,7.1,1.8,4.3,5.6,9.3,3.9,2.8,0.02,0.55,0.0,0.35,109.5,12.5,8.1,8.35,7.3,NORMAL
S00004014,HT-010,HAUL_TRUCK,775,ENGINE,2024-02-01,8450.5,456.7,N,23.4,8.8,2.72,5.8,6.6,10.5,5.2,4.4,0.016,0.99,0.0,0.62,105.1,15.5,11.5,6.38,10.4,NORMAL
S00004015,HT-010,HAUL_TRUCK,775,ENGINE,2024-03-06,8736.4,48.2,N,9.2,4.5,1.34,2.5,2.8,4.5,2.1,2.2,0.014,0.58,0.0,0.23,110.2,10.1,5.8,10.44,4.4,NORMAL
S00004016,HT-010,HAUL_TRUCK,775,ENGINE,2024-03-27,8914.2,226.0,N,22.0,5.9,2.02,3.7,5.5,8.2,4.4,2.5,0.023,0.44,0.0,0.5,105.3,12.1,7.7,9.46,8.4,NORMAL
S00004017,HT-010,HAUL_TRUCK,775,ENGINE,2024-04-27,9173.5,485.2,N,27.8,7.6,3.02,5.4,8.0,11.8,5.8,4.6,0.022,0.7,0.0,0.55,107.0,15.4,10.9,6.79,10.3,NORMAL
S00004018,HT-010,HAUL_TRUCK,775,ENGINE,2024-06-02,9478.6,59.5,N,11.6,5.2,1.36,3.0,2.8,6.0,3.4,2.2,0.023,0.47,0.0,0.25,113.2,9.4,5.9,9.74,5.0,NORMAL
S00004019,HT-010,HAUL_TRUCK,775,ENGINE,2024-06-21,9633.4,214.3,N,19.1,4.4,2.39,3.3,5.4,8.3,2.7,2.8,0.014,0.6,0.0,0.46,102.2,11.1,8.2,9.01,5.5,NORMAL
S00004020,HT-010,HAUL_TRUCK,775,ENGINE,2024-07-19,9872.0,452.9,N,24.9,9.9,2.46,6.0,7.5,12.2,5.6,3.9,0.019,0.78,0.0,0.57,110.8,16.7,10.4,6.45,10.5,NORMAL
S00004021,HT-010,HAUL_TRUCK,775,ENGINE,2024-08-14,10089.3,50.6,N,11.4,5.9,1.05,3.3,3.0,5.0,1.9,1.7,0.017,0.4,0.0,0.29,110.7,9.7,6.1,9.29,4.4,NORMAL
S00004022,HT-010,HAUL_TRUCK,775,ENGINE,2024-09-11,10328.6,289.9,N,16.9,7.2,1.69,4.8,4.6,6.5,4.6,3.2,0.012,1.05,0.0,0.56,108.8,12.3,7.2,8.14,8.8,NORMAL
S00004023,HT-010,HAUL_TRUCK,775,ENGINE,2024-09-28,10469.1,430.5,N,19.2,9.9,2.78,6.8,6.2,12.4,7.7,6.6,0.763,0.5,0.092,0.59,106.2,14.6,9.6,6.23,10.0,MONITOR
S00004024,HT-010,HAUL_TRUCK,775,ENGINE,2024-10-27,10713.9,45.2,N,14.7,4.5,1.37,3.6,2.2,5.2,12.1,8.4,3.732,0.84,0.457,0.25,110.3,9.1,5.8,10.15,6.4,ACTION
S00004025,HT-010,HAUL_TRUCK,775,ENGINE,2024-12-03,11021.5,352.8,N,22.6,5.5,2.42,4.6,4.6,7.6,6.2,3.0,0.021,0.76,0.0,0.47,107.7,14.6,9.2,7.05,9.4,NORMAL
S00004026,HT-010,HAUL_TRUCK,775,ENGINE,2025-01-06,11304.9,35.7,N,9.6,4.5,1.16,2.3,3.1,5.2,2.2,1.6,0.02,0.58,0.0,0.21,108.8,8.9,6.6,9.89,4.4,NORMAL
S00004027,HT-010,HAUL_TRUCK,775,ENGINE,2025-02-01,11526.6,257.4,N,21.0,6.6,2.05,2.8,5.8,7.1,3.9,3.1,0.02,0.44,0.0,0.5,108.1,14.9,8.6,8.06,7.0,NORMAL
S00004028,HT-010,HAUL_TRUCK,775,ENGINE,2025-03-01,11765.9,496.7,N,29.5,10.7,3.1,5.1,7.2,14.1,6.1,3.4,0.014,0.48,0.0,0.74,108.2,16.3,10.0,6.29,9.9,NORMAL
S00004029,HT-010,HAUL_TRUCK,775,ENGINE,2025-03-23,11950.9,2.8,N,12.8,4.2,1.35,2.0,3.1,4.3,2.9,2.3,0.026,1.33,0.0,0.18,107.7,7.4,5.1,10.17,3.4,NORMAL
S00004030,HT-010,HAUL_TRUCK,775,ENGINE,2025-04-24,12214.6,266.5,N,19.5,5.9,2.48,4.8,3.9,6.4,4.0,2.9,0.022,0.86,0.0,0.44,108.1,13.6,9.0,8.45,9.7,NORMAL
S00004031,HT-010,HAUL_TRUCK,775,ENGINE,2025-05-28,12507.1,29.7,N,11.1,4.1,1.18,2.8,2.3,4.3,2.7,1.9,0.018,0.47,0.0,0.21,112.1,9.3,6.0,10.69,4.5,NORMAL
S00004032,HT-010,HAUL_TRUCK,775,ENGINE,2025-06-30,12780.1,302.7,N,21.6,5.6,2.55,4.6,6.1,10.9,4.1,2.3,0.026,0.42,0.0,0.52,107.6,11.6,8.6,8.0,7.6,NORMAL
S00004033,HT-010,HAUL_TRUCK,775,ENGINE,2025-07-28,13012.5,22.7,N,9.0,4.3,1.15,3.1,4.0,5.3,2.5,1.3,0.01,0.83,0.0,0.28,106.4,10.0,6.0,10.51,4.1,NORMAL
S00004034,HT-010,HAUL_TRUCK,775,ENGINE,2025-08-26,13257.2,267.4,N,21.3,9.4,2.24,4.8,5.4,8.8,4.1,4.2,0.025,0.56,0.0,0.61,107.1,13.5,7.4,8.05,8.4,NORMAL
S00004035,HT-010,HAUL_TRUCK,775,ENGINE,2025-09-19,13464.0,474.3,N,26.3,8.0,2.72,5.6,7.6,16.7,5.4,3.5,0.026,0.47,0.0,0.64,109.6,16.7,10.1,6.34,9.2,NORMAL
S00004036,HT-010,HAUL_TRUCK,775,ENGINE,2025-10-13,13666.2,47.6,N,16.3,6.3,1.21,3.2,6.7,17.0,2.0,1.8,0.039,0.62,0.0,0.26,109.0,9.7,6.6,9.83,5.3,NORMAL
S00004037,HT-010,HAUL_TRUCK,775,ENGINE,2025-11-06,13862.5,244.0,N,28.8,7.7,2.21,3.9,10.2,29.5,3.9,3.0,0.023,0.39,0.0,0.46,112.6,13.9,8.1,8.06,6.6,MONITOR
S00004038,HT-010,HAUL_TRUCK,775,ENGINE,2025-12-05,14112.9,494.3,N,38.8,16.5,2.52,5.4,16.6,48.9,5.3,3.7,0.023,0.38,0.0,0.69,111.1,18.7,12.5,6.26,9.8,ACTION
S00004039,HT-010,HAUL_TRUCK,775,ENGINE,2026-01-04,14366.3,2.3,N,9.2,3.2,1.04,2.8,3.1,3.8,2.4,2.4,0.025,0.77,0.0,0.23,110.2,8.8,5.2,10.47,4.3,NORMAL
S00004040,HT-010,HAUL_TRUCK,775,ENGINE,2026-01-29,14572.4,208.4,N,25.6,6.1,2.14,4.6,4.4,6.4,2.7,2.8,0.019,0.8,0.0,0.42,108.8,10.9,8.8,8.14,9.4,NORMAL
S00004041,HT-010,HAUL_TRUCK,775,ENGINE,2026-02-25,14796.3,432.3,N,25.4,8.4,1.97,5.4,6.2,13.1,6.7,4.4,0.027,1.04,0.0,0.66,111.8,14.9,11.0,7.07,8.0,NORMAL
S00004042,HT-010,HAUL_TRUCK,775,ENGINE,2026-03-26,15043.5,34.6,N,10.5,3.3,1.21,1.9,2.8,4.2,2.4,1.6,0.023,0.39,0.0,0.21,110.3,10.2,6.2,9.16,4.9,NORMAL
S00004043,HT-010,HAUL_TRUCK,775,ENGINE,2026-04-15,15214.7,205.8,N,15.9,7.6,1.75,3.4,3.6,6.7,3.9,2.7,0.024,0.63,0.0,0.47,107.7,12.1,7.6,9.8,9.2,NORMAL
S00004044,HT-010,HAUL_TRUCK,775,ENGINE,2026-05-08,15401.5,392.6,N,22.3,8.8,3.54,5.0,6.2,12.9,4.5,4.0,0.023,0.5,0.0,0.39,105.5,14.6,9.5,7.88,10.4,NORMAL
S00004045,HT-010,HAUL_TRUCK,775,ENGINE,2026-06-02,15612.7,46.0,N,8.6,4.3,0.91,2.0,3.2,5.7,2.5,1.6,0.027,0.52,0.0,0.27,103.1,8.6,6.8,9.81,6.8,NORMAL
S00004046,HT-010,HAUL_TRUCK,775,ENGINE,2026-06-25,15809.7,242.9,N,17.9,9.4,1.73,4.5,5.8,8.6,3.8,2.9,0.02,0.45,0.0,0.54,102.1,11.9,8.6,8.72,6.3,NORMAL
S00004083,HT-010,HAUL_TRUCK,775,FINAL_DRIVE,2023-04-08,6034.3,887.0,N,93.5,9.7,3.94,9.2,6.7,7.9,2.9,1.8,0.061,0.0,0.0,0.06,102.1,6.6,4.2,4.99,28.1,NORMAL
S00004084,HT-010,HAUL_TRUCK,775,FINAL_DRIVE,2023-07-07,6791.4,1644.1,N,157.4,14.5,10.48,10.9,8.0,13.7,4.3,2.4,0.027,0.0,0.0,0.08,97.5,7.4,4.8,4.35,85.5,MONITOR
S00004085,HT-010,HAUL_TRUCK,775,FINAL_DRIVE,2023-10-03,7532.5,51.5,N,50.6,5.4,3.13,3.6,2.8,4.2,2.5,1.3,0.032,0.0,0.0,0.03,102.1,5.3,3.0,5.91,21.9,NORMAL
S00004086,HT-010,HAUL_TRUCK,775,FINAL_DRIVE,2024-01-01,8289.6,808.6,N,67.6,7.5,4.73,7.1,5.7,11.0,3.1,1.8,0.023,0.0,0.0,0.05,100.6,7.5,4.1,5.02,19.9,NORMAL
S00004087,HT-010,HAUL_TRUCK,775,FINAL_DRIVE,2024-03-31,9046.7,1565.7,N,89.1,13.9,6.21,12.5,7.1,8.5,3.4,2.2,0.042,0.0,0.0,0.06,97.7,9.2,4.7,4.12,38.8,NORMAL
S00004088,HT-010,HAUL_TRUCK,775,FINAL_DRIVE,2024-06-29,9803.8,13.9,N,48.2,5.4,2.45,5.8,4.0,4.7,1.6,1.1,0.025,0.0,0.0,0.03,102.6,4.7,3.1,5.51,21.1,NORMAL
S00004089,HT-010,HAUL_TRUCK,775,FINAL_DRIVE,2024-09-27,10560.9,771.0,N,66.0,8.9,6.99,8.3,6.8,7.2,3.2,2.0,0.044,0.0,0.0,0.05,101.8,6.6,4.6,4.91,22.8,NORMAL
S00004090,HT-010,HAUL_TRUCK,775,FINAL_DRIVE,2024-12-26,11318.0,1528.1,N,144.3,10.3,5.67,11.6,9.1,14.9,4.7,2.7,0.038,0.0,0.0,0.07,100.9,6.6,5.1,4.13,23.1,NORMAL
S00004091,HT-010,HAUL_TRUCK,775,FINAL_DRIVE,2025-03-26,12075.1,32.1,N,42.1,5.0,2.29,4.3,4.2,5.0,1.8,1.3,0.058,0.0,0.0,0.03,100.4,5.3,2.6,5.62,17.6,NORMAL
S00004092,HT-010,HAUL_TRUCK,775,FINAL_DRIVE,2025-06-24,12832.2,789.2,N,102.2,7.0,5.34,8.7,7.5,7.8,3.1,2.3,0.03,0.0,0.0,0.05,103.0,6.8,4.0,4.6,25.5,NORMAL
S00004093,HT-010,HAUL_TRUCK,775,FINAL_DRIVE,2025-09-22,13589.3,1546.3,N,90.6,10.3,5.96,13.1,7.0,11.7,4.0,2.2,0.066,0.0,0.0,0.05,100.6,8.2,4.9,4.17,34.2,NORMAL
S00004094,HT-010,HAUL_TRUCK,775,FINAL_DRIVE,2025-12-21,14346.4,48.9,N,49.2,4.4,2.82,4.3,3.9,5.2,1.8,1.2,0.046,0.0,0.0,0.03,100.2,4.8,2.6,5.64,18.1,NORMAL
S00004095,HT-010,HAUL_TRUCK,775,FINAL_DRIVE,2026-03-21,15103.5,806.0,N,85.3,8.7,5.9,6.7,5.0,6.8,2.7,1.7,0.054,0.0,0.0,0.05,106.5,7.1,3.8,4.48,24.7,NORMAL
S00004096,HT-010,HAUL_TRUCK,775,FINAL_DRIVE,2026-06-19,15860.6,1563.1,N,86.1,11.5,5.71,8.3,7.5,13.2,3.4,3.1,0.049,0.0,0.0,0.08,99.2,9.9,5.0,4.03,36.4,NORMAL
S00004047,HT-010,HAUL_TRUCK,775,HYDRAULIC,2023-04-21,6034.3,45.2,N,5.7,2.6,0.49,1.2,2.0,2.8,1.8,0.9,0.036,0.0,0.0,0.03,43.1,6.2,2.9,4.5,4.0,NORMAL
S00004048,HT-010,HAUL_TRUCK,775,HYDRAULIC,2023-07-20,6791.4,802.3,N,9.5,3.0,1.08,1.8,2.8,5.8,2.5,1.8,0.027,0.0,0.0,0.06,47.8,7.9,4.3,4.03,5.1,NORMAL
S00004049,HT-010,HAUL_TRUCK,775,HYDRAULIC,2023-10-18,7548.5,1559.4,N,16.1,4.4,0.98,2.7,2.9,7.6,4.3,2.6,0.048,0.0,0.0,0.07,46.0,7.8,5.6,3.14,6.6,NORMAL
S00004050,HT-010,HAUL_TRUCK,775,HYDRAULIC,2024-01-16,8305.6,36.2,N,7.4,2.6,0.62,0.8,1.7,3.3,1.7,1.7,0.037,0.0,0.0,0.03,47.2,4.9,2.9,4.91,3.9,NORMAL
S00004051,HT-010,HAUL_TRUCK,775,HYDRAULIC,2024-04-15,9062.7,793.3,N,7.9,3.4,0.97,2.1,2.0,5.2,3.3,2.1,0.035,0.0,0.0,0.05,48.0,8.4,3.9,3.94,5.8,NORMAL
S00004052,HT-010,HAUL_TRUCK,775,HYDRAULIC,2024-07-14,9819.8,1550.4,N,15.2,5.4,1.34,3.5,3.7,8.3,4.5,2.1,0.032,0.0,0.0,0.08,48.2,10.5,5.2,3.13,7.9,NORMAL
S00004053,HT-010,HAUL_TRUCK,775,HYDRAULIC,2024-10-12,10576.9,22.4,N,5.9,2.0,0.53,1.2,1.8,3.4,2.1,1.0,0.036,0.0,0.0,0.03,45.5,5.4,2.9,4.7,3.4,NORMAL
S00004054,HT-010,HAUL_TRUCK,775,HYDRAULIC,2025-01-10,11334.0,779.5,N,9.7,3.8,1.07,1.5,3.0,7.1,3.9,1.8,0.02,0.0,0.0,0.05,46.0,7.4,4.1,4.19,6.1,NORMAL
S00004055,HT-010,HAUL_TRUCK,775,HYDRAULIC,2025-04-10,12091.1,1536.6,N,10.7,6.7,1.41,2.6,4.4,7.6,4.4,2.0,0.022,0.0,0.0,0.07,44.7,11.0,5.4,3.29,8.0,NORMAL
S00004056,HT-010,HAUL_TRUCK,775,HYDRAULIC,2025-07-09,12848.2,32.7,N,14.8,2.7,0.58,1.3,1.7,4.0,1.3,1.0,11.914,0.0,0.0,0.02,45.3,5.9,2.4,4.5,3.3,MONITOR
S00004057,HT-010,HAUL_TRUCK,775,HYDRAULIC,2025-10-07,13605.3,789.8,N,10.5,3.2,0.9,2.1,2.4,4.2,2.4,1.8,0.023,0.0,0.0,0.05,46.1,7.7,3.8,3.86,4.8,NORMAL
S00004058,HT-010,HAUL_TRUCK,775,HYDRAULIC,2026-01-05,14362.4,1546.9,N,12.5,4.1,1.43,3.5,4.1,6.9,4.1,3.4,0.025,0.0,0.0,0.08,45.1,10.7,4.8,3.21,6.0,NORMAL
S00004059,HT-010,HAUL_TRUCK,775,HYDRAULIC,2026-03-28,15057.3,30.2,N,6.0,3.3,0.52,1.6,1.5,3.3,2.1,1.4,0.028,0.0,0.0,0.03,44.3,4.9,2.9,4.3,4.2,NORMAL
S00004060,HT-010,HAUL_TRUCK,775,HYDRAULIC,2026-06-26,15814.4,787.3,N,9.4,3.3,0.78,1.7,2.7,6.1,2.9,1.6,0.027,0.0,0.0,0.05,45.2,8.9,4.6,3.58,4.7,NORMAL
S00004061,HT-010,HAUL_TRUCK,775,TRANSMISSION,2023-02-21,5708.2,17.8,N,22.7,6.8,2.33,3.3,2.8,4.9,1.7,1.3,0.02,0.0,0.0,0.05,67.8,7.0,4.0,6.95,6.6,NORMAL
S00004062,HT-010,HAUL_TRUCK,775,TRANSMISSION,2023-04-07,6085.4,395.0,N,45.3,10.3,3.05,5.6,4.7,5.7,3.0,2.2,0.032,0.0,0.0,0.09,66.8,10.3,5.6,5.51,12.5,NORMAL
S00004063,HT-010,HAUL_TRUCK,775,TRANSMISSION,2023-06-09,6620.0,929.5,N,55.3,21.0,6.02,9.9,6.4,11.2,4.5,3.1,0.027,0.0,0.0,0.17,68.0,11.7,6.2,4.75,16.2,NORMAL
S00004064,HT-010,HAUL_TRUCK,775,TRANSMISSION,2023-08-06,7108.2,24.4,N,18.7,8.8,1.47,3.7,3.5,4.4,1.6,1.1,0.039,0.0,0.0,0.05,67.2,6.3,3.5,6.44,7.6,NORMAL
S00004065,HT-010,HAUL_TRUCK,775,TRANSMISSION,2023-10-04,7602.4,518.5,N,34.5,15.9,3.88,5.1,7.5,6.7,2.9,2.4,0.04,0.0,0.0,0.09,69.9,9.5,5.6,5.51,14.1,NORMAL
S00004066,HT-010,HAUL_TRUCK,775,TRANSMISSION,2023-12-24,8282.9,16.7,N,23.1,7.6,1.59,2.8,2.4,3.1,1.4,1.4,0.053,0.0,0.0,0.06,66.4,5.7,4.1,7.39,6.8,NORMAL
S00004067,HT-010,HAUL_TRUCK,775,TRANSMISSION,2024-02-23,8792.1,526.0,N,39.2,14.3,2.46,6.9,5.0,6.1,2.8,2.6,0.026,0.0,0.0,0.1,69.4,8.7,5.3,5.44,15.3,NORMAL
S00004068,HT-010,HAUL_TRUCK,775,TRANSMISSION,2024-04-03,9128.7,862.6,N,39.3,17.5,4.11,10.3,7.3,9.2,4.7,2.4,0.041,0.0,0.0,0.16,68.1,10.8,6.2,4.85,14.2,NORMAL
S00004069,HT-010,HAUL_TRUCK,775,TRANSMISSION,2024-05-18,9511.1,47.8,N,24.6,8.5,1.65,2.7,2.6,3.4,1.5,1.2,0.025,0.0,0.0,0.05,70.9,6.7,3.5,6.38,9.0,NORMAL
S00004070,HT-010,HAUL_TRUCK,775,TRANSMISSION,2024-07-26,10087.7,624.5,N,31.7,12.1,4.33,7.9,6.7,9.2,3.3,2.2,0.021,0.0,0.0,0.11,65.9,10.4,6.1,5.19,15.5,NORMAL
S00004071,HT-010,HAUL_TRUCK,775,TRANSMISSION,2024-09-08,10461.0,997.8,N,64.4,18.3,4.64,8.9,7.2,11.6,4.1,3.4,0.025,0.0,0.0,0.22,68.6,13.5,6.7,4.0,17.8,NORMAL
S00004072,HT-010,HAUL_TRUCK,775,TRANSMISSION,2024-11-01,10919.0,8.9,N,24.1,7.7,1.2,3.2,3.5,5.5,1.3,1.3,0.025,0.0,0.0,0.07,68.5,6.6,3.7,7.18,8.3,NORMAL
S00004073,HT-010,HAUL_TRUCK,775,TRANSMISSION,2024-12-31,11416.3,506.1,N,34.7,16.0,2.9,6.2,5.8,6.9,2.7,2.4,0.046,0.0,0.0,0.11,67.2,9.2,4.7,5.13,16.4,NORMAL
S00004074,HT-010,HAUL_TRUCK,775,TRANSMISSION,2025-02-17,11822.2,912.0,N,58.6,17.4,3.81,7.1,7.4,8.8,4.2,2.7,0.03,0.0,0.0,0.15,69.0,11.8,7.0,4.84,19.6,NORMAL
S00004075,HT-010,HAUL_TRUCK,775,TRANSMISSION,2025-04-29,12418.1,46.6,N,19.9,13.6,2.11,2.8,2.9,4.1,1.8,1.3,0.032,0.0,0.0,0.06,68.5,7.8,3.3,6.73,8.2,NORMAL
S00004076,HT-010,HAUL_TRUCK,775,TRANSMISSION,2025-06-27,12920.7,549.3,N,47.2,12.3,3.74,6.6,4.2,8.4,3.1,1.8,0.036,0.0,0.0,0.1,68.3,9.0,5.6,5.29,12.5,NORMAL
S00004077,HT-010,HAUL_TRUCK,775,TRANSMISSION,2025-08-29,13445.1,35.8,N,24.5,7.5,1.75,3.5,3.1,3.6,1.6,1.1,0.02,0.0,0.0,0.05,68.0,6.7,3.6,7.28,8.6,NORMAL
S00004078,HT-010,HAUL_TRUCK,775,TRANSMISSION,2025-11-01,13986.4,577.0,N,38.6,16.9,3.52,6.8,5.7,7.6,3.2,2.1,0.026,0.0,0.0,0.09,68.3,10.0,5.4,5.3,12.4,NORMAL
S00004079,HT-010,HAUL_TRUCK,775,TRANSMISSION,2025-12-21,14408.9,999.6,N,48.2,20.1,6.1,11.4,5.4,8.2,5.3,3.1,0.051,0.0,0.0,0.18,69.3,13.1,7.1,4.03,22.0,MONITOR
S00004080,HT-010,HAUL_TRUCK,775,TRANSMISSION,2026-02-17,14891.4,35.4,N,14.3,8.4,1.58,3.3,3.0,4.0,1.9,1.2,0.039,0.0,0.0,0.06,65.7,6.4,3.5,6.37,6.8,NORMAL
S00004081,HT-010,HAUL_TRUCK,775,TRANSMISSION,2026-04-14,15368.2,512.2,N,43.7,10.6,3.37,5.8,4.1,10.0,3.0,1.9,0.038,0.0,0.0,0.1,67.5,9.9,5.8,5.52,13.1,NORMAL
S00004082,HT-010,HAUL_TRUCK,775,TRANSMISSION,2026-06-23,15954.7,12.1,N,23.8,11.6,2.14,4.3,1.9,3.7,1.5,1.1,0.021,0.0,0.0,0.05,66.0,6.1,3.2,6.34,6.7,NORMAL
S00004097,HT-011,HAUL_TRUCK,775,ENGINE,2023-01-29,5240.5,19.6,N,10.3,3.7,1.12,2.6,3.1,5.7,2.1,1.8,0.018,0.94,0.0,0.22,111.8,8.2,5.7,8.93,6.0,NORMAL
S00004098,HT-011,HAUL_TRUCK,775,ENGINE,2023-02-17,5470.7,249.8,N,17.5,7.8,1.61,4.0,5.5,6.5,4.0,2.8,0.015,0.47,0.0,0.47,106.7,12.9,7.3,8.48,9.2,NORMAL
S00004099,HT-011,HAUL_TRUCK,775,ENGINE,2023-03-11,5736.8,13.8,N,8.4,6.1,0.95,2.0,4.1,5.5,2.3,2.3,0.016,0.45,0.0,0.18,106.4,8.4,5.3,10.29,5.0,NORMAL
S00004100,HT-011,HAUL_TRUCK,775,ENGINE,2023-03-31,5979.6,256.5,N,18.1,6.1,1.67,3.9,4.7,8.4,3.8,3.9,0.018,0.26,0.0,0.42,115.9,12.0,9.5,8.82,6.4,NORMAL
S00004101,HT-011,HAUL_TRUCK,775,ENGINE,2023-04-23,6247.4,36.8,N,9.9,5.0,1.17,3.0,3.7,4.5,1.9,1.3,0.022,0.54,0.0,0.27,110.6,8.8,6.1,9.76,4.1,NORMAL
S00004102,HT-011,HAUL_TRUCK,775,ENGINE,2023-05-17,6538.3,327.7,N,20.4,8.1,2.58,4.2,6.1,8.7,3.7,2.7,0.029,0.49,0.0,0.49,109.3,15.3,8.1,7.71,7.8,NORMAL
S00004103,HT-011,HAUL_TRUCK,775,ENGINE,2023-06-09,6815.7,48.4,N,10.0,5.0,1.24,2.3,2.7,5.0,2.4,2.0,0.012,0.78,0.0,0.25,110.4,9.8,6.8,9.56,4.5,NORMAL
S00004104,HT-011,HAUL_TRUCK,775,ENGINE,2023-07-02,7083.2,315.9,N,15.9,9.6,1.94,3.7,5.1,7.4,4.7,4.1,0.018,0.23,0.0,0.43,111.8,14.3,8.6,8.23,10.3,NORMAL
S00004105,HT-011,HAUL_TRUCK,775,ENGINE,2023-07-16,7252.1,484.9,N,32.7,11.9,3.01,4.7,8.3,12.5,8.1,3.5,0.041,0.71,0.0,0.55,105.9,17.4,11.0,6.67,12.8,NORMAL
S00004106,HT-011,HAUL_TRUCK,775,ENGINE,2023-08-10,7547.1,42.3,N,11.1,5.2,1.24,2.5,3.6,5.3,2.0,2.5,0.014,0.73,0.0,0.2,105.4,8.1,6.0,9.99,5.1,NORMAL
S00004107,HT-011,HAUL_TRUCK,775,ENGINE,2023-08-24,7717.2,212.4,N,21.3,8.8,1.5,3.2,6.2,6.7,3.5,3.1,0.013,0.54,0.0,0.39,109.2,11.9,6.6,9.26,6.7,NORMAL
S00004108,HT-011,HAUL_TRUCK,775,ENGINE,2023-09-17,8001.9,497.1,N,25.8,10.8,2.75,4.8,7.5,12.3,5.2,4.8,0.017,0.7,0.0,0.65,108.2,14.8,11.4,6.28,11.4,NORMAL
S00004109,HT-011,HAUL_TRUCK,775,ENGINE,2023-10-07,8247.9,26.2,N,9.8,4.2,1.59,2.2,2.7,4.7,2.3,2.3,0.02,0.76,0.0,0.27,111.4,10.0,5.6,9.94,5.8,NORMAL
S00004110,HT-011,HAUL_TRUCK,775,ENGINE,2023-11-03,8559.6,337.9,N,18.5,8.2,2.52,4.1,6.1,8.7,4.7,3.3,0.032,0.42,0.0,0.6,105.3,11.8,9.6,7.9,9.2,NORMAL
S00004111,HT-011,HAUL_TRUCK,775,ENGINE,2023-11-22,8788.8,28.9,N,13.9,4.4,1.51,2.4,2.2,5.1,3.2,2.1,0.021,0.75,0.0,0.23,107.5,8.9,6.0,10.45,4.0,NORMAL
S00004112,HT-011,HAUL_TRUCK,775,ENGINE,2023-12-16,9083.9,323.9,N,23.9,8.6,2.54,5.4,5.5,8.2,5.1,3.4,0.022,0.54,0.0,0.41,104.9,14.3,8.5,8.17,9.0,NORMAL
S00004113,HT-011,HAUL_TRUCK,775,ENGINE,2024-01-06,9325.1,8.8,N,13.4,4.6,1.21,1.6,2.6,4.9,2.2,1.6,0.013,0.76,0.0,0.19,110.5,8.7,6.0,10.61,4.2,NORMAL
S00004114,HT-011,HAUL_TRUCK,775,ENGINE,2024-01-27,9583.3,267.0,N,18.7,8.7,2.05,3.7,5.0,9.5,2.9,2.6,0.023,0.68,0.0,0.37,108.1,12.5,8.6,7.73,8.9,NORMAL
S00004115,HT-011,HAUL_TRUCK,775,ENGINE,2024-02-22,9892.6,45.3,N,11.7,5.5,1.26,2.3,3.0,5.5,2.3,1.9,0.01,0.49,0.0,0.25,107.8,8.5,6.1,10.02,5.4,NORMAL
S00004116,HT-011,HAUL_TRUCK,775,ENGINE,2024-03-10,10092.4,245.1,N,21.0,4.3,2.42,3.5,4.2,5.7,4.0,2.6,0.028,1.08,0.0,0.3,110.1,12.0,8.0,8.75,6.4,NORMAL
S00004117,HT-011,HAUL_TRUCK,775,ENGINE,2024-03-27,10291.8,444.5,N,29.4,9.3,2.83,4.6,7.3,13.8,7.6,3.9,0.012,0.95,0.0,0.68,108.1,17.6,10.7,6.82,11.3,NORMAL
S00004118,HT-011,HAUL_TRUCK,775,ENGINE,2024-04-20,10582.6,45.4,N,11.3,4.5,1.19,2.0,2.9,5.2,2.4,1.7,0.022,0.35,0.0,0.27,109.6,7.5,6.4,10.16,6.8,NORMAL
S00004119,HT-011,HAUL_TRUCK,775,ENGINE,2024-05-15,10884.9,347.7,N,21.6,6.2,2.06,5.9,5.3,10.6,3.9,2.9,0.01,0.44,0.0,0.64,107.8,11.4,8.3,7.62,8.3,NORMAL
S00004120,HT-011,HAUL_TRUCK,775,ENGINE,2024-06-03,11106.1,18.6,N,11.5,4.2,1.23,2.3,3.0,4.4,1.8,1.9,0.012,0.46,0.0,0.25,103.8,8.1,5.3,10.3,4.7,NORMAL
S00004121,HT-011,HAUL_TRUCK,775,ENGINE,2024-06-24,11357.5,270.0,N,16.7,6.0,2.71,4.0,5.5,9.0,3.6,3.2,0.013,0.5,0.0,0.54,102.5,14.1,9.0,8.1,9.4,NORMAL
S00004122,HT-011,HAUL_TRUCK,775,ENGINE,2024-07-11,11565.6,478.2,N,23.6,8.5,3.05,6.8,7.1,9.9,4.5,3.2,0.021,0.52,0.0,0.77,105.6,14.2,9.1,6.58,15.5,NORMAL
S00004123,HT-011,HAUL_TRUCK,775,ENGINE,2024-07-31,11803.2,6.8,N,10.7,3.5,1.35,2.2,3.2,6.5,2.5,1.8,0.028,0.42,0.0,0.16,106.2,7.7,5.8,10.42,5.2,NORMAL
S00004124,HT-011,HAUL_TRUCK,775,ENGINE,2024-08-21,12048.5,252.1,N,15.4,6.5,2.05,4.6,6.9,7.9,3.6,3.5,0.017,0.38,0.0,0.41,106.6,10.6,8.4,7.67,8.3,NORMAL
S00004125,HT-011,HAUL_TRUCK,775,ENGINE,2024-09-08,12267.3,470.9,N,27.1,8.8,2.43,5.2,7.7,13.8,5.0,3.7,0.02,0.81,0.0,0.59,109.3,17.6,10.7,6.21,11.3,NORMAL
S00004126,HT-011,HAUL_TRUCK,775,ENGINE,2024-10-02,12553.6,55.5,N,12.6,4.8,1.42,3.4,3.4,5.3,2.2,1.7,0.021,0.5,0.0,0.22,109.5,9.2,5.6,10.01,4.5,NORMAL
S00004127,HT-011,HAUL_TRUCK,775,ENGINE,2024-10-20,12771.2,273.0,N,17.6,10.4,2.14,5.4,7.1,8.7,3.5,2.8,0.018,0.35,0.0,0.44,109.0,11.6,9.2,8.09,9.6,NORMAL
S00004128,HT-011,HAUL_TRUCK,775,ENGINE,2024-11-06,12975.2,477.0,N,22.9,10.5,2.94,5.1,7.3,11.7,4.9,3.6,0.012,0.59,0.0,0.63,107.4,16.5,11.4,6.94,10.4,NORMAL
S00004129,HT-011,HAUL_TRUCK,775,ENGINE,2024-11-24,13190.3,16.8,N,10.9,4.3,1.2,3.1,2.8,4.5,1.8,1.6,0.022,0.49,0.0,0.21,106.8,7.5,6.3,10.45,4.4,NORMAL
S00004130,HT-011,HAUL_TRUCK,775,ENGINE,2024-12-11,13384.3,210.8,N,20.7,8.6,1.98,4.6,3.6,8.0,4.2,2.7,0.019,0.45,0.0,0.37,104.3,14.2,8.3,8.42,7.3,NORMAL
S00004131,HT-011,HAUL_TRUCK,775,ENGINE,2025-01-02,13657.3,483.9,N,21.7,8.0,2.66,4.1,6.7,10.7,6.6,4.6,0.01,0.31,0.0,0.71,111.7,16.3,12.0,6.59,11.9,NORMAL
S00004132,HT-011,HAUL_TRUCK,775,ENGINE,2025-01-27,13946.5,22.0,N,11.8,3.6,1.1,2.2,3.0,5.3,3.2,1.7,0.016,0.86,0.0,0.2,107.5,9.4,4.8,10.82,4.3,NORMAL
S00004133,HT-011,HAUL_TRUCK,775,ENGINE,2025-02-13,14154.1,229.6,N,16.5,7.1,2.22,3.6,4.2,8.9,3.5,2.1,0.018,0.74,0.0,0.46,106.9,12.2,7.9,9.03,7.9,NORMAL
S00004134,HT-011,HAUL_TRUCK,775,ENGINE,2025-02-25,14293.5,368.9,N,25.2,8.3,2.51,5.3,5.0,9.8,4.8,3.1,0.018,0.57,0.0,0.63,111.9,14.3,9.8,7.53,10.8,NORMAL
S00004135,HT-011,HAUL_TRUCK,775,ENGINE,2025-03-11,14469.4,8.2,N,7.6,3.9,1.54,2.8,2.8,5.2,2.2,1.5,0.021,0.57,0.0,0.16,108.6,7.5,5.2,10.85,5.3,NORMAL
S00004136,HT-011,HAUL_TRUCK,775,ENGINE,2025-04-05,14768.4,307.2,N,24.1,10.0,2.6,5.3,6.9,7.2,5.7,3.6,0.02,0.56,0.0,0.47,113.2,12.6,9.1,8.0,9.9,NORMAL
S00004137,HT-011,HAUL_TRUCK,775,ENGINE,2025-04-22,14965.6,24.3,N,13.8,3.5,1.13,2.0,2.9,3.9,2.9,1.5,0.014,0.47,0.0,0.19,104.0,10.0,5.9,9.85,4.2,NORMAL
S00004138,HT-011,HAUL_TRUCK,775,ENGINE,2025-05-08,15157.6,216.3,N,14.7,6.5,2.09,3.6,3.7,9.7,3.2,2.5,0.032,0.46,0.0,0.37,112.9,11.7,8.7,8.67,6.3,NORMAL
S00004139,HT-011,HAUL_TRUCK,775,ENGINE,2025-05-30,15421.9,480.6,N,23.8,10.5,3.04,7.1,7.0,10.9,5.6,4.8,0.018,0.76,0.0,0.71,109.2,16.1,10.1,6.7,10.4,NORMAL
S00004140,HT-011,HAUL_TRUCK,775,ENGINE,2025-06-22,15698.5,0.6,N,8.0,4.1,1.41,2.4,2.9,3.9,2.1,1.8,0.023,0.65,0.0,0.19,108.3,7.8,5.9,9.94,3.4,NORMAL
S00004141,HT-011,HAUL_TRUCK,775,ENGINE,2025-07-15,15969.1,271.3,N,17.8,8.5,1.88,5.3,5.2,8.6,3.3,2.8,0.017,0.72,0.0,0.56,109.0,13.8,8.3,8.13,8.8,NORMAL
S00004142,HT-011,HAUL_TRUCK,775,ENGINE,2025-07-31,16153.6,455.8,N,23.7,11.0,2.42,8.0,5.9,11.9,4.9,4.2,0.016,0.48,0.0,0.6,104.3,15.0,9.4,6.53,10.4,NORMAL
S00004143,HT-011,HAUL_TRUCK,775,ENGINE,2025-08-24,16449.9,3.4,N,9.4,3.6,1.43,2.9,2.1,5.3,2.3,1.7,0.016,0.6,0.0,0.23,105.3,8.9,5.2,9.86,5.4,NORMAL
S00004144,HT-011,HAUL_TRUCK,775,ENGINE,2025-09-14,16699.8,253.3,N,20.4,5.4,2.27,3.6,6.3,7.4,4.6,2.5,0.024,0.67,0.0,0.39,102.6,12.4,8.8,8.58,8.0,NORMAL
S00004145,HT-011,HAUL_TRUCK,775,ENGINE,2025-10-05,16952.2,38.2,N,11.7,4.4,1.44,2.8,2.1,4.3,2.8,1.8,0.041,0.56,0.0,0.25,112.8,9.7,6.1,9.77,4.1,NORMAL
S00004146,HT-011,HAUL_TRUCK,775,ENGINE,2025-10-26,17193.9,279.9,N,17.3,7.3,1.85,5.9,3.7,8.6,3.7,3.5,0.021,0.45,0.0,0.5,106.9,12.9,9.3,8.12,7.5,NORMAL
S00004147,HT-011,HAUL_TRUCK,775,ENGINE,2025-11-13,17413.0,498.9,N,18.3,7.4,2.65,4.3,6.9,10.5,5.6,5.5,0.016,0.68,0.0,0.78,108.4,17.8,12.0,6.63,10.0,NORMAL
S00004148,HT-011,HAUL_TRUCK,775,ENGINE,2025-11-28,17594.1,19.3,N,10.1,3.2,1.19,2.3,3.2,4.2,2.4,1.6,0.02,1.01,0.0,0.23,113.1,9.1,5.7,10.25,4.8,NORMAL
S00004149,HT-011,HAUL_TRUCK,775,ENGINE,2025-12-23,17896.0,321.2,N,18.4,7.9,2.67,3.5,4.2,8.5,4.4,3.5,0.02,0.36,0.0,0.5,108.5,12.8,8.6,7.31,11.5,NORMAL
S00004150,HT-011,HAUL_TRUCK,775,ENGINE,2026-01-12,18132.2,26.5,N,12.5,5.2,1.14,2.1,2.5,5.9,3.5,2.3,0.017,0.88,0.0,0.24,107.2,8.3,6.1,9.23,5.1,NORMAL
S00004151,HT-011,HAUL_TRUCK,775,ENGINE,2026-01-28,18318.8,213.1,N,14.5,6.4,1.8,3.2,5.8,6.9,3.1,3.0,0.021,0.72,0.0,0.44,109.3,12.1,8.0,8.33,7.0,NORMAL
S00004152,HT-011,HAUL_TRUCK,775,ENGINE,2026-02-16,18548.1,442.4,N,24.7,10.9,3.06,5.2,5.9,11.5,5.3,5.0,0.016,0.42,0.0,0.6,107.8,14.9,10.7,6.45,8.3,NORMAL
S00004153,HT-011,HAUL_TRUCK,775,ENGINE,2026-03-07,18777.2,24.2,N,13.6,3.7,1.19,2.2,3.0,3.7,2.3,2.3,0.02,0.62,0.0,0.21,108.2,9.0,5.8,11.05,4.5,NORMAL
S00004154,HT-011,HAUL_TRUCK,775,ENGINE,2026-03-27,19010.2,257.2,N,17.9,6.2,1.99,4.5,5.6,6.3,4.3,3.8,0.013,0.62,0.0,0.52,109.6,11.9,8.2,8.0,8.3,NORMAL
S00004155,HT-011,HAUL_TRUCK,775,ENGINE,2026-04-15,19241.3,488.3,N,31.7,9.6,3.24,5.6,7.9,14.9,5.9,4.6,0.029,0.75,0.0,0.67,105.3,19.1,12.0,6.12,10.7,NORMAL
S00004156,HT-011,HAUL_TRUCK,775,ENGINE,2026-05-07,19499.1,12.2,N,9.9,5.6,0.97,2.2,3.3,5.2,3.3,1.8,0.016,0.73,0.0,0.23,109.2,8.5,5.1,10.46,4.6,NORMAL
S00004157,HT-011,HAUL_TRUCK,775,ENGINE,2026-05-30,19781.4,294.5,N,19.9,9.2,2.06,5.3,6.4,9.8,3.1,2.7,0.019,0.47,0.0,0.42,108.9,14.0,9.9,7.88,8.0,NORMAL
S00004158,HT-011,HAUL_TRUCK,775,ENGINE,2026-06-21,20044.0,15.7,N,14.5,4.0,1.15,2.3,2.9,4.5,1.6,1.5,0.015,0.68,0.0,0.2,106.8,9.3,6.1,10.03,5.6,NORMAL
S00004204,HT-011,HAUL_TRUCK,775,FINAL_DRIVE,2023-03-08,5581.9,3.1,N,48.2,5.2,3.73,4.4,3.2,4.6,2.1,1.3,0.091,0.0,0.0,0.03,99.7,4.7,2.8,5.43,12.9,NORMAL
S00004205,HT-011,HAUL_TRUCK,775,FINAL_DRIVE,2023-05-19,6435.0,856.1,N,81.2,9.0,4.39,12.6,5.7,6.9,3.5,2.3,0.045,0.0,0.0,0.05,93.4,6.3,4.2,5.0,23.4,NORMAL
S00004206,HT-011,HAUL_TRUCK,775,FINAL_DRIVE,2023-08-05,7370.4,1791.6,N,143.9,13.4,7.41,11.2,7.6,10.5,3.8,2.8,0.08,0.0,0.0,0.06,98.4,10.4,5.5,3.8,43.3,NORMAL
S00004207,HT-011,HAUL_TRUCK,775,FINAL_DRIVE,2023-10-28,8365.4,27.2,N,40.4,5.2,3.33,3.6,3.2,5.0,1.4,1.3,0.045,0.0,0.0,0.03,98.8,5.3,3.2,6.01,22.6,NORMAL
S00004208,HT-011,HAUL_TRUCK,775,FINAL_DRIVE,2024-01-26,9440.1,1101.9,N,73.9,7.9,4.86,7.8,5.3,8.5,3.3,2.2,0.037,0.0,0.0,0.05,98.9,8.4,4.0,4.56,37.6,NORMAL
S00004209,HT-011,HAUL_TRUCK,775,FINAL_DRIVE,2024-03-29,10199.4,1861.2,N,133.9,16.9,6.5,11.7,6.7,13.0,4.6,3.5,0.031,0.0,0.0,0.08,99.8,9.6,5.1,3.44,45.1,NORMAL
S00004210,HT-011,HAUL_TRUCK,775,FINAL_DRIVE,2024-06-10,11068.4,24.2,N,41.7,4.2,3.39,4.4,3.2,4.4,1.7,0.9,0.042,0.0,0.0,0.03,99.8,5.4,3.0,5.94,11.9,NORMAL
S00004211,HT-011,HAUL_TRUCK,775,FINAL_DRIVE,2024-08-15,11854.1,809.8,N,100.3,5.1,5.79,6.9,4.1,7.9,2.8,1.9,0.061,0.0,0.0,0.06,103.8,6.8,3.4,4.43,30.3,NORMAL
S00004212,HT-011,HAUL_TRUCK,775,FINAL_DRIVE,2024-11-13,12928.8,1884.5,N,146.6,13.9,6.07,12.5,8.5,11.1,5.4,2.3,0.069,0.0,0.0,0.09,104.0,9.7,4.8,3.62,55.0,NORMAL
S00004213,HT-011,HAUL_TRUCK,775,FINAL_DRIVE,2025-01-22,13772.7,25.1,N,39.2,5.7,2.05,5.6,3.5,5.5,1.6,0.9,0.092,0.0,0.0,0.03,99.8,6.1,3.0,5.23,19.4,NORMAL
S00004214,HT-011,HAUL_TRUCK,775,FINAL_DRIVE,2025-04-22,14847.4,1099.8,N,99.2,9.9,5.86,7.2,5.0,9.1,3.7,2.0,0.059,0.0,0.0,0.06,97.8,7.5,3.5,4.66,26.3,NORMAL
S00004215,HT-011,HAUL_TRUCK,775,FINAL_DRIVE,2025-07-01,15679.8,1932.2,N,93.2,13.5,4.85,13.5,7.9,11.6,5.1,2.4,0.032,0.0,0.0,0.09,102.8,8.8,5.8,3.86,37.4,NORMAL
S00004216,HT-011,HAUL_TRUCK,775,FINAL_DRIVE,2025-09-21,16656.5,29.8,N,38.1,6.3,3.45,6.4,3.2,5.2,1.8,1.6,0.086,0.0,0.0,0.03,102.1,4.7,2.9,5.26,16.2,NORMAL
S00004217,HT-011,HAUL_TRUCK,775,FINAL_DRIVE,2025-12-16,17683.4,1056.8,N,120.8,9.1,5.15,7.9,5.5,9.8,2.6,2.1,0.057,0.0,0.0,0.05,100.7,8.0,3.9,4.62,27.9,NORMAL
S00004218,HT-011,HAUL_TRUCK,775,FINAL_DRIVE,2026-03-06,18642.1,34.4,N,53.9,5.2,2.96,5.2,4.3,3.8,1.5,1.1,0.041,0.0,0.0,0.03,101.9,5.5,2.8,5.68,15.7,NORMAL
S00004219,HT-011,HAUL_TRUCK,775,FINAL_DRIVE,2026-05-04,19349.1,741.4,N,69.2,6.8,4.73,8.6,5.7,9.8,2.9,1.6,0.061,0.0,0.0,0.05,95.7,6.4,3.9,5.01,30.3,NORMAL
S00004159,HT-011,HAUL_TRUCK,775,HYDRAULIC,2023-03-04,5614.4,740.6,N,8.9,3.7,0.67,2.1,2.8,5.0,2.5,1.9,0.037,0.0,0.0,0.05,46.7,8.0,3.5,3.81,4.4,NORMAL
S00004160,HT-011,HAUL_TRUCK,775,HYDRAULIC,2023-04-30,6289.0,1415.2,N,10.5,6.3,1.21,2.3,3.3,6.7,4.7,2.4,0.045,0.0,0.0,0.06,44.8,8.4,4.7,3.48,6.7,NORMAL
S00004161,HT-011,HAUL_TRUCK,775,HYDRAULIC,2023-07-28,7358.5,31.8,N,6.5,1.8,0.51,1.0,1.6,3.8,1.6,1.1,0.035,0.0,0.0,0.02,46.8,5.8,3.0,4.48,2.7,NORMAL
S00004162,HT-011,HAUL_TRUCK,775,HYDRAULIC,2023-10-18,8335.3,1008.6,N,11.6,3.8,0.89,2.0,3.2,6.2,2.6,2.2,0.021,0.0,0.0,0.05,45.7,7.9,4.1,3.72,7.3,NORMAL
S00004163,HT-011,HAUL_TRUCK,775,HYDRAULIC,2023-12-04,8901.4,1574.7,N,16.5,6.2,1.38,2.4,4.0,7.7,3.2,2.7,0.021,0.0,0.0,0.06,45.1,8.4,4.6,3.33,8.6,NORMAL
S00004164,HT-011,HAUL_TRUCK,775,HYDRAULIC,2024-02-26,9901.8,23.6,N,8.9,1.9,0.55,0.9,2.2,7.4,2.0,1.2,0.023,0.0,0.0,0.02,46.1,6.0,2.6,4.53,2.9,NORMAL
S00004165,HT-011,HAUL_TRUCK,775,HYDRAULIC,2024-05-23,10935.9,1057.8,N,12.9,4.8,0.95,2.2,2.9,5.7,2.3,2.0,0.038,0.0,0.0,0.06,46.2,8.3,3.7,3.44,8.6,NORMAL
S00004166,HT-011,HAUL_TRUCK,775,HYDRAULIC,2024-08-17,11971.6,15.2,N,6.3,1.9,0.66,1.4,1.5,3.3,1.6,1.2,0.031,0.0,0.0,0.03,45.9,5.4,3.3,4.46,3.5,NORMAL
S00004167,HT-011,HAUL_TRUCK,775,HYDRAULIC,2024-11-15,13046.2,1089.9,N,10.8,4.4,0.94,1.9,2.8,5.5,3.0,2.4,0.045,0.0,0.0,0.06,43.3,8.8,4.1,3.65,5.8,NORMAL
S00004168,HT-011,HAUL_TRUCK,775,HYDRAULIC,2025-02-04,14006.0,35.0,N,5.1,2.2,0.58,1.0,2.2,3.6,1.3,1.2,0.026,0.0,0.0,0.03,44.9,4.8,2.9,4.41,3.4,NORMAL
S00004169,HT-011,HAUL_TRUCK,775,HYDRAULIC,2025-04-25,14964.8,993.8,N,9.2,4.1,0.79,1.7,2.9,6.1,2.4,1.7,0.04,0.0,0.0,0.05,45.9,8.1,3.5,3.51,4.7,NORMAL
S00004170,HT-011,HAUL_TRUCK,775,HYDRAULIC,2025-07-24,16039.4,19.7,N,6.2,2.4,0.49,1.8,2.6,3.5,1.4,1.0,0.019,0.0,0.0,0.03,47.2,5.9,3.2,4.56,3.6,NORMAL
S00004171,HT-011,HAUL_TRUCK,775,HYDRAULIC,2025-10-12,16989.7,969.9,N,9.7,3.2,0.89,1.9,2.9,6.8,3.0,2.1,0.047,0.0,0.0,0.05,44.6,7.9,3.6,4.09,5.7,NORMAL
S00004172,HT-011,HAUL_TRUCK,775,HYDRAULIC,2025-12-27,17902.3,1882.5,N,14.3,5.3,1.37,3.7,5.2,10.0,4.4,3.9,0.034,0.0,0.0,0.09,45.9,11.9,4.8,2.9,8.8,NORMAL
S00004173,HT-011,HAUL_TRUCK,775,HYDRAULIC,2026-03-18,18866.8,25.8,N,6.5,2.8,0.55,1.4,2.1,4.9,1.2,0.8,0.032,0.0,0.0,0.02,46.3,6.0,2.9,4.33,5.5,NORMAL
S00004174,HT-011,HAUL_TRUCK,775,HYDRAULIC,2026-06-16,19941.5,1100.5,N,14.9,5.5,1.31,1.9,4.5,7.1,3.2,1.8,0.016,0.0,0.0,0.06,44.3,7.7,4.3,3.71,8.7,NORMAL
S00004175,HT-011,HAUL_TRUCK,775,TRANSMISSION,2023-03-01,5466.9,9.4,N,15.5,8.7,1.13,2.9,3.2,3.2,1.4,1.2,0.031,0.0,0.0,0.05,68.5,6.5,3.5,7.24,10.5,NORMAL
S00004176,HT-011,HAUL_TRUCK,775,TRANSMISSION,2023-04-16,6026.1,568.6,N,47.0,14.1,2.38,8.4,6.0,10.2,3.3,2.6,0.021,0.0,0.0,0.1,66.8,9.0,4.4,5.52,13.1,NORMAL
S00004177,HT-011,HAUL_TRUCK,775,TRANSMISSION,2023-05-23,6460.1,3.1,N,19.4,6.0,2.06,3.9,2.7,4.1,1.9,1.3,0.045,0.0,0.0,0.05,69.2,6.0,4.0,7.0,5.6,NORMAL
S00004178,HT-011,HAUL_TRUCK,775,TRANSMISSION,2023-07-04,6962.8,505.8,N,46.0,13.9,2.7,7.2,4.6,7.5,3.2,1.7,0.037,0.0,0.0,0.12,66.3,8.4,5.8,5.66,15.5,NORMAL
S00004179,HT-011,HAUL_TRUCK,775,TRANSMISSION,2023-08-07,7365.6,908.7,N,55.7,16.1,3.93,8.3,5.3,11.4,4.6,2.7,0.032,0.0,0.0,0.16,66.4,12.2,6.1,4.47,17.7,NORMAL
S00004180,HT-011,HAUL_TRUCK,775,TRANSMISSION,2023-09-13,7809.1,45.4,N,30.2,7.7,1.94,2.8,2.8,4.6,2.3,1.2,0.029,0.0,0.0,0.06,63.3,7.4,3.8,6.48,5.9,NORMAL
S00004181,HT-011,HAUL_TRUCK,775,TRANSMISSION,2023-10-20,8254.5,490.8,N,42.3,9.9,2.61,6.2,5.7,7.7,2.7,2.1,0.019,0.0,0.0,0.1,65.4,8.8,5.2,5.6,7.8,NORMAL
S00004182,HT-011,HAUL_TRUCK,775,TRANSMISSION,2023-12-02,8761.8,998.2,N,65.0,23.1,4.61,9.9,6.8,11.7,5.4,3.7,0.019,0.0,0.0,0.18,67.1,12.4,7.1,3.99,17.5,NORMAL
S00004183,HT-011,HAUL_TRUCK,775,TRANSMISSION,2024-01-17,9314.4,51.8,N,26.7,9.1,2.01,3.7,2.0,3.9,1.3,1.4,0.019,0.0,0.0,0.06,67.8,7.3,4.3,6.17,9.1,NORMAL
S00004184,HT-011,HAUL_TRUCK,775,TRANSMISSION,2024-03-02,9856.3,593.7,N,42.8,12.7,2.9,7.3,6.4,6.8,3.7,2.1,0.03,0.0,0.0,0.11,70.6,8.8,5.8,5.25,17.9,NORMAL
S00004185,HT-011,HAUL_TRUCK,775,TRANSMISSION,2024-04-17,10403.4,41.9,N,25.5,8.7,1.6,4.4,3.3,4.5,1.5,1.4,0.047,0.0,0.0,0.06,67.9,6.3,3.7,6.95,8.1,NORMAL
S00004186,HT-011,HAUL_TRUCK,775,TRANSMISSION,2024-05-23,10834.6,473.1,N,29.9,10.3,2.62,6.1,4.7,6.3,2.2,2.1,0.02,0.0,0.0,0.13,69.7,8.9,6.0,5.45,13.5,NORMAL
S00004187,HT-011,HAUL_TRUCK,775,TRANSMISSION,2024-07-04,11338.7,977.3,N,58.0,21.1,4.45,9.0,8.6,10.7,5.4,2.9,0.051,0.0,0.0,0.17,69.3,12.8,6.6,4.18,27.8,NORMAL
S00004188,HT-011,HAUL_TRUCK,775,TRANSMISSION,2024-08-26,11965.4,7.7,N,22.2,10.0,1.73,3.7,3.2,3.7,1.6,1.3,0.045,0.0,0.0,0.05,66.8,6.5,3.4,6.94,8.2,NORMAL
S00004189,HT-011,HAUL_TRUCK,775,TRANSMISSION,2024-10-14,12547.0,589.3,N,32.3,13.6,3.06,6.1,7.3,7.3,4.4,1.8,0.049,0.0,0.0,0.14,67.6,9.2,6.3,5.14,12.9,NORMAL
S00004190,HT-011,HAUL_TRUCK,775,TRANSMISSION,2024-11-26,13064.7,16.6,N,24.1,5.8,1.82,3.2,3.2,4.6,2.0,0.9,0.037,0.0,0.0,0.05,69.5,6.5,3.2,7.04,7.5,NORMAL
S00004191,HT-011,HAUL_TRUCK,775,TRANSMISSION,2025-01-10,13603.1,555.0,N,44.0,14.8,4.24,7.1,4.7,5.4,3.7,1.6,0.032,0.0,0.0,0.14,66.5,10.8,5.2,5.55,13.1,NORMAL
S00004192,HT-011,HAUL_TRUCK,775,TRANSMISSION,2025-02-19,14078.0,26.8,N,24.6,8.1,1.77,2.5,2.8,3.2,1.7,1.1,0.027,0.0,0.0,0.05,65.7,6.6,3.8,6.77,9.3,NORMAL
S00004193,HT-011,HAUL_TRUCK,775,TRANSMISSION,2025-04-07,14640.2,588.9,N,55.1,12.7,3.4,5.6,5.3,7.8,3.3,2.2,0.034,0.0,0.0,0.13,68.9,9.3,5.4,5.32,15.0,NORMAL
S00004194,HT-011,HAUL_TRUCK,775,TRANSMISSION,2025-05-22,15177.3,17.3,N,18.8,11.0,1.75,3.1,2.3,4.5,1.6,1.3,0.06,0.0,0.0,0.05,68.5,6.1,3.3,6.68,10.8,NORMAL
S00004195,HT-011,HAUL_TRUCK,775,TRANSMISSION,2025-07-15,15827.6,667.7,N,48.3,12.6,2.87,5.9,5.9,6.2,3.1,2.2,0.019,0.0,0.0,0.1,71.1,11.9,5.5,5.34,17.6,NORMAL
S00004196,HT-011,HAUL_TRUCK,775,TRANSMISSION,2025-09-06,16452.8,26.8,N,20.9,8.4,1.83,4.2,3.0,4.4,2.3,1.2,0.028,0.0,0.0,0.05,68.0,6.0,3.7,7.58,13.7,NORMAL
S00004197,HT-011,HAUL_TRUCK,775,TRANSMISSION,2025-10-10,16866.1,440.1,N,46.8,14.4,2.83,5.1,4.6,7.2,2.8,2.4,0.013,0.0,0.0,0.11,70.6,9.5,4.3,5.13,9.8,NORMAL
S00004198,HT-011,HAUL_TRUCK,775,TRANSMISSION,2025-11-21,17369.9,943.9,N,41.9,17.0,2.8,11.1,8.5,15.9,5.6,2.6,0.039,0.0,0.0,0.14,67.4,12.5,7.6,4.53,25.3,MONITOR
S00004199,HT-011,HAUL_TRUCK,775,TRANSMISSION,2026-01-01,17848.8,25.1,N,21.5,7.9,1.44,2.9,2.9,4.5,2.1,1.1,0.024,0.0,0.0,0.06,65.7,6.2,3.1,6.7,8.3,NORMAL
S00004200,HT-011,HAUL_TRUCK,775,TRANSMISSION,2026-02-16,18405.1,581.4,N,46.8,10.8,5.65,6.2,4.4,6.7,2.7,1.5,0.027,0.0,0.0,0.11,66.4,10.8,4.7,5.14,15.6,NORMAL
S00004201,HT-011,HAUL_TRUCK,775,TRANSMISSION,2026-04-06,18985.5,24.5,N,16.6,8.1,1.6,3.7,2.4,3.9,1.4,1.1,0.07,0.0,0.0,0.05,68.8,7.5,3.2,6.9,9.4,NORMAL
S00004202,HT-011,HAUL_TRUCK,775,TRANSMISSION,2026-05-12,19420.3,459.2,N,35.3,12.2,2.65,7.2,5.4,8.1,3.2,1.5,0.031,0.0,0.0,0.09,69.5,10.9,5.1,5.96,16.2,NORMAL
S00004203,HT-011,HAUL_TRUCK,775,TRANSMISSION,2026-06-28,19983.8,48.4,N,24.8,12.9,1.96,3.6,2.8,4.5,2.2,1.3,0.036,0.0,0.0,0.05,68.4,6.3,3.4,6.56,6.5,NORMAL
S00004220,HT-012,HAUL_TRUCK,775,ENGINE,2023-02-08,5146.7,36.3,N,9.1,3.5,1.56,2.7,2.2,6.2,2.2,1.8,0.015,0.48,0.0,0.25,104.5,8.7,5.7,10.13,5.1,NORMAL
S00004221,HT-012,HAUL_TRUCK,775,ENGINE,2023-02-28,5359.9,249.5,N,17.4,6.4,1.64,5.1,5.1,8.6,4.3,3.0,0.016,0.98,0.0,0.46,112.6,13.5,8.6,8.58,8.3,NORMAL
S00004222,HT-012,HAUL_TRUCK,775,ENGINE,2023-03-30,5679.7,2.0,N,11.4,4.1,1.12,3.3,2.6,4.9,3.0,1.1,0.016,0.81,0.0,0.17,112.6,6.8,5.7,9.81,4.8,NORMAL
S00004223,HT-012,HAUL_TRUCK,775,ENGINE,2023-04-23,5942.7,264.9,N,13.8,5.2,1.89,3.7,5.5,7.5,4.6,3.1,0.014,0.48,0.0,0.49,110.0,12.4,8.2,7.88,8.9,NORMAL
S00004224,HT-012,HAUL_TRUCK,775,ENGINE,2023-05-25,6295.7,9.7,N,8.3,3.3,0.9,2.7,3.0,5.7,2.4,1.7,0.039,0.67,0.0,0.24,109.1,9.8,4.8,10.47,4.5,NORMAL
S00004225,HT-012,HAUL_TRUCK,775,ENGINE,2023-06-18,6550.0,263.9,N,14.0,7.1,2.29,3.9,4.0,7.0,4.6,2.4,0.025,0.59,0.0,0.46,107.3,12.6,9.4,7.72,8.9,NORMAL
S00004226,HT-012,HAUL_TRUCK,775,ENGINE,2023-07-06,6745.8,459.8,N,23.2,10.2,3.21,5.9,5.7,15.2,5.4,3.7,0.017,0.57,0.0,0.69,110.4,15.6,10.9,6.39,11.2,NORMAL
S00004227,HT-012,HAUL_TRUCK,775,ENGINE,2023-08-01,7027.0,59.9,N,7.9,4.9,1.28,2.8,3.3,4.9,1.9,2.1,0.014,0.44,0.0,0.31,104.7,8.4,6.0,10.53,5.6,NORMAL
S00004228,HT-012,HAUL_TRUCK,775,ENGINE,2023-08-17,7202.0,234.9,N,19.6,8.0,1.67,4.4,5.2,7.6,4.7,3.5,0.028,0.8,0.0,0.45,101.3,12.6,8.2,7.57,7.5,NORMAL
S00004229,HT-012,HAUL_TRUCK,775,ENGINE,2023-09-07,7433.8,466.6,N,26.8,8.6,3.33,6.1,8.2,12.6,4.9,5.3,0.018,0.49,0.0,0.6,108.2,16.5,11.2,6.79,11.3,NORMAL
S00004230,HT-012,HAUL_TRUCK,775,ENGINE,2023-10-02,7703.4,30.6,N,9.8,3.9,0.9,2.0,3.2,4.4,2.4,1.8,0.021,1.36,0.0,0.2,108.4,9.3,5.3,9.63,5.5,NORMAL
S00004231,HT-012,HAUL_TRUCK,775,ENGINE,2023-10-23,7936.9,264.1,N,21.1,5.8,1.8,5.5,5.6,7.0,4.6,3.6,0.019,0.52,0.0,0.49,109.9,13.2,8.8,8.42,9.8,NORMAL
S00004232,HT-012,HAUL_TRUCK,775,ENGINE,2023-11-13,8163.6,490.8,N,23.7,12.7,2.97,6.4,7.0,13.8,5.5,4.9,0.011,0.48,0.0,0.76,105.9,16.6,10.1,6.41,14.5,MONITOR
S00004233,HT-012,HAUL_TRUCK,775,ENGINE,2023-12-11,8463.6,51.9,N,11.3,4.1,0.93,2.0,2.6,5.6,2.7,1.7,0.015,1.29,0.0,0.29,112.0,9.0,6.3,9.51,4.8,NORMAL
S00004234,HT-012,HAUL_TRUCK,775,ENGINE,2024-01-04,8725.1,313.3,N,19.0,6.2,1.9,4.9,4.9,8.1,3.6,3.6,0.022,4.18,0.0,0.71,93.4,12.9,9.1,7.7,8.0,NORMAL
S00004235,HT-012,HAUL_TRUCK,775,ENGINE,2024-01-28,8986.1,10.5,N,10.2,3.6,1.95,2.4,2.7,4.4,2.5,1.9,0.018,8.88,0.0,0.56,83.3,9.4,5.3,10.82,3.7,MONITOR
S00004236,HT-012,HAUL_TRUCK,775,ENGINE,2024-02-25,9296.8,321.2,N,15.9,10.4,2.25,4.2,5.3,10.7,4.4,3.4,0.021,0.43,0.0,0.47,112.2,11.7,8.6,8.36,8.3,NORMAL
S00004237,HT-012,HAUL_TRUCK,775,ENGINE,2024-03-23,9585.5,41.9,N,10.1,4.3,1.48,2.5,2.3,5.2,3.8,1.6,0.02,0.84,0.0,0.26,108.9,7.6,5.5,8.96,6.2,NORMAL
S00004238,HT-012,HAUL_TRUCK,775,ENGINE,2024-04-20,9887.2,343.6,N,22.3,7.9,1.63,3.9,4.3,8.6,4.1,4.4,0.015,0.42,0.0,0.46,104.1,15.0,9.8,7.94,8.6,NORMAL
S00004239,HT-012,HAUL_TRUCK,775,ENGINE,2024-05-15,10164.9,58.0,N,12.0,4.1,1.29,2.4,3.9,4.2,2.2,2.0,0.014,0.49,0.0,0.23,103.5,7.8,5.6,10.33,5.1,NORMAL
S00004240,HT-012,HAUL_TRUCK,775,ENGINE,2024-06-04,10380.1,273.2,N,19.1,7.2,2.87,4.8,4.5,8.5,3.5,2.6,0.015,0.3,0.0,0.49,109.4,14.4,9.1,7.78,9.8,NORMAL
S00004241,HT-012,HAUL_TRUCK,775,ENGINE,2024-06-28,10643.7,44.2,N,11.2,3.0,1.5,2.9,3.6,4.1,2.5,1.9,0.018,0.86,0.0,0.26,107.0,10.0,6.0,9.01,5.7,NORMAL
S00004242,HT-012,HAUL_TRUCK,775,ENGINE,2024-07-23,10911.8,312.3,N,22.8,9.4,2.07,5.2,4.4,9.3,4.6,2.9,0.014,0.41,0.0,0.57,110.1,11.6,9.3,7.45,9.2,NORMAL
S00004243,HT-012,HAUL_TRUCK,775,ENGINE,2024-08-12,11123.2,22.4,N,11.0,4.7,0.98,2.2,3.8,4.5,3.2,1.7,0.025,1.04,0.0,0.19,110.0,9.9,6.8,10.25,4.2,NORMAL
S00004244,HT-012,HAUL_TRUCK,775,ENGINE,2024-08-27,11293.2,192.4,N,17.7,7.0,1.92,3.7,3.8,7.3,3.3,2.7,0.015,0.62,0.0,0.33,109.2,12.8,7.5,9.11,9.1,NORMAL
S00004245,HT-012,HAUL_TRUCK,775,ENGINE,2024-09-12,11468.9,368.1,N,18.9,8.0,2.06,5.3,6.9,9.0,4.7,4.3,0.017,0.56,0.0,0.5,110.4,13.4,10.2,7.74,8.0,NORMAL
S00004246,HT-012,HAUL_TRUCK,775,ENGINE,2024-10-08,11746.6,34.8,N,10.5,3.9,1.21,2.7,3.2,3.3,2.7,1.9,0.02,1.12,0.0,0.24,105.6,8.6,6.0,9.89,5.4,NORMAL
S00004247,HT-012,HAUL_TRUCK,775,ENGINE,2024-11-03,12029.7,317.8,N,21.7,7.2,1.63,4.9,5.4,8.5,5.6,2.8,0.02,0.45,0.0,0.58,105.7,15.3,9.5,7.65,8.0,NORMAL
S00004248,HT-012,HAUL_TRUCK,775,ENGINE,2024-11-27,12293.3,42.3,N,8.5,4.6,1.51,2.4,2.5,6.7,2.4,2.0,0.027,0.59,0.0,0.27,112.5,8.6,6.1,9.53,4.6,NORMAL
S00004249,HT-012,HAUL_TRUCK,775,ENGINE,2024-12-27,12616.2,365.3,N,26.8,7.1,2.57,4.7,5.8,9.1,4.7,3.3,0.013,1.11,0.0,0.45,111.5,12.7,8.3,7.15,7.4,NORMAL
S00004250,HT-012,HAUL_TRUCK,775,ENGINE,2025-01-21,12888.0,49.4,N,13.8,4.9,1.28,2.1,3.3,4.9,2.3,1.4,0.019,0.91,0.0,0.21,113.8,9.0,6.5,9.43,5.0,NORMAL
S00004251,HT-012,HAUL_TRUCK,775,ENGINE,2025-02-12,13125.8,287.3,N,18.4,8.6,2.61,3.6,6.2,9.6,4.1,2.7,0.016,0.57,0.0,0.39,108.0,14.1,9.2,7.65,8.7,NORMAL
S00004252,HT-012,HAUL_TRUCK,775,ENGINE,2025-02-28,13306.3,467.7,N,25.3,8.6,2.51,6.1,7.4,10.9,5.0,4.9,0.022,0.85,0.0,0.66,113.2,16.0,10.5,6.18,11.3,NORMAL
S00004253,HT-012,HAUL_TRUCK,775,ENGINE,2025-03-21,13525.9,13.2,N,10.4,3.1,1.29,2.1,3.4,6.1,1.8,2.0,0.033,0.49,0.0,0.22,106.5,7.4,5.7,10.38,4.0,NORMAL
S00004254,HT-012,HAUL_TRUCK,775,ENGINE,2025-04-12,13766.2,253.5,N,23.0,6.5,2.65,5.2,6.5,12.8,3.5,3.4,0.017,0.48,0.0,0.51,104.7,14.6,8.4,8.92,8.9,NORMAL
S00004255,HT-012,HAUL_TRUCK,775,ENGINE,2025-05-06,14024.9,20.7,N,15.7,4.3,0.91,2.3,6.9,22.1,2.5,1.4,0.013,0.48,0.0,0.24,107.8,10.0,5.1,10.16,5.1,NORMAL
S00004256,HT-012,HAUL_TRUCK,775,ENGINE,2025-05-24,14227.0,222.8,N,33.3,5.6,1.62,3.8,11.9,32.6,3.4,2.3,0.01,0.42,0.0,0.49,107.4,12.3,7.2,8.97,7.4,MONITOR
S00004257,HT-012,HAUL_TRUCK,775,ENGINE,2025-06-11,14419.4,415.2,N,37.5,11.3,2.65,4.0,16.6,47.7,7.3,4.8,0.014,0.59,0.0,0.6,109.7,15.9,9.8,7.35,6.2,ACTION
S00004258,HT-012,HAUL_TRUCK,775,ENGINE,2025-07-07,14700.3,15.5,N,6.8,4.3,1.24,2.2,3.4,4.2,2.5,1.3,0.013,0.72,0.0,0.23,104.2,7.9,6.4,8.88,3.7,NORMAL
S00004259,HT-012,HAUL_TRUCK,775,ENGINE,2025-07-26,14912.9,228.1,N,20.0,6.9,2.33,4.0,6.0,7.1,2.7,2.8,0.02,0.67,0.0,0.38,112.5,12.1,7.4,8.42,8.4,NORMAL
S00004260,HT-012,HAUL_TRUCK,775,ENGINE,2025-08-14,15121.1,436.3,N,18.4,9.0,3.03,5.7,5.9,10.2,4.5,3.3,0.01,0.82,0.0,0.63,106.8,16.9,9.7,6.35,10.6,NORMAL
S00004261,HT-012,HAUL_TRUCK,775,ENGINE,2025-09-06,15368.6,36.3,N,10.3,4.8,1.52,2.4,2.7,5.6,2.8,1.8,0.021,0.64,0.0,0.22,110.9,7.6,5.8,9.65,4.8,NORMAL
S00004262,HT-012,HAUL_TRUCK,775,ENGINE,2025-09-27,15592.6,260.3,N,15.6,9.3,2.04,4.5,5.0,9.3,3.5,3.1,0.017,1.09,0.0,0.41,105.5,12.2,9.4,8.3,7.4,NORMAL
S00004263,HT-012,HAUL_TRUCK,775,ENGINE,2025-10-27,15917.9,39.7,N,12.1,6.1,0.95,2.5,3.5,4.6,2.5,2.1,0.022,0.54,0.0,0.26,112.1,8.1,5.1,9.87,5.0,NORMAL
S00004264,HT-012,HAUL_TRUCK,775,ENGINE,2025-11-18,16157.3,279.1,N,22.5,8.6,3.25,4.0,3.8,7.7,4.6,2.5,0.019,0.53,0.0,0.43,105.4,14.4,9.4,7.96,10.1,NORMAL
S00004265,HT-012,HAUL_TRUCK,775,ENGINE,2025-12-09,16382.4,41.5,N,10.0,5.0,1.27,3.5,4.0,5.3,2.0,2.3,0.019,0.67,0.0,0.28,109.6,9.2,5.3,9.49,4.6,NORMAL
S00004266,HT-012,HAUL_TRUCK,775,ENGINE,2026-01-08,16711.8,370.9,N,18.5,7.1,2.91,6.2,4.5,10.2,4.8,3.3,0.011,0.59,0.0,0.59,106.9,14.4,10.2,8.26,9.3,NORMAL
S00004267,HT-012,HAUL_TRUCK,775,ENGINE,2026-02-04,17008.1,42.4,N,9.9,5.1,1.22,2.5,3.2,4.4,2.9,1.7,0.017,0.43,0.0,0.2,107.4,9.5,6.0,9.64,4.3,NORMAL
S00004268,HT-012,HAUL_TRUCK,775,ENGINE,2026-02-24,17223.0,257.4,N,16.0,6.2,1.86,4.0,4.6,7.7,4.8,2.6,0.14,0.84,0.016,0.49,109.7,11.4,7.8,8.5,8.3,NORMAL
S00004269,HT-012,HAUL_TRUCK,775,ENGINE,2026-03-21,17491.4,31.9,N,11.8,3.6,0.98,2.3,2.7,7.7,5.5,3.6,0.978,0.52,0.117,0.25,111.7,8.6,5.7,11.11,5.1,ACTION
S00004270,HT-012,HAUL_TRUCK,775,ENGINE,2026-04-10,17709.6,250.0,N,19.3,7.1,1.94,3.2,4.8,8.1,9.6,6.0,2.006,0.34,0.244,0.45,110.7,13.0,7.8,8.14,9.6,ACTION
S00004271,HT-012,HAUL_TRUCK,775,ENGINE,2026-05-02,17946.4,486.8,N,24.2,8.7,2.69,5.0,7.8,11.1,13.4,10.0,3.408,0.47,0.417,0.72,108.6,17.2,12.0,7.0,12.0,ACTION
S00004272,HT-012,HAUL_TRUCK,775,ENGINE,2026-05-18,18130.2,7.5,N,9.7,4.0,0.95,2.4,3.0,4.5,14.1,10.8,4.696,0.66,0.574,0.23,102.4,7.6,4.6,10.68,7.3,ACTION
S00004273,HT-012,HAUL_TRUCK,775,ENGINE,2026-06-11,18387.6,264.9,N,19.5,5.2,1.76,4.4,5.6,6.5,22.0,15.4,6.733,0.73,0.824,0.43,104.3,13.4,7.1,8.81,6.8,ACTION
S00004315,HT-012,HAUL_TRUCK,775,FINAL_DRIVE,2023-04-23,5874.6,1580.8,N,106.2,12.2,5.07,11.8,9.5,11.7,3.6,2.4,0.048,0.0,0.0,0.07,103.6,9.4,5.3,4.21,33.8,NORMAL
S00004316,HT-012,HAUL_TRUCK,775,FINAL_DRIVE,2023-07-12,6739.9,47.6,N,50.5,5.7,2.32,5.7,3.6,7.0,2.2,1.2,0.042,0.0,0.0,0.02,102.2,5.6,2.8,5.46,19.2,NORMAL
S00004317,HT-012,HAUL_TRUCK,775,FINAL_DRIVE,2023-10-10,7717.7,1025.5,N,86.7,8.0,5.06,11.7,5.0,7.7,3.1,2.0,0.054,0.0,0.0,0.05,97.2,6.7,4.7,4.93,38.9,NORMAL
S00004318,HT-012,HAUL_TRUCK,775,FINAL_DRIVE,2024-01-08,8695.6,10.5,N,40.3,5.4,2.66,4.8,2.6,4.3,1.6,0.9,0.043,0.0,0.0,0.03,100.4,4.7,2.7,5.27,16.6,NORMAL
S00004319,HT-012,HAUL_TRUCK,775,FINAL_DRIVE,2024-04-03,9634.0,948.9,N,184.1,8.0,12.53,7.6,5.7,9.5,3.6,1.7,0.038,0.0,0.0,0.07,101.4,6.8,4.4,4.51,100.9,MONITOR
S00004320,HT-012,HAUL_TRUCK,775,FINAL_DRIVE,2024-07-02,10611.8,1926.8,N,116.1,13.2,7.28,8.2,9.2,13.5,3.2,3.3,0.065,0.0,0.0,0.07,105.0,9.3,4.8,3.82,42.2,NORMAL
S00004321,HT-012,HAUL_TRUCK,775,FINAL_DRIVE,2024-09-25,11537.9,16.5,N,39.3,5.5,2.2,4.4,3.2,4.4,1.3,1.1,0.051,0.0,0.0,0.03,101.0,5.4,3.0,5.87,20.2,NORMAL
S00004322,HT-012,HAUL_TRUCK,775,FINAL_DRIVE,2024-11-20,12138.9,617.5,N,71.3,10.3,4.82,6.8,5.3,6.6,2.9,1.5,0.045,0.0,0.0,0.04,97.9,6.4,3.9,4.67,23.8,NORMAL
S00004323,HT-012,HAUL_TRUCK,775,FINAL_DRIVE,2025-01-23,12832.4,1311.0,N,83.7,11.7,6.05,7.7,8.5,13.1,3.6,3.0,0.041,0.0,0.0,0.07,102.4,8.2,5.4,4.53,34.7,NORMAL
S00004324,HT-012,HAUL_TRUCK,775,FINAL_DRIVE,2025-04-15,13725.0,16.0,N,36.8,4.3,2.92,5.4,3.6,4.2,1.8,1.1,0.043,0.0,0.0,0.02,103.1,5.6,2.7,5.99,14.6,NORMAL
S00004325,HT-012,HAUL_TRUCK,775,FINAL_DRIVE,2025-07-14,14702.8,993.9,N,78.7,8.2,4.98,9.3,5.3,9.5,3.9,1.8,0.053,0.0,0.0,0.05,98.4,7.5,4.2,4.63,30.7,NORMAL
S00004326,HT-012,HAUL_TRUCK,775,FINAL_DRIVE,2025-10-12,15680.7,1971.7,N,122.8,18.3,8.27,12.3,7.5,12.2,5.0,2.6,0.042,0.0,0.0,0.07,100.2,11.0,5.5,3.62,41.4,NORMAL
S00004327,HT-012,HAUL_TRUCK,775,FINAL_DRIVE,2026-01-06,16615.1,25.3,N,55.0,4.3,1.76,3.2,3.3,5.7,1.5,1.0,0.063,0.0,0.0,0.03,102.4,5.2,2.6,6.16,13.8,NORMAL
S00004328,HT-012,HAUL_TRUCK,775,FINAL_DRIVE,2026-04-06,17593.0,1003.1,N,108.6,7.3,4.28,9.6,6.7,11.5,2.7,1.8,0.057,0.0,0.0,0.06,96.8,8.0,4.2,4.54,28.9,NORMAL
S00004274,HT-012,HAUL_TRUCK,775,HYDRAULIC,2023-04-02,5858.7,31.0,N,4.8,2.2,0.49,1.1,1.8,3.2,1.6,1.1,0.026,0.0,0.0,0.03,46.2,5.7,2.9,4.6,2.9,NORMAL
S00004275,HT-012,HAUL_TRUCK,775,HYDRAULIC,2023-07-01,6836.5,1008.8,N,8.4,3.5,1.21,2.1,2.5,7.2,2.8,1.8,0.028,0.0,0.0,0.05,46.5,8.2,3.8,3.74,8.3,NORMAL
S00004276,HT-012,HAUL_TRUCK,775,HYDRAULIC,2023-09-29,7814.4,1986.7,N,15.6,7.1,1.88,3.2,3.1,9.6,4.1,2.8,0.036,0.0,0.0,0.08,44.8,11.8,5.2,2.89,9.6,NORMAL
S00004277,HT-012,HAUL_TRUCK,775,HYDRAULIC,2023-12-15,8654.1,53.6,N,25.5,9.6,1.71,1.1,1.7,4.5,1.7,1.2,0.048,0.0,0.0,0.03,45.8,5.7,2.8,4.58,15.9,MONITOR
S00004278,HT-012,HAUL_TRUCK,775,HYDRAULIC,2024-03-14,9631.9,1031.5,N,14.1,3.8,1.02,2.3,3.1,5.9,3.4,2.5,0.042,0.0,0.0,0.05,45.0,8.6,3.8,3.82,7.4,NORMAL
S00004279,HT-012,HAUL_TRUCK,775,HYDRAULIC,2024-06-12,10609.8,44.7,N,6.4,2.7,0.54,1.1,1.4,3.1,2.0,1.2,0.362,0.0,0.0,0.02,46.2,5.6,2.9,4.7,3.5,NORMAL
S00004280,HT-012,HAUL_TRUCK,775,HYDRAULIC,2024-09-10,11587.6,1022.6,N,11.2,4.7,1.09,2.1,2.9,6.8,2.2,1.7,0.022,0.0,0.0,0.05,46.8,9.5,4.3,3.7,5.3,NORMAL
S00004281,HT-012,HAUL_TRUCK,775,HYDRAULIC,2024-12-09,12565.4,54.1,N,5.6,3.0,0.64,1.1,2.4,3.3,2.1,1.1,0.026,0.0,0.0,0.02,47.2,6.0,3.3,4.35,4.5,NORMAL
S00004282,HT-012,HAUL_TRUCK,775,HYDRAULIC,2025-03-09,13543.3,1031.9,N,10.2,4.8,1.06,2.4,2.7,6.4,2.6,1.4,0.036,0.0,0.0,0.06,45.9,8.5,4.7,3.59,5.0,NORMAL
S00004283,HT-012,HAUL_TRUCK,775,HYDRAULIC,2025-06-01,14453.1,1941.8,N,15.0,6.0,1.89,2.6,4.9,7.6,4.3,3.1,0.03,0.0,0.0,0.08,46.1,11.2,5.3,2.79,8.7,NORMAL
S00004284,HT-012,HAUL_TRUCK,775,HYDRAULIC,2025-07-17,14954.1,47.3,N,5.2,2.1,0.65,1.4,1.6,2.8,1.5,1.3,0.046,0.0,0.0,0.03,46.9,5.3,3.1,4.8,3.7,NORMAL
S00004285,HT-012,HAUL_TRUCK,775,HYDRAULIC,2025-10-15,15932.0,1025.2,N,14.9,4.1,0.75,1.7,2.9,7.2,2.7,1.9,0.026,0.0,0.0,0.05,46.7,8.3,4.1,3.5,6.0,NORMAL
S00004286,HT-012,HAUL_TRUCK,775,HYDRAULIC,2026-01-13,16909.8,33.7,N,4.8,2.8,0.6,1.3,1.7,3.6,1.9,0.9,0.04,0.0,0.0,0.02,43.4,4.8,2.7,4.42,3.4,NORMAL
S00004287,HT-012,HAUL_TRUCK,775,HYDRAULIC,2026-04-13,17887.7,1011.6,N,13.8,3.0,0.94,1.8,2.3,7.7,2.1,1.9,0.027,0.0,0.0,0.05,45.5,9.1,4.9,3.28,5.2,NORMAL
S00004288,HT-012,HAUL_TRUCK,775,HYDRAULIC,2026-06-23,18653.7,1777.6,N,16.3,4.7,1.13,3.0,4.1,10.1,3.2,2.2,0.021,0.0,0.0,0.09,46.8,11.4,5.4,3.3,8.1,NORMAL
S00004289,HT-012,HAUL_TRUCK,775,TRANSMISSION,2023-03-04,5499.6,21.9,N,26.2,9.2,1.87,3.3,2.9,3.4,1.3,1.1,0.036,0.0,0.0,0.05,68.9,6.6,3.7,6.41,9.8,NORMAL
S00004290,HT-012,HAUL_TRUCK,775,TRANSMISSION,2023-05-03,6154.3,676.6,N,114.8,16.8,7.86,6.8,5.1,7.3,4.2,2.3,0.017,0.0,0.0,0.16,67.6,10.3,5.5,5.03,55.8,ACTION
S00004291,HT-012,HAUL_TRUCK,775,TRANSMISSION,2023-06-24,6713.8,18.0,N,25.7,7.4,1.4,3.5,2.9,3.8,2.0,1.0,0.029,0.0,0.0,0.05,70.0,6.2,3.8,7.13,6.2,NORMAL
S00004292,HT-012,HAUL_TRUCK,775,TRANSMISSION,2023-08-01,7126.4,430.6,N,41.5,16.1,2.58,6.7,4.9,5.3,3.9,1.9,0.033,0.0,0.0,0.11,67.7,9.8,6.1,5.56,15.6,NORMAL
S00004293,HT-012,HAUL_TRUCK,775,TRANSMISSION,2023-09-05,7509.6,813.7,N,47.1,26.6,3.62,9.7,6.9,11.9,3.5,2.2,0.023,0.0,0.0,0.11,70.1,11.9,6.3,4.15,18.0,NORMAL
S00004294,HT-012,HAUL_TRUCK,775,TRANSMISSION,2023-10-15,7939.4,20.7,N,17.7,7.5,1.79,3.1,3.1,4.5,1.4,1.2,0.039,0.0,0.0,0.05,66.3,7.1,3.4,6.63,8.0,NORMAL
S00004295,HT-012,HAUL_TRUCK,775,TRANSMISSION,2023-12-02,8465.4,546.7,N,33.9,19.0,2.4,5.4,7.0,7.2,3.1,2.0,0.026,0.0,0.0,0.08,66.8,9.1,5.3,5.04,16.5,NORMAL
S00004296,HT-012,HAUL_TRUCK,775,TRANSMISSION,2024-02-05,9170.3,12.0,N,26.2,7.0,1.4,3.3,3.1,3.9,1.5,0.9,0.026,0.0,0.0,0.05,68.5,5.6,3.6,6.77,10.1,NORMAL
S00004297,HT-012,HAUL_TRUCK,775,TRANSMISSION,2024-04-01,9782.9,624.5,N,32.1,18.9,3.76,8.4,4.9,11.2,3.4,2.1,0.02,0.0,0.0,0.14,71.0,10.7,5.0,5.34,15.1,NORMAL
S00004298,HT-012,HAUL_TRUCK,775,TRANSMISSION,2024-05-20,10312.3,48.3,N,24.2,10.9,2.02,4.1,2.7,4.9,2.0,1.5,0.025,0.0,0.0,0.04,66.5,6.0,3.9,7.31,5.8,NORMAL
S00004299,HT-012,HAUL_TRUCK,775,TRANSMISSION,2024-07-08,10839.1,575.1,N,47.0,15.5,2.52,6.3,5.2,7.1,3.1,1.8,0.025,0.0,0.0,0.11,68.2,10.9,4.9,5.34,12.4,NORMAL
S00004300,HT-012,HAUL_TRUCK,775,TRANSMISSION,2024-08-20,11314.8,15.4,N,18.2,5.7,1.51,3.0,2.8,3.6,2.0,1.0,0.034,0.0,0.0,0.06,69.7,7.1,3.4,7.67,7.4,NORMAL
S00004301,HT-012,HAUL_TRUCK,775,TRANSMISSION,2024-09-27,11719.8,420.4,N,38.5,13.1,2.19,6.2,5.7,5.6,3.5,1.4,0.039,0.0,0.0,0.1,66.5,8.1,4.9,5.76,8.6,NORMAL
S00004302,HT-012,HAUL_TRUCK,775,TRANSMISSION,2024-11-11,12210.2,910.7,N,46.5,20.9,4.9,11.6,8.0,9.0,3.8,3.2,0.021,0.0,0.0,0.14,68.7,12.2,6.6,4.77,20.3,NORMAL
S00004303,HT-012,HAUL_TRUCK,775,TRANSMISSION,2024-12-23,12663.1,44.3,N,18.0,7.5,1.72,3.2,3.6,4.0,1.6,1.4,0.022,0.0,0.0,0.06,68.0,6.8,3.7,6.38,11.0,NORMAL
S00004304,HT-012,HAUL_TRUCK,775,TRANSMISSION,2025-01-28,13059.6,440.8,N,38.5,13.1,2.58,6.6,3.2,5.7,3.4,1.6,0.04,0.0,0.0,0.09,69.9,9.4,4.9,5.26,15.0,NORMAL
S00004305,HT-012,HAUL_TRUCK,775,TRANSMISSION,2025-03-26,13677.9,16.2,N,25.9,7.9,1.57,3.8,3.9,4.6,1.6,1.1,0.025,0.0,0.0,0.05,67.8,6.0,3.2,6.96,6.9,NORMAL
S00004306,HT-012,HAUL_TRUCK,775,TRANSMISSION,2025-05-07,14136.9,475.2,N,35.4,14.2,2.77,7.6,4.2,6.1,3.4,2.1,0.018,0.0,0.0,0.12,70.1,9.4,5.6,5.87,13.9,NORMAL
S00004307,HT-012,HAUL_TRUCK,775,TRANSMISSION,2025-06-13,14536.0,874.4,N,42.8,19.5,3.82,8.6,6.8,8.2,3.5,2.6,0.032,0.0,0.0,0.16,69.2,13.6,6.7,3.88,17.1,NORMAL
S00004308,HT-012,HAUL_TRUCK,775,TRANSMISSION,2025-07-25,14994.4,39.7,N,22.9,10.6,2.92,4.1,3.8,3.2,2.1,1.2,0.026,0.0,0.0,0.06,70.0,6.6,3.7,7.08,7.5,NORMAL
S00004309,HT-012,HAUL_TRUCK,775,TRANSMISSION,2025-09-21,15623.1,668.4,N,35.8,15.7,4.39,6.1,4.8,7.3,2.5,2.5,0.032,0.0,0.0,0.12,66.3,9.4,6.4,5.02,13.7,NORMAL
S00004310,HT-012,HAUL_TRUCK,775,TRANSMISSION,2025-11-11,16182.8,57.4,N,19.6,10.1,1.64,3.7,2.5,4.1,1.5,1.1,0.032,0.0,0.0,0.06,69.2,6.8,3.7,6.02,8.1,NORMAL
S00004311,HT-012,HAUL_TRUCK,775,TRANSMISSION,2026-01-01,16733.2,607.7,N,49.4,18.7,2.54,6.2,5.8,7.4,3.2,2.3,0.025,0.0,0.0,0.12,65.9,9.8,5.9,5.31,15.8,NORMAL
S00004312,HT-012,HAUL_TRUCK,775,TRANSMISSION,2026-02-20,17275.2,9.5,N,15.8,7.6,1.87,3.9,2.8,3.5,1.2,1.3,0.051,0.0,0.0,0.05,68.0,6.3,2.9,6.91,7.1,NORMAL
S00004313,HT-012,HAUL_TRUCK,775,TRANSMISSION,2026-04-15,17859.7,594.1,N,38.3,14.9,3.68,7.1,5.6,7.4,3.4,2.1,0.02,0.0,0.0,0.11,68.9,10.6,5.7,5.11,14.6,NORMAL
S00004314,HT-012,HAUL_TRUCK,775,TRANSMISSION,2026-06-04,18409.4,13.0,N,23.8,8.2,1.62,3.4,2.2,5.2,2.0,1.3,0.026,0.0,0.0,0.05,67.8,6.0,3.8,7.04,7.2,NORMAL
S00004329,HT-013,HAUL_TRUCK,775,ENGINE,2023-02-21,9206.5,389.3,N,19.7,8.9,2.75,4.3,5.6,9.5,4.2,3.7,0.026,0.63,0.0,0.52,111.0,13.5,9.8,7.28,11.4,NORMAL
S00004330,HT-013,HAUL_TRUCK,775,ENGINE,2023-03-21,9462.2,30.9,N,10.3,4.1,1.4,2.9,2.4,4.8,2.6,2.1,0.024,0.48,0.0,0.26,109.7,9.1,5.4,10.38,5.2,NORMAL
S00004331,HT-013,HAUL_TRUCK,775,ENGINE,2023-04-17,9701.9,270.6,N,16.4,8.0,2.64,3.9,6.4,7.5,4.4,3.7,0.034,0.49,0.0,0.4,110.2,12.8,9.1,7.9,8.1,NORMAL
S00004332,HT-013,HAUL_TRUCK,775,ENGINE,2023-05-12,9924.1,492.9,N,20.8,10.6,2.08,5.9,8.1,12.8,5.1,4.7,0.026,0.49,0.0,0.66,106.2,17.8,11.8,6.34,11.4,NORMAL
S00004333,HT-013,HAUL_TRUCK,775,ENGINE,2023-06-12,10201.2,28.6,N,11.8,5.7,1.15,2.3,2.9,5.5,2.7,1.5,0.015,0.66,0.0,0.24,105.9,9.6,6.0,9.82,4.1,NORMAL
S00004334,HT-013,HAUL_TRUCK,775,ENGINE,2023-07-15,10491.0,318.4,N,16.0,6.8,2.06,4.4,7.5,10.0,3.7,3.1,0.012,0.76,0.0,0.58,106.1,13.9,8.8,8.15,13.0,NORMAL
S00004335,HT-013,HAUL_TRUCK,775,ENGINE,2023-08-07,10700.1,41.5,N,9.2,3.9,1.14,2.1,3.2,6.7,2.7,1.8,0.018,0.49,0.0,0.21,110.4,9.4,6.2,9.23,4.8,NORMAL
S00004336,HT-013,HAUL_TRUCK,775,ENGINE,2023-08-31,10910.5,251.9,N,16.5,7.2,1.86,4.3,5.4,6.9,4.6,2.6,0.03,0.79,0.0,0.51,105.7,12.8,8.2,7.47,9.3,NORMAL
S00004337,HT-013,HAUL_TRUCK,775,ENGINE,2023-09-27,11151.3,492.7,N,26.4,10.3,2.89,8.1,10.4,11.7,5.8,3.9,0.039,0.64,0.0,0.66,104.8,16.8,11.1,5.85,10.8,MONITOR
S00004338,HT-013,HAUL_TRUCK,775,ENGINE,2023-10-30,11442.0,42.2,N,13.2,4.4,0.95,1.7,3.0,5.0,2.3,2.1,0.017,0.51,0.0,0.22,107.0,9.8,6.1,10.14,3.5,NORMAL
S00004339,HT-013,HAUL_TRUCK,775,ENGINE,2023-11-20,11626.9,227.1,N,15.7,7.7,1.53,3.8,5.4,8.6,4.5,3.6,0.017,0.37,0.0,0.5,109.4,13.6,8.2,8.47,6.3,NORMAL
S00004340,HT-013,HAUL_TRUCK,775,ENGINE,2023-12-15,11854.3,454.5,N,35.1,10.8,3.71,4.3,7.7,8.8,4.5,3.3,0.025,0.64,0.0,0.79,110.8,14.8,12.2,6.81,7.8,MONITOR
S00004341,HT-013,HAUL_TRUCK,775,ENGINE,2024-01-21,12183.5,8.8,N,12.9,4.4,1.36,1.7,2.3,3.5,2.4,1.7,0.021,0.59,0.0,0.22,108.6,6.8,6.1,10.19,4.3,NORMAL
S00004342,HT-013,HAUL_TRUCK,775,ENGINE,2024-02-20,12445.8,271.0,N,14.6,7.7,2.03,3.4,5.0,6.3,4.0,3.1,0.016,0.68,0.0,0.46,109.9,11.2,9.9,7.63,7.2,NORMAL
S00004343,HT-013,HAUL_TRUCK,775,ENGINE,2024-03-15,12660.9,486.1,N,20.7,9.4,3.06,6.4,5.1,12.2,6.5,4.0,0.037,0.99,0.0,0.65,106.2,14.6,10.0,6.42,13.3,NORMAL
S00004344,HT-013,HAUL_TRUCK,775,ENGINE,2024-04-08,12879.2,15.6,N,10.7,4.1,1.0,2.4,3.7,3.7,1.9,2.3,0.018,0.71,0.0,0.23,107.2,8.9,5.0,10.66,4.3,NORMAL
S00004345,HT-013,HAUL_TRUCK,775,ENGINE,2024-05-07,13129.9,266.3,N,19.6,5.6,2.14,6.3,5.8,7.2,3.6,3.4,0.017,0.44,0.0,0.35,108.5,11.7,6.3,8.72,7.4,NORMAL
S00004346,HT-013,HAUL_TRUCK,775,ENGINE,2024-05-26,13302.5,438.8,N,29.6,10.3,2.85,6.2,6.7,10.6,6.3,5.1,0.032,0.81,0.0,0.67,116.9,15.8,9.1,6.68,14.4,NORMAL
S00004347,HT-013,HAUL_TRUCK,775,ENGINE,2024-06-22,13540.5,31.0,N,10.0,5.0,1.18,2.6,3.5,4.6,2.4,2.4,0.031,0.51,0.0,0.24,107.3,10.0,6.2,9.26,5.4,NORMAL
S00004348,HT-013,HAUL_TRUCK,775,ENGINE,2024-07-14,13742.6,233.1,N,16.6,7.2,2.09,3.7,3.7,7.7,4.3,2.9,0.029,0.46,0.0,0.31,111.7,11.6,8.4,8.22,7.8,NORMAL
S00004349,HT-013,HAUL_TRUCK,775,ENGINE,2024-08-04,13929.0,419.6,N,23.9,11.7,3.0,6.2,6.6,11.7,5.4,4.3,0.02,0.5,0.0,0.5,106.0,14.4,9.7,6.76,9.0,NORMAL
S00004350,HT-013,HAUL_TRUCK,775,ENGINE,2024-09-04,14204.7,36.1,N,9.3,3.6,1.72,3.0,4.1,5.9,2.1,2.3,0.018,0.44,0.0,0.23,110.8,9.7,6.7,10.39,3.6,NORMAL
S00004351,HT-013,HAUL_TRUCK,775,ENGINE,2024-10-02,14446.6,278.0,N,15.4,7.6,2.22,4.5,5.5,7.3,5.8,3.7,0.033,0.77,0.0,0.44,109.9,12.5,9.8,7.7,8.7,NORMAL
S00004352,HT-013,HAUL_TRUCK,775,ENGINE,2024-11-06,14764.9,41.6,N,13.8,3.8,1.57,2.8,3.2,4.7,3.4,1.5,0.021,0.38,0.0,0.23,107.6,8.3,6.0,10.36,5.2,NORMAL
S00004353,HT-013,HAUL_TRUCK,775,ENGINE,2024-12-11,15075.6,352.4,N,18.5,8.5,1.82,5.9,6.1,10.8,4.4,5.7,0.027,0.78,0.0,0.4,111.8,15.4,9.2,7.91,10.1,NORMAL
S00004354,HT-013,HAUL_TRUCK,775,ENGINE,2025-01-08,15322.2,8.1,N,12.6,3.6,1.2,2.0,2.9,4.0,1.6,1.7,0.014,0.76,0.0,0.2,110.9,7.6,5.2,11.09,4.6,NORMAL
S00004355,HT-013,HAUL_TRUCK,775,ENGINE,2025-02-06,15582.2,268.0,N,18.3,6.7,1.78,5.1,4.0,4.4,4.0,3.8,0.023,0.67,0.0,0.39,106.8,13.9,8.8,8.09,10.0,NORMAL
S00004356,HT-013,HAUL_TRUCK,775,ENGINE,2025-03-04,15812.0,497.9,N,26.8,8.1,3.15,5.7,5.7,12.0,5.7,4.6,0.021,0.88,0.0,0.72,105.9,19.7,12.0,6.32,13.3,NORMAL
S00004357,HT-013,HAUL_TRUCK,775,ENGINE,2025-04-05,16095.9,23.8,N,9.9,3.8,1.06,2.1,3.2,4.5,1.7,1.5,0.034,0.84,0.0,0.23,105.8,8.5,6.3,9.46,7.0,NORMAL
S00004358,HT-013,HAUL_TRUCK,775,ENGINE,2025-04-30,16315.4,243.2,N,12.4,7.5,2.37,3.1,5.6,7.3,3.7,3.4,0.03,0.52,0.0,0.5,108.8,11.4,9.0,7.85,7.2,NORMAL
S00004359,HT-013,HAUL_TRUCK,775,ENGINE,2025-06-03,16624.3,10.7,N,10.5,3.4,0.96,2.3,3.5,5.1,2.9,1.7,0.02,0.53,0.0,0.18,107.4,8.1,6.2,9.22,4.1,NORMAL
S00004360,HT-013,HAUL_TRUCK,775,ENGINE,2025-07-05,16908.7,295.1,N,15.0,6.8,2.24,4.0,4.7,7.4,4.0,3.4,0.014,1.0,0.0,0.43,104.6,13.1,7.8,8.15,12.4,NORMAL
S00004361,HT-013,HAUL_TRUCK,775,ENGINE,2025-08-08,17208.9,47.2,N,9.7,3.6,1.23,2.6,3.0,4.6,2.2,1.8,0.014,0.69,0.0,0.26,108.4,9.5,5.9,9.01,4.0,NORMAL
S00004362,HT-013,HAUL_TRUCK,775,ENGINE,2025-09-06,17465.2,303.5,N,18.5,8.9,3.14,4.2,5.1,7.7,4.7,3.4,0.019,0.34,0.0,0.52,108.0,13.6,10.1,8.11,7.9,NORMAL
S00004363,HT-013,HAUL_TRUCK,775,ENGINE,2025-09-30,17679.5,50.1,N,13.4,5.7,0.95,2.4,3.2,6.5,2.4,1.5,0.021,0.81,0.0,0.24,106.5,9.9,6.3,9.84,4.6,NORMAL
S00004364,HT-013,HAUL_TRUCK,775,ENGINE,2025-10-26,17912.5,283.2,N,18.0,7.0,1.74,4.2,5.4,12.6,3.6,3.1,0.027,1.05,0.0,0.52,107.6,14.6,7.9,8.61,8.4,NORMAL
S00004365,HT-013,HAUL_TRUCK,775,ENGINE,2025-11-18,18119.2,489.9,N,26.0,12.6,3.01,5.6,7.6,16.4,5.1,3.3,0.031,0.7,0.0,0.82,109.0,17.8,10.6,6.21,11.2,NORMAL
S00004366,HT-013,HAUL_TRUCK,775,ENGINE,2025-12-15,18352.7,22.8,N,15.3,4.7,1.0,2.6,3.2,4.3,2.5,1.9,0.026,0.44,0.0,0.25,110.8,9.2,6.0,9.57,4.1,NORMAL
S00004367,HT-013,HAUL_TRUCK,775,ENGINE,2026-01-08,18573.2,243.3,N,15.0,5.6,2.73,4.4,5.5,8.8,4.0,3.5,0.012,0.54,0.0,0.41,106.7,12.4,8.3,8.43,8.9,NORMAL
S00004368,HT-013,HAUL_TRUCK,775,ENGINE,2026-02-04,18811.9,482.0,N,26.6,8.7,2.17,6.0,7.7,10.8,6.8,4.2,0.015,0.63,0.0,0.63,109.3,16.8,9.7,5.99,11.8,NORMAL
S00004369,HT-013,HAUL_TRUCK,775,ENGINE,2026-03-12,19127.1,35.0,N,12.0,4.3,1.63,2.2,2.7,5.8,2.2,1.4,0.02,1.0,0.0,0.27,113.7,8.0,6.4,10.06,4.1,NORMAL
S00004370,HT-013,HAUL_TRUCK,775,ENGINE,2026-04-06,19355.0,262.9,N,20.8,6.3,2.24,2.8,3.7,9.2,4.8,2.8,0.028,0.37,0.0,0.49,111.5,12.3,7.8,7.6,7.3,NORMAL
S00004371,HT-013,HAUL_TRUCK,775,ENGINE,2026-05-03,19595.4,3.0,N,10.2,3.7,1.02,2.5,2.8,4.9,2.0,1.8,0.019,0.54,0.0,0.21,107.8,7.2,5.3,10.78,5.8,NORMAL
S00004372,HT-013,HAUL_TRUCK,775,ENGINE,2026-05-26,19798.4,206.0,N,15.9,5.9,2.33,3.7,4.5,8.8,3.8,3.9,0.015,0.5,0.0,0.4,103.4,12.2,8.2,8.94,7.7,NORMAL
S00004373,HT-013,HAUL_TRUCK,775,ENGINE,2026-06-21,20024.6,432.2,N,22.0,10.1,2.17,5.4,5.6,9.9,4.7,5.2,0.02,0.41,0.0,0.62,102.1,15.2,10.7,7.22,9.4,NORMAL
S00004411,HT-013,HAUL_TRUCK,775,FINAL_DRIVE,2023-04-01,9730.8,13.6,N,48.0,5.5,2.92,4.2,3.2,3.8,1.2,1.0,0.105,0.0,0.0,0.03,102.3,4.4,2.7,6.16,13.9,NORMAL
S00004412,HT-013,HAUL_TRUCK,775,FINAL_DRIVE,2023-06-30,10531.5,814.3,N,105.0,6.1,5.13,5.9,4.4,7.7,2.7,2.0,0.047,0.0,0.0,0.06,99.5,7.1,3.8,5.0,27.6,NORMAL
S00004413,HT-013,HAUL_TRUCK,775,FINAL_DRIVE,2023-09-28,11332.2,1615.0,N,189.9,9.8,7.28,9.8,7.5,9.2,4.2,3.0,0.074,0.0,0.0,0.07,99.2,8.3,5.0,3.96,58.5,MONITOR
S00004414,HT-013,HAUL_TRUCK,775,FINAL_DRIVE,2023-12-19,12060.6,12.8,N,53.9,6.0,2.9,4.7,4.3,4.7,1.9,1.1,0.047,0.0,0.0,0.02,96.1,4.5,2.5,5.84,19.1,NORMAL
S00004415,HT-013,HAUL_TRUCK,775,FINAL_DRIVE,2024-03-18,12861.3,813.5,N,65.8,7.0,5.82,6.4,5.3,8.4,3.1,1.5,0.085,0.0,0.0,0.04,98.7,7.8,3.4,4.55,30.3,NORMAL
S00004416,HT-013,HAUL_TRUCK,775,FINAL_DRIVE,2024-06-04,13550.5,1502.7,N,118.0,7.7,5.6,10.8,8.4,12.5,3.1,2.3,0.052,0.0,0.0,0.07,102.9,8.0,4.5,4.32,44.7,NORMAL
S00004417,HT-013,HAUL_TRUCK,775,FINAL_DRIVE,2024-09-02,14351.2,53.5,N,54.6,7.1,3.0,4.8,2.8,3.3,1.6,1.4,0.074,0.0,0.0,0.03,99.3,5.5,2.5,5.63,19.5,NORMAL
S00004418,HT-013,HAUL_TRUCK,775,FINAL_DRIVE,2024-12-01,15151.9,854.1,N,118.4,9.9,7.74,10.0,5.0,6.0,2.8,2.0,0.054,0.0,0.0,0.06,98.9,6.4,4.4,4.57,61.9,NORMAL
S00004419,HT-013,HAUL_TRUCK,775,FINAL_DRIVE,2025-02-14,15817.7,1520.0,N,287.1,10.7,17.19,10.8,6.3,9.4,3.6,2.6,0.039,0.0,0.0,0.06,106.3,10.0,5.0,4.05,147.2,ACTION
S00004420,HT-013,HAUL_TRUCK,775,FINAL_DRIVE,2025-05-15,16618.4,29.4,N,49.5,5.4,2.45,4.2,3.5,4.1,1.8,1.3,0.069,0.0,0.0,0.03,103.8,5.0,3.2,5.79,16.0,NORMAL
S00004421,HT-013,HAUL_TRUCK,775,FINAL_DRIVE,2025-08-13,17419.1,830.0,N,69.8,8.7,5.69,4.7,6.7,8.5,2.6,1.4,0.059,0.0,0.0,0.06,100.2,6.8,4.1,4.88,31.9,NORMAL
S00004422,HT-013,HAUL_TRUCK,775,FINAL_DRIVE,2025-11-11,18219.7,1630.7,N,242.7,13.2,16.96,8.8,10.5,9.8,4.0,1.9,0.057,0.0,0.0,0.08,97.4,8.0,4.9,4.11,137.3,ACTION
S00004423,HT-013,HAUL_TRUCK,775,FINAL_DRIVE,2026-02-08,19018.9,36.0,N,55.4,5.4,2.23,3.7,3.0,3.9,1.8,1.1,0.05,0.0,0.0,0.03,99.0,5.1,2.7,6.17,13.9,NORMAL
S00004424,HT-013,HAUL_TRUCK,775,FINAL_DRIVE,2026-05-09,19819.6,836.7,N,70.1,6.9,3.5,6.8,5.6,8.0,2.8,2.2,0.053,0.0,0.0,0.05,96.0,6.3,3.8,5.14,21.8,NORMAL
S00004374,HT-013,HAUL_TRUCK,775,HYDRAULIC,2023-04-05,9730.8,56.8,N,7.6,2.2,0.72,1.5,1.7,3.3,1.9,1.2,0.06,0.0,0.0,0.03,46.8,5.6,2.7,4.54,3.2,NORMAL
S00004375,HT-013,HAUL_TRUCK,775,HYDRAULIC,2023-07-04,10531.5,857.5,N,8.6,3.9,0.91,2.0,2.8,4.7,3.0,2.0,0.022,0.0,0.0,0.05,46.8,7.9,3.8,4.09,4.9,NORMAL
S00004376,HT-013,HAUL_TRUCK,775,HYDRAULIC,2023-09-26,11277.3,1603.2,N,10.8,3.8,1.17,3.3,4.4,7.9,3.9,3.4,0.023,0.0,0.0,0.08,44.4,10.0,5.2,2.91,6.9,NORMAL
S00004377,HT-013,HAUL_TRUCK,775,HYDRAULIC,2023-12-25,12078.0,1.9,N,4.6,1.6,0.77,1.1,1.4,3.2,2.2,0.8,0.033,0.0,0.0,0.03,46.6,5.9,2.8,4.74,2.8,NORMAL
S00004378,HT-013,HAUL_TRUCK,775,HYDRAULIC,2024-03-24,12878.6,802.6,N,11.6,3.6,0.79,1.5,3.1,4.8,2.8,1.5,0.022,0.0,0.0,0.04,46.8,7.5,3.8,3.51,6.1,NORMAL
S00004379,HT-013,HAUL_TRUCK,775,HYDRAULIC,2024-06-22,13679.3,1603.2,N,14.3,5.2,1.72,3.0,3.4,10.8,3.9,2.4,0.018,0.0,0.0,0.07,45.3,10.4,5.3,3.49,8.1,NORMAL
S00004380,HT-013,HAUL_TRUCK,775,HYDRAULIC,2024-09-20,14480.0,53.5,N,15.4,2.5,0.6,1.1,5.5,29.5,1.5,1.0,0.017,0.0,0.0,0.03,46.4,5.5,3.3,4.37,3.2,MONITOR
S00004381,HT-013,HAUL_TRUCK,775,HYDRAULIC,2024-12-19,15280.7,854.2,N,11.5,3.4,0.9,1.9,2.5,6.1,2.5,1.9,0.02,0.0,0.0,0.05,46.0,8.4,3.6,3.86,5.8,NORMAL
S00004382,HT-013,HAUL_TRUCK,775,HYDRAULIC,2025-03-19,16081.4,1654.9,N,14.2,4.8,1.43,2.9,5.5,7.2,3.6,3.1,0.051,0.0,0.0,0.07,45.6,10.8,5.3,3.16,9.2,NORMAL
S00004383,HT-013,HAUL_TRUCK,775,HYDRAULIC,2025-06-17,16882.1,10.1,N,4.4,3.0,0.56,1.1,1.5,2.7,1.5,1.0,0.025,0.0,0.0,0.02,45.6,4.9,3.1,5.24,2.7,NORMAL
S00004384,HT-013,HAUL_TRUCK,775,HYDRAULIC,2025-09-15,17682.8,810.8,N,13.7,5.1,1.18,2.1,4.1,16.1,2.8,1.7,0.031,0.0,0.0,0.05,44.9,6.8,3.6,3.74,6.0,NORMAL
S00004385,HT-013,HAUL_TRUCK,775,HYDRAULIC,2025-11-24,18307.2,1435.2,N,43.5,11.6,1.89,2.3,9.0,49.0,3.4,1.5,0.017,0.0,0.0,0.07,45.8,10.1,4.6,3.47,17.5,CRITICAL
S00004386,HT-013,HAUL_TRUCK,775,HYDRAULIC,2026-02-22,19107.8,27.9,N,6.8,1.9,0.61,1.3,1.9,4.3,2.1,1.2,0.035,0.0,0.0,0.02,46.4,5.5,2.4,4.44,4.6,NORMAL
S00004387,HT-013,HAUL_TRUCK,775,HYDRAULIC,2026-05-23,19908.5,828.5,N,10.3,4.8,0.76,1.7,2.4,6.1,2.3,2.1,0.017,0.0,0.0,0.04,43.5,7.2,4.2,3.75,5.7,NORMAL
S00004388,HT-013,HAUL_TRUCK,775,TRANSMISSION,2023-03-14,9487.0,699.1,N,47.0,13.7,3.71,6.6,6.2,7.6,3.4,2.7,0.044,0.0,0.0,0.15,68.8,10.6,6.4,4.95,15.6,NORMAL
S00004389,HT-013,HAUL_TRUCK,775,TRANSMISSION,2023-05-09,9984.5,12.2,N,16.0,10.1,1.35,3.0,2.7,3.7,1.9,1.2,0.037,0.0,0.0,0.05,67.4,5.7,3.4,7.22,5.5,NORMAL
S00004390,HT-013,HAUL_TRUCK,775,TRANSMISSION,2023-07-09,10530.5,558.3,N,35.6,15.6,2.89,5.6,4.5,7.4,3.2,2.1,0.036,0.0,0.0,0.13,69.8,11.1,4.9,5.06,11.9,NORMAL
S00004391,HT-013,HAUL_TRUCK,775,TRANSMISSION,2023-09-15,11131.3,14.6,N,22.6,6.5,1.65,4.2,2.2,5.2,1.6,1.3,0.032,0.0,0.0,0.05,65.0,6.2,3.9,7.08,6.6,NORMAL
S00004392,HT-013,HAUL_TRUCK,775,TRANSMISSION,2023-11-07,11603.3,486.7,N,39.1,14.1,2.39,6.3,4.4,7.7,2.9,1.7,0.026,0.0,0.0,0.1,67.0,8.7,5.6,5.64,14.3,NORMAL
S00004393,HT-013,HAUL_TRUCK,775,TRANSMISSION,2024-01-05,12128.6,25.4,N,22.0,9.2,1.94,2.8,2.7,4.5,1.7,1.2,0.053,0.0,0.0,0.05,68.1,7.1,3.6,6.5,6.9,NORMAL
S00004394,HT-013,HAUL_TRUCK,775,TRANSMISSION,2024-02-25,12579.1,475.9,N,39.5,15.2,2.71,4.5,4.7,8.2,3.1,2.5,0.05,0.0,0.0,0.09,66.8,9.6,5.3,5.56,12.7,NORMAL
S00004395,HT-013,HAUL_TRUCK,775,TRANSMISSION,2024-04-12,13004.7,901.5,N,55.4,23.0,3.97,7.8,5.9,7.2,5.1,2.7,0.038,0.0,0.0,0.16,67.0,13.4,6.7,5.0,19.5,NORMAL
S00004396,HT-013,HAUL_TRUCK,775,TRANSMISSION,2024-06-27,13681.2,21.1,N,24.5,6.4,1.89,3.4,3.2,4.3,1.9,1.8,0.03,0.0,0.0,0.06,66.7,6.3,3.5,6.19,9.1,NORMAL
S00004397,HT-013,HAUL_TRUCK,775,TRANSMISSION,2024-08-14,14101.8,441.8,N,42.8,9.6,3.57,7.2,4.6,6.9,3.2,1.6,0.024,0.0,0.0,0.09,70.5,8.5,4.7,5.49,17.8,NORMAL
S00004398,HT-013,HAUL_TRUCK,775,TRANSMISSION,2024-09-26,14490.6,830.5,N,64.0,19.0,3.25,8.1,5.6,7.2,3.2,3.3,0.036,0.0,0.0,0.18,68.6,10.3,6.5,4.62,17.6,NORMAL
S00004399,HT-013,HAUL_TRUCK,775,TRANSMISSION,2024-11-19,14971.8,46.6,N,20.1,7.7,1.68,3.5,4.0,4.1,1.6,0.8,0.019,0.0,0.0,0.06,64.8,7.5,3.8,6.56,6.3,NORMAL
S00004400,HT-013,HAUL_TRUCK,775,TRANSMISSION,2025-01-16,15479.4,554.2,N,47.7,11.4,3.69,5.8,6.9,6.4,3.4,1.7,0.022,0.0,0.0,0.13,69.3,8.2,5.7,5.06,17.6,NORMAL
S00004401,HT-013,HAUL_TRUCK,775,TRANSMISSION,2025-03-25,16085.9,34.4,N,25.7,11.0,1.54,4.0,2.3,5.1,1.3,1.3,0.038,0.0,0.0,0.04,66.3,6.9,3.1,6.86,7.3,NORMAL
S00004402,HT-013,HAUL_TRUCK,775,TRANSMISSION,2025-05-09,16492.9,441.5,N,36.8,13.2,3.31,6.9,4.0,6.1,3.4,2.1,0.032,0.0,0.0,0.1,66.9,9.1,4.9,5.47,13.3,NORMAL
S00004403,HT-013,HAUL_TRUCK,775,TRANSMISSION,2025-07-01,16957.4,905.9,N,60.2,14.2,3.3,7.9,7.2,9.9,4.3,2.9,0.032,0.0,0.0,0.14,67.3,12.5,6.1,4.72,24.3,NORMAL
S00004404,HT-013,HAUL_TRUCK,775,TRANSMISSION,2025-08-08,17298.3,6.1,N,16.9,7.2,1.78,2.9,2.3,3.8,2.1,1.5,0.033,0.0,0.0,0.05,66.9,7.2,3.5,7.15,6.2,NORMAL
S00004405,HT-013,HAUL_TRUCK,775,TRANSMISSION,2025-09-30,17767.1,474.9,N,36.2,11.4,3.74,6.2,6.1,6.8,4.1,2.0,0.028,0.0,0.0,0.1,68.2,8.8,5.0,5.46,12.4,NORMAL
S00004406,HT-013,HAUL_TRUCK,775,TRANSMISSION,2025-11-29,18300.6,43.7,N,21.3,9.0,1.76,4.7,2.3,4.7,2.1,1.3,0.026,0.0,0.0,0.06,67.0,7.1,3.8,6.97,7.4,NORMAL
S00004407,HT-013,HAUL_TRUCK,775,TRANSMISSION,2026-01-08,18658.3,401.5,N,38.8,15.5,2.98,5.2,4.7,6.5,2.4,1.9,0.031,0.0,0.0,0.12,65.2,9.5,5.1,6.02,20.0,NORMAL
S00004408,HT-013,HAUL_TRUCK,775,TRANSMISSION,2026-02-12,18970.9,714.0,N,81.9,17.9,7.85,6.7,7.2,5.9,3.7,2.6,0.022,0.0,0.0,0.14,68.9,11.6,7.1,5.06,45.5,MONITOR
S00004409,HT-013,HAUL_TRUCK,775,TRANSMISSION,2026-03-28,19365.4,29.3,N,27.8,6.8,1.65,3.3,2.4,3.7,1.5,1.3,0.056,0.0,0.0,0.06,66.6,6.5,3.7,6.92,9.9,NORMAL
S00004410,HT-013,HAUL_TRUCK,775,TRANSMISSION,2026-05-25,19877.9,541.9,N,39.3,17.3,2.84,5.4,7.0,6.1,2.7,2.7,0.034,0.0,0.0,0.12,68.8,10.5,5.5,5.5,15.4,NORMAL
S00004425,HT-014,HAUL_TRUCK,775,ENGINE,2023-02-03,3276.5,435.3,N,23.6,10.6,2.18,5.2,7.9,9.0,5.6,3.8,0.015,0.39,0.0,0.68,109.5,15.3,10.7,6.85,9.0,NORMAL
S00004426,HT-014,HAUL_TRUCK,775,ENGINE,2023-02-22,3458.8,53.4,N,9.4,5.5,1.37,2.5,2.8,4.5,2.3,2.0,0.024,0.54,0.0,0.29,108.7,10.4,5.8,9.6,5.4,NORMAL
S00004427,HT-014,HAUL_TRUCK,775,ENGINE,2023-03-12,3642.2,236.9,N,14.7,5.1,2.14,3.1,4.5,7.8,3.8,2.7,0.028,0.56,0.0,0.46,107.0,13.5,7.9,7.97,7.2,NORMAL
S00004428,HT-014,HAUL_TRUCK,775,ENGINE,2023-03-27,3791.4,386.0,N,21.8,9.1,2.27,4.4,9.3,9.5,3.8,3.6,0.025,0.46,0.0,0.54,109.0,14.8,10.0,7.36,9.8,NORMAL
S00004429,HT-014,HAUL_TRUCK,775,ENGINE,2023-04-23,4057.2,25.4,N,12.3,3.8,1.78,2.4,3.0,4.4,2.3,1.5,0.025,0.57,0.0,0.17,108.3,8.9,6.1,10.61,4.8,NORMAL
S00004430,HT-014,HAUL_TRUCK,775,ENGINE,2023-05-27,4382.1,350.3,N,22.4,7.8,2.5,4.8,5.3,11.3,3.3,3.3,0.022,0.58,0.0,0.58,105.7,15.9,8.8,7.52,9.1,NORMAL
S00004431,HT-014,HAUL_TRUCK,775,ENGINE,2023-06-18,4606.9,38.4,N,11.8,4.7,1.33,2.2,4.1,5.8,1.8,1.8,0.028,0.77,0.0,0.17,107.5,9.3,6.4,10.21,4.7,NORMAL
S00004432,HT-014,HAUL_TRUCK,775,ENGINE,2023-07-14,4858.4,289.8,N,18.1,5.5,2.2,4.1,6.1,8.0,4.4,4.3,0.023,0.66,0.0,0.44,108.1,12.0,9.4,8.71,6.4,NORMAL
S00004433,HT-014,HAUL_TRUCK,775,ENGINE,2023-08-15,5174.5,13.7,N,9.0,3.7,1.17,1.7,2.3,6.2,2.2,1.8,0.018,0.56,0.0,0.24,108.7,10.1,5.6,11.15,4.1,NORMAL
S00004434,HT-014,HAUL_TRUCK,775,ENGINE,2023-09-04,5365.2,204.5,N,15.9,7.3,2.19,3.7,5.7,5.3,4.1,2.9,0.011,0.98,0.0,0.4,104.8,12.8,8.3,8.85,7.0,NORMAL
S00004435,HT-014,HAUL_TRUCK,775,ENGINE,2023-10-03,5650.6,489.8,N,32.1,7.7,3.49,5.2,5.7,12.3,5.9,4.3,0.035,0.55,0.0,0.74,110.0,18.1,11.5,6.49,14.9,NORMAL
S00004436,HT-014,HAUL_TRUCK,775,ENGINE,2023-10-30,5921.5,19.4,N,9.4,4.8,1.12,3.1,2.0,4.1,2.5,1.6,0.035,0.51,0.0,0.21,111.2,9.0,6.5,10.64,5.5,NORMAL
S00004437,HT-014,HAUL_TRUCK,775,ENGINE,2023-11-19,6120.8,218.6,N,17.5,8.3,1.75,3.7,4.5,7.5,4.3,2.6,0.013,0.81,0.0,0.42,105.1,12.0,9.0,8.39,9.2,NORMAL
S00004438,HT-014,HAUL_TRUCK,775,ENGINE,2023-12-15,6371.5,469.3,N,22.9,8.9,2.28,6.5,5.3,10.3,5.2,3.7,0.017,0.38,0.0,0.75,105.9,15.5,9.2,6.55,14.4,NORMAL
S00004439,HT-014,HAUL_TRUCK,775,ENGINE,2024-01-11,6639.7,49.6,N,14.9,3.4,1.31,2.8,3.5,6.6,3.0,1.7,0.018,0.65,0.0,0.27,105.2,8.9,5.9,10.04,5.0,NORMAL
S00004440,HT-014,HAUL_TRUCK,775,ENGINE,2024-01-29,6818.5,228.4,N,19.7,5.4,1.86,3.8,4.7,7.4,3.4,3.4,0.027,0.68,0.0,0.44,105.4,13.0,8.1,8.43,9.5,NORMAL
S00004441,HT-014,HAUL_TRUCK,775,ENGINE,2024-02-20,7035.7,445.5,N,27.1,9.6,2.67,4.9,6.8,8.1,4.7,4.0,0.02,0.56,0.0,0.62,109.3,16.4,10.5,6.57,10.0,NORMAL
S00004442,HT-014,HAUL_TRUCK,775,ENGINE,2024-03-14,7261.7,52.4,N,11.9,4.3,1.02,2.9,2.9,6.7,2.6,2.1,0.039,0.82,0.0,0.23,103.4,9.5,6.7,9.94,4.2,NORMAL
S00004443,HT-014,HAUL_TRUCK,775,ENGINE,2024-04-11,7535.5,326.1,N,21.4,7.6,2.04,4.7,4.9,10.9,5.0,3.0,0.022,0.69,0.0,0.61,106.2,15.0,8.0,7.39,10.4,NORMAL
S00004444,HT-014,HAUL_TRUCK,775,ENGINE,2024-04-30,7716.0,8.9,N,9.7,5.4,1.25,2.1,2.7,4.3,1.7,2.4,0.019,0.57,0.0,0.18,110.6,9.0,5.6,10.89,4.8,NORMAL
S00004445,HT-014,HAUL_TRUCK,775,ENGINE,2024-06-01,8030.3,323.2,N,15.8,6.5,2.2,4.7,5.4,9.7,5.2,3.7,0.016,0.87,0.0,0.48,109.1,14.2,10.7,7.68,11.6,NORMAL
S00004446,HT-014,HAUL_TRUCK,775,ENGINE,2024-06-20,8218.5,54.2,N,9.9,3.4,1.63,2.1,2.7,5.5,2.2,1.8,0.013,0.4,0.0,0.25,108.9,9.3,6.4,10.22,5.5,NORMAL
S00004447,HT-014,HAUL_TRUCK,775,ENGINE,2024-07-12,8436.9,272.6,N,19.7,6.9,1.97,4.6,5.2,7.9,3.8,2.5,0.019,0.91,0.0,0.57,107.3,15.2,8.5,7.81,8.9,NORMAL
S00004448,HT-014,HAUL_TRUCK,775,ENGINE,2024-08-09,8711.3,51.6,N,9.6,4.4,0.85,2.6,3.6,6.4,2.2,1.9,0.027,0.6,0.0,0.22,106.5,8.9,6.5,9.87,4.3,NORMAL
S00004449,HT-014,HAUL_TRUCK,775,ENGINE,2024-09-06,8985.9,326.3,N,25.2,9.1,2.26,4.8,5.0,7.1,5.6,4.2,0.635,0.89,0.075,0.49,107.7,12.2,9.8,8.04,9.5,MONITOR
S00004450,HT-014,HAUL_TRUCK,775,ENGINE,2024-10-09,9314.5,42.7,N,10.2,4.1,1.43,2.3,2.4,3.4,8.0,6.0,2.253,0.64,0.274,0.18,105.9,8.4,6.2,10.21,5.3,ACTION
S00004451,HT-014,HAUL_TRUCK,775,ENGINE,2024-11-11,9635.1,363.3,N,29.7,9.4,2.15,4.0,6.4,7.9,17.1,12.0,4.471,0.43,0.546,0.51,107.2,13.1,11.6,7.35,12.0,ACTION
S00004452,HT-014,HAUL_TRUCK,775,ENGINE,2024-12-06,9883.6,43.6,N,13.4,4.7,1.29,1.9,4.0,4.9,18.1,14.1,6.564,0.79,0.803,0.25,105.1,9.7,6.7,10.19,5.6,ACTION
S00004453,HT-014,HAUL_TRUCK,775,ENGINE,2025-01-08,10209.0,369.0,N,19.2,9.2,2.39,4.5,5.2,8.0,4.7,4.6,0.021,0.69,0.0,0.61,108.3,15.4,10.3,7.54,10.8,NORMAL
S00004454,HT-014,HAUL_TRUCK,775,ENGINE,2025-02-02,10450.8,53.2,N,11.3,3.7,1.55,3.1,3.0,6.3,2.5,1.8,0.018,1.04,0.0,0.25,110.3,9.4,5.8,10.06,4.4,NORMAL
S00004455,HT-014,HAUL_TRUCK,775,ENGINE,2025-02-25,10684.1,286.5,N,22.2,6.5,2.11,4.0,6.3,10.5,3.8,3.4,0.018,0.52,0.0,0.48,112.7,14.5,9.3,8.56,10.6,NORMAL
S00004456,HT-014,HAUL_TRUCK,775,ENGINE,2025-04-01,11026.6,1.4,N,10.3,3.5,0.97,2.4,3.3,4.8,2.3,1.4,0.028,1.13,0.0,0.21,109.5,8.7,6.3,10.88,4.9,NORMAL
S00004457,HT-014,HAUL_TRUCK,775,ENGINE,2025-05-01,11316.0,290.7,N,21.2,6.2,1.9,4.2,6.8,8.2,3.8,3.6,0.011,0.64,0.0,0.56,107.1,13.6,8.3,7.22,6.8,NORMAL
S00004458,HT-014,HAUL_TRUCK,775,ENGINE,2025-05-22,11530.9,34.2,N,14.1,3.8,1.27,2.1,4.3,5.4,2.0,1.2,0.015,0.59,0.0,0.23,108.9,8.8,6.1,10.54,5.0,NORMAL
S00004459,HT-014,HAUL_TRUCK,775,ENGINE,2025-06-11,11723.9,227.3,N,15.5,6.3,1.5,3.3,5.0,6.7,4.3,3.1,0.019,1.39,0.0,0.41,104.8,13.0,8.7,8.79,8.2,NORMAL
S00004460,HT-014,HAUL_TRUCK,775,ENGINE,2025-07-04,11945.7,449.1,N,28.5,11.9,3.44,5.1,7.2,12.5,6.9,5.3,0.022,0.74,0.0,0.52,107.8,15.0,11.0,6.68,11.2,NORMAL
S00004461,HT-014,HAUL_TRUCK,775,ENGINE,2025-08-02,12236.4,12.0,N,9.3,3.4,0.85,2.1,2.9,5.7,1.8,1.8,0.014,0.38,0.0,0.2,107.0,8.9,6.3,9.68,5.1,NORMAL
S00004462,HT-014,HAUL_TRUCK,775,ENGINE,2025-09-02,12535.4,311.0,N,17.4,7.0,1.89,3.9,5.3,7.7,4.7,3.5,0.011,0.65,0.0,0.59,107.7,14.7,8.9,8.34,9.4,NORMAL
S00004463,HT-014,HAUL_TRUCK,775,ENGINE,2025-09-26,12771.0,20.6,N,9.9,4.1,1.11,2.4,2.7,4.6,3.0,2.4,0.018,0.72,0.0,0.22,105.7,8.3,5.4,10.72,4.6,NORMAL
S00004464,HT-014,HAUL_TRUCK,775,ENGINE,2025-10-18,12994.7,244.3,N,16.1,6.5,2.43,3.0,4.6,7.9,4.0,3.0,0.039,0.86,0.0,0.48,110.0,10.7,7.9,8.2,6.5,NORMAL
S00004465,HT-014,HAUL_TRUCK,775,ENGINE,2025-11-21,13329.2,6.8,N,10.9,4.5,1.48,1.8,2.6,4.5,2.1,1.7,0.013,0.65,0.0,0.22,107.6,9.1,4.8,10.83,4.5,NORMAL
S00004466,HT-014,HAUL_TRUCK,775,ENGINE,2025-12-19,13601.0,278.7,N,15.0,8.2,1.88,5.2,6.3,6.6,4.6,2.9,0.02,0.38,0.0,0.54,101.7,12.9,9.1,8.41,8.2,NORMAL
S00004467,HT-014,HAUL_TRUCK,775,ENGINE,2026-01-14,13860.8,32.0,N,9.9,4.9,1.44,1.9,3.1,4.3,3.1,1.4,0.021,0.8,0.0,0.23,106.8,9.5,6.8,10.45,3.6,NORMAL
S00004468,HT-014,HAUL_TRUCK,775,ENGINE,2026-02-02,14040.8,211.9,N,16.1,7.0,1.59,4.1,5.0,7.7,3.7,3.9,0.02,0.59,0.0,0.35,108.9,12.9,7.9,8.74,8.7,NORMAL
S00004469,HT-014,HAUL_TRUCK,775,ENGINE,2026-02-20,14224.6,395.7,N,23.0,8.3,2.46,4.7,5.6,14.9,4.9,3.6,0.019,1.02,0.0,0.4,113.1,15.8,9.8,7.49,7.6,NORMAL
S00004470,HT-014,HAUL_TRUCK,775,ENGINE,2026-03-16,14457.0,50.5,N,12.6,3.2,1.6,3.0,4.2,3.9,3.5,1.7,0.028,0.56,0.0,0.22,107.0,10.5,6.3,10.01,4.9,NORMAL
S00004471,HT-014,HAUL_TRUCK,775,ENGINE,2026-04-05,14652.0,245.4,N,17.7,6.9,2.46,3.5,4.9,8.1,4.5,3.3,0.037,0.53,0.0,0.42,108.9,11.2,8.5,8.49,9.2,NORMAL
S00004472,HT-014,HAUL_TRUCK,775,ENGINE,2026-04-30,14896.7,490.2,N,29.7,11.3,2.35,6.4,9.0,12.4,5.6,4.8,0.034,0.73,0.0,0.66,110.3,15.2,11.5,6.95,14.4,MONITOR
S00004473,HT-014,HAUL_TRUCK,775,ENGINE,2026-05-30,15192.8,45.3,N,11.8,4.3,1.34,2.8,2.8,6.4,2.9,1.9,0.02,0.83,0.0,0.24,107.9,10.3,6.5,10.18,5.2,NORMAL
S00004474,HT-014,HAUL_TRUCK,775,ENGINE,2026-06-25,15452.8,305.3,N,23.8,7.9,2.09,5.2,5.6,8.9,4.4,3.4,0.014,1.18,0.0,0.57,106.4,11.9,7.9,7.55,7.1,NORMAL
S00004512,HT-014,HAUL_TRUCK,775,FINAL_DRIVE,2023-04-08,3914.8,30.1,N,53.7,5.8,2.89,5.1,2.9,5.0,2.0,1.0,0.049,0.0,0.0,0.03,102.0,5.2,3.3,5.65,20.3,NORMAL
S00004513,HT-014,HAUL_TRUCK,775,FINAL_DRIVE,2023-07-07,4799.9,915.1,N,95.1,8.4,6.33,9.6,4.9,17.2,2.9,2.0,2.09,0.0,0.0,0.05,98.5,6.5,3.5,4.62,31.0,MONITOR
S00004514,HT-014,HAUL_TRUCK,775,FINAL_DRIVE,2023-09-20,5537.0,1652.3,N,182.7,16.5,8.3,12.0,6.4,57.1,5.3,2.9,7.796,0.0,0.0,0.08,98.7,9.1,5.3,3.88,41.4,ACTION
S00004515,HT-014,HAUL_TRUCK,775,FINAL_DRIVE,2023-12-17,6403.5,0.9,N,45.7,4.1,2.45,4.0,2.6,4.2,1.4,1.0,0.061,0.0,0.0,0.02,100.7,4.5,2.6,5.47,16.2,NORMAL
S00004516,HT-014,HAUL_TRUCK,775,FINAL_DRIVE,2024-03-16,7288.5,886.0,N,105.0,9.1,4.74,8.7,4.8,6.7,3.2,2.0,0.04,0.0,0.0,0.06,93.1,6.0,4.0,5.14,37.8,NORMAL
S00004517,HT-014,HAUL_TRUCK,775,FINAL_DRIVE,2024-06-14,8173.6,1771.1,N,131.1,12.3,8.64,10.6,9.6,12.0,3.9,2.8,0.067,0.0,0.0,0.08,98.4,9.0,5.5,3.75,49.5,NORMAL
S00004518,HT-014,HAUL_TRUCK,775,FINAL_DRIVE,2024-08-22,8855.8,1.8,N,35.3,4.4,2.25,5.2,3.6,4.9,1.3,0.9,0.043,0.0,0.0,0.03,98.8,5.1,2.8,5.43,18.0,NORMAL
S00004519,HT-014,HAUL_TRUCK,775,FINAL_DRIVE,2024-11-13,9670.7,816.7,N,63.3,8.0,4.14,7.5,5.7,8.8,3.7,1.7,0.078,0.0,0.0,0.04,101.8,7.0,3.8,4.8,26.2,NORMAL
S00004520,HT-014,HAUL_TRUCK,775,FINAL_DRIVE,2025-02-01,10456.7,1602.7,N,108.1,15.4,4.98,10.3,6.7,11.3,2.7,2.9,0.05,0.0,0.0,0.06,95.8,9.2,4.5,4.06,43.1,NORMAL
S00004521,HT-014,HAUL_TRUCK,775,FINAL_DRIVE,2025-05-02,11341.7,26.5,N,57.5,4.8,3.04,4.9,4.0,5.2,1.7,1.2,0.036,0.0,0.0,0.03,97.1,4.7,3.3,5.66,20.0,NORMAL
S00004522,HT-014,HAUL_TRUCK,775,FINAL_DRIVE,2025-07-31,12226.8,911.6,N,61.2,6.8,5.95,12.6,5.4,8.5,3.2,2.0,0.066,0.0,0.0,0.05,96.7,7.9,4.8,5.3,30.8,NORMAL
S00004523,HT-014,HAUL_TRUCK,775,FINAL_DRIVE,2025-10-29,13111.9,1796.7,N,107.6,11.4,6.46,10.7,7.5,13.4,3.8,2.6,0.061,0.0,0.0,0.08,100.3,8.9,5.3,3.66,41.8,NORMAL
S00004524,HT-014,HAUL_TRUCK,775,FINAL_DRIVE,2026-01-27,13997.0,58.3,N,52.0,4.7,3.47,6.4,2.4,8.1,1.3,1.5,0.031,0.0,0.0,0.03,100.3,5.2,3.1,5.64,18.2,NORMAL
S00004525,HT-014,HAUL_TRUCK,775,FINAL_DRIVE,2026-04-12,14732.0,793.4,N,67.6,8.1,6.11,7.2,5.6,10.5,2.8,2.2,0.068,0.0,0.0,0.05,96.9,7.4,4.6,4.79,27.0,NORMAL
S00004475,HT-014,HAUL_TRUCK,775,HYDRAULIC,2023-04-13,3908.1,1611.3,N,20.6,5.0,1.46,2.1,3.9,6.6,2.6,2.5,0.031,0.0,0.0,0.09,47.3,7.7,4.9,2.99,8.0,NORMAL
S00004476,HT-014,HAUL_TRUCK,775,HYDRAULIC,2023-07-12,4793.2,44.9,N,7.1,2.4,0.61,0.9,2.0,3.3,2.0,1.2,0.041,0.0,0.0,0.02,45.6,6.8,2.8,4.5,5.0,NORMAL
S00004477,HT-014,HAUL_TRUCK,775,HYDRAULIC,2023-10-10,5678.2,929.9,N,20.8,6.0,1.5,2.0,4.2,7.2,2.8,2.2,0.027,0.0,0.0,0.05,44.8,8.3,4.7,3.58,10.1,NORMAL
S00004478,HT-014,HAUL_TRUCK,775,HYDRAULIC,2023-12-27,6439.5,1691.2,N,14.6,6.8,1.36,2.2,3.1,9.6,3.6,3.1,0.03,0.0,0.0,0.07,46.9,9.5,5.4,2.92,6.9,NORMAL
S00004479,HT-014,HAUL_TRUCK,775,HYDRAULIC,2024-03-26,7324.6,16.1,N,6.2,2.1,0.63,1.3,2.2,3.2,2.0,1.0,0.022,0.0,0.0,0.03,45.7,5.0,2.7,4.45,2.3,NORMAL
S00004480,HT-014,HAUL_TRUCK,775,HYDRAULIC,2024-06-24,8209.7,901.2,N,8.2,4.0,1.23,1.6,2.3,5.8,2.8,1.9,0.043,0.0,0.0,0.05,45.6,7.7,4.1,3.71,6.0,NORMAL
S00004481,HT-014,HAUL_TRUCK,775,HYDRAULIC,2024-09-22,9094.7,1786.3,N,15.6,5.3,1.0,2.8,3.8,6.9,4.7,2.6,0.026,0.0,0.0,0.07,48.5,10.1,5.8,3.03,10.2,NORMAL
S00004482,HT-014,HAUL_TRUCK,775,HYDRAULIC,2024-12-21,9979.8,52.0,N,4.9,2.6,0.48,1.4,2.1,3.1,1.2,1.3,0.023,0.0,0.0,0.03,47.2,5.6,3.2,4.45,3.7,NORMAL
S00004483,HT-014,HAUL_TRUCK,775,HYDRAULIC,2025-03-21,10864.9,937.1,N,10.3,4.2,1.12,1.8,2.8,6.4,2.5,1.5,0.046,0.0,0.0,0.06,45.7,7.2,4.0,3.83,5.5,NORMAL
S00004484,HT-014,HAUL_TRUCK,775,HYDRAULIC,2025-06-14,11708.7,1780.9,N,11.8,5.6,1.29,2.7,5.0,10.1,4.4,2.6,0.024,0.0,0.0,0.07,46.3,10.4,5.3,2.99,8.3,NORMAL
S00004485,HT-014,HAUL_TRUCK,775,HYDRAULIC,2025-09-10,12572.8,38.2,N,6.9,2.5,0.53,0.9,2.4,6.3,1.8,1.3,0.033,0.0,0.0,0.02,46.5,5.7,2.8,4.59,2.4,NORMAL
S00004486,HT-014,HAUL_TRUCK,775,HYDRAULIC,2025-12-09,13457.9,923.3,N,11.0,4.0,0.69,2.3,3.5,4.6,3.4,1.7,0.019,0.0,0.0,0.06,47.9,8.4,4.1,3.7,4.2,NORMAL
S00004487,HT-014,HAUL_TRUCK,775,HYDRAULIC,2026-03-09,14343.0,1808.4,N,21.6,5.4,1.32,2.7,3.8,8.5,4.8,2.5,7.328,0.0,0.0,0.08,45.5,9.5,4.5,2.99,8.2,MONITOR
S00004488,HT-014,HAUL_TRUCK,775,HYDRAULIC,2026-06-07,15228.1,38.6,N,6.3,2.6,0.48,1.2,1.6,3.5,1.7,1.0,0.024,0.0,0.0,0.03,46.2,5.4,3.0,4.32,3.3,NORMAL
S00004489,HT-014,HAUL_TRUCK,775,TRANSMISSION,2023-03-07,3445.4,59.9,N,30.2,8.0,1.76,3.9,3.0,4.2,1.5,1.0,0.037,0.0,0.0,0.06,68.1,6.7,3.8,6.51,8.1,NORMAL
S00004490,HT-014,HAUL_TRUCK,775,TRANSMISSION,2023-05-05,4027.5,642.0,N,56.1,24.4,4.01,10.8,5.0,6.8,3.4,3.2,0.056,0.0,0.0,0.12,69.8,10.8,5.6,4.88,11.8,NORMAL
S00004491,HT-014,HAUL_TRUCK,775,TRANSMISSION,2023-07-13,4706.0,15.2,N,24.0,7.3,1.59,2.4,2.5,4.4,1.2,1.2,0.036,0.0,0.0,0.06,67.0,5.6,3.1,6.72,6.9,NORMAL
S00004492,HT-014,HAUL_TRUCK,775,TRANSMISSION,2023-08-28,5160.0,469.2,N,34.9,12.5,3.25,6.8,4.4,7.4,2.3,2.2,0.035,0.0,0.0,0.1,67.0,8.7,5.4,5.28,12.8,NORMAL
S00004493,HT-014,HAUL_TRUCK,775,TRANSMISSION,2023-10-28,5760.9,22.7,N,26.4,8.9,1.74,3.3,2.6,3.6,1.6,0.9,0.05,0.0,0.0,0.05,65.6,5.9,2.7,7.01,6.7,NORMAL
S00004494,HT-014,HAUL_TRUCK,775,TRANSMISSION,2023-12-16,6239.6,501.5,N,27.8,12.7,3.95,4.6,5.0,7.0,2.5,2.2,0.022,0.0,0.0,0.12,68.5,9.5,5.5,5.81,14.5,NORMAL
S00004495,HT-014,HAUL_TRUCK,775,TRANSMISSION,2024-02-03,6721.8,983.6,N,47.9,19.8,3.74,9.5,7.0,10.2,3.8,2.9,0.037,0.0,0.0,0.18,68.2,12.9,6.4,4.46,19.9,NORMAL
S00004496,HT-014,HAUL_TRUCK,775,TRANSMISSION,2024-03-18,7154.6,54.7,N,23.4,9.1,1.84,3.2,2.7,4.5,1.8,1.0,0.048,0.0,0.0,0.07,70.8,6.6,3.7,6.76,12.8,NORMAL
S00004497,HT-014,HAUL_TRUCK,775,TRANSMISSION,2024-05-06,7636.3,536.4,N,41.6,17.3,2.94,6.4,6.6,7.9,3.4,2.0,0.042,0.0,0.0,0.1,70.2,10.9,5.2,5.51,13.2,NORMAL
S00004498,HT-014,HAUL_TRUCK,775,TRANSMISSION,2024-06-28,8154.1,28.1,N,26.5,8.7,2.14,3.4,3.0,3.7,1.7,1.4,0.029,0.0,0.0,0.04,67.3,6.7,3.7,6.97,8.4,NORMAL
S00004499,HT-014,HAUL_TRUCK,775,TRANSMISSION,2024-08-19,8669.4,543.4,N,45.1,10.9,3.62,5.6,5.9,5.8,2.5,2.0,0.018,0.0,0.0,0.1,68.3,10.6,5.3,5.56,16.0,NORMAL
S00004500,HT-014,HAUL_TRUCK,775,TRANSMISSION,2024-10-18,9257.2,20.5,N,19.5,8.3,1.56,2.8,3.5,3.4,1.4,1.3,0.025,0.0,0.0,0.05,70.9,7.3,3.6,6.9,8.3,NORMAL
S00004501,HT-014,HAUL_TRUCK,775,TRANSMISSION,2024-12-19,9869.4,632.7,N,41.7,17.6,3.03,7.9,6.6,8.9,3.5,2.4,0.024,0.0,0.0,0.12,65.9,9.7,5.9,5.16,16.0,NORMAL
S00004502,HT-014,HAUL_TRUCK,775,TRANSMISSION,2025-02-11,10394.0,28.8,N,23.4,9.5,1.8,3.5,2.7,4.6,1.9,1.1,0.047,0.0,0.0,0.05,68.7,6.6,3.7,6.27,7.1,NORMAL
S00004503,HT-014,HAUL_TRUCK,775,TRANSMISSION,2025-03-26,10815.9,450.6,N,29.8,14.2,3.55,7.3,3.8,6.8,3.4,1.4,0.019,0.0,0.0,0.11,67.8,8.3,5.9,5.43,12.1,NORMAL
S00004504,HT-014,HAUL_TRUCK,775,TRANSMISSION,2025-05-28,11441.4,11.8,N,26.9,10.9,1.56,5.2,2.4,4.9,1.5,1.0,0.029,0.0,0.0,0.04,67.9,7.0,4.0,7.17,8.1,NORMAL
S00004505,HT-014,HAUL_TRUCK,775,TRANSMISSION,2025-07-22,11980.5,551.0,N,79.8,44.1,3.59,22.4,7.1,7.6,2.9,2.9,0.027,0.0,0.0,0.12,66.9,9.5,5.3,5.58,9.6,ACTION
S00004506,HT-014,HAUL_TRUCK,775,TRANSMISSION,2025-09-16,12533.1,53.9,N,20.2,7.9,2.1,4.4,2.7,3.9,1.5,1.0,0.028,0.0,0.0,0.06,67.9,6.6,4.0,6.43,10.1,NORMAL
S00004507,HT-014,HAUL_TRUCK,775,TRANSMISSION,2025-11-06,13029.1,549.8,N,43.7,14.5,4.51,5.5,5.6,6.4,3.1,2.1,0.037,0.0,0.0,0.11,68.9,10.2,5.8,5.65,12.0,NORMAL
S00004508,HT-014,HAUL_TRUCK,775,TRANSMISSION,2025-12-20,13467.3,988.1,N,55.0,21.3,4.27,9.3,6.6,10.7,4.5,2.6,0.041,0.0,0.0,0.17,69.5,12.2,6.5,3.98,20.1,NORMAL
S00004509,HT-014,HAUL_TRUCK,775,TRANSMISSION,2026-02-10,13978.0,8.7,N,25.0,9.5,1.97,4.0,2.7,4.3,1.4,1.2,0.024,0.0,0.0,0.06,65.9,5.3,3.7,6.82,9.7,NORMAL
S00004510,HT-014,HAUL_TRUCK,775,TRANSMISSION,2026-03-28,14432.4,463.0,N,31.2,15.8,3.25,5.5,4.7,7.3,3.0,2.0,0.037,0.0,0.0,0.09,69.8,9.0,5.6,5.68,11.9,NORMAL
S00004511,HT-014,HAUL_TRUCK,775,TRANSMISSION,2026-05-20,14949.1,979.7,N,56.1,25.7,4.9,7.5,9.2,11.4,4.1,3.0,0.047,0.0,0.0,0.13,70.7,12.9,7.5,4.41,27.1,MONITOR
S00004526,HT-015,HAUL_TRUCK,775,ENGINE,2023-02-28,1591.5,323.5,N,19.9,9.9,3.88,6.3,6.1,8.1,3.4,4.4,0.03,0.74,0.0,0.41,109.4,13.8,8.6,8.35,8.5,NORMAL
S00004527,HT-015,HAUL_TRUCK,775,ENGINE,2023-03-22,1756.8,488.8,N,19.4,8.7,2.42,6.3,8.9,11.5,7.8,4.5,0.019,0.53,0.0,0.67,111.6,17.2,11.7,6.2,14.3,NORMAL
S00004528,HT-015,HAUL_TRUCK,775,ENGINE,2023-04-19,1979.3,49.7,N,14.0,3.9,1.52,3.1,2.9,4.6,2.3,2.0,0.01,0.52,0.0,0.23,107.2,9.5,5.1,9.59,5.9,NORMAL
S00004529,HT-015,HAUL_TRUCK,775,ENGINE,2023-05-22,2236.4,306.9,N,22.1,6.4,2.85,5.3,4.5,8.6,4.8,5.4,0.026,0.49,0.0,0.42,105.1,15.0,9.1,7.74,8.3,NORMAL
S00004530,HT-015,HAUL_TRUCK,775,ENGINE,2023-06-29,2532.8,2.3,N,9.5,4.1,1.36,1.9,2.3,4.3,1.7,1.6,0.032,0.41,0.0,0.17,109.9,8.5,5.7,10.49,5.7,NORMAL
S00004531,HT-015,HAUL_TRUCK,775,ENGINE,2023-08-05,2812.9,282.4,N,21.8,7.9,1.7,4.8,5.0,9.7,3.9,3.1,0.021,0.38,0.0,0.43,109.3,12.3,8.8,7.62,10.2,NORMAL
S00004532,HT-015,HAUL_TRUCK,775,ENGINE,2023-09-04,3051.0,4.6,N,8.7,4.1,1.27,2.0,2.9,4.6,2.1,1.3,0.02,0.41,0.0,0.21,108.2,9.2,6.2,11.44,3.5,NORMAL
S00004533,HT-015,HAUL_TRUCK,775,ENGINE,2023-10-05,3291.6,245.2,N,13.6,5.9,1.97,4.5,6.7,8.1,3.5,2.6,0.014,0.83,0.0,0.45,106.3,14.0,8.2,8.61,7.6,NORMAL
S00004534,HT-015,HAUL_TRUCK,775,ENGINE,2023-11-04,3522.6,476.2,N,21.1,9.3,2.52,3.4,6.5,11.9,5.0,5.0,0.013,0.56,0.0,0.68,106.5,16.8,9.7,7.09,12.6,NORMAL
S00004535,HT-015,HAUL_TRUCK,775,ENGINE,2023-12-06,3772.1,26.0,N,8.7,5.3,1.39,2.1,2.4,4.6,2.1,2.1,0.017,1.01,0.0,0.25,110.6,7.7,5.4,9.48,4.4,NORMAL
S00004536,HT-015,HAUL_TRUCK,775,ENGINE,2024-01-02,3984.6,238.4,N,20.6,6.4,2.31,3.9,4.7,8.2,4.1,2.8,0.032,0.22,0.0,0.44,105.5,12.0,8.3,9.02,7.5,NORMAL
S00004537,HT-015,HAUL_TRUCK,775,ENGINE,2024-01-26,4170.5,424.3,N,33.4,9.5,2.07,4.1,7.3,9.0,4.2,3.8,0.018,0.75,0.0,0.57,99.9,17.9,11.5,7.09,11.3,NORMAL
S00004538,HT-015,HAUL_TRUCK,775,ENGINE,2024-02-23,4386.0,5.7,N,12.8,5.0,1.22,2.2,3.3,4.9,2.7,1.9,0.015,0.56,0.0,0.23,109.2,8.0,5.5,10.91,3.5,NORMAL
S00004539,HT-015,HAUL_TRUCK,775,ENGINE,2024-03-23,4615.7,235.4,N,14.0,9.3,1.84,4.1,5.1,5.5,3.7,3.5,0.02,0.44,0.0,0.41,104.1,13.0,8.8,9.61,8.4,NORMAL
S00004540,HT-015,HAUL_TRUCK,775,ENGINE,2024-04-15,4792.2,412.0,N,26.8,10.3,2.41,5.5,6.2,7.7,5.0,4.5,0.019,0.65,0.0,0.64,111.7,16.1,8.0,6.86,13.5,NORMAL
S00004541,HT-015,HAUL_TRUCK,775,ENGINE,2024-05-24,5092.3,56.9,N,12.9,4.0,1.77,1.7,3.6,5.9,2.9,2.4,0.034,0.64,0.0,0.25,103.4,9.5,6.5,9.48,4.4,NORMAL
S00004542,HT-015,HAUL_TRUCK,775,ENGINE,2024-06-27,5355.9,320.6,N,18.2,12.2,2.45,4.4,5.0,9.9,4.1,3.9,0.022,0.33,0.0,0.53,109.5,12.8,8.7,7.11,9.4,NORMAL
S00004543,HT-015,HAUL_TRUCK,775,ENGINE,2024-08-02,5639.2,28.6,N,11.3,5.6,1.42,2.9,2.9,4.0,3.2,1.6,0.028,0.49,0.0,0.25,106.3,9.8,5.9,9.24,6.0,NORMAL
S00004544,HT-015,HAUL_TRUCK,775,ENGINE,2024-09-08,5929.2,318.6,N,24.9,12.7,1.97,9.7,5.7,8.4,4.4,2.9,0.011,0.82,0.0,0.59,108.9,13.5,10.5,7.92,14.2,MONITOR
S00004545,HT-015,HAUL_TRUCK,775,ENGINE,2024-10-05,6134.0,42.2,N,22.5,13.7,1.55,12.9,3.3,5.7,3.2,2.0,0.016,0.59,0.0,0.26,102.6,7.8,6.1,10.04,13.2,MONITOR
S00004546,HT-015,HAUL_TRUCK,775,ENGINE,2024-11-09,6409.5,317.7,N,42.3,26.0,1.63,22.2,4.6,8.3,3.8,3.3,0.038,0.71,0.0,0.6,108.3,13.4,9.6,7.91,24.3,ACTION
S00004547,HT-015,HAUL_TRUCK,775,ENGINE,2024-12-18,6708.5,56.4,N,15.4,5.1,1.34,3.2,2.5,5.0,2.6,2.1,0.014,0.73,0.0,0.24,111.7,9.1,5.8,9.22,4.5,NORMAL
S00004548,HT-015,HAUL_TRUCK,775,ENGINE,2025-01-24,6998.9,346.8,N,23.5,9.3,1.88,4.5,5.6,10.2,4.9,3.6,0.011,0.87,0.0,0.53,110.1,13.1,9.7,7.31,10.0,NORMAL
S00004549,HT-015,HAUL_TRUCK,775,ENGINE,2025-02-14,7162.5,40.2,N,13.3,3.8,1.53,3.4,3.9,3.7,2.3,2.1,0.017,0.64,0.0,0.23,107.4,9.4,5.7,9.21,4.4,NORMAL
S00004550,HT-015,HAUL_TRUCK,775,ENGINE,2025-03-25,7468.0,345.8,N,23.6,9.1,2.09,6.1,6.7,9.4,3.5,4.0,0.012,0.33,0.0,0.47,108.7,15.9,8.9,8.11,11.1,NORMAL
S00004551,HT-015,HAUL_TRUCK,775,ENGINE,2025-05-05,7779.0,25.8,N,12.0,2.7,1.25,2.6,4.0,5.5,2.5,1.7,0.017,0.54,0.0,0.26,104.4,9.1,5.7,9.65,4.2,NORMAL
S00004552,HT-015,HAUL_TRUCK,775,ENGINE,2025-06-02,7999.0,245.9,N,16.5,5.2,2.24,2.9,5.0,10.0,3.7,3.1,0.015,0.71,0.0,0.49,108.5,12.0,8.4,8.02,8.9,NORMAL
S00004553,HT-015,HAUL_TRUCK,775,ENGINE,2025-06-27,8193.0,439.8,N,31.2,11.9,2.62,4.9,7.9,11.2,6.5,2.5,0.012,0.7,0.0,0.69,110.4,16.8,10.5,7.19,10.8,NORMAL
S00004554,HT-015,HAUL_TRUCK,775,ENGINE,2025-07-13,8320.9,27.9,N,11.4,4.2,1.65,2.1,3.0,5.3,2.3,1.7,0.025,0.57,0.0,0.18,111.5,7.9,6.2,10.15,4.8,NORMAL
S00004555,HT-015,HAUL_TRUCK,775,ENGINE,2025-08-13,8562.6,269.6,N,19.1,6.2,1.86,5.2,5.0,8.5,3.6,2.7,0.019,0.66,0.0,0.45,104.0,13.0,7.7,7.93,9.4,NORMAL
S00004556,HT-015,HAUL_TRUCK,775,ENGINE,2025-09-14,8805.3,8.9,N,9.6,5.6,1.2,2.4,3.2,4.1,2.3,1.4,0.019,0.63,0.0,0.2,110.7,8.6,5.4,9.99,3.9,NORMAL
S00004557,HT-015,HAUL_TRUCK,775,ENGINE,2025-10-09,9004.7,208.4,N,19.5,4.9,1.92,4.3,5.3,7.5,3.7,2.7,0.025,0.68,0.0,0.35,110.0,12.6,8.9,9.17,8.3,NORMAL
S00004558,HT-015,HAUL_TRUCK,775,ENGINE,2025-11-05,9210.5,414.1,N,24.7,8.4,2.85,4.6,6.9,11.3,6.3,3.4,0.029,0.74,0.0,0.67,109.2,16.3,9.2,7.07,12.5,NORMAL
S00004559,HT-015,HAUL_TRUCK,775,ENGINE,2025-12-01,9418.6,52.1,N,13.8,4.1,1.15,2.3,3.7,5.6,2.9,1.8,0.025,0.6,0.0,0.25,109.4,9.7,5.8,9.11,4.5,NORMAL
S00004560,HT-015,HAUL_TRUCK,775,ENGINE,2026-01-06,9692.1,325.5,N,19.8,6.8,2.81,5.0,6.7,8.9,5.0,3.1,0.015,1.01,0.0,0.45,106.5,13.8,10.2,8.0,10.9,NORMAL
S00004561,HT-015,HAUL_TRUCK,775,ENGINE,2026-02-07,9942.2,11.3,N,9.4,4.0,1.14,2.3,2.9,5.3,2.0,2.3,0.027,0.5,0.0,0.21,109.8,7.7,5.1,10.09,5.7,NORMAL
S00004562,HT-015,HAUL_TRUCK,775,ENGINE,2026-03-14,10212.4,281.4,N,20.4,5.5,1.91,6.3,4.5,7.4,3.6,2.5,0.026,0.44,0.0,0.43,108.1,12.7,7.8,8.27,8.9,NORMAL
S00004563,HT-015,HAUL_TRUCK,775,ENGINE,2026-04-15,10463.6,32.6,N,11.2,4.2,1.03,2.7,3.4,4.6,2.1,1.8,0.012,0.81,0.0,0.27,105.4,10.2,6.3,9.75,5.7,NORMAL
S00004564,HT-015,HAUL_TRUCK,775,ENGINE,2026-05-26,10781.1,350.1,N,21.5,8.0,1.45,5.0,6.5,9.7,4.6,3.5,0.011,0.4,0.0,0.45,108.6,12.6,11.0,8.0,12.1,NORMAL
S00004565,HT-015,HAUL_TRUCK,775,ENGINE,2026-06-28,11039.2,59.1,N,11.5,4.2,1.38,3.8,3.2,6.0,2.9,1.8,0.022,0.49,0.0,0.28,105.4,9.8,6.4,10.4,4.5,NORMAL
S00004599,HT-015,HAUL_TRUCK,775,FINAL_DRIVE,2023-04-09,2012.2,723.2,N,99.7,8.3,3.86,7.0,5.7,8.2,3.9,1.7,0.044,0.0,0.0,0.04,97.4,7.0,3.3,4.99,29.8,NORMAL
S00004600,HT-015,HAUL_TRUCK,775,FINAL_DRIVE,2023-07-08,2711.7,1422.7,N,78.8,9.4,6.42,9.9,7.6,11.1,3.3,2.2,0.262,0.0,0.0,0.07,99.6,7.9,4.6,4.43,39.5,NORMAL
S00004601,HT-015,HAUL_TRUCK,775,FINAL_DRIVE,2023-10-06,3411.1,10.2,N,115.2,4.8,2.96,4.1,3.1,46.9,1.9,1.2,7.781,0.0,0.0,0.03,99.0,4.2,3.0,5.66,21.2,ACTION
S00004602,HT-015,HAUL_TRUCK,775,FINAL_DRIVE,2024-01-04,4110.6,709.7,N,70.4,8.5,3.88,6.3,3.3,9.7,2.5,1.6,0.091,0.0,0.0,0.05,99.9,6.8,4.2,5.15,23.7,NORMAL
S00004603,HT-015,HAUL_TRUCK,775,FINAL_DRIVE,2024-04-03,4810.0,1409.1,N,91.4,9.1,5.64,10.0,6.6,13.1,3.6,2.4,0.053,0.0,0.0,0.07,102.6,7.8,5.3,4.21,31.1,NORMAL
S00004604,HT-015,HAUL_TRUCK,775,FINAL_DRIVE,2024-07-02,5509.5,59.5,N,41.1,4.1,3.48,5.1,3.4,5.3,1.8,1.2,0.04,0.0,0.0,0.03,100.6,4.5,2.9,5.91,18.4,NORMAL
S00004605,HT-015,HAUL_TRUCK,775,FINAL_DRIVE,2024-09-30,6209.0,759.0,N,85.1,8.0,4.21,6.6,4.8,8.3,2.5,1.8,0.052,0.0,0.0,0.04,103.8,7.0,3.7,5.28,22.7,NORMAL
S00004606,HT-015,HAUL_TRUCK,775,FINAL_DRIVE,2024-12-29,6908.4,1458.5,N,111.1,11.9,6.56,11.9,6.5,9.9,5.2,2.7,0.046,0.0,0.0,0.08,99.4,7.3,5.7,3.84,38.1,NORMAL
S00004607,HT-015,HAUL_TRUCK,775,FINAL_DRIVE,2025-03-29,7607.9,5.4,N,65.2,4.3,3.31,3.7,2.8,5.6,1.4,0.9,0.025,0.0,0.0,0.03,99.6,5.3,2.5,5.67,19.8,NORMAL
S00004608,HT-015,HAUL_TRUCK,775,FINAL_DRIVE,2025-06-27,8307.4,704.9,N,60.4,7.7,4.85,5.8,6.0,8.0,1.9,2.3,0.04,0.0,0.0,0.04,99.8,6.6,3.5,4.67,28.1,NORMAL
S00004609,HT-015,HAUL_TRUCK,775,FINAL_DRIVE,2025-09-25,9006.8,1404.4,N,119.6,9.2,5.38,8.8,6.4,9.8,3.9,2.0,0.042,0.0,0.0,0.07,100.5,8.4,5.5,4.24,39.5,NORMAL
S00004610,HT-015,HAUL_TRUCK,775,FINAL_DRIVE,2025-12-24,9706.3,4.7,N,55.5,4.8,2.74,3.9,4.5,4.1,1.5,1.2,0.063,0.0,0.0,0.03,97.2,5.0,3.1,6.33,16.7,NORMAL
S00004611,HT-015,HAUL_TRUCK,775,FINAL_DRIVE,2026-03-24,10405.8,704.1,N,106.4,7.8,4.8,7.2,4.2,9.0,2.7,1.7,0.038,0.0,0.0,0.05,100.1,5.7,4.3,4.89,18.4,NORMAL
S00004612,HT-015,HAUL_TRUCK,775,FINAL_DRIVE,2026-06-10,11010.3,1308.7,N,121.6,9.9,6.13,10.5,5.6,9.0,3.9,2.1,0.044,0.0,0.0,0.07,102.4,9.3,4.7,4.49,36.0,NORMAL
S00004566,HT-015,HAUL_TRUCK,775,HYDRAULIC,2023-04-21,2012.2,48.0,N,5.2,2.3,0.55,1.2,1.9,2.6,1.7,1.3,0.025,0.0,0.0,0.03,45.9,6.1,3.3,4.4,3.5,NORMAL
S00004567,HT-015,HAUL_TRUCK,775,HYDRAULIC,2023-07-20,2711.7,747.5,N,10.1,3.1,1.02,1.7,3.0,5.3,2.2,2.0,0.036,0.0,0.0,0.04,46.6,6.7,3.6,4.03,5.9,NORMAL
S00004568,HT-015,HAUL_TRUCK,775,HYDRAULIC,2023-10-18,3411.1,1446.9,N,13.6,5.1,1.06,2.6,3.1,6.0,2.8,3.1,0.052,0.0,0.0,0.06,44.5,10.0,5.0,3.15,7.6,NORMAL
S00004569,HT-015,HAUL_TRUCK,775,HYDRAULIC,2024-01-16,4110.6,40.3,N,7.7,2.2,0.51,1.2,1.9,2.9,2.4,1.0,0.06,0.0,0.0,0.02,45.9,6.5,2.7,4.71,3.3,NORMAL
S00004570,HT-015,HAUL_TRUCK,775,HYDRAULIC,2024-04-15,4810.0,739.8,N,9.5,3.6,0.93,1.8,2.1,6.6,3.1,1.7,0.028,0.0,0.0,0.04,46.1,7.1,3.0,3.97,4.7,NORMAL
S00004571,HT-015,HAUL_TRUCK,775,HYDRAULIC,2024-07-14,5509.5,1439.3,N,11.2,4.1,1.41,2.1,3.1,8.0,3.8,3.5,0.041,0.0,0.0,0.08,45.8,11.5,4.6,3.06,7.5,NORMAL
S00004572,HT-015,HAUL_TRUCK,775,HYDRAULIC,2024-10-12,6209.0,48.3,N,5.9,2.0,0.51,1.1,1.6,3.6,1.7,1.1,0.041,0.0,0.0,0.03,45.2,5.1,2.8,4.43,3.7,NORMAL
S00004573,HT-015,HAUL_TRUCK,775,HYDRAULIC,2025-01-10,6908.4,747.7,N,10.6,4.3,1.08,1.7,2.5,5.4,3.1,1.4,0.028,0.0,0.0,0.04,44.9,6.8,3.7,4.02,4.9,NORMAL
S00004574,HT-015,HAUL_TRUCK,775,HYDRAULIC,2025-04-10,7607.9,1447.2,N,12.9,5.6,1.06,2.4,4.5,9.5,3.0,3.0,0.047,0.0,0.0,0.06,47.5,10.1,5.1,3.4,6.6,NORMAL
S00004575,HT-015,HAUL_TRUCK,775,HYDRAULIC,2025-07-09,8307.4,41.8,N,5.0,2.1,0.63,1.2,1.6,3.1,1.7,1.2,0.02,0.0,0.0,0.03,46.1,6.6,2.8,4.57,3.7,NORMAL
S00004576,HT-015,HAUL_TRUCK,775,HYDRAULIC,2025-09-14,8825.4,559.8,N,9.9,2.9,0.7,1.7,2.9,5.2,2.4,1.3,0.059,0.0,0.0,0.04,47.9,6.6,3.6,4.11,4.8,NORMAL
S00004577,HT-015,HAUL_TRUCK,775,HYDRAULIC,2025-12-13,9524.9,1259.3,N,12.8,5.1,1.18,2.5,2.8,7.6,3.3,1.7,0.048,0.0,0.0,0.07,47.6,9.3,4.4,3.15,7.2,NORMAL
S00004578,HT-015,HAUL_TRUCK,775,HYDRAULIC,2026-03-04,10152.5,1886.9,N,17.7,5.5,1.46,3.2,4.5,7.7,4.3,2.2,0.03,0.0,0.0,0.09,47.2,10.9,5.5,2.87,10.0,NORMAL
S00004579,HT-015,HAUL_TRUCK,775,HYDRAULIC,2026-06-02,10852.0,34.3,N,30.1,11.8,2.01,0.9,1.6,3.5,1.7,1.0,0.039,0.0,0.0,0.02,45.9,5.7,3.1,4.85,20.8,ACTION
S00004580,HT-015,HAUL_TRUCK,775,TRANSMISSION,2023-03-10,1765.2,18.9,N,38.0,7.9,1.86,3.5,2.9,4.0,2.2,0.9,0.021,0.0,0.0,0.06,69.0,6.5,3.8,6.36,9.3,NORMAL
S00004581,HT-015,HAUL_TRUCK,775,TRANSMISSION,2023-04-28,2147.0,400.7,N,27.5,15.8,2.15,5.0,4.0,6.1,2.6,1.7,0.032,0.0,0.0,0.11,65.6,9.1,4.8,5.6,12.9,NORMAL
S00004582,HT-015,HAUL_TRUCK,775,TRANSMISSION,2023-06-30,2633.9,887.6,N,43.2,16.3,3.62,6.8,6.4,10.6,3.9,2.3,0.035,0.0,0.0,0.13,66.4,11.1,5.6,4.25,18.7,NORMAL
S00004583,HT-015,HAUL_TRUCK,775,TRANSMISSION,2023-08-24,3058.6,12.4,N,16.9,6.5,1.64,3.7,2.8,4.3,2.0,1.1,0.041,0.0,0.0,0.06,66.1,7.3,3.7,7.4,9.2,NORMAL
S00004584,HT-015,HAUL_TRUCK,775,TRANSMISSION,2023-10-24,3535.9,489.7,N,25.7,14.6,2.68,4.7,5.5,8.6,2.5,2.0,0.019,0.0,0.0,0.11,65.1,9.4,5.4,4.98,15.5,NORMAL
S00004585,HT-015,HAUL_TRUCK,775,TRANSMISSION,2024-01-10,4142.6,38.6,N,21.8,8.5,1.62,4.1,2.7,3.1,1.7,1.3,0.029,0.0,0.0,0.05,70.0,5.5,2.7,6.9,6.5,NORMAL
S00004586,HT-015,HAUL_TRUCK,775,TRANSMISSION,2024-03-30,4764.1,660.2,N,46.8,16.6,5.08,7.5,5.2,7.7,3.3,1.9,0.038,0.0,0.0,0.13,72.1,9.9,5.6,4.93,14.4,NORMAL
S00004587,HT-015,HAUL_TRUCK,775,TRANSMISSION,2024-06-27,5455.1,26.3,N,18.4,8.2,1.2,3.2,3.2,4.4,1.6,1.1,0.028,0.0,0.0,0.05,68.7,6.2,3.4,6.62,8.0,NORMAL
S00004588,HT-015,HAUL_TRUCK,775,TRANSMISSION,2024-08-28,5938.0,509.2,N,43.2,20.8,2.48,5.7,4.0,7.2,3.3,2.0,0.022,0.0,0.0,0.12,66.9,9.4,5.1,5.32,10.6,NORMAL
S00004589,HT-015,HAUL_TRUCK,775,TRANSMISSION,2024-10-31,6431.9,5.2,N,78.1,7.6,5.6,3.2,3.2,4.1,1.7,1.5,0.029,0.0,0.0,0.06,68.2,6.2,3.6,7.37,41.4,MONITOR
S00004590,HT-015,HAUL_TRUCK,775,TRANSMISSION,2024-12-24,6855.0,428.3,N,36.9,15.8,2.66,6.5,6.1,7.7,3.2,1.8,0.035,0.0,0.0,0.1,68.1,9.8,5.0,5.86,12.3,NORMAL
S00004591,HT-015,HAUL_TRUCK,775,TRANSMISSION,2025-02-12,7241.1,814.5,N,46.2,21.6,3.13,6.8,9.1,8.7,3.5,2.9,0.047,0.0,0.0,0.14,66.7,11.1,6.3,4.83,16.1,NORMAL
S00004592,HT-015,HAUL_TRUCK,775,TRANSMISSION,2025-03-26,7565.4,49.3,N,18.9,8.3,2.11,3.0,3.2,4.4,1.9,1.1,0.031,0.0,0.0,0.06,68.0,7.1,3.6,6.73,6.3,NORMAL
S00004593,HT-015,HAUL_TRUCK,775,TRANSMISSION,2025-06-17,8216.0,700.0,N,47.2,19.2,3.71,6.1,5.7,9.9,3.2,2.2,0.023,0.0,0.0,0.13,66.6,9.4,5.6,4.51,21.0,NORMAL
S00004594,HT-015,HAUL_TRUCK,775,TRANSMISSION,2025-08-04,8585.5,26.6,N,28.3,7.7,1.65,3.0,2.9,3.4,1.8,1.3,0.056,0.0,0.0,0.06,68.8,6.6,3.6,6.91,9.3,NORMAL
S00004595,HT-015,HAUL_TRUCK,775,TRANSMISSION,2025-10-29,9257.1,698.2,N,44.9,12.5,4.48,7.1,6.9,9.0,3.1,2.3,0.014,0.0,0.0,0.13,68.7,10.8,5.9,5.37,13.4,NORMAL
S00004596,HT-015,HAUL_TRUCK,775,TRANSMISSION,2025-12-27,9715.3,54.1,N,24.2,8.1,2.43,3.9,3.1,5.2,1.9,1.5,0.031,0.0,0.0,0.06,67.9,5.9,3.3,6.9,7.9,NORMAL
S00004597,HT-015,HAUL_TRUCK,775,TRANSMISSION,2026-03-27,10414.8,753.6,N,37.4,23.3,3.68,8.0,6.8,9.8,3.2,3.1,0.041,0.0,0.0,0.15,66.8,12.5,5.4,4.83,18.7,NORMAL
S00004598,HT-015,HAUL_TRUCK,775,TRANSMISSION,2026-05-13,10782.0,52.7,N,18.6,9.9,1.43,4.0,3.1,4.2,1.6,1.3,0.019,0.0,0.0,0.05,68.1,6.0,3.4,6.69,11.5,NORMAL
S00001769,WL-001,WHEEL_LOADER,966,ENGINE,2023-01-23,4314.8,391.3,N,34.5,10.4,3.23,5.2,6.5,11.1,5.6,3.6,0.016,1.26,0.0,0.53,111.7,16.6,10.4,6.81,8.4,NORMAL
S00001770,WL-001,WHEEL_LOADER,966,ENGINE,2023-02-17,4555.6,14.1,N,11.4,5.2,1.06,2.5,2.7,4.0,2.3,1.9,0.024,0.72,0.0,0.21,110.5,8.8,5.6,10.59,3.6,NORMAL
S00001771,WL-001,WHEEL_LOADER,966,ENGINE,2023-03-04,4709.5,167.9,N,15.5,4.4,1.88,3.8,4.1,6.4,2.5,2.2,0.031,0.61,0.0,0.36,109.1,11.0,7.8,8.92,5.9,NORMAL
S00001772,WL-001,WHEEL_LOADER,966,ENGINE,2023-03-27,4936.9,395.4,N,21.1,9.4,2.29,5.7,5.7,10.5,5.5,3.9,0.023,0.43,0.0,0.63,109.6,13.8,9.4,7.74,10.4,NORMAL
S00001773,WL-001,WHEEL_LOADER,966,ENGINE,2023-04-16,5137.0,50.4,N,15.3,3.8,1.03,2.8,3.3,5.5,3.4,1.8,0.02,0.56,0.0,0.26,105.6,10.5,6.1,9.61,5.5,NORMAL
S00001774,WL-001,WHEEL_LOADER,966,ENGINE,2023-05-10,5367.5,280.9,N,19.1,7.6,2.24,4.2,5.4,8.5,3.4,3.3,0.018,0.57,0.0,0.46,107.6,14.7,7.3,8.48,7.9,NORMAL
S00001775,WL-001,WHEEL_LOADER,966,ENGINE,2023-05-30,5572.7,486.1,N,34.8,9.1,3.31,8.5,5.5,13.3,5.4,5.3,0.033,1.02,0.0,0.68,104.8,16.9,11.3,6.49,10.1,MONITOR
S00001776,WL-001,WHEEL_LOADER,966,ENGINE,2023-06-22,5800.8,45.4,N,9.7,5.6,1.31,2.0,2.7,4.4,2.6,1.9,0.011,0.56,0.0,0.26,106.4,7.9,7.0,9.06,5.2,NORMAL
S00001777,WL-001,WHEEL_LOADER,966,ENGINE,2023-07-19,6063.1,307.6,N,19.6,7.9,2.22,5.3,4.7,10.6,4.5,3.2,0.028,0.88,0.0,0.5,108.8,15.6,8.3,7.59,9.5,NORMAL
S00001778,WL-001,WHEEL_LOADER,966,ENGINE,2023-08-13,6310.1,1.0,N,10.8,6.0,1.08,1.8,2.7,5.1,2.1,2.0,0.009,0.72,0.0,0.2,115.5,9.0,5.1,9.19,4.2,NORMAL
S00001779,WL-001,WHEEL_LOADER,966,ENGINE,2023-09-10,6584.4,275.2,N,19.1,8.6,1.64,4.3,5.8,8.4,3.9,2.9,0.02,0.35,0.0,0.44,105.9,14.3,9.0,8.19,7.0,NORMAL
S00001780,WL-001,WHEEL_LOADER,966,ENGINE,2023-10-10,6884.7,28.8,N,10.5,6.3,1.19,2.5,2.4,3.8,2.3,1.8,0.02,0.99,0.0,0.22,107.3,7.9,6.8,10.51,6.4,NORMAL
S00001781,WL-001,WHEEL_LOADER,966,ENGINE,2023-11-04,7133.6,277.7,N,22.9,5.7,2.43,3.8,5.3,6.9,3.1,3.8,0.023,0.92,0.0,0.48,106.8,12.7,8.9,7.97,9.8,NORMAL
S00001782,WL-001,WHEEL_LOADER,966,ENGINE,2023-11-27,7364.0,27.3,N,13.0,3.0,1.31,3.0,2.8,3.5,1.9,1.9,0.017,0.73,0.0,0.2,104.7,9.1,6.8,10.52,3.9,NORMAL
S00001783,WL-001,WHEEL_LOADER,966,ENGINE,2023-12-15,7538.1,201.3,N,19.4,5.5,1.64,3.4,5.1,6.8,2.9,3.3,0.015,0.46,0.0,0.33,107.7,11.0,7.8,8.49,8.4,NORMAL
S00001784,WL-001,WHEEL_LOADER,966,ENGINE,2024-01-14,7840.9,11.6,N,6.8,3.4,1.3,2.1,2.8,3.9,2.4,1.8,0.019,0.5,0.0,0.24,110.7,7.8,5.3,9.78,5.1,NORMAL
S00001785,WL-001,WHEEL_LOADER,966,ENGINE,2024-02-08,8085.4,256.1,N,10.9,7.1,2.06,4.1,4.3,7.0,5.1,2.8,0.017,0.52,0.0,0.53,112.4,12.7,9.5,8.36,7.5,NORMAL
S00001786,WL-001,WHEEL_LOADER,966,ENGINE,2024-02-29,8289.9,460.6,N,24.1,9.9,2.62,5.6,6.3,12.1,6.3,3.3,0.02,0.46,0.0,0.62,107.7,15.5,10.2,6.58,11.0,NORMAL
S00001787,WL-001,WHEEL_LOADER,966,ENGINE,2024-04-02,8621.1,39.7,N,10.9,3.1,1.07,2.1,2.7,4.4,2.5,1.9,0.04,0.66,0.0,0.2,109.1,9.4,6.3,10.31,5.5,NORMAL
S00001788,WL-001,WHEEL_LOADER,966,ENGINE,2024-04-24,8834.8,253.4,N,19.9,7.2,1.61,4.5,4.8,8.6,3.2,2.8,0.015,0.67,0.0,0.4,103.9,11.6,8.2,7.61,6.5,NORMAL
S00001789,WL-001,WHEEL_LOADER,966,ENGINE,2024-05-18,9069.3,488.0,N,32.7,10.9,2.75,5.5,7.0,10.0,6.9,4.0,0.021,0.75,0.0,0.77,105.1,16.8,10.9,6.73,13.4,NORMAL
S00001790,WL-001,WHEEL_LOADER,966,ENGINE,2024-06-11,9306.3,6.1,N,11.8,4.5,1.21,2.4,3.1,4.8,2.0,1.8,0.039,0.68,0.0,0.2,112.9,7.6,5.2,10.45,4.1,NORMAL
S00001791,WL-001,WHEEL_LOADER,966,ENGINE,2024-07-04,9542.9,242.7,N,13.4,7.0,2.27,3.9,5.5,8.2,4.1,3.0,0.027,0.83,0.0,0.39,106.4,13.0,8.7,9.25,7.6,NORMAL
S00001792,WL-001,WHEEL_LOADER,966,ENGINE,2024-07-29,9788.7,488.6,N,26.1,11.5,2.46,5.2,7.0,13.8,5.8,3.5,0.019,0.33,0.0,0.65,104.9,15.1,11.8,5.95,11.6,NORMAL
S00001793,WL-001,WHEEL_LOADER,966,ENGINE,2024-08-28,10084.2,28.5,N,9.6,5.1,1.16,2.5,2.5,5.5,2.7,1.7,0.019,0.79,0.0,0.26,102.8,7.7,7.0,10.29,5.2,NORMAL
S00001794,WL-001,WHEEL_LOADER,966,ENGINE,2024-09-22,10326.4,270.6,N,19.3,8.0,1.8,3.5,4.8,9.9,4.1,2.8,0.027,0.64,0.0,0.47,101.3,13.5,9.5,8.1,7.7,NORMAL
S00001795,WL-001,WHEEL_LOADER,966,ENGINE,2024-10-11,10520.3,464.5,N,27.3,10.6,2.67,5.1,6.3,13.1,5.7,3.8,0.024,0.74,0.0,0.53,110.8,15.0,11.8,6.42,12.4,NORMAL
S00001796,WL-001,WHEEL_LOADER,966,ENGINE,2024-10-25,10652.9,26.2,N,11.8,4.5,1.18,2.7,3.1,3.8,3.0,1.6,0.019,0.31,0.0,0.21,109.9,10.2,5.0,9.82,5.6,NORMAL
S00001797,WL-001,WHEEL_LOADER,966,ENGINE,2024-11-14,10855.1,228.4,N,20.0,7.4,1.46,2.9,4.4,7.2,4.3,2.8,0.025,1.07,0.0,0.44,107.5,10.7,8.7,8.79,6.9,NORMAL
S00001798,WL-001,WHEEL_LOADER,966,ENGINE,2024-11-27,10981.5,354.8,N,23.0,7.4,2.3,4.6,5.3,8.8,5.2,3.1,0.017,0.76,0.0,0.49,109.3,13.4,11.0,7.56,10.8,NORMAL
S00001799,WL-001,WHEEL_LOADER,966,ENGINE,2024-12-23,11240.4,46.0,N,8.6,4.3,1.28,2.6,2.7,6.2,2.7,1.7,0.02,0.6,0.0,0.25,108.3,9.8,6.3,8.94,4.1,NORMAL
S00001800,WL-001,WHEEL_LOADER,966,ENGINE,2025-01-18,11494.7,300.4,N,22.0,7.3,2.89,4.1,6.2,11.2,2.9,3.7,0.018,0.56,0.0,0.53,109.2,14.5,9.0,7.86,7.6,NORMAL
S00001801,WL-001,WHEEL_LOADER,966,ENGINE,2025-02-16,11784.5,59.8,N,18.0,3.2,1.28,2.7,3.8,5.2,2.8,1.8,0.024,0.55,0.0,0.26,106.8,7.2,6.7,9.35,4.1,NORMAL
S00001802,WL-001,WHEEL_LOADER,966,ENGINE,2025-03-17,12071.9,347.3,N,20.1,8.1,2.59,4.1,4.8,10.9,5.9,3.7,0.037,0.85,0.0,0.58,107.8,14.5,9.1,7.94,8.2,NORMAL
S00001803,WL-001,WHEEL_LOADER,966,ENGINE,2025-04-15,12359.4,0.9,N,8.4,4.2,1.02,2.2,2.7,3.8,2.0,1.7,0.017,0.77,0.0,0.24,107.3,8.7,6.4,11.84,4.2,NORMAL
S00001804,WL-001,WHEEL_LOADER,966,ENGINE,2025-05-15,12655.6,297.2,N,18.0,9.0,2.07,6.4,4.9,8.4,3.8,2.7,0.02,0.48,0.0,0.56,108.0,12.6,9.0,7.47,10.6,NORMAL
S00001805,WL-001,WHEEL_LOADER,966,ENGINE,2025-06-12,12936.3,12.6,N,22.9,11.5,1.15,10.1,3.1,4.5,2.3,1.7,0.016,0.72,0.0,0.18,112.2,8.5,5.1,10.34,12.0,NORMAL
S00001806,WL-001,WHEEL_LOADER,966,ENGINE,2025-07-21,13318.8,395.1,N,48.5,31.7,2.77,24.4,6.5,10.0,4.9,3.9,0.015,0.78,0.0,0.49,110.8,15.2,10.7,6.53,25.6,ACTION
S00001807,WL-001,WHEEL_LOADER,966,ENGINE,2025-08-11,13529.1,10.4,N,11.6,4.7,1.23,2.7,2.7,4.9,2.0,2.1,0.023,0.48,0.0,0.19,112.2,7.7,5.3,10.47,3.6,NORMAL
S00001808,WL-001,WHEEL_LOADER,966,ENGINE,2025-09-14,13865.6,346.9,N,22.0,8.4,2.09,4.9,5.6,7.8,5.1,3.0,0.024,0.43,0.0,0.54,105.8,13.0,9.5,7.87,9.9,NORMAL
S00001809,WL-001,WHEEL_LOADER,966,ENGINE,2025-10-11,14131.6,48.4,N,10.5,4.7,1.39,2.7,3.6,6.1,2.5,2.5,0.011,0.74,0.0,0.19,102.0,10.0,6.7,10.49,6.1,NORMAL
S00001810,WL-001,WHEEL_LOADER,966,ENGINE,2025-11-02,14353.0,269.7,N,21.7,7.4,2.34,3.8,5.4,7.5,4.3,3.0,0.028,0.72,0.0,0.48,106.0,11.5,8.7,8.64,8.8,NORMAL
S00001811,WL-001,WHEEL_LOADER,966,ENGINE,2025-11-25,14572.4,489.1,N,24.8,9.6,2.87,5.4,6.5,7.9,7.6,4.9,0.022,0.58,0.0,0.71,106.1,18.6,9.7,6.47,9.4,NORMAL
S00001812,WL-001,WHEEL_LOADER,966,ENGINE,2025-12-15,14770.5,14.2,N,10.0,5.8,1.03,2.5,2.9,4.2,2.6,1.5,0.021,0.51,0.0,0.21,105.1,8.1,5.3,9.94,4.2,NORMAL
S00001813,WL-001,WHEEL_LOADER,966,ENGINE,2026-01-08,15012.6,256.3,N,19.0,5.5,1.89,3.8,4.4,8.6,3.3,3.6,0.02,0.68,0.0,0.51,106.6,11.1,7.4,8.11,10.3,NORMAL
S00001814,WL-001,WHEEL_LOADER,966,ENGINE,2026-02-08,15322.6,41.7,N,13.2,5.0,1.29,2.4,3.7,7.0,2.8,1.9,0.027,0.65,0.0,0.23,108.0,8.6,6.2,10.5,4.5,NORMAL
S00001815,WL-001,WHEEL_LOADER,966,ENGINE,2026-03-06,15579.1,298.1,N,20.4,5.8,2.37,5.1,6.4,9.6,4.7,2.8,0.038,0.67,0.0,0.44,110.9,12.3,8.0,8.19,7.5,NORMAL
S00001816,WL-001,WHEEL_LOADER,966,ENGINE,2026-04-02,15839.6,31.0,N,11.0,4.0,1.3,2.8,3.0,4.7,2.9,1.9,0.025,0.3,0.0,0.22,109.5,9.2,5.4,10.99,5.2,NORMAL
S00001817,WL-001,WHEEL_LOADER,966,ENGINE,2026-04-19,16016.4,207.7,N,12.6,7.7,1.91,3.3,5.3,8.8,2.8,2.0,0.013,0.45,0.0,0.4,107.2,12.5,6.7,9.41,9.5,NORMAL
S00001818,WL-001,WHEEL_LOADER,966,ENGINE,2026-05-10,16223.4,414.8,N,24.7,6.7,3.3,6.2,4.9,12.6,3.7,3.5,0.04,0.97,0.0,0.72,108.8,16.2,10.4,6.97,13.1,NORMAL
S00001819,WL-001,WHEEL_LOADER,966,ENGINE,2026-06-05,16479.9,8.0,N,11.5,4.0,1.15,2.0,4.2,3.9,2.8,1.8,0.019,0.45,0.0,0.23,105.7,7.8,5.6,10.3,3.8,NORMAL
S00001820,WL-001,WHEEL_LOADER,966,ENGINE,2026-06-22,16650.4,178.5,N,17.0,7.8,1.83,4.4,4.4,6.9,4.2,2.6,0.021,0.51,0.0,0.33,107.4,13.0,7.2,9.22,5.1,NORMAL
S00001858,WL-001,WHEEL_LOADER,966,FINAL_DRIVE,2023-04-17,4954.7,1939.5,N,106.1,12.6,5.92,13.4,8.6,11.1,3.8,2.6,0.06,0.0,0.0,0.09,104.4,9.3,5.8,3.67,40.4,NORMAL
S00001859,WL-001,WHEEL_LOADER,966,FINAL_DRIVE,2023-07-07,5752.5,55.0,N,51.1,5.3,3.31,5.0,2.4,4.6,1.8,1.2,0.031,0.0,0.0,0.03,98.5,4.5,2.9,5.3,16.8,NORMAL
S00001860,WL-001,WHEEL_LOADER,966,FINAL_DRIVE,2023-10-05,6643.3,945.9,N,78.5,9.2,5.01,7.1,5.3,8.4,3.1,1.7,0.076,0.0,0.0,0.06,97.3,7.5,4.5,4.84,27.2,NORMAL
S00001861,WL-001,WHEEL_LOADER,966,FINAL_DRIVE,2024-01-03,7534.2,1836.7,N,114.6,10.9,5.44,14.4,7.9,14.1,4.5,2.6,0.073,0.0,0.0,0.09,100.2,9.9,5.6,3.51,43.8,NORMAL
S00001862,WL-001,WHEEL_LOADER,966,FINAL_DRIVE,2024-04-02,8425.0,45.2,N,51.4,4.5,3.23,4.8,4.0,5.4,1.7,1.0,0.045,0.0,0.0,0.02,102.8,5.2,3.0,5.38,16.5,NORMAL
S00001863,WL-001,WHEEL_LOADER,966,FINAL_DRIVE,2024-07-01,9315.9,936.0,N,88.5,8.2,6.14,6.2,5.9,11.0,3.0,2.3,0.051,0.0,0.0,0.05,102.0,7.0,4.4,5.14,35.1,NORMAL
S00001864,WL-001,WHEEL_LOADER,966,FINAL_DRIVE,2024-09-29,10206.7,1826.9,N,135.5,12.1,7.18,10.3,7.2,9.8,3.8,2.8,0.033,0.0,0.0,0.09,95.1,9.3,4.8,3.8,33.9,NORMAL
S00001865,WL-001,WHEEL_LOADER,966,FINAL_DRIVE,2024-12-28,11097.6,54.5,N,48.1,4.8,2.27,4.1,3.1,6.1,1.8,1.3,0.073,0.0,0.0,0.02,99.0,4.8,2.9,5.91,14.8,NORMAL
S00001866,WL-001,WHEEL_LOADER,966,FINAL_DRIVE,2025-03-28,11988.4,945.3,N,69.4,8.0,4.64,7.4,7.2,7.3,2.3,2.1,0.029,0.0,0.0,0.05,101.9,6.4,4.1,4.67,24.2,NORMAL
S00001867,WL-001,WHEEL_LOADER,966,FINAL_DRIVE,2025-06-26,12879.3,1836.2,N,133.7,12.6,8.99,8.9,8.5,13.8,3.6,2.8,0.046,0.0,0.0,0.07,99.2,8.2,4.9,4.08,47.3,NORMAL
S00001868,WL-001,WHEEL_LOADER,966,FINAL_DRIVE,2025-09-03,13565.3,51.7,N,63.7,4.7,2.96,4.2,3.1,6.0,1.4,1.0,0.082,0.0,0.0,0.03,96.5,4.9,2.5,6.04,18.9,NORMAL
S00001869,WL-001,WHEEL_LOADER,966,FINAL_DRIVE,2025-12-02,14456.2,942.6,N,73.2,9.7,5.64,7.8,6.3,8.3,3.4,2.3,0.039,0.0,0.0,0.04,98.9,7.0,3.8,4.68,31.3,NORMAL
S00001870,WL-001,WHEEL_LOADER,966,FINAL_DRIVE,2026-03-02,15347.0,1833.4,N,138.6,12.9,6.3,9.3,6.5,11.0,4.8,2.8,0.057,0.0,0.0,0.09,102.3,10.1,5.6,3.89,23.2,NORMAL
S00001871,WL-001,WHEEL_LOADER,966,FINAL_DRIVE,2026-05-31,16237.9,41.2,N,49.0,6.5,2.32,3.7,3.2,4.9,1.9,1.0,0.066,0.0,0.0,0.03,100.5,5.2,3.2,5.96,16.5,NORMAL
S00001821,WL-001,WHEEL_LOADER,966,HYDRAULIC,2023-04-03,5011.9,1279.6,N,14.1,5.4,0.82,2.1,3.5,7.3,4.1,3.0,0.018,0.0,0.0,0.06,46.8,9.8,4.1,3.37,8.5,NORMAL
S00001822,WL-001,WHEEL_LOADER,966,HYDRAULIC,2023-07-02,5902.7,47.4,N,7.8,2.0,0.44,1.1,1.7,3.5,1.7,0.9,0.033,0.0,0.0,0.02,46.3,5.6,3.2,4.19,4.2,NORMAL
S00001823,WL-001,WHEEL_LOADER,966,HYDRAULIC,2023-09-30,6793.6,938.2,N,11.8,3.0,1.02,2.0,2.5,6.3,2.7,2.2,0.028,0.0,0.0,0.05,45.9,8.7,4.0,3.7,5.0,NORMAL
S00001824,WL-001,WHEEL_LOADER,966,HYDRAULIC,2023-12-29,7684.4,1829.1,N,19.0,4.6,1.27,2.3,3.5,8.1,3.6,2.9,0.027,0.0,0.0,0.06,46.2,10.6,5.3,2.98,9.4,NORMAL
S00001825,WL-001,WHEEL_LOADER,966,HYDRAULIC,2024-03-28,8575.3,33.0,N,5.9,1.8,0.78,1.5,1.6,3.7,1.6,1.1,0.046,0.0,0.0,0.03,47.8,5.9,2.5,4.57,3.8,NORMAL
S00001826,WL-001,WHEEL_LOADER,966,HYDRAULIC,2024-06-20,9408.7,866.4,N,11.2,5.2,0.86,2.2,2.3,5.9,3.3,2.0,0.023,0.0,0.0,0.05,44.7,7.7,4.2,3.9,6.0,NORMAL
S00001827,WL-001,WHEEL_LOADER,966,HYDRAULIC,2024-09-18,10299.6,1757.3,N,30.3,13.4,2.37,3.0,3.8,10.5,2.9,2.2,0.031,0.0,0.0,0.07,45.6,11.2,5.1,2.99,23.7,ACTION
S00001828,WL-001,WHEEL_LOADER,966,HYDRAULIC,2024-12-17,11190.4,44.5,N,5.7,2.8,0.48,1.0,1.3,3.3,2.0,1.3,0.037,0.0,0.0,0.03,47.5,5.7,3.1,4.41,2.5,NORMAL
S00001829,WL-001,WHEEL_LOADER,966,HYDRAULIC,2025-03-17,12081.3,935.3,N,10.1,3.1,0.89,2.1,2.2,5.2,2.4,2.1,0.024,0.0,0.0,0.06,45.8,8.7,4.3,3.51,8.8,NORMAL
S00001830,WL-001,WHEEL_LOADER,966,HYDRAULIC,2025-06-15,12972.1,1826.2,N,14.4,4.6,1.85,2.5,3.5,8.8,3.7,2.9,0.026,0.0,0.0,0.08,45.0,11.7,5.5,3.04,6.9,NORMAL
S00001831,WL-001,WHEEL_LOADER,966,HYDRAULIC,2025-08-31,13733.4,22.4,N,6.4,1.9,0.42,1.2,1.4,2.7,1.7,1.2,0.041,0.0,0.0,0.03,46.1,6.4,3.0,4.78,3.0,NORMAL
S00001832,WL-001,WHEEL_LOADER,966,HYDRAULIC,2025-11-29,14624.3,913.2,N,12.7,4.0,1.12,1.6,5.1,11.7,3.4,1.5,0.027,0.0,0.0,0.05,46.4,7.5,3.9,3.81,5.4,NORMAL
S00001833,WL-001,WHEEL_LOADER,966,HYDRAULIC,2026-02-27,15515.1,1804.1,N,15.0,5.3,1.27,3.0,3.6,11.6,4.2,3.1,0.027,0.0,0.0,0.07,45.8,10.9,5.1,2.86,5.8,NORMAL
S00001834,WL-001,WHEEL_LOADER,966,HYDRAULIC,2026-05-28,16406.0,12.1,N,12.1,1.5,0.48,1.1,4.1,19.3,2.0,1.0,0.018,0.0,0.0,0.02,47.0,5.1,2.9,4.36,3.6,MONITOR
S00001835,WL-001,WHEEL_LOADER,966,TRANSMISSION,2023-03-25,4853.9,11.9,N,21.0,8.5,1.9,3.2,3.3,4.2,2.0,1.2,0.03,0.0,0.0,0.05,68.4,6.3,3.6,6.81,6.6,NORMAL
S00001836,WL-001,WHEEL_LOADER,966,TRANSMISSION,2023-05-17,5379.6,537.7,N,45.5,17.4,3.56,6.1,5.3,7.7,2.6,2.1,0.032,0.0,0.0,0.12,64.7,9.1,5.0,5.42,14.0,NORMAL
S00001837,WL-001,WHEEL_LOADER,966,TRANSMISSION,2023-06-30,5808.7,966.7,N,49.0,16.7,4.9,6.4,9.7,8.6,3.4,3.3,0.025,0.0,0.0,0.14,69.5,13.6,6.4,4.59,22.8,NORMAL
S00001838,WL-001,WHEEL_LOADER,966,TRANSMISSION,2023-08-16,6277.1,51.0,N,27.7,10.1,1.77,3.3,3.2,3.9,1.9,1.0,0.022,0.0,0.0,0.05,67.3,6.1,3.7,6.68,10.6,NORMAL
S00001839,WL-001,WHEEL_LOADER,966,TRANSMISSION,2023-09-28,6702.1,476.0,N,48.8,13.5,2.46,5.4,5.3,6.7,2.2,1.5,0.025,0.0,0.0,0.12,69.6,10.3,5.4,5.33,15.3,NORMAL
S00001840,WL-001,WHEEL_LOADER,966,TRANSMISSION,2023-11-23,7259.7,50.6,N,22.9,8.6,1.79,4.3,3.2,4.3,1.4,1.2,0.034,0.0,0.0,0.05,67.9,7.3,3.7,6.9,10.3,NORMAL
S00001841,WL-001,WHEEL_LOADER,966,TRANSMISSION,2024-01-26,7889.8,680.7,N,46.8,15.8,2.75,6.2,5.8,9.8,2.5,2.1,0.036,0.0,0.0,0.12,68.1,9.2,6.0,5.06,17.4,NORMAL
S00001842,WL-001,WHEEL_LOADER,966,TRANSMISSION,2024-02-29,8229.3,7.0,N,21.1,7.0,1.62,4.1,3.6,5.1,1.9,1.0,0.021,0.0,0.0,0.05,67.9,6.8,3.6,6.48,10.2,NORMAL
S00001843,WL-001,WHEEL_LOADER,966,TRANSMISSION,2024-05-18,9006.1,783.8,N,46.3,17.5,4.92,7.7,7.9,8.7,4.4,2.7,0.036,0.0,0.0,0.17,68.4,9.9,5.2,4.84,18.4,NORMAL
S00001844,WL-001,WHEEL_LOADER,966,TRANSMISSION,2024-07-25,9680.6,34.6,N,19.9,9.2,1.56,2.9,4.2,3.0,1.6,1.1,0.035,0.0,0.0,0.05,65.6,6.4,3.7,6.86,11.0,NORMAL
S00001845,WL-001,WHEEL_LOADER,966,TRANSMISSION,2024-09-14,10187.5,541.5,N,71.4,12.0,5.48,5.2,5.5,6.7,2.9,2.0,0.024,0.0,0.0,0.14,69.5,9.6,5.2,5.19,20.4,MONITOR
S00001846,WL-001,WHEEL_LOADER,966,TRANSMISSION,2024-11-01,10662.1,25.1,N,65.4,7.9,5.38,3.2,2.4,3.9,2.2,1.2,0.054,0.0,0.0,0.04,67.3,6.8,3.8,7.46,39.4,NORMAL
S00001847,WL-001,WHEEL_LOADER,966,TRANSMISSION,2024-12-28,11227.4,590.3,N,41.1,16.0,3.13,5.3,5.2,9.8,3.9,1.6,0.027,0.0,0.0,0.12,66.8,9.7,5.3,5.86,15.7,NORMAL
S00001848,WL-001,WHEEL_LOADER,966,TRANSMISSION,2025-02-21,11767.5,32.6,N,18.8,6.0,2.57,3.4,2.8,2.4,2.0,1.1,0.028,0.0,0.0,0.05,69.7,6.3,3.5,7.31,8.1,NORMAL
S00001849,WL-001,WHEEL_LOADER,966,TRANSMISSION,2025-04-09,12231.5,496.6,N,36.9,14.7,3.8,5.9,4.8,5.7,2.9,2.0,0.034,0.0,0.0,0.09,70.2,10.4,4.8,6.19,22.5,NORMAL
S00001850,WL-001,WHEEL_LOADER,966,TRANSMISSION,2025-05-27,12712.0,977.1,N,97.1,19.8,5.82,7.8,10.7,9.5,4.7,3.2,0.035,0.0,0.0,0.2,69.9,13.6,7.4,4.29,40.5,MONITOR
S00001851,WL-001,WHEEL_LOADER,966,TRANSMISSION,2025-07-07,13121.0,14.2,N,87.1,7.6,6.61,4.0,3.1,3.8,1.5,0.9,0.035,0.0,0.0,0.05,69.1,7.0,3.4,6.74,47.8,MONITOR
S00001852,WL-001,WHEEL_LOADER,966,TRANSMISSION,2025-08-29,13638.2,531.4,N,43.8,29.0,2.85,13.7,5.1,5.4,3.5,2.3,0.029,0.0,0.0,0.12,66.8,7.5,5.3,5.84,18.5,MONITOR
S00001853,WL-001,WHEEL_LOADER,966,TRANSMISSION,2025-10-24,14196.2,35.5,N,61.2,43.0,1.91,22.2,3.9,3.9,2.0,1.5,0.026,0.0,0.0,0.07,65.8,7.1,3.8,6.3,7.5,MONITOR
S00001854,WL-001,WHEEL_LOADER,966,TRANSMISSION,2025-12-24,14798.5,637.7,N,45.2,14.5,3.38,8.0,5.6,10.7,3.4,3.1,0.035,0.0,0.0,0.11,65.0,10.1,6.1,4.98,14.9,NORMAL
S00001855,WL-001,WHEEL_LOADER,966,TRANSMISSION,2026-02-06,15234.7,10.8,N,21.3,9.0,1.83,3.8,4.3,4.2,1.8,1.2,0.024,0.0,0.0,0.06,68.9,6.9,3.5,7.49,6.6,NORMAL
S00001856,WL-001,WHEEL_LOADER,966,TRANSMISSION,2026-03-13,15582.6,358.7,N,24.7,14.0,1.94,5.3,5.6,6.2,1.9,1.9,0.042,0.0,0.0,0.09,69.6,8.9,4.1,5.99,12.8,NORMAL
S00001857,WL-001,WHEEL_LOADER,966,TRANSMISSION,2026-05-10,16153.8,929.9,N,57.9,18.3,3.57,7.2,6.4,7.6,5.4,2.7,0.021,0.0,0.0,0.15,71.3,12.8,6.8,4.34,16.8,NORMAL
S00001872,WL-002,WHEEL_LOADER,966,ENGINE,2023-02-02,1761.9,44.4,N,12.9,5.2,1.47,2.2,3.5,4.8,2.5,1.9,0.026,0.48,0.0,0.28,109.0,8.1,6.9,10.52,4.3,NORMAL
S00001873,WL-002,WHEEL_LOADER,966,ENGINE,2023-03-12,2000.3,282.8,N,19.5,7.5,2.58,4.7,4.5,8.8,3.8,2.8,0.036,0.57,0.0,0.49,105.7,14.0,7.7,7.57,9.2,NORMAL
S00001874,WL-002,WHEEL_LOADER,966,ENGINE,2023-04-16,2225.8,5.3,N,9.1,5.4,1.19,1.9,3.5,4.2,2.7,1.2,0.021,0.76,0.0,0.2,109.5,7.9,5.5,10.34,4.5,NORMAL
S00001875,WL-002,WHEEL_LOADER,966,ENGINE,2023-05-28,2493.2,272.7,N,24.4,4.9,2.48,4.9,5.6,10.3,5.0,3.2,0.019,0.66,0.0,0.32,112.0,12.4,9.0,8.28,10.3,NORMAL
S00001876,WL-002,WHEEL_LOADER,966,ENGINE,2023-07-03,2720.3,499.7,N,33.9,13.0,3.2,6.1,6.2,9.5,7.5,3.8,0.02,0.49,0.0,0.51,111.8,18.6,11.3,5.87,12.5,MONITOR
S00001877,WL-002,WHEEL_LOADER,966,ENGINE,2023-08-31,3095.0,10.2,N,11.2,4.7,1.14,2.4,2.4,4.2,2.0,1.6,0.015,0.57,0.0,0.22,106.7,9.4,5.2,9.71,5.0,NORMAL
S00001878,WL-002,WHEEL_LOADER,966,ENGINE,2023-09-30,3288.0,203.1,N,16.2,8.0,1.62,3.7,4.8,7.5,3.6,1.8,0.02,0.37,0.0,0.4,109.1,12.2,8.0,8.63,9.3,NORMAL
S00001879,WL-002,WHEEL_LOADER,966,ENGINE,2023-11-14,3572.9,488.1,N,24.4,8.9,2.7,6.8,7.0,9.0,5.7,3.3,0.019,0.38,0.0,0.72,105.1,16.9,12.5,5.6,11.5,NORMAL
S00001880,WL-002,WHEEL_LOADER,966,ENGINE,2023-12-25,3833.2,13.8,N,10.4,4.8,0.9,2.3,2.5,5.5,2.4,1.5,0.019,0.45,0.0,0.22,112.2,6.9,5.5,10.12,4.6,NORMAL
S00001881,WL-002,WHEEL_LOADER,966,ENGINE,2024-02-07,4110.3,290.9,N,17.8,5.9,1.95,3.6,5.5,9.2,5.1,2.9,0.017,0.48,0.0,0.49,110.4,13.6,8.3,8.06,9.9,NORMAL
S00001882,WL-002,WHEEL_LOADER,966,ENGINE,2024-03-26,4415.6,21.9,N,13.0,4.6,0.85,2.2,2.9,4.1,2.4,2.1,0.015,0.49,0.0,0.2,101.8,7.7,6.0,10.62,4.5,NORMAL
S00001883,WL-002,WHEEL_LOADER,966,ENGINE,2024-05-09,4695.3,301.6,N,16.0,7.4,2.76,3.7,6.4,11.7,3.5,3.5,0.018,0.46,0.0,0.39,108.9,14.2,7.8,7.92,10.0,NORMAL
S00001884,WL-002,WHEEL_LOADER,966,ENGINE,2024-06-15,4930.1,8.3,N,8.8,4.1,1.22,2.1,2.2,5.9,2.2,1.9,0.021,0.56,0.0,0.26,110.0,8.2,5.5,10.61,4.7,NORMAL
S00001885,WL-002,WHEEL_LOADER,966,ENGINE,2024-08-01,5229.3,307.6,N,19.4,8.3,2.64,4.0,6.1,8.0,4.7,3.0,0.019,0.85,0.0,0.55,109.7,14.1,7.9,7.46,9.5,NORMAL
S00001886,WL-002,WHEEL_LOADER,966,ENGINE,2024-08-25,5381.5,459.7,N,23.0,7.6,3.51,4.4,7.5,9.9,9.2,5.5,0.882,1.02,0.104,0.63,109.2,17.9,12.0,6.45,12.8,ACTION
S00001887,WL-002,WHEEL_LOADER,966,ENGINE,2024-10-11,5680.5,21.3,N,11.8,4.1,1.31,3.4,2.7,4.5,15.5,11.2,5.334,0.62,0.652,0.25,108.7,8.8,5.9,10.5,4.2,ACTION
S00001888,WL-002,WHEEL_LOADER,966,ENGINE,2024-11-18,5924.0,264.8,N,20.7,10.1,1.23,4.1,6.2,8.3,4.3,2.8,0.021,0.95,0.0,0.46,108.0,11.5,8.0,8.48,9.3,NORMAL
S00001889,WL-002,WHEEL_LOADER,966,ENGINE,2025-01-01,6201.5,10.2,N,10.0,4.2,1.06,2.7,2.4,3.7,2.6,1.9,0.017,1.18,0.0,0.24,106.4,8.8,5.9,10.44,3.7,NORMAL
S00001890,WL-002,WHEEL_LOADER,966,ENGINE,2025-02-05,6426.2,234.9,N,15.2,6.5,1.48,3.7,4.3,7.6,4.7,4.1,0.019,0.41,0.0,0.41,111.2,11.1,6.8,8.34,8.5,NORMAL
S00001891,WL-002,WHEEL_LOADER,966,ENGINE,2025-03-12,6646.8,455.5,N,33.0,9.0,2.53,4.9,6.7,7.6,4.8,4.0,0.035,0.6,0.0,0.58,109.0,13.7,10.3,6.15,9.2,NORMAL
S00001892,WL-002,WHEEL_LOADER,966,ENGINE,2025-04-20,6890.9,15.9,N,8.1,3.4,1.12,2.7,3.4,3.6,2.4,1.7,0.019,1.04,0.0,0.23,105.8,9.2,6.3,10.54,5.5,NORMAL
S00001893,WL-002,WHEEL_LOADER,966,ENGINE,2025-06-01,7163.5,288.4,N,21.4,10.5,2.02,4.6,5.0,8.2,4.7,3.8,0.027,0.3,0.0,0.53,107.2,12.5,8.1,7.47,7.9,NORMAL
S00001894,WL-002,WHEEL_LOADER,966,ENGINE,2025-07-10,7406.5,44.6,N,11.3,4.9,1.18,2.4,2.5,4.5,2.0,2.1,0.026,0.41,0.0,0.27,106.1,8.3,7.0,9.49,5.9,NORMAL
S00001895,WL-002,WHEEL_LOADER,966,ENGINE,2025-08-07,7585.8,223.9,N,17.5,5.9,2.73,3.3,5.4,9.0,4.1,3.4,0.03,0.53,0.0,0.47,109.8,11.9,8.2,7.94,7.6,NORMAL
S00001896,WL-002,WHEEL_LOADER,966,ENGINE,2025-09-03,7759.6,397.7,N,26.0,9.4,3.2,6.2,6.7,9.9,6.0,3.9,0.023,0.62,0.0,0.6,108.7,13.0,10.5,6.73,7.9,NORMAL
S00001897,WL-002,WHEEL_LOADER,966,ENGINE,2025-10-17,8038.1,8.7,N,9.5,4.3,0.97,2.6,3.0,4.3,2.4,1.8,0.016,0.56,0.0,0.21,107.0,8.7,5.9,10.75,4.7,NORMAL
S00001898,WL-002,WHEEL_LOADER,966,ENGINE,2025-11-20,8250.7,221.3,N,16.5,7.0,2.19,3.2,3.8,8.8,3.8,2.8,0.019,0.71,0.0,0.5,106.5,11.6,7.7,8.74,8.2,NORMAL
S00001899,WL-002,WHEEL_LOADER,966,ENGINE,2025-12-30,8509.1,479.8,N,23.1,9.4,2.47,4.8,8.4,8.7,6.2,3.8,0.009,0.61,0.0,0.69,109.0,18.2,11.7,6.02,10.2,NORMAL
S00001900,WL-002,WHEEL_LOADER,966,ENGINE,2026-02-05,8744.0,28.2,N,8.5,4.6,1.27,1.7,3.3,5.2,2.8,2.2,0.01,0.62,0.0,0.23,109.5,8.4,6.0,10.03,3.9,NORMAL
S00001901,WL-002,WHEEL_LOADER,966,ENGINE,2026-03-16,8988.6,272.8,N,17.0,7.3,1.91,4.8,3.5,6.3,3.8,3.0,0.025,0.8,0.0,0.46,109.2,12.7,9.2,7.43,7.3,NORMAL
S00001902,WL-002,WHEEL_LOADER,966,ENGINE,2026-04-27,9256.8,20.4,N,9.7,3.2,1.48,2.3,2.5,2.9,2.2,1.7,0.016,0.77,0.0,0.21,106.0,8.9,6.3,9.65,4.3,NORMAL
S00001903,WL-002,WHEEL_LOADER,966,ENGINE,2026-06-05,9505.6,269.2,N,17.9,6.2,2.39,3.3,5.4,10.0,4.4,2.4,0.03,0.67,0.0,0.51,111.2,11.5,9.2,8.26,7.9,NORMAL
S00001933,WL-002,WHEEL_LOADER,966,FINAL_DRIVE,2023-04-23,2135.5,1940.4,N,109.5,12.1,10.26,13.0,7.5,10.3,4.2,2.9,0.064,0.0,0.0,0.09,101.9,9.9,5.5,3.73,37.3,NORMAL
S00001934,WL-002,WHEEL_LOADER,966,FINAL_DRIVE,2023-07-22,2707.3,20.1,N,43.3,5.6,2.35,4.3,3.0,4.5,1.9,1.5,0.053,0.0,0.0,0.03,100.2,4.7,2.8,5.33,18.0,NORMAL
S00001935,WL-002,WHEEL_LOADER,966,FINAL_DRIVE,2023-10-20,3279.1,591.9,N,75.7,9.0,3.87,6.9,5.0,8.9,2.3,1.6,0.058,0.0,0.0,0.04,101.8,6.5,3.7,5.02,20.8,NORMAL
S00001936,WL-002,WHEEL_LOADER,966,FINAL_DRIVE,2024-01-18,3850.9,1163.7,N,151.9,8.5,11.47,6.8,7.2,8.1,3.1,2.7,0.037,0.0,0.0,0.06,95.6,8.0,5.2,4.53,88.5,MONITOR
S00001937,WL-002,WHEEL_LOADER,966,FINAL_DRIVE,2024-04-17,4422.7,1735.5,N,98.1,11.3,7.93,12.3,5.1,13.0,3.1,2.6,0.057,0.0,0.0,0.07,100.2,8.6,5.9,3.67,35.2,NORMAL
S00001938,WL-002,WHEEL_LOADER,966,FINAL_DRIVE,2024-07-16,4994.5,29.6,N,59.2,4.6,2.14,4.5,3.4,5.7,1.4,1.0,0.044,0.0,0.0,0.03,100.6,5.9,3.1,5.2,18.4,NORMAL
S00001939,WL-002,WHEEL_LOADER,966,FINAL_DRIVE,2024-10-14,5566.3,601.4,N,67.3,7.7,4.9,5.9,4.8,7.5,2.4,2.0,0.08,0.0,0.0,0.04,102.1,5.7,3.5,4.86,24.9,NORMAL
S00001940,WL-002,WHEEL_LOADER,966,FINAL_DRIVE,2025-01-12,6138.1,1173.2,N,113.0,7.9,4.04,7.5,8.1,8.6,3.8,2.4,0.051,0.0,0.0,0.06,104.6,8.2,4.4,4.27,34.2,NORMAL
S00001941,WL-002,WHEEL_LOADER,966,FINAL_DRIVE,2025-04-12,6709.9,1745.0,N,100.2,15.8,6.22,12.8,8.7,17.2,3.4,2.4,0.062,0.0,0.0,0.08,98.4,9.2,5.1,4.0,37.6,NORMAL
S00001942,WL-002,WHEEL_LOADER,966,FINAL_DRIVE,2025-07-11,7281.6,49.1,N,44.3,3.8,2.21,3.6,3.6,5.4,2.2,1.3,0.043,0.0,0.0,0.02,99.1,5.3,2.7,5.87,15.8,NORMAL
S00001943,WL-002,WHEEL_LOADER,966,FINAL_DRIVE,2025-10-09,7853.4,620.9,N,164.8,6.3,10.26,7.2,5.5,7.7,2.7,1.9,0.058,0.0,0.0,0.03,98.7,6.3,3.8,5.34,83.1,MONITOR
S00001944,WL-002,WHEEL_LOADER,966,FINAL_DRIVE,2026-01-07,8425.2,1192.7,N,113.6,10.0,6.74,9.2,6.0,10.0,3.4,2.4,0.044,0.0,0.0,0.07,101.8,6.8,4.3,4.74,38.1,NORMAL
S00001945,WL-002,WHEEL_LOADER,966,FINAL_DRIVE,2026-04-07,8997.0,1764.5,N,110.9,11.5,6.87,10.7,7.9,11.5,4.9,3.2,0.098,0.0,0.0,0.08,98.6,8.4,5.0,3.88,47.9,NORMAL
S00001904,WL-002,WHEEL_LOADER,966,HYDRAULIC,2023-04-11,2135.5,633.9,N,13.2,4.0,1.25,1.7,2.4,4.9,2.2,1.5,0.03,0.0,0.0,0.04,45.7,7.0,3.2,4.12,7.8,NORMAL
S00001905,WL-002,WHEEL_LOADER,966,HYDRAULIC,2023-07-10,2707.3,1205.7,N,32.7,13.0,2.52,2.5,3.9,6.6,2.3,2.3,0.019,0.0,0.0,0.06,46.5,8.3,4.8,3.42,22.2,ACTION
S00001906,WL-002,WHEEL_LOADER,966,HYDRAULIC,2023-10-08,3279.1,1777.5,N,12.2,4.2,1.63,2.8,3.9,7.5,4.1,2.9,0.058,0.0,0.0,0.07,44.8,12.4,5.8,3.01,10.5,NORMAL
S00001907,WL-002,WHEEL_LOADER,966,HYDRAULIC,2024-01-06,3850.9,56.2,N,5.7,1.9,0.56,1.4,1.7,2.6,1.8,1.0,0.041,0.0,0.0,0.03,47.4,5.8,3.1,4.75,2.8,NORMAL
S00001908,WL-002,WHEEL_LOADER,966,HYDRAULIC,2024-04-05,4422.7,628.0,N,7.6,3.7,0.84,1.5,2.5,6.5,2.6,2.3,0.027,0.0,0.0,0.05,45.3,7.6,3.6,4.22,5.1,NORMAL
S00001909,WL-002,WHEEL_LOADER,966,HYDRAULIC,2024-07-04,4994.5,1199.8,N,15.2,4.6,0.93,2.0,2.8,6.4,2.5,2.7,0.026,0.0,0.0,0.06,45.3,8.4,4.5,3.47,6.3,NORMAL
S00001910,WL-002,WHEEL_LOADER,966,HYDRAULIC,2024-10-02,5566.3,1771.6,N,18.1,5.7,1.23,2.8,4.7,7.7,3.9,2.5,0.025,0.0,0.0,0.08,45.1,9.9,5.4,3.19,8.5,NORMAL
S00001911,WL-002,WHEEL_LOADER,966,HYDRAULIC,2024-12-31,6138.1,36.4,N,6.5,2.8,0.4,1.3,1.9,2.8,1.2,1.3,0.02,0.0,0.0,0.03,47.4,5.6,2.9,4.78,2.7,NORMAL
S00001912,WL-002,WHEEL_LOADER,966,HYDRAULIC,2025-03-31,6709.9,608.2,N,7.3,3.3,1.11,1.5,3.5,4.6,2.3,1.5,0.025,0.0,0.0,0.04,46.8,7.7,3.7,4.25,5.4,NORMAL
S00001913,WL-002,WHEEL_LOADER,966,HYDRAULIC,2025-06-29,7281.6,1180.0,N,14.2,3.4,1.04,2.5,3.2,8.3,2.7,1.8,0.02,0.0,0.0,0.06,46.2,9.1,3.9,3.27,6.0,NORMAL
S00001914,WL-002,WHEEL_LOADER,966,HYDRAULIC,2025-09-27,7853.4,1751.7,N,22.8,5.1,1.14,2.4,5.9,24.2,3.4,2.2,0.044,0.0,0.0,0.07,44.6,9.0,5.1,3.06,5.3,MONITOR
S00001915,WL-002,WHEEL_LOADER,966,HYDRAULIC,2025-12-26,8425.2,51.7,N,6.6,2.1,0.79,1.0,2.1,3.4,1.7,1.2,0.05,0.0,0.0,0.03,46.0,6.6,2.9,4.72,4.3,NORMAL
S00001916,WL-002,WHEEL_LOADER,966,HYDRAULIC,2026-03-26,8997.0,623.5,N,11.0,3.7,1.0,1.3,3.4,4.7,2.3,1.7,0.023,0.0,0.0,0.04,44.1,8.1,3.8,3.83,6.2,NORMAL
S00001917,WL-002,WHEEL_LOADER,966,HYDRAULIC,2026-06-24,9568.8,1195.3,N,12.7,4.4,1.02,2.2,2.7,6.8,4.0,2.7,0.039,0.0,0.0,0.05,46.0,8.1,4.5,3.33,6.4,NORMAL
S00001918,WL-002,WHEEL_LOADER,966,TRANSMISSION,2023-04-14,2080.1,928.2,N,56.4,18.2,5.41,10.5,6.6,9.4,5.3,2.9,0.036,0.0,0.0,0.17,68.0,13.7,7.2,4.38,20.5,NORMAL
S00001919,WL-002,WHEEL_LOADER,966,TRANSMISSION,2023-07-13,2651.9,6.5,N,16.4,6.0,1.51,3.1,2.5,3.1,1.5,1.2,0.04,0.0,0.0,0.04,66.7,7.1,3.2,6.61,7.1,NORMAL
S00001920,WL-002,WHEEL_LOADER,966,TRANSMISSION,2023-09-21,3093.2,447.8,N,41.0,12.4,3.88,4.9,4.6,9.6,3.3,2.2,0.04,0.0,0.0,0.1,67.6,10.0,5.3,5.52,12.3,NORMAL
S00001921,WL-002,WHEEL_LOADER,966,TRANSMISSION,2023-12-10,3607.5,962.1,N,50.0,22.8,3.58,8.9,5.9,9.3,3.3,2.8,0.035,0.0,0.0,0.18,67.7,11.9,7.6,4.55,17.0,NORMAL
S00001922,WL-002,WHEEL_LOADER,966,TRANSMISSION,2024-03-01,4125.1,55.8,N,23.1,6.3,2.0,3.6,3.1,5.7,1.6,1.0,0.019,0.0,0.0,0.06,68.9,6.7,3.8,6.92,7.6,NORMAL
S00001923,WL-002,WHEEL_LOADER,966,TRANSMISSION,2024-05-15,4603.7,534.3,N,34.9,12.2,3.61,7.7,6.9,4.8,2.5,1.8,0.023,0.0,0.0,0.1,67.9,10.2,6.1,5.26,15.9,NORMAL
S00001924,WL-002,WHEEL_LOADER,966,TRANSMISSION,2024-07-24,5048.2,978.9,N,55.9,16.0,3.54,8.2,7.1,10.9,3.8,2.8,0.014,0.0,0.0,0.19,71.5,12.3,6.7,4.22,17.4,NORMAL
S00001925,WL-002,WHEEL_LOADER,966,TRANSMISSION,2024-10-16,5579.7,31.9,N,20.4,8.3,1.93,2.8,3.0,4.5,1.5,1.0,0.047,0.0,0.0,0.06,63.6,6.3,3.7,6.56,7.9,NORMAL
S00001926,WL-002,WHEEL_LOADER,966,TRANSMISSION,2025-01-02,6073.8,526.0,N,35.1,16.2,3.82,6.3,4.4,5.7,2.5,1.9,0.024,0.0,0.0,0.11,68.5,9.9,5.3,5.7,18.4,NORMAL
S00001927,WL-002,WHEEL_LOADER,966,TRANSMISSION,2025-02-26,6423.6,875.8,N,40.6,20.8,3.92,9.0,8.4,9.2,3.7,2.2,0.025,0.0,0.0,0.15,68.1,10.9,6.1,4.2,22.4,NORMAL
S00001928,WL-002,WHEEL_LOADER,966,TRANSMISSION,2025-05-21,6959.1,4.8,N,25.2,7.9,1.78,2.7,2.5,3.2,1.6,1.1,0.034,0.0,0.0,0.05,70.6,6.1,3.5,6.79,9.2,NORMAL
S00001929,WL-002,WHEEL_LOADER,966,TRANSMISSION,2025-07-30,7405.1,450.7,N,29.2,9.7,2.88,5.3,6.4,5.9,2.0,1.8,0.037,0.0,0.0,0.11,65.8,9.7,4.9,5.47,19.1,NORMAL
S00001930,WL-002,WHEEL_LOADER,966,TRANSMISSION,2025-10-15,7893.0,938.7,N,50.1,20.7,4.86,7.5,8.3,11.1,3.7,3.2,0.026,0.0,0.0,0.2,69.9,10.7,5.9,4.3,18.3,NORMAL
S00001931,WL-002,WHEEL_LOADER,966,TRANSMISSION,2026-01-13,8464.8,15.3,N,17.9,6.0,1.45,3.9,2.5,3.7,2.3,1.4,0.041,0.0,0.0,0.06,68.9,7.2,3.7,6.62,9.4,NORMAL
S00001932,WL-002,WHEEL_LOADER,966,TRANSMISSION,2026-04-10,9014.4,564.9,N,43.4,15.0,2.39,6.2,6.7,4.1,2.5,1.8,0.035,0.0,0.0,0.14,63.8,9.7,5.6,5.88,11.1,NORMAL
S00001946,WL-003,WHEEL_LOADER,966,ENGINE,2023-02-01,4087.9,30.5,N,7.9,4.5,1.08,1.7,3.2,6.2,2.4,1.6,0.013,0.52,0.0,0.23,107.4,9.6,5.5,9.88,3.4,NORMAL
S00001947,WL-003,WHEEL_LOADER,966,ENGINE,2023-02-26,4339.9,282.6,N,21.9,7.2,2.04,5.2,5.2,9.1,4.2,3.1,0.02,0.6,0.0,0.39,109.2,12.1,8.1,8.29,8.6,NORMAL
S00001948,WL-003,WHEEL_LOADER,966,ENGINE,2023-03-19,4550.5,493.2,N,23.8,10.5,3.31,5.3,6.3,11.9,4.8,4.2,0.032,0.69,0.0,0.79,112.5,15.8,10.1,6.63,8.6,NORMAL
S00001949,WL-003,WHEEL_LOADER,966,ENGINE,2023-04-10,4768.5,22.7,N,12.6,5.4,1.09,2.1,2.6,4.1,2.4,1.5,0.014,0.69,0.0,0.23,108.9,8.6,5.7,10.77,4.4,NORMAL
S00001950,WL-003,WHEEL_LOADER,966,ENGINE,2023-05-07,5036.8,290.9,N,18.7,7.2,1.71,4.0,6.3,10.0,3.2,3.6,0.03,0.66,0.0,0.51,114.0,13.6,8.2,8.37,8.5,NORMAL
S00001951,WL-003,WHEEL_LOADER,966,ENGINE,2023-06-01,5291.1,46.1,N,10.5,3.6,1.36,3.3,3.3,4.3,2.5,2.3,0.012,0.42,0.0,0.22,110.2,9.6,6.0,10.27,5.1,NORMAL
S00001952,WL-003,WHEEL_LOADER,966,ENGINE,2023-06-25,5532.2,287.3,N,15.1,8.3,2.13,3.9,8.2,11.1,4.4,3.4,0.017,0.46,0.0,0.54,107.9,14.6,9.1,7.83,8.7,NORMAL
S00001953,WL-003,WHEEL_LOADER,966,ENGINE,2023-07-23,5806.3,33.1,N,11.4,4.0,1.31,1.9,3.4,6.9,3.0,1.2,0.022,0.44,0.0,0.27,111.9,9.3,5.5,9.5,4.5,NORMAL
S00001954,WL-003,WHEEL_LOADER,966,ENGINE,2023-08-17,6055.1,281.9,N,20.0,9.2,3.05,4.1,6.9,8.4,5.3,3.8,0.019,0.59,0.0,0.5,109.4,14.0,8.3,7.99,10.2,NORMAL
S00001955,WL-003,WHEEL_LOADER,966,ENGINE,2023-09-11,6305.1,35.7,N,10.2,4.4,1.13,2.4,2.8,4.4,2.1,1.9,0.027,0.68,0.0,0.25,112.0,10.1,6.0,9.73,5.4,NORMAL
S00001956,WL-003,WHEEL_LOADER,966,ENGINE,2023-10-10,6594.2,324.8,N,20.4,7.8,1.72,4.2,5.7,7.6,3.6,2.7,0.02,0.5,0.0,0.57,111.4,13.1,9.4,7.8,7.1,NORMAL
S00001957,WL-003,WHEEL_LOADER,966,ENGINE,2023-11-05,6852.8,55.6,N,10.0,5.7,1.16,2.4,3.0,4.7,2.3,1.7,0.013,0.49,0.0,0.24,110.0,10.0,5.5,9.65,4.9,NORMAL
S00001958,WL-003,WHEEL_LOADER,966,ENGINE,2023-12-07,7178.7,381.5,N,19.1,9.1,2.8,4.9,4.7,9.4,4.5,3.2,0.017,0.4,0.0,0.55,108.9,12.1,9.5,7.08,10.7,NORMAL
S00001959,WL-003,WHEEL_LOADER,966,ENGINE,2024-01-06,7475.7,33.2,N,14.0,3.9,1.53,2.6,3.3,6.4,3.0,1.5,0.024,0.72,0.0,0.23,105.5,9.8,6.4,10.09,4.9,NORMAL
S00001960,WL-003,WHEEL_LOADER,966,ENGINE,2024-02-02,7747.9,305.4,N,21.3,9.6,2.47,4.3,4.9,9.2,4.1,3.2,0.013,0.36,0.0,0.4,108.0,13.5,9.1,7.99,7.9,NORMAL
S00001961,WL-003,WHEEL_LOADER,966,ENGINE,2024-02-20,7924.4,481.9,N,27.8,7.2,2.24,5.6,7.0,13.8,5.0,3.7,0.024,0.93,0.0,0.58,108.0,18.1,11.2,5.51,12.1,NORMAL
S00001962,WL-003,WHEEL_LOADER,966,ENGINE,2024-03-16,8175.2,56.9,N,11.0,4.1,1.05,3.1,4.4,5.4,3.1,2.4,0.021,0.41,0.0,0.22,104.9,9.4,6.0,10.32,5.1,NORMAL
S00001963,WL-003,WHEEL_LOADER,966,ENGINE,2024-04-17,8490.3,372.0,N,27.4,8.4,2.08,4.0,6.3,9.4,4.0,4.5,0.015,0.57,0.0,0.43,105.7,15.8,10.0,7.71,11.4,NORMAL
S00001964,WL-003,WHEEL_LOADER,966,ENGINE,2024-05-08,8699.3,54.6,N,12.2,4.7,1.16,2.6,2.7,5.2,3.3,2.0,0.019,0.69,0.0,0.26,110.0,10.0,6.0,10.18,4.3,NORMAL
S00001965,WL-003,WHEEL_LOADER,966,ENGINE,2024-06-04,8976.7,332.0,N,25.1,7.9,2.01,3.6,6.1,8.4,4.5,3.5,0.022,0.52,0.0,0.45,109.8,10.0,9.5,7.56,6.5,NORMAL
S00001966,WL-003,WHEEL_LOADER,966,ENGINE,2024-06-30,9235.3,15.0,N,17.5,8.3,1.26,5.4,3.3,5.4,2.3,2.5,0.021,0.4,0.0,0.18,107.5,7.8,5.5,9.36,6.9,NORMAL
S00001967,WL-003,WHEEL_LOADER,966,ENGINE,2024-07-25,9485.9,265.7,N,35.7,16.5,1.71,13.9,6.1,8.4,3.7,3.0,0.023,0.63,0.0,0.38,107.8,15.2,7.8,8.83,16.3,ACTION
S00001968,WL-003,WHEEL_LOADER,966,ENGINE,2024-08-14,9678.0,457.7,N,41.8,26.6,2.9,21.2,6.9,11.7,4.9,4.4,0.02,0.83,0.0,0.73,106.0,16.9,10.6,6.59,22.4,ACTION
S00001969,WL-003,WHEEL_LOADER,966,ENGINE,2024-09-05,9898.8,56.1,N,9.0,4.0,1.23,2.1,3.6,5.4,3.4,2.3,0.02,0.86,0.0,0.25,108.3,9.6,6.4,10.23,5.9,NORMAL
S00001970,WL-003,WHEEL_LOADER,966,ENGINE,2024-10-04,10185.6,342.9,N,19.6,10.4,2.14,4.6,5.1,8.8,4.9,3.1,0.017,0.82,0.0,0.49,104.7,11.5,8.8,7.21,10.9,NORMAL
S00001971,WL-003,WHEEL_LOADER,966,ENGINE,2024-10-26,10406.2,27.6,N,8.8,5.2,1.26,2.1,3.0,4.6,2.9,1.9,0.017,0.91,0.0,0.24,112.7,9.4,6.2,10.63,6.2,NORMAL
S00001972,WL-003,WHEEL_LOADER,966,ENGINE,2024-11-17,10624.6,246.0,N,17.8,6.9,1.87,2.8,4.0,6.4,4.6,2.5,0.016,0.82,0.0,0.49,108.2,12.1,8.8,8.68,7.5,NORMAL
S00001973,WL-003,WHEEL_LOADER,966,ENGINE,2024-12-04,10800.3,421.7,N,24.7,10.5,2.77,4.6,5.1,14.4,6.5,3.3,0.027,0.71,0.0,0.68,110.6,14.1,12.2,7.06,9.8,NORMAL
S00001974,WL-003,WHEEL_LOADER,966,ENGINE,2024-12-30,11061.9,14.3,N,11.5,4.2,1.15,2.5,2.7,4.2,2.4,1.9,0.016,0.57,0.0,0.18,105.5,7.8,5.7,10.64,5.1,NORMAL
S00001975,WL-003,WHEEL_LOADER,966,ENGINE,2025-01-26,11322.6,275.1,N,16.3,6.7,2.28,4.9,5.1,10.2,4.8,3.4,0.017,0.62,0.0,0.48,109.1,14.0,8.9,8.75,6.9,NORMAL
S00001976,WL-003,WHEEL_LOADER,966,ENGINE,2025-02-17,11543.6,496.1,N,24.3,10.9,2.5,4.8,5.6,11.8,8.4,3.6,0.029,0.69,0.0,0.77,110.6,16.0,11.5,6.58,11.4,NORMAL
S00001977,WL-003,WHEEL_LOADER,966,ENGINE,2025-03-12,11779.8,50.4,N,14.5,3.6,1.35,2.2,2.5,5.4,2.4,2.1,0.021,0.93,0.0,0.28,105.6,8.8,6.4,9.55,5.6,NORMAL
S00001978,WL-003,WHEEL_LOADER,966,ENGINE,2025-04-09,12055.9,326.4,N,22.7,9.9,3.1,4.2,7.0,10.0,4.9,4.4,0.013,0.51,0.0,0.52,113.5,14.4,8.8,7.25,8.0,NORMAL
S00001979,WL-003,WHEEL_LOADER,966,ENGINE,2025-05-06,12324.7,25.5,N,9.0,6.1,1.06,2.5,2.9,5.2,3.0,1.7,0.021,1.16,0.0,0.23,109.1,8.1,5.5,9.61,4.7,NORMAL
S00001980,WL-003,WHEEL_LOADER,966,ENGINE,2025-06-07,12642.4,343.1,N,25.7,7.6,2.22,5.0,3.7,9.4,4.7,3.1,0.014,0.76,0.0,0.65,107.0,13.1,8.9,8.02,11.1,NORMAL
S00001981,WL-003,WHEEL_LOADER,966,ENGINE,2025-06-28,12854.2,48.7,N,9.6,4.9,1.26,2.8,3.1,5.1,1.9,1.5,0.016,0.51,0.0,0.29,102.8,9.6,6.0,10.52,5.0,NORMAL
S00001982,WL-003,WHEEL_LOADER,966,ENGINE,2025-07-21,13081.3,275.7,N,25.5,7.9,1.73,3.2,4.0,8.5,5.1,4.0,0.023,0.72,0.0,0.39,108.0,12.4,8.3,8.36,8.2,NORMAL
S00001983,WL-003,WHEEL_LOADER,966,ENGINE,2025-08-06,13248.3,442.8,N,20.1,8.3,2.31,5.2,6.6,8.7,5.3,4.6,0.023,0.45,0.0,0.67,109.3,16.1,10.0,6.77,10.5,NORMAL
S00001984,WL-003,WHEEL_LOADER,966,ENGINE,2025-09-08,13570.8,46.6,N,10.4,5.3,1.35,1.9,3.8,5.1,3.1,1.9,0.014,0.77,0.0,0.26,107.3,9.9,5.8,10.1,4.5,NORMAL
S00001985,WL-003,WHEEL_LOADER,966,ENGINE,2025-10-08,13871.3,347.1,N,19.1,8.0,2.01,4.0,6.5,9.4,5.4,2.8,0.025,0.71,0.0,0.51,107.4,13.9,9.1,7.26,9.3,NORMAL
S00001986,WL-003,WHEEL_LOADER,966,ENGINE,2025-11-02,14118.8,19.4,N,8.8,3.0,1.55,2.1,2.7,3.8,2.7,2.0,0.037,0.72,0.0,0.24,112.5,8.3,5.9,10.04,3.8,NORMAL
S00001987,WL-003,WHEEL_LOADER,966,ENGINE,2025-11-28,14377.2,277.8,N,22.0,7.8,2.77,3.9,4.6,8.5,4.9,3.8,0.024,0.55,0.0,0.5,104.1,12.1,8.3,8.59,6.9,NORMAL
S00001988,WL-003,WHEEL_LOADER,966,ENGINE,2025-12-22,14619.3,25.1,N,9.6,4.7,1.18,2.2,2.6,5.2,3.3,1.7,0.011,0.24,0.0,0.25,109.1,7.8,5.9,9.56,3.1,NORMAL
S00001989,WL-003,WHEEL_LOADER,966,ENGINE,2026-01-19,14904.1,309.9,N,17.9,5.9,2.23,3.6,6.2,8.2,4.3,5.2,0.017,0.59,0.0,0.51,106.7,13.8,8.5,8.15,8.8,NORMAL
S00001990,WL-003,WHEEL_LOADER,966,ENGINE,2026-02-10,15120.2,19.0,N,10.1,4.5,1.07,3.4,3.5,3.2,2.7,1.4,0.02,0.52,0.0,0.21,107.8,9.1,6.1,10.38,5.7,NORMAL
S00001991,WL-003,WHEEL_LOADER,966,ENGINE,2026-03-01,15308.7,207.6,N,15.9,7.5,2.58,4.2,5.1,7.7,3.2,2.6,0.024,0.7,0.0,0.4,106.1,11.7,7.5,8.34,6.6,NORMAL
S00001992,WL-003,WHEEL_LOADER,966,ENGINE,2026-03-25,15549.2,448.1,N,23.2,9.0,2.64,5.5,5.9,11.1,4.7,4.3,0.011,0.55,0.0,0.62,102.9,15.5,11.4,6.3,12.9,NORMAL
S00001993,WL-003,WHEEL_LOADER,966,ENGINE,2026-04-20,15804.7,9.1,N,10.3,4.0,0.99,2.0,2.1,3.8,2.1,1.6,0.02,0.59,0.0,0.2,105.9,8.2,5.2,10.82,4.6,NORMAL
S00001994,WL-003,WHEEL_LOADER,966,ENGINE,2026-05-19,16096.3,300.7,N,19.9,8.5,2.5,3.2,6.9,6.7,5.0,3.3,0.018,0.72,0.0,0.46,105.5,12.9,7.3,7.76,7.0,NORMAL
S00001995,WL-003,WHEEL_LOADER,966,ENGINE,2026-06-13,16350.2,13.7,N,8.8,4.5,1.07,2.7,3.1,4.6,2.3,1.6,0.027,0.37,0.0,0.2,107.9,7.5,6.2,9.52,4.6,NORMAL
S00002035,WL-003,WHEEL_LOADER,966,FINAL_DRIVE,2023-03-30,4593.6,1416.0,N,81.0,10.9,6.55,10.3,5.6,10.7,4.2,2.1,0.03,0.0,0.0,0.06,101.1,8.5,3.8,3.95,29.6,NORMAL
S00002036,WL-003,WHEEL_LOADER,966,FINAL_DRIVE,2023-06-19,5404.2,12.3,N,47.3,5.4,2.83,5.2,3.7,4.5,2.1,1.2,0.041,0.0,0.0,0.03,103.4,5.4,2.7,5.98,14.9,NORMAL
S00002037,WL-003,WHEEL_LOADER,966,FINAL_DRIVE,2023-08-29,6110.4,718.4,N,79.2,6.4,4.18,8.1,5.4,6.4,2.2,1.5,0.057,0.0,0.0,0.05,96.2,7.6,3.4,5.06,27.7,NORMAL
S00002038,WL-003,WHEEL_LOADER,966,FINAL_DRIVE,2023-11-24,6982.6,1590.7,N,74.1,10.4,5.32,12.2,9.6,12.4,3.1,2.5,0.122,0.0,0.0,0.08,98.4,9.9,6.0,4.01,34.3,NORMAL
S00002039,WL-003,WHEEL_LOADER,966,FINAL_DRIVE,2024-02-22,7880.8,13.1,N,37.5,6.0,2.93,4.8,3.7,6.6,1.4,1.1,0.042,0.0,0.0,0.03,98.2,4.9,2.7,5.99,17.2,NORMAL
S00002040,WL-003,WHEEL_LOADER,966,FINAL_DRIVE,2024-05-22,8778.9,911.3,N,78.6,8.6,5.7,7.0,5.9,8.1,3.6,1.7,0.051,0.0,0.0,0.05,96.4,7.7,3.6,4.56,26.6,NORMAL
S00002041,WL-003,WHEEL_LOADER,966,FINAL_DRIVE,2024-08-05,9531.4,1663.8,N,184.2,13.5,8.27,10.3,6.8,11.0,3.3,2.1,0.031,0.0,0.0,0.08,107.1,8.7,4.7,3.85,69.5,MONITOR
S00002042,WL-003,WHEEL_LOADER,966,FINAL_DRIVE,2024-11-03,10429.6,34.4,N,45.6,4.0,2.24,5.0,3.3,5.4,1.7,0.7,0.066,0.0,0.0,0.03,97.8,4.6,2.9,5.86,15.9,NORMAL
S00002043,WL-003,WHEEL_LOADER,966,FINAL_DRIVE,2025-02-01,11327.8,932.5,N,82.6,9.2,5.81,8.6,6.5,7.9,3.0,1.9,0.037,0.0,0.0,0.06,104.0,7.8,4.4,4.61,22.5,NORMAL
S00002044,WL-003,WHEEL_LOADER,966,FINAL_DRIVE,2025-05-02,12225.9,1830.7,N,118.0,9.5,7.5,9.8,11.5,11.4,4.2,2.1,0.036,0.0,0.0,0.1,103.2,9.7,5.4,3.62,45.5,NORMAL
S00002045,WL-003,WHEEL_LOADER,966,FINAL_DRIVE,2025-07-31,13124.1,40.8,N,45.1,6.0,2.7,5.3,3.2,5.0,1.3,1.3,0.06,0.0,0.0,0.02,106.1,5.3,3.2,5.55,16.7,NORMAL
S00002046,WL-003,WHEEL_LOADER,966,FINAL_DRIVE,2025-10-29,14022.3,938.9,N,99.4,7.4,4.04,7.2,4.9,6.8,3.0,2.7,0.061,0.0,0.0,0.06,102.2,8.1,3.8,4.77,32.2,NORMAL
S00002047,WL-003,WHEEL_LOADER,966,FINAL_DRIVE,2026-01-16,14802.5,1719.2,N,119.3,8.9,5.54,9.9,8.5,14.8,4.4,2.9,0.035,0.0,0.0,0.07,95.8,8.9,4.3,3.74,30.5,NORMAL
S00002048,WL-003,WHEEL_LOADER,966,FINAL_DRIVE,2026-04-16,15700.7,16.3,N,55.0,4.0,2.83,5.0,2.9,5.6,2.1,1.2,0.04,0.0,0.0,0.03,102.3,5.2,2.4,5.84,21.4,NORMAL
S00001996,WL-003,WHEEL_LOADER,966,HYDRAULIC,2023-04-14,4743.2,1425.3,N,12.8,4.4,1.05,2.5,3.9,8.8,3.4,2.3,0.032,0.0,0.0,0.06,46.7,9.4,4.3,3.4,8.6,NORMAL
S00001997,WL-003,WHEEL_LOADER,966,HYDRAULIC,2023-07-13,5641.3,24.6,N,5.3,2.3,0.71,1.1,1.5,3.1,1.4,1.0,0.033,0.0,0.0,0.02,47.1,5.2,2.4,4.64,3.2,NORMAL
S00001998,WL-003,WHEEL_LOADER,966,HYDRAULIC,2023-10-04,6470.1,853.3,N,26.1,4.5,0.68,1.8,5.4,26.5,3.3,2.2,9.432,0.0,0.0,0.05,45.4,7.0,4.0,3.53,4.6,ACTION
S00001999,WL-003,WHEEL_LOADER,966,HYDRAULIC,2024-01-02,7368.2,1751.5,N,15.1,5.6,1.32,2.7,4.4,9.3,4.3,2.4,0.041,0.0,0.0,0.07,46.6,10.0,5.4,3.1,7.8,NORMAL
S00002000,WL-003,WHEEL_LOADER,966,HYDRAULIC,2024-04-01,8260.2,47.6,N,5.5,2.4,0.66,1.4,1.5,3.5,1.9,1.3,0.025,0.0,0.0,0.02,45.7,6.2,2.8,4.83,3.1,NORMAL
S00002001,WL-003,WHEEL_LOADER,966,HYDRAULIC,2024-06-30,9158.3,945.8,N,12.2,4.0,0.96,1.7,2.8,7.3,3.0,2.2,0.032,0.0,0.0,0.06,44.5,8.1,4.5,3.75,5.6,NORMAL
S00002002,WL-003,WHEEL_LOADER,966,HYDRAULIC,2024-09-28,10056.5,1843.9,N,12.1,5.3,1.08,4.1,4.5,7.6,4.1,3.4,0.038,0.0,0.0,0.07,47.1,9.9,5.3,2.67,6.8,NORMAL
S00002003,WL-003,WHEEL_LOADER,966,HYDRAULIC,2024-12-20,10892.3,58.9,N,8.4,3.2,0.56,1.6,2.0,3.5,2.6,1.2,0.024,0.0,0.0,0.03,45.8,5.5,2.6,4.35,4.4,NORMAL
S00002004,WL-003,WHEEL_LOADER,966,HYDRAULIC,2025-03-20,11790.5,957.1,N,27.0,11.2,1.89,1.6,3.0,4.8,2.8,2.0,0.025,0.0,0.0,0.05,48.3,7.3,4.1,3.61,16.9,MONITOR
S00002005,WL-003,WHEEL_LOADER,966,HYDRAULIC,2025-06-18,12688.6,1855.2,N,14.9,5.6,1.46,3.1,3.4,12.8,4.2,2.8,0.033,0.0,0.0,0.09,46.3,10.8,5.7,3.06,8.9,NORMAL
S00002006,WL-003,WHEEL_LOADER,966,HYDRAULIC,2025-09-16,13586.8,41.4,N,5.5,2.7,0.58,1.3,1.9,4.5,1.5,1.5,0.026,0.0,0.0,0.02,45.3,6.2,2.9,4.8,2.8,NORMAL
S00002007,WL-003,WHEEL_LOADER,966,HYDRAULIC,2025-12-15,14485.0,939.6,N,9.4,3.0,0.78,1.6,2.1,5.7,2.4,1.5,0.026,0.0,0.0,0.06,44.3,7.4,3.6,3.82,7.9,NORMAL
S00002008,WL-003,WHEEL_LOADER,966,HYDRAULIC,2026-03-15,15383.2,1837.8,N,14.6,6.0,1.43,2.5,3.8,8.1,4.3,2.7,0.037,0.0,0.0,0.09,44.8,10.5,5.0,3.13,8.4,NORMAL
S00002009,WL-003,WHEEL_LOADER,966,HYDRAULIC,2026-06-13,16281.3,16.5,N,5.0,1.9,0.53,1.0,1.4,2.7,2.0,1.4,0.025,0.0,0.0,0.02,44.7,4.7,2.9,4.81,2.6,NORMAL
S00002010,WL-003,WHEEL_LOADER,966,TRANSMISSION,2023-02-19,4331.5,31.5,N,29.0,6.7,2.08,2.8,2.7,3.8,1.5,1.2,0.043,0.0,0.0,0.06,65.6,6.1,3.4,6.97,8.4,NORMAL
S00002011,WL-003,WHEEL_LOADER,966,TRANSMISSION,2023-03-23,4650.4,350.4,N,24.3,11.9,3.23,5.2,3.7,5.5,2.3,2.0,0.035,0.0,0.0,0.1,65.5,8.8,4.9,5.93,12.3,NORMAL
S00002012,WL-003,WHEEL_LOADER,966,TRANSMISSION,2023-05-16,5190.3,890.3,N,45.0,23.5,3.73,5.5,8.3,10.4,5.0,2.5,0.036,0.0,0.0,0.13,66.9,11.1,6.7,4.51,19.4,NORMAL
S00002013,WL-003,WHEEL_LOADER,966,TRANSMISSION,2023-06-26,5598.2,32.4,N,27.9,8.4,1.58,3.6,2.8,4.4,2.5,1.4,0.02,0.0,0.0,0.06,68.8,7.3,3.7,6.71,7.3,NORMAL
S00002014,WL-003,WHEEL_LOADER,966,TRANSMISSION,2023-08-27,6219.9,654.0,N,33.2,16.7,3.74,5.4,6.3,10.2,4.5,2.2,0.047,0.0,0.0,0.11,66.2,9.6,6.2,4.95,13.7,NORMAL
S00002015,WL-003,WHEEL_LOADER,966,TRANSMISSION,2023-10-24,6800.8,56.1,N,22.3,11.0,1.58,3.7,3.6,4.1,2.1,1.1,0.016,0.0,0.0,0.06,70.8,5.3,4.0,6.97,7.6,NORMAL
S00002016,WL-003,WHEEL_LOADER,966,TRANSMISSION,2023-12-21,7371.5,626.8,N,51.1,17.5,3.45,7.2,6.4,7.0,3.2,2.2,0.031,0.0,0.0,0.14,66.6,9.3,5.2,5.5,14.3,NORMAL
S00002017,WL-003,WHEEL_LOADER,966,TRANSMISSION,2024-02-06,7839.4,23.5,N,20.8,10.3,1.75,3.0,3.5,4.3,2.0,1.3,0.028,0.0,0.0,0.05,69.6,6.9,3.7,6.99,9.7,NORMAL
S00002018,WL-003,WHEEL_LOADER,966,TRANSMISSION,2024-03-26,8328.2,512.3,N,39.9,12.7,2.78,6.5,4.6,5.9,2.9,2.6,0.029,0.0,0.0,0.09,65.8,9.9,5.1,5.42,17.2,NORMAL
S00002019,WL-003,WHEEL_LOADER,966,TRANSMISSION,2024-04-27,8653.5,837.6,N,55.0,16.9,4.57,8.6,6.2,9.9,3.9,2.8,0.034,0.0,0.0,0.15,67.3,12.6,6.2,4.59,23.1,NORMAL
S00002020,WL-003,WHEEL_LOADER,966,TRANSMISSION,2024-06-10,9095.3,20.3,N,18.2,9.4,1.82,3.7,2.5,3.6,1.7,1.2,0.03,0.0,0.0,0.06,67.2,5.8,3.5,7.51,6.1,NORMAL
S00002021,WL-003,WHEEL_LOADER,966,TRANSMISSION,2024-08-06,9664.5,589.5,N,39.0,16.1,2.66,5.0,6.9,7.2,3.1,2.6,0.039,0.0,0.0,0.11,69.9,11.0,5.6,5.56,15.1,NORMAL
S00002022,WL-003,WHEEL_LOADER,966,TRANSMISSION,2024-09-24,10150.6,58.2,N,26.5,7.8,2.72,3.1,2.5,3.3,1.8,1.3,0.023,0.0,0.0,0.06,69.2,6.7,4.2,6.26,7.6,NORMAL
S00002023,WL-003,WHEEL_LOADER,966,TRANSMISSION,2024-11-01,10530.1,437.6,N,40.8,14.8,3.28,5.3,3.9,8.0,2.7,1.9,0.016,0.0,0.0,0.07,66.1,8.0,4.9,5.78,10.2,NORMAL
S00002024,WL-003,WHEEL_LOADER,966,TRANSMISSION,2024-12-19,11002.9,910.5,N,44.3,18.0,3.57,8.3,7.8,12.2,2.5,3.0,0.035,0.0,0.0,0.15,68.9,10.8,6.8,4.54,24.6,NORMAL
S00002025,WL-003,WHEEL_LOADER,966,TRANSMISSION,2025-02-11,11546.2,53.7,N,35.0,20.1,2.0,9.3,3.8,4.0,1.4,0.9,0.044,0.0,0.0,0.07,65.7,6.4,3.1,6.89,6.1,NORMAL
S00002026,WL-003,WHEEL_LOADER,966,TRANSMISSION,2025-04-15,12171.1,678.6,N,73.6,49.4,3.21,28.4,5.4,7.7,4.1,2.2,0.027,0.0,0.0,0.14,69.1,12.4,5.8,5.31,18.7,ACTION
S00002027,WL-003,WHEEL_LOADER,966,TRANSMISSION,2025-06-02,12651.2,4.2,N,19.9,6.5,2.18,3.1,2.8,3.4,1.8,0.9,0.035,0.0,0.0,0.06,70.0,6.8,3.3,6.75,7.6,NORMAL
S00002028,WL-003,WHEEL_LOADER,966,TRANSMISSION,2025-07-22,13156.1,509.1,N,34.7,15.8,2.6,6.3,5.1,5.6,3.5,2.6,0.026,0.0,0.0,0.11,68.0,8.9,6.0,5.98,12.5,NORMAL
S00002029,WL-003,WHEEL_LOADER,966,TRANSMISSION,2025-09-11,13664.2,15.4,N,28.8,7.6,1.68,3.1,3.8,4.0,1.3,1.1,0.022,0.0,0.0,0.04,67.2,7.7,3.2,7.15,7.1,NORMAL
S00002030,WL-003,WHEEL_LOADER,966,TRANSMISSION,2025-10-28,14130.5,481.8,N,35.4,13.9,2.46,5.2,4.3,8.4,2.7,2.1,0.032,0.0,0.0,0.12,70.2,8.7,5.9,5.73,14.9,NORMAL
S00002031,WL-003,WHEEL_LOADER,966,TRANSMISSION,2025-12-20,14658.2,39.4,N,26.4,19.2,1.8,9.6,2.9,2.8,1.6,1.7,0.031,0.0,0.0,0.05,71.9,5.5,3.3,6.72,9.0,NORMAL
S00002032,WL-003,WHEEL_LOADER,966,TRANSMISSION,2026-03-01,15366.5,747.7,N,69.7,50.2,3.47,24.3,7.2,8.5,3.8,2.5,0.047,0.0,0.0,0.16,71.4,12.4,6.7,4.9,17.0,ACTION
S00002033,WL-003,WHEEL_LOADER,966,TRANSMISSION,2026-04-18,15851.8,51.2,N,32.1,5.4,2.55,3.9,3.9,4.3,1.5,1.2,0.029,0.0,0.0,0.05,68.1,6.0,3.9,6.83,13.7,NORMAL
S00002034,WL-003,WHEEL_LOADER,966,TRANSMISSION,2026-06-18,16456.3,655.7,N,93.4,13.6,7.16,7.5,5.8,11.2,3.9,2.2,0.053,0.0,0.0,0.12,67.4,9.9,5.9,5.14,46.8,MONITOR
S00002049,WL-004,WHEEL_LOADER,966,ENGINE,2023-02-03,8564.4,319.2,N,16.2,9.2,2.36,3.8,7.2,7.0,4.7,4.9,0.024,0.77,0.0,0.48,108.7,14.7,9.7,7.68,9.1,NORMAL
S00002050,WL-004,WHEEL_LOADER,966,ENGINE,2023-03-05,8810.7,0.2,N,9.6,4.9,1.13,1.6,2.5,5.0,1.8,2.0,0.025,0.44,0.0,0.19,108.2,7.6,6.2,10.98,5.2,NORMAL
S00002051,WL-004,WHEEL_LOADER,966,ENGINE,2023-04-08,9099.3,288.8,N,15.1,9.3,2.63,5.1,4.9,8.7,4.4,3.0,0.02,0.54,0.0,0.46,105.8,12.2,8.4,8.3,7.7,NORMAL
S00002052,WL-004,WHEEL_LOADER,966,ENGINE,2023-04-30,9282.7,472.2,N,23.2,11.4,2.62,5.6,7.0,11.3,6.9,4.2,0.02,0.83,0.0,0.56,110.7,14.0,10.1,6.09,9.8,NORMAL
S00002053,WL-004,WHEEL_LOADER,966,ENGINE,2023-05-30,9540.2,21.1,N,7.7,4.3,1.07,2.1,4.1,4.1,2.4,2.1,0.02,0.37,0.0,0.25,104.7,9.6,5.7,10.22,5.2,NORMAL
S00002054,WL-004,WHEEL_LOADER,966,ENGINE,2023-06-16,9683.4,164.3,N,13.8,5.9,1.54,2.5,3.7,5.2,3.9,2.4,0.018,0.48,0.0,0.32,110.1,10.0,7.9,8.85,7.4,NORMAL
S00002055,WL-004,WHEEL_LOADER,966,ENGINE,2023-07-20,9972.1,452.9,N,22.7,11.1,3.2,3.7,6.6,11.5,5.5,4.2,0.021,0.41,0.0,0.73,104.3,16.9,12.4,6.38,9.7,NORMAL
S00002056,WL-004,WHEEL_LOADER,966,ENGINE,2023-08-29,10311.4,7.4,N,8.9,4.0,1.19,2.4,2.3,5.5,3.6,1.3,0.021,0.53,0.0,0.21,108.3,8.6,5.5,10.46,4.9,NORMAL
S00002057,WL-004,WHEEL_LOADER,966,ENGINE,2023-10-04,10609.2,305.2,N,20.2,10.1,2.45,3.2,4.5,9.9,2.7,3.7,0.016,0.49,0.0,0.45,112.1,13.5,10.0,8.43,6.7,NORMAL
S00002058,WL-004,WHEEL_LOADER,966,ENGINE,2023-11-02,10853.7,9.7,N,10.7,3.8,1.16,2.0,3.5,4.6,2.2,1.5,0.023,0.71,0.0,0.19,109.2,9.6,6.5,10.35,4.7,NORMAL
S00002059,WL-004,WHEEL_LOADER,966,ENGINE,2023-11-26,11059.1,215.1,N,17.9,7.2,2.07,4.1,4.6,6.8,3.5,2.7,0.013,0.68,0.0,0.43,113.7,12.3,8.0,8.52,8.4,NORMAL
S00002060,WL-004,WHEEL_LOADER,966,ENGINE,2023-12-27,11318.4,474.4,N,32.5,10.1,3.42,6.4,7.1,13.0,6.4,4.4,0.022,0.76,0.0,0.69,109.7,16.0,10.6,6.38,10.0,NORMAL
S00002061,WL-004,WHEEL_LOADER,966,ENGINE,2024-01-20,11525.0,49.0,N,12.8,4.4,1.18,3.0,2.2,6.4,3.1,1.9,0.023,0.52,0.0,0.26,108.9,9.3,6.2,10.0,4.8,NORMAL
S00002062,WL-004,WHEEL_LOADER,966,ENGINE,2024-02-13,11724.6,248.6,N,20.7,6.4,2.08,4.6,5.1,9.3,3.3,2.8,0.017,0.65,0.0,0.39,105.1,13.3,9.5,8.06,10.8,NORMAL
S00002063,WL-004,WHEEL_LOADER,966,ENGINE,2024-03-24,12063.6,58.0,N,10.8,5.0,1.28,2.7,3.0,4.3,2.8,1.8,0.029,0.68,0.0,0.24,106.1,9.8,5.7,10.21,4.2,NORMAL
S00002064,WL-004,WHEEL_LOADER,966,ENGINE,2024-04-16,12253.6,248.0,N,17.4,6.6,1.81,3.8,5.3,10.6,4.6,3.1,0.021,0.56,0.0,0.53,105.7,13.2,7.1,8.59,7.6,NORMAL
S00002065,WL-004,WHEEL_LOADER,966,ENGINE,2024-05-11,12468.6,463.0,N,27.5,7.0,3.11,7.2,9.7,10.0,5.1,4.1,0.013,0.39,0.0,0.81,105.2,16.3,10.2,6.59,9.7,NORMAL
S00002066,WL-004,WHEEL_LOADER,966,ENGINE,2024-06-13,12742.9,12.7,N,11.6,4.1,1.3,1.9,3.2,4.7,2.3,1.6,0.025,0.36,0.0,0.17,108.1,8.5,6.3,9.68,5.2,NORMAL
S00002067,WL-004,WHEEL_LOADER,966,ENGINE,2024-07-09,12964.2,234.0,N,18.2,8.2,2.56,3.9,5.0,7.1,4.2,2.5,0.035,0.65,0.0,0.39,106.7,12.6,7.6,8.2,6.8,NORMAL
S00002068,WL-004,WHEEL_LOADER,966,ENGINE,2024-08-12,13257.1,13.3,N,8.7,4.1,1.09,1.8,3.8,4.2,2.2,1.5,0.02,0.48,0.0,0.23,112.2,9.8,5.8,9.99,4.1,NORMAL
S00002069,WL-004,WHEEL_LOADER,966,ENGINE,2024-09-06,13465.7,221.9,N,17.6,6.8,1.87,3.0,3.7,5.4,3.7,3.4,0.025,0.53,0.0,0.4,100.9,11.6,7.1,7.88,9.4,NORMAL
S00002070,WL-004,WHEEL_LOADER,966,ENGINE,2024-10-03,13696.0,452.2,N,23.9,11.4,1.88,4.8,8.1,11.1,5.9,4.0,0.035,0.37,0.0,0.65,109.6,17.6,9.2,7.02,9.9,NORMAL
S00002071,WL-004,WHEEL_LOADER,966,ENGINE,2024-11-12,14027.8,54.8,N,12.0,5.4,1.58,3.2,3.1,4.9,2.7,2.1,0.015,0.39,0.0,0.31,106.5,9.7,6.2,9.53,3.7,NORMAL
S00002072,WL-004,WHEEL_LOADER,966,ENGINE,2024-12-09,14261.3,288.3,N,27.9,8.0,2.1,4.5,5.6,8.0,4.4,3.4,0.014,0.73,0.0,0.51,110.6,12.1,8.6,8.14,7.8,NORMAL
S00002073,WL-004,WHEEL_LOADER,966,ENGINE,2025-01-06,14494.2,37.5,N,12.4,4.2,1.23,2.3,3.0,3.7,2.6,1.4,0.023,0.64,0.0,0.26,110.1,8.5,5.9,10.04,5.3,NORMAL
S00002074,WL-004,WHEEL_LOADER,966,ENGINE,2025-02-15,14828.7,372.0,N,17.2,9.2,2.89,6.5,7.7,11.0,5.4,3.0,0.035,0.6,0.0,0.56,101.9,14.9,11.4,7.07,10.9,NORMAL
S00002075,WL-004,WHEEL_LOADER,966,ENGINE,2025-03-20,15111.3,23.2,N,11.0,3.4,1.09,2.6,3.2,6.1,2.7,1.9,0.014,0.43,0.0,0.19,102.3,9.1,5.4,10.44,4.6,NORMAL
S00002076,WL-004,WHEEL_LOADER,966,ENGINE,2025-04-12,15305.8,217.6,N,16.8,6.2,2.12,3.5,4.5,7.3,4.0,3.1,0.017,0.7,0.0,0.44,108.7,11.5,9.0,8.68,7.9,NORMAL
S00002077,WL-004,WHEEL_LOADER,966,ENGINE,2025-05-12,15558.9,470.8,N,33.6,9.4,3.03,5.8,7.9,11.2,6.5,4.2,0.021,0.5,0.0,0.5,107.8,15.9,11.1,6.76,10.3,NORMAL
S00002078,WL-004,WHEEL_LOADER,966,ENGINE,2025-06-02,15737.6,52.1,N,12.1,4.4,1.16,3.0,2.4,4.4,2.5,2.2,0.021,0.97,0.0,0.21,113.1,9.8,6.1,9.24,7.0,NORMAL
S00002079,WL-004,WHEEL_LOADER,966,ENGINE,2025-07-11,16066.9,381.4,N,23.1,9.9,3.14,3.6,7.3,9.0,4.3,3.5,0.015,0.73,0.0,0.48,112.0,15.1,9.9,7.32,12.5,NORMAL
S00002080,WL-004,WHEEL_LOADER,966,ENGINE,2025-08-06,16285.6,34.4,N,12.1,4.3,0.94,2.0,3.6,5.2,2.3,1.6,0.011,0.67,0.0,0.22,106.1,8.3,6.0,9.97,4.3,NORMAL
S00002081,WL-004,WHEEL_LOADER,966,ENGINE,2025-09-05,16531.7,280.5,N,21.3,7.4,2.65,3.6,5.2,9.6,4.3,3.7,0.021,0.65,0.0,0.47,106.4,13.3,9.1,7.74,7.3,NORMAL
S00002082,WL-004,WHEEL_LOADER,966,ENGINE,2025-10-07,16805.1,57.9,N,11.8,3.8,1.13,2.7,3.1,5.4,2.1,2.4,0.024,0.64,0.0,0.28,110.6,9.8,6.0,10.28,6.2,NORMAL
S00002083,WL-004,WHEEL_LOADER,966,ENGINE,2025-11-04,17039.9,292.7,N,20.1,6.0,2.1,5.3,3.4,6.1,4.0,4.0,0.047,0.8,0.0,0.54,103.9,14.2,10.7,8.04,8.7,NORMAL
S00002084,WL-004,WHEEL_LOADER,966,ENGINE,2025-12-09,17336.8,48.6,N,8.7,3.7,1.33,2.4,2.2,5.0,2.0,2.1,0.019,0.63,0.0,0.23,102.4,7.7,6.3,9.84,4.3,NORMAL
S00002085,WL-004,WHEEL_LOADER,966,ENGINE,2026-01-15,17651.0,362.8,N,20.8,10.9,1.78,4.9,5.4,10.1,5.6,3.5,0.025,0.4,0.0,0.57,109.1,13.5,9.1,7.88,8.3,NORMAL
S00002086,WL-004,WHEEL_LOADER,966,ENGINE,2026-02-08,17854.9,57.8,N,13.7,3.7,0.76,2.5,2.9,5.8,2.8,1.9,0.018,0.81,0.0,0.24,103.9,9.4,6.4,9.94,5.0,NORMAL
S00002087,WL-004,WHEEL_LOADER,966,ENGINE,2026-03-08,18088.6,291.5,N,15.7,7.2,2.3,5.5,4.3,9.0,5.2,3.2,0.022,0.4,0.0,0.51,103.9,12.9,9.0,8.17,9.2,NORMAL
S00002088,WL-004,WHEEL_LOADER,966,ENGINE,2026-04-15,18407.6,17.4,N,15.5,5.1,1.35,2.5,2.4,4.1,2.1,1.4,0.023,0.72,0.0,0.19,108.1,8.7,5.7,10.79,4.9,NORMAL
S00002089,WL-004,WHEEL_LOADER,966,ENGINE,2026-05-15,18664.5,274.2,N,21.0,5.8,2.29,4.7,4.7,10.5,3.9,3.2,0.016,0.37,0.0,0.42,106.6,10.5,8.0,8.22,10.2,NORMAL
S00002090,WL-004,WHEEL_LOADER,966,ENGINE,2026-06-06,18847.2,456.9,N,28.3,10.2,1.81,5.8,5.7,14.1,6.3,4.1,0.024,0.98,0.0,0.54,105.9,16.5,10.4,6.29,8.4,NORMAL
S00002125,WL-004,WHEEL_LOADER,966,FINAL_DRIVE,2023-04-05,9051.2,1263.9,N,80.4,8.6,4.78,12.9,8.4,11.3,3.5,2.8,0.044,0.0,0.0,0.06,98.2,8.6,4.5,4.11,31.1,NORMAL
S00002126,WL-004,WHEEL_LOADER,966,FINAL_DRIVE,2023-07-04,9810.8,49.7,N,52.2,5.1,3.31,4.5,2.8,4.7,2.1,1.2,0.029,0.0,0.0,0.03,104.1,5.2,3.0,5.67,18.9,NORMAL
S00002127,WL-004,WHEEL_LOADER,966,FINAL_DRIVE,2023-10-02,10570.3,809.2,N,94.5,10.8,6.14,7.3,5.2,8.9,3.0,1.8,0.062,0.0,0.0,0.04,99.6,6.6,4.1,4.7,32.9,NORMAL
S00002128,WL-004,WHEEL_LOADER,966,FINAL_DRIVE,2023-12-31,11329.9,1568.8,N,228.0,10.2,15.99,11.4,7.5,12.6,3.5,2.3,0.076,0.0,0.0,0.09,95.1,7.8,5.5,3.85,128.9,ACTION
S00002129,WL-004,WHEEL_LOADER,966,FINAL_DRIVE,2024-03-30,12089.4,32.1,N,59.5,5.0,2.51,4.7,4.4,13.3,1.6,0.9,1.711,0.0,0.0,0.02,96.0,5.1,2.7,5.14,16.6,MONITOR
S00002130,WL-004,WHEEL_LOADER,966,FINAL_DRIVE,2024-06-28,12849.0,791.6,N,73.4,8.2,4.17,7.3,4.9,7.2,2.9,1.6,0.054,0.0,0.0,0.04,99.2,6.4,4.2,5.07,27.1,NORMAL
S00002131,WL-004,WHEEL_LOADER,966,FINAL_DRIVE,2024-09-26,13608.5,1551.2,N,125.0,9.7,5.18,12.0,7.5,10.7,2.6,2.0,0.048,0.0,0.0,0.06,95.7,8.4,5.2,4.32,37.0,NORMAL
S00002132,WL-004,WHEEL_LOADER,966,FINAL_DRIVE,2024-12-25,14368.1,11.8,N,55.5,3.7,2.51,3.7,3.2,4.3,1.9,1.0,0.046,0.0,0.0,0.03,101.4,4.9,2.4,5.83,12.5,NORMAL
S00002133,WL-004,WHEEL_LOADER,966,FINAL_DRIVE,2025-03-25,15127.6,771.3,N,66.2,9.0,3.99,7.0,4.7,8.9,2.7,1.8,0.035,0.0,0.0,0.05,97.8,6.9,4.3,4.98,26.6,NORMAL
S00002134,WL-004,WHEEL_LOADER,966,FINAL_DRIVE,2025-06-23,15887.2,1530.9,N,110.9,12.3,5.31,8.1,7.5,9.1,2.9,2.5,0.078,0.0,0.0,0.07,101.6,8.8,4.5,3.7,36.6,NORMAL
S00002135,WL-004,WHEEL_LOADER,966,FINAL_DRIVE,2025-09-12,16571.9,25.0,N,39.0,5.6,3.33,4.9,3.7,5.1,2.1,0.9,0.055,0.0,0.0,0.02,100.6,5.5,2.9,5.64,18.3,NORMAL
S00002136,WL-004,WHEEL_LOADER,966,FINAL_DRIVE,2025-11-27,17214.3,667.4,N,71.8,7.3,6.27,7.7,4.3,10.6,1.9,1.8,0.829,0.0,0.0,0.05,99.2,6.8,4.0,5.05,21.6,MONITOR
S00002137,WL-004,WHEEL_LOADER,966,FINAL_DRIVE,2026-02-25,17971.3,1424.4,N,149.2,11.3,4.62,7.6,4.8,45.3,3.4,1.8,6.84,0.0,0.0,0.07,97.3,7.9,4.4,3.92,33.7,ACTION
S00002138,WL-004,WHEEL_LOADER,966,FINAL_DRIVE,2026-05-06,18568.8,14.9,N,54.7,4.6,2.21,3.7,3.7,5.4,1.8,1.3,0.057,0.0,0.0,0.03,100.4,5.3,2.8,6.06,15.5,NORMAL
S00002091,WL-004,WHEEL_LOADER,966,HYDRAULIC,2023-04-02,9051.2,1704.9,N,10.7,5.6,1.08,3.1,3.5,8.7,4.8,2.5,0.019,0.0,0.0,0.07,47.7,10.3,5.2,3.09,7.1,NORMAL
S00002092,WL-004,WHEEL_LOADER,966,HYDRAULIC,2023-07-01,9810.8,16.9,N,6.7,2.7,0.61,1.0,1.5,3.5,1.6,1.1,0.033,0.0,0.0,0.02,45.0,5.5,2.6,4.12,3.2,NORMAL
S00002093,WL-004,WHEEL_LOADER,966,HYDRAULIC,2023-09-29,10570.3,776.4,N,8.6,3.7,1.16,1.5,2.8,4.7,3.3,2.3,0.022,0.0,0.0,0.06,44.9,8.8,3.9,4.08,5.3,NORMAL
S00002094,WL-004,WHEEL_LOADER,966,HYDRAULIC,2023-12-28,11329.9,1536.0,N,13.3,4.8,1.29,2.3,4.4,9.5,4.5,2.8,0.046,0.0,0.0,0.06,44.7,10.1,5.0,3.06,7.1,NORMAL
S00002095,WL-004,WHEEL_LOADER,966,HYDRAULIC,2024-03-27,12089.4,8.7,N,6.8,2.2,0.46,1.3,1.4,2.4,1.7,1.0,0.017,0.0,0.0,0.03,46.1,5.9,2.7,4.8,3.2,NORMAL
S00002096,WL-004,WHEEL_LOADER,966,HYDRAULIC,2024-06-25,12849.0,768.3,N,9.5,3.8,1.11,1.9,3.6,6.1,2.4,1.7,0.033,0.0,0.0,0.05,47.9,7.3,3.6,3.77,5.4,NORMAL
S00002097,WL-004,WHEEL_LOADER,966,HYDRAULIC,2024-09-23,13608.5,1527.8,N,17.1,5.3,1.05,2.5,3.2,8.8,3.5,2.3,0.025,0.0,0.0,0.08,44.6,10.2,5.1,3.0,7.0,NORMAL
S00002098,WL-004,WHEEL_LOADER,966,HYDRAULIC,2024-12-22,14368.1,33.5,N,7.2,2.1,0.56,1.3,1.7,2.9,1.5,1.0,0.033,0.0,0.0,0.03,45.2,5.1,2.6,4.69,2.8,NORMAL
S00002099,WL-004,WHEEL_LOADER,966,HYDRAULIC,2025-03-22,15127.6,793.0,N,9.1,2.9,0.87,1.5,2.6,5.5,3.3,2.0,0.036,0.0,0.0,0.04,45.5,9.0,4.3,4.09,4.8,NORMAL
S00002100,WL-004,WHEEL_LOADER,966,HYDRAULIC,2025-06-20,15887.2,1552.6,N,13.5,4.3,1.46,3.0,4.2,6.1,4.2,1.9,0.032,0.0,0.0,0.08,45.3,10.5,5.1,3.34,7.9,NORMAL
S00002101,WL-004,WHEEL_LOADER,966,HYDRAULIC,2025-09-18,16646.7,59.5,N,5.8,1.9,0.62,1.0,1.9,2.8,2.3,1.3,0.029,0.0,0.0,0.03,46.7,5.3,3.0,4.49,3.9,NORMAL
S00002102,WL-004,WHEEL_LOADER,966,HYDRAULIC,2025-12-17,17406.3,819.0,N,9.1,3.2,1.0,1.9,2.8,5.3,2.4,1.4,0.027,0.0,0.0,0.05,46.1,8.6,4.7,3.82,4.8,NORMAL
S00002103,WL-004,WHEEL_LOADER,966,HYDRAULIC,2026-03-17,18165.8,1578.6,N,11.4,5.3,1.24,3.3,4.0,8.7,3.8,2.6,0.029,0.0,0.0,0.06,44.6,9.8,4.6,3.24,9.0,NORMAL
S00002104,WL-004,WHEEL_LOADER,966,HYDRAULIC,2026-06-15,18925.4,11.3,N,6.2,2.1,0.59,1.3,1.6,3.9,1.4,1.4,0.028,0.0,0.0,0.02,47.1,4.7,2.9,4.18,3.3,NORMAL
S00002105,WL-004,WHEEL_LOADER,966,TRANSMISSION,2023-03-27,8964.1,883.0,N,38.5,15.5,3.46,8.4,8.6,8.3,3.9,2.2,0.029,0.0,0.0,0.16,70.0,11.9,5.6,4.16,17.1,NORMAL
S00002106,WL-004,WHEEL_LOADER,966,TRANSMISSION,2023-05-26,9474.4,7.8,N,21.1,10.7,1.38,3.3,2.8,3.2,1.5,1.3,0.033,0.0,0.0,0.06,68.1,6.3,3.8,7.12,5.9,NORMAL
S00002107,WL-004,WHEEL_LOADER,966,TRANSMISSION,2023-07-24,9973.6,507.0,N,35.6,11.5,3.54,7.7,4.6,8.4,3.0,2.1,0.024,0.0,0.0,0.13,67.1,9.6,4.6,6.38,14.0,NORMAL
S00002108,WL-004,WHEEL_LOADER,966,TRANSMISSION,2023-09-13,10398.3,931.7,N,54.6,16.5,5.37,6.0,8.6,9.0,4.0,2.6,0.031,0.0,0.0,0.16,68.3,13.0,6.7,4.59,20.8,NORMAL
S00002109,WL-004,WHEEL_LOADER,966,TRANSMISSION,2023-11-14,10919.8,16.1,N,17.0,8.5,1.9,3.3,2.4,3.2,2.1,1.0,0.044,0.0,0.0,0.06,67.7,6.0,4.1,7.32,6.4,NORMAL
S00002110,WL-004,WHEEL_LOADER,966,TRANSMISSION,2023-12-26,11273.5,369.8,N,38.4,12.6,2.11,5.3,4.1,5.5,3.0,1.6,0.031,0.0,0.0,0.1,65.6,9.1,4.6,6.21,10.0,NORMAL
S00002111,WL-004,WHEEL_LOADER,966,TRANSMISSION,2024-02-24,11780.8,877.1,N,59.2,16.4,4.19,9.5,7.6,10.0,2.6,2.7,0.025,0.0,0.0,0.16,68.3,10.6,6.7,4.4,18.0,NORMAL
S00002112,WL-004,WHEEL_LOADER,966,TRANSMISSION,2024-05-04,12373.3,35.3,N,39.8,6.0,2.34,3.6,2.8,4.6,2.1,1.1,0.015,0.0,0.0,0.06,72.1,6.7,3.9,6.55,16.4,NORMAL
S00002113,WL-004,WHEEL_LOADER,966,TRANSMISSION,2024-07-24,13054.2,716.2,N,111.5,15.5,10.02,8.3,5.2,6.5,3.0,2.5,0.023,0.0,0.0,0.15,69.6,10.5,6.0,4.96,62.5,ACTION
S00002114,WL-004,WHEEL_LOADER,966,TRANSMISSION,2024-09-05,13423.3,48.5,N,23.5,6.8,1.48,4.2,2.2,3.3,1.7,1.1,0.032,0.0,0.0,0.05,67.2,6.3,3.9,6.16,8.9,NORMAL
S00002115,WL-004,WHEEL_LOADER,966,TRANSMISSION,2024-10-15,13757.6,382.8,N,43.1,11.7,1.96,7.1,4.7,6.2,2.7,2.6,0.014,0.0,0.0,0.07,65.9,8.1,4.8,6.17,10.8,NORMAL
S00002116,WL-004,WHEEL_LOADER,966,TRANSMISSION,2024-12-19,14307.5,932.7,N,41.7,14.3,3.39,10.0,6.3,11.0,5.5,2.2,0.045,0.0,0.0,0.19,67.7,13.1,7.3,3.94,19.3,NORMAL
S00002117,WL-004,WHEEL_LOADER,966,TRANSMISSION,2025-02-14,14789.2,8.5,N,26.9,9.5,2.1,3.6,2.7,3.4,1.3,1.2,0.035,0.0,0.0,0.06,68.0,5.4,3.3,6.74,8.2,NORMAL
S00002118,WL-004,WHEEL_LOADER,966,TRANSMISSION,2025-04-11,15260.8,480.1,N,47.1,11.0,3.14,5.1,5.7,6.3,2.8,1.5,0.026,0.0,0.0,0.11,70.1,8.4,4.8,5.6,15.7,NORMAL
S00002119,WL-004,WHEEL_LOADER,966,TRANSMISSION,2025-06-24,15887.4,55.5,N,14.3,9.1,1.54,2.7,3.7,4.2,2.3,1.2,0.028,0.0,0.0,0.06,70.0,5.9,3.7,6.49,7.2,NORMAL
S00002120,WL-004,WHEEL_LOADER,966,TRANSMISSION,2025-08-12,16299.9,468.0,N,35.9,13.3,3.62,5.6,4.3,6.0,3.7,1.7,0.034,0.0,0.0,0.1,66.5,8.2,4.9,5.32,15.2,NORMAL
S00002121,WL-004,WHEEL_LOADER,966,TRANSMISSION,2025-10-23,16905.8,55.3,N,29.5,11.7,2.04,3.0,3.1,4.2,1.5,0.9,0.022,0.0,0.0,0.07,68.6,6.3,3.7,6.46,8.5,NORMAL
S00002122,WL-004,WHEEL_LOADER,966,TRANSMISSION,2025-12-12,17328.0,477.6,N,34.2,12.1,2.69,6.5,4.7,7.9,2.6,1.8,0.021,0.0,0.0,0.11,70.2,9.4,5.1,5.67,10.9,NORMAL
S00002123,WL-004,WHEEL_LOADER,966,TRANSMISSION,2026-02-23,17947.9,41.8,N,23.1,10.3,1.6,3.5,2.3,4.7,1.7,1.0,0.062,0.0,0.0,0.05,65.5,6.8,4.0,6.46,11.7,NORMAL
S00002124,WL-004,WHEEL_LOADER,966,TRANSMISSION,2026-05-09,18577.4,671.3,N,57.9,33.7,3.86,20.0,5.6,7.8,3.7,2.7,0.043,0.0,0.0,0.14,69.5,9.2,6.1,5.6,12.1,MONITOR
S00002139,WL-005,WHEEL_LOADER,966,ENGINE,2023-02-15,4983.7,445.6,N,31.0,9.9,2.89,4.7,6.1,10.6,5.1,4.3,0.031,0.41,0.0,0.48,105.7,15.6,11.2,6.97,9.9,NORMAL
S00002140,WL-005,WHEEL_LOADER,966,ENGINE,2023-03-07,5187.3,27.4,N,10.4,3.6,1.42,3.6,3.2,4.1,2.1,2.0,0.028,1.06,0.0,0.23,109.2,9.5,5.7,9.27,4.9,NORMAL
S00002141,WL-005,WHEEL_LOADER,966,ENGINE,2023-03-31,5431.4,271.5,N,14.4,8.0,2.71,5.0,3.5,8.7,3.3,3.0,0.021,0.44,0.0,0.45,112.2,12.0,7.2,8.31,9.8,NORMAL
S00002142,WL-005,WHEEL_LOADER,966,ENGINE,2023-04-29,5721.0,3.4,N,10.2,3.6,1.16,2.3,4.4,5.7,2.6,1.8,0.014,0.39,0.0,0.25,109.2,8.2,5.8,10.77,4.3,NORMAL
S00002143,WL-005,WHEEL_LOADER,966,ENGINE,2023-05-22,5954.8,237.2,N,16.1,7.6,1.92,3.8,5.9,8.5,4.1,2.3,0.016,0.55,0.0,0.42,101.7,13.5,9.3,8.41,9.2,NORMAL
S00002144,WL-005,WHEEL_LOADER,966,ENGINE,2023-06-12,6165.1,447.5,N,22.9,11.2,2.27,5.3,5.2,11.1,4.1,3.9,0.021,0.45,0.0,0.48,105.3,14.6,12.1,7.05,10.2,NORMAL
S00002145,WL-005,WHEEL_LOADER,966,ENGINE,2023-07-13,6468.8,4.0,N,9.1,4.5,0.95,1.8,2.4,5.4,2.1,1.9,0.039,0.38,0.0,0.17,103.6,7.3,6.5,9.94,3.8,NORMAL
S00002146,WL-005,WHEEL_LOADER,966,ENGINE,2023-08-07,6723.9,259.1,N,20.7,5.1,2.14,3.5,5.9,7.8,4.5,2.9,0.017,0.67,0.0,0.42,105.6,12.6,8.5,8.0,8.6,NORMAL
S00002147,WL-005,WHEEL_LOADER,966,ENGINE,2023-08-30,6952.9,488.0,N,29.5,11.9,2.83,5.3,8.0,10.4,4.9,3.7,0.012,0.43,0.0,0.66,109.2,18.6,12.4,6.67,10.1,NORMAL
S00002148,WL-005,WHEEL_LOADER,966,ENGINE,2023-09-18,7140.7,6.1,N,10.2,3.8,0.78,3.0,2.4,4.8,2.4,1.9,0.02,0.55,0.0,0.24,108.2,7.1,5.6,9.15,3.4,NORMAL
S00002149,WL-005,WHEEL_LOADER,966,ENGINE,2023-10-16,7423.6,289.0,N,14.8,8.2,2.96,4.1,5.4,10.4,4.4,2.9,0.02,0.58,0.0,0.43,108.9,12.3,8.4,8.38,7.6,NORMAL
S00002150,WL-005,WHEEL_LOADER,966,ENGINE,2023-11-15,7724.9,59.9,N,13.5,5.8,2.05,3.0,3.4,4.7,2.6,2.1,0.015,0.62,0.0,0.25,105.2,8.8,5.6,10.32,4.1,NORMAL
S00002151,WL-005,WHEEL_LOADER,966,ENGINE,2023-12-19,8062.3,397.2,N,19.0,7.4,3.3,6.5,6.1,14.2,4.2,3.9,0.022,0.81,0.0,0.73,105.9,15.0,9.4,7.21,10.3,NORMAL
S00002152,WL-005,WHEEL_LOADER,966,ENGINE,2024-01-07,8258.9,51.0,N,12.0,6.2,1.41,3.2,4.8,5.4,1.8,2.3,0.016,0.37,0.0,0.24,110.9,9.1,6.1,9.43,5.6,NORMAL
S00002153,WL-005,WHEEL_LOADER,966,ENGINE,2024-02-03,8531.1,323.2,N,24.0,6.9,2.17,4.2,6.1,9.6,4.9,3.6,0.012,0.48,0.0,0.45,107.6,13.6,9.9,7.19,7.5,NORMAL
S00002154,WL-005,WHEEL_LOADER,966,ENGINE,2024-02-27,8771.5,47.9,N,10.6,5.3,1.21,2.3,3.7,6.1,2.4,1.7,0.021,0.85,0.0,0.21,109.5,9.9,6.6,10.62,4.8,NORMAL
S00002155,WL-005,WHEEL_LOADER,966,ENGINE,2024-03-25,9037.1,313.5,N,20.0,8.8,2.5,4.3,5.4,9.6,3.8,2.9,0.018,0.76,0.0,0.48,108.2,13.3,8.3,7.58,7.3,NORMAL
S00002156,WL-005,WHEEL_LOADER,966,ENGINE,2024-04-24,9340.0,12.9,N,9.1,3.8,1.1,2.1,2.4,4.8,2.0,1.8,0.021,0.45,0.0,0.21,110.3,8.0,6.2,10.64,4.1,NORMAL
S00002157,WL-005,WHEEL_LOADER,966,ENGINE,2024-05-21,9613.0,285.9,N,17.2,8.3,2.38,3.2,5.5,8.9,4.8,3.0,0.023,0.45,0.0,0.43,108.1,12.3,8.6,8.42,7.5,NORMAL
S00002158,WL-005,WHEEL_LOADER,966,ENGINE,2024-06-09,9801.2,474.1,N,28.9,9.1,3.35,5.9,8.1,8.0,5.2,4.1,0.013,0.75,0.0,0.59,111.5,15.5,10.7,6.2,8.6,NORMAL
S00002159,WL-005,WHEEL_LOADER,966,ENGINE,2024-07-03,10042.1,17.1,N,9.9,3.7,1.26,2.8,2.6,6.2,2.3,1.6,0.023,0.6,0.0,0.24,109.5,8.7,5.6,9.76,9.3,NORMAL
S00002160,WL-005,WHEEL_LOADER,966,ENGINE,2024-07-26,10273.7,248.7,N,18.3,8.2,1.93,4.6,4.7,7.1,3.4,2.2,0.015,0.66,0.0,0.44,108.0,15.5,7.4,8.54,10.1,NORMAL
S00002161,WL-005,WHEEL_LOADER,966,ENGINE,2024-08-18,10502.0,477.0,N,32.8,8.4,2.56,4.9,6.1,11.9,7.4,4.2,0.022,1.07,0.0,0.84,107.6,14.7,9.5,6.51,11.1,NORMAL
S00002162,WL-005,WHEEL_LOADER,966,ENGINE,2024-09-11,10737.5,12.1,N,8.4,3.7,1.08,2.4,3.0,4.6,2.4,1.6,0.022,1.32,0.0,0.24,106.6,7.1,6.6,9.89,5.4,NORMAL
S00002163,WL-005,WHEEL_LOADER,966,ENGINE,2024-10-10,11031.9,306.6,N,27.0,12.1,2.56,4.8,6.0,8.3,4.6,3.5,0.025,0.48,0.0,0.45,107.4,13.2,9.4,7.75,8.2,NORMAL
S00002164,WL-005,WHEEL_LOADER,966,ENGINE,2024-11-10,11340.2,9.9,N,11.4,3.7,1.29,2.4,3.1,5.0,1.9,1.7,0.023,0.39,0.0,0.23,109.7,8.6,5.8,11.06,3.9,NORMAL
S00002165,WL-005,WHEEL_LOADER,966,ENGINE,2024-12-09,11630.5,300.2,N,22.1,7.0,2.33,5.1,6.6,13.1,6.1,3.0,0.027,0.64,0.0,0.56,110.1,12.4,9.1,8.19,9.1,NORMAL
S00002166,WL-005,WHEEL_LOADER,966,ENGINE,2024-12-31,11857.7,31.3,N,9.4,5.8,0.94,2.1,3.5,5.0,2.8,2.2,0.014,0.66,0.0,0.19,112.7,8.7,5.9,10.3,4.9,NORMAL
S00002167,WL-005,WHEEL_LOADER,966,ENGINE,2025-01-27,12122.0,295.6,N,19.1,10.3,2.71,4.1,5.0,10.3,3.9,3.7,0.021,0.56,0.0,0.5,107.1,14.0,8.1,8.66,8.6,NORMAL
S00002168,WL-005,WHEEL_LOADER,966,ENGINE,2025-02-20,12364.5,38.6,N,9.7,3.7,1.18,2.7,3.3,5.4,2.6,1.9,0.028,0.56,0.0,0.25,112.3,9.2,6.2,9.89,6.3,NORMAL
S00002169,WL-005,WHEEL_LOADER,966,ENGINE,2025-03-17,12619.1,293.1,N,14.6,6.9,1.9,4.0,7.8,8.3,3.3,3.4,0.023,0.42,0.0,0.46,107.4,14.1,9.8,7.88,11.2,NORMAL
S00002170,WL-005,WHEEL_LOADER,966,ENGINE,2025-04-08,12831.2,54.4,N,13.8,3.4,1.45,2.2,3.6,5.8,2.8,1.7,0.028,0.55,0.0,0.21,107.0,10.3,6.6,10.25,5.0,NORMAL
S00002171,WL-005,WHEEL_LOADER,966,ENGINE,2025-05-09,13148.0,371.1,N,19.7,9.4,2.26,4.9,7.5,8.7,4.7,3.9,0.023,1.02,0.0,0.62,103.9,13.7,10.3,7.86,10.4,NORMAL
S00002172,WL-005,WHEEL_LOADER,966,ENGINE,2025-05-29,13351.4,33.3,N,9.9,5.0,1.36,2.4,3.0,4.4,2.7,1.7,0.017,0.8,0.0,0.22,107.8,10.1,6.5,9.48,5.1,NORMAL
S00002173,WL-005,WHEEL_LOADER,966,ENGINE,2025-06-25,13618.9,300.7,N,18.2,7.8,2.44,4.7,7.5,8.6,3.7,3.3,0.014,0.36,0.0,0.47,106.7,15.5,8.8,8.12,8.2,NORMAL
S00002174,WL-005,WHEEL_LOADER,966,ENGINE,2025-07-20,13872.9,37.5,N,10.7,4.3,1.09,2.9,2.3,4.9,2.5,1.7,0.015,0.6,0.0,0.2,109.4,9.4,5.8,9.43,4.2,NORMAL
S00002175,WL-005,WHEEL_LOADER,966,ENGINE,2025-08-17,14153.4,317.9,N,18.5,7.6,2.45,4.2,4.9,10.6,5.2,3.0,0.017,0.6,0.0,0.54,112.8,13.6,8.4,7.98,7.8,NORMAL
S00002176,WL-005,WHEEL_LOADER,966,ENGINE,2025-09-18,14468.9,53.3,N,12.9,3.8,1.12,2.8,2.9,8.0,2.3,2.2,0.03,0.36,0.0,0.22,108.5,9.6,5.5,10.83,6.0,NORMAL
S00002177,WL-005,WHEEL_LOADER,966,ENGINE,2025-10-08,14673.8,258.2,N,14.7,7.4,1.98,3.2,5.1,6.2,4.5,4.5,0.021,0.41,0.0,0.44,104.7,12.5,8.0,8.46,10.0,NORMAL
S00002178,WL-005,WHEEL_LOADER,966,ENGINE,2025-11-10,14999.7,31.7,N,15.6,3.8,1.12,2.1,3.0,4.4,2.7,1.4,0.017,1.14,0.0,0.2,106.8,9.7,6.2,10.5,6.1,NORMAL
S00002179,WL-005,WHEEL_LOADER,966,ENGINE,2025-12-07,15268.6,300.6,N,19.3,7.7,1.87,4.2,5.6,9.2,4.6,3.8,0.012,0.62,0.0,0.52,104.8,13.0,8.9,7.72,9.7,NORMAL
S00002180,WL-005,WHEEL_LOADER,966,ENGINE,2026-01-03,15538.3,7.3,N,10.5,4.0,0.98,2.2,3.3,4.1,3.0,1.7,0.011,0.45,0.0,0.17,107.0,7.7,5.4,10.42,3.5,NORMAL
S00002181,WL-005,WHEEL_LOADER,966,ENGINE,2026-02-05,15868.0,337.0,N,15.0,7.6,2.15,4.1,5.0,9.1,2.8,3.3,0.019,0.56,0.0,0.6,110.9,15.8,8.5,8.3,10.7,NORMAL
S00002182,WL-005,WHEEL_LOADER,966,ENGINE,2026-03-08,16183.7,46.2,N,10.1,5.1,1.23,2.3,3.4,5.1,2.6,1.6,0.02,0.29,0.0,0.23,112.3,9.4,6.0,9.97,5.2,NORMAL
S00002183,WL-005,WHEEL_LOADER,966,ENGINE,2026-04-01,16427.2,289.7,N,20.5,8.3,2.1,5.1,5.0,8.3,4.6,3.4,0.021,0.66,0.0,0.4,104.2,14.1,9.3,7.07,8.7,NORMAL
S00002184,WL-005,WHEEL_LOADER,966,ENGINE,2026-04-22,16638.8,37.1,N,11.3,3.1,1.45,2.5,2.6,4.3,2.6,2.4,0.028,0.54,0.0,0.25,107.6,7.7,5.5,9.75,5.9,NORMAL
S00002185,WL-005,WHEEL_LOADER,966,ENGINE,2026-05-20,16918.7,317.0,N,13.8,6.7,1.77,5.8,6.8,9.6,3.8,4.2,0.016,0.56,0.0,0.5,100.5,12.5,8.8,7.53,10.0,NORMAL
S00002186,WL-005,WHEEL_LOADER,966,ENGINE,2026-06-20,17225.2,5.4,N,8.7,4.2,1.26,2.5,2.6,5.0,2.2,1.3,0.023,0.74,0.0,0.18,109.8,7.7,5.9,11.31,4.3,NORMAL
S00002226,WL-005,WHEEL_LOADER,966,FINAL_DRIVE,2023-04-08,5622.5,1436.4,N,90.3,13.6,7.34,10.7,5.9,10.6,3.2,2.4,0.044,0.0,0.0,0.06,100.6,8.0,4.2,4.14,37.8,NORMAL
S00002227,WL-005,WHEEL_LOADER,966,FINAL_DRIVE,2023-06-30,6458.2,20.8,N,49.7,6.0,1.96,6.3,3.6,6.3,1.3,1.1,0.052,0.0,0.0,0.03,99.4,5.2,2.7,6.11,16.4,NORMAL
S00002228,WL-005,WHEEL_LOADER,966,FINAL_DRIVE,2023-09-28,7360.2,922.8,N,92.4,7.6,3.95,8.4,4.7,10.4,3.0,1.8,0.079,0.0,0.0,0.06,102.7,6.9,3.6,4.58,33.7,NORMAL
S00002229,WL-005,WHEEL_LOADER,966,FINAL_DRIVE,2023-12-27,8262.3,1824.9,N,90.5,13.1,6.58,11.7,8.1,11.9,4.8,1.9,0.026,0.0,0.0,0.08,103.2,10.3,5.8,3.76,46.6,NORMAL
S00002230,WL-005,WHEEL_LOADER,966,FINAL_DRIVE,2024-03-05,8950.0,25.5,N,48.8,5.0,3.1,4.3,3.0,5.2,1.8,0.8,0.063,0.0,0.0,0.03,95.9,5.2,2.9,5.52,15.0,NORMAL
S00002231,WL-005,WHEEL_LOADER,966,FINAL_DRIVE,2024-06-03,9852.0,927.5,N,92.6,8.9,4.53,8.6,5.7,8.4,3.6,2.2,0.052,0.0,0.0,0.05,96.4,7.3,3.9,4.31,34.2,NORMAL
S00002232,WL-005,WHEEL_LOADER,966,FINAL_DRIVE,2024-09-01,10754.1,1829.6,N,151.5,13.1,5.22,11.0,8.1,15.8,4.1,2.8,0.058,0.0,0.0,0.08,99.3,11.8,5.1,3.33,34.1,NORMAL
S00002233,WL-005,WHEEL_LOADER,966,FINAL_DRIVE,2024-11-30,11656.1,11.9,N,37.9,7.7,2.75,4.5,2.4,6.0,2.0,1.0,0.058,0.0,0.0,0.02,103.4,5.1,2.8,5.62,14.3,NORMAL
S00002234,WL-005,WHEEL_LOADER,966,FINAL_DRIVE,2025-02-28,12558.1,913.9,N,82.4,8.6,4.07,8.2,6.4,8.2,3.5,2.0,0.09,0.0,0.0,0.06,100.8,6.8,3.9,4.66,28.7,NORMAL
S00002235,WL-005,WHEEL_LOADER,966,FINAL_DRIVE,2025-05-29,13460.2,1815.9,N,162.8,11.6,7.35,11.3,9.1,14.0,3.6,3.0,0.066,0.0,0.0,0.09,98.2,9.1,5.8,3.79,54.7,MONITOR
S00002236,WL-005,WHEEL_LOADER,966,FINAL_DRIVE,2025-08-27,14362.2,16.7,N,44.6,5.6,2.66,3.8,3.8,5.7,1.5,1.0,0.101,0.0,0.0,0.02,100.4,4.2,2.5,5.76,17.8,NORMAL
S00002237,WL-005,WHEEL_LOADER,966,FINAL_DRIVE,2025-11-25,15264.3,918.8,N,65.4,9.6,5.26,5.3,6.6,6.0,3.1,1.9,0.049,0.0,0.0,0.05,97.2,7.2,4.6,4.78,24.9,NORMAL
S00002238,WL-005,WHEEL_LOADER,966,FINAL_DRIVE,2026-02-22,16157.0,1811.5,N,107.4,10.0,8.85,11.9,8.7,12.8,4.2,2.6,0.035,0.0,0.0,0.08,99.9,9.7,5.5,3.62,45.5,NORMAL
S00002239,WL-005,WHEEL_LOADER,966,FINAL_DRIVE,2026-05-23,17059.0,1.3,N,51.6,6.0,2.52,3.4,3.9,4.1,1.8,1.1,0.037,0.0,0.0,0.03,99.4,5.2,2.5,5.99,12.4,NORMAL
S00002187,WL-005,WHEEL_LOADER,966,HYDRAULIC,2023-04-06,5628.7,1622.2,N,12.4,4.7,1.29,2.6,3.5,8.7,3.8,2.8,0.031,0.0,0.0,0.07,46.4,9.7,4.4,3.05,8.5,NORMAL
S00002188,WL-005,WHEEL_LOADER,966,HYDRAULIC,2023-07-05,6530.7,33.3,N,6.2,3.3,0.58,1.0,1.8,3.0,1.3,0.9,0.035,0.0,0.0,0.03,45.6,5.6,2.8,4.3,2.9,NORMAL
S00002189,WL-005,WHEEL_LOADER,966,HYDRAULIC,2023-10-03,7426.8,929.4,N,8.9,2.6,1.06,2.3,2.3,5.1,2.3,1.9,0.043,0.0,0.0,0.06,44.5,8.1,4.3,3.8,6.4,NORMAL
S00002190,WL-005,WHEEL_LOADER,966,HYDRAULIC,2024-01-01,8328.8,1831.4,N,13.8,4.7,1.0,3.8,3.6,9.7,4.7,2.5,0.022,0.0,0.0,0.08,47.0,10.8,5.7,2.8,8.1,NORMAL
S00002191,WL-005,WHEEL_LOADER,966,HYDRAULIC,2024-03-31,9230.9,45.5,N,6.9,2.6,0.5,1.0,1.3,3.3,1.3,1.4,0.025,0.0,0.0,0.03,45.3,6.0,2.8,4.37,3.9,NORMAL
S00002192,WL-005,WHEEL_LOADER,966,HYDRAULIC,2024-06-25,10093.5,908.1,N,10.4,3.8,0.73,1.8,2.3,5.3,2.6,2.0,0.037,0.0,0.0,0.06,44.7,8.8,4.3,3.92,5.1,NORMAL
S00002193,WL-005,WHEEL_LOADER,966,HYDRAULIC,2024-09-23,10995.5,1810.1,N,14.8,5.7,1.34,2.9,3.8,7.2,4.7,1.9,0.035,0.0,0.0,0.09,46.5,9.7,5.6,2.91,7.1,NORMAL
S00002194,WL-005,WHEEL_LOADER,966,HYDRAULIC,2024-12-22,11897.6,35.0,N,5.6,3.1,0.69,1.2,2.2,4.0,1.8,1.1,0.041,0.0,0.0,0.02,44.4,5.2,2.9,4.61,3.5,NORMAL
S00002195,WL-005,WHEEL_LOADER,966,HYDRAULIC,2025-03-22,12799.6,937.0,N,14.8,3.8,1.1,1.6,3.7,5.7,2.9,2.2,0.031,0.0,0.0,0.05,47.5,7.6,4.3,3.41,4.3,NORMAL
S00002196,WL-005,WHEEL_LOADER,966,HYDRAULIC,2025-06-18,13680.8,1818.2,N,13.6,6.5,1.27,2.7,4.0,8.0,3.6,2.7,0.03,0.0,0.0,0.09,45.1,9.7,5.5,3.04,7.3,NORMAL
S00002197,WL-005,WHEEL_LOADER,966,HYDRAULIC,2025-09-16,14582.9,3.7,N,9.8,1.9,0.4,1.2,3.5,13.8,1.7,1.4,0.019,0.0,0.0,0.03,43.8,6.5,2.8,4.63,3.9,NORMAL
S00002198,WL-005,WHEEL_LOADER,966,HYDRAULIC,2025-12-15,15484.9,905.7,N,14.6,2.9,1.3,2.2,2.8,5.1,3.3,2.1,0.033,0.0,0.0,0.06,46.2,8.7,4.3,3.67,6.0,NORMAL
S00002199,WL-005,WHEEL_LOADER,966,HYDRAULIC,2026-03-15,16387.0,1807.8,N,13.0,4.8,1.46,3.8,3.8,8.6,2.8,2.3,0.028,0.0,0.0,0.07,45.9,11.4,5.4,2.97,6.5,NORMAL
S00002200,WL-005,WHEEL_LOADER,966,HYDRAULIC,2026-06-13,17289.0,23.4,N,6.0,2.1,0.63,1.2,1.5,3.1,1.5,1.1,0.049,0.0,0.0,0.02,47.3,5.6,2.6,4.33,4.1,NORMAL
S00002201,WL-005,WHEEL_LOADER,966,TRANSMISSION,2023-02-12,5129.7,830.9,N,44.6,20.2,2.98,5.7,6.2,10.9,4.2,2.5,0.032,0.0,0.0,0.17,68.3,11.7,6.2,4.49,17.5,NORMAL
S00002202,WL-005,WHEEL_LOADER,966,TRANSMISSION,2023-04-02,5627.1,40.4,N,22.9,8.0,1.69,3.7,2.5,3.7,1.7,1.3,0.047,0.0,0.0,0.05,69.5,6.7,3.5,6.51,8.0,NORMAL
S00002203,WL-005,WHEEL_LOADER,966,TRANSMISSION,2023-06-14,6356.5,769.8,N,46.6,15.2,3.81,8.2,6.4,9.9,3.3,2.2,0.046,0.0,0.0,0.1,66.4,11.6,5.7,4.91,13.6,NORMAL
S00002204,WL-005,WHEEL_LOADER,966,TRANSMISSION,2023-08-18,7003.3,56.2,N,26.9,9.9,1.49,2.8,3.1,4.7,2.3,1.0,0.021,0.0,0.0,0.07,69.7,7.3,3.5,6.5,8.8,NORMAL
S00002205,WL-005,WHEEL_LOADER,966,TRANSMISSION,2023-10-06,7500.1,553.0,N,42.7,13.4,2.72,7.3,5.5,9.3,3.1,2.4,0.059,0.0,0.0,0.1,69.1,9.9,5.5,5.78,16.4,NORMAL
S00002206,WL-005,WHEEL_LOADER,966,TRANSMISSION,2023-11-29,8041.1,13.9,N,21.8,8.1,1.56,3.7,3.0,5.0,2.0,1.1,0.042,0.0,0.0,0.05,69.1,5.5,3.6,7.42,8.5,NORMAL
S00002207,WL-005,WHEEL_LOADER,966,TRANSMISSION,2024-01-15,8509.7,482.4,N,29.1,15.7,3.79,5.3,4.0,7.0,3.6,1.8,0.034,0.0,0.0,0.09,69.0,9.7,5.3,5.26,18.1,NORMAL
S00002208,WL-005,WHEEL_LOADER,966,TRANSMISSION,2024-02-28,8953.1,925.8,N,51.8,18.7,5.16,10.0,6.3,10.6,4.7,2.9,0.032,0.0,0.0,0.19,66.3,12.1,6.9,4.44,19.5,NORMAL
S00002209,WL-005,WHEEL_LOADER,966,TRANSMISSION,2024-04-29,9558.3,9.9,N,14.4,9.0,1.61,3.4,3.0,3.4,2.0,1.1,0.032,0.0,0.0,0.05,69.5,5.9,3.4,6.99,6.4,NORMAL
S00002210,WL-005,WHEEL_LOADER,966,TRANSMISSION,2024-06-14,10022.2,473.9,N,40.3,9.9,3.47,5.7,4.3,5.1,3.4,2.0,0.019,0.0,0.0,0.12,68.5,8.7,4.8,5.52,13.2,NORMAL
S00002211,WL-005,WHEEL_LOADER,966,TRANSMISSION,2024-08-03,10523.3,974.9,N,46.6,19.5,3.94,7.1,5.3,12.7,5.0,2.7,0.046,0.0,0.0,0.18,65.9,11.7,7.2,4.02,21.0,NORMAL
S00002212,WL-005,WHEEL_LOADER,966,TRANSMISSION,2024-09-22,11029.4,27.3,N,18.1,9.6,1.71,3.4,2.7,4.6,1.3,1.3,0.042,0.0,0.0,0.05,69.0,6.5,3.8,6.5,8.3,NORMAL
S00002213,WL-005,WHEEL_LOADER,966,TRANSMISSION,2024-11-19,11610.1,607.9,N,45.8,19.7,2.89,6.6,6.2,8.6,3.6,2.5,0.022,0.0,0.0,0.14,67.6,9.2,4.8,5.35,17.5,NORMAL
S00002214,WL-005,WHEEL_LOADER,966,TRANSMISSION,2025-01-16,12188.3,4.2,N,21.6,8.7,1.67,3.2,2.4,3.5,1.5,0.8,0.035,0.0,0.0,0.04,67.3,6.5,3.8,7.04,8.0,NORMAL
S00002215,WL-005,WHEEL_LOADER,966,TRANSMISSION,2025-03-04,12662.8,478.7,N,28.0,14.5,3.01,5.4,4.6,7.2,3.3,2.7,0.038,0.0,0.0,0.12,66.7,9.6,5.5,5.28,13.9,NORMAL
S00002216,WL-005,WHEEL_LOADER,966,TRANSMISSION,2025-04-13,13056.8,872.7,N,48.4,20.6,4.44,6.8,7.8,9.2,4.0,3.6,0.032,0.0,0.0,0.14,68.6,11.9,7.1,4.51,20.1,NORMAL
S00002217,WL-005,WHEEL_LOADER,966,TRANSMISSION,2025-06-07,13606.7,38.0,N,23.8,9.2,2.18,3.1,2.7,4.8,1.9,1.2,0.041,0.0,0.0,0.06,67.5,6.8,3.3,6.88,7.0,NORMAL
S00002218,WL-005,WHEEL_LOADER,966,TRANSMISSION,2025-07-27,14113.4,544.7,N,46.5,11.0,3.03,6.6,4.9,8.4,2.3,1.4,0.023,0.0,0.0,0.13,67.0,9.8,5.3,5.26,16.2,NORMAL
S00002219,WL-005,WHEEL_LOADER,966,TRANSMISSION,2025-09-05,14516.0,947.3,N,51.5,18.4,5.4,6.5,8.1,9.9,4.7,2.9,0.022,0.0,0.0,0.15,67.6,11.5,7.0,4.58,22.6,NORMAL
S00002220,WL-005,WHEEL_LOADER,966,TRANSMISSION,2025-10-21,14975.9,23.6,N,26.7,6.7,1.52,2.8,3.5,3.4,1.9,1.2,0.025,0.0,0.0,0.06,68.1,6.3,3.7,6.5,7.2,NORMAL
S00002221,WL-005,WHEEL_LOADER,966,TRANSMISSION,2025-11-19,15263.8,311.5,N,42.5,12.4,2.33,4.5,3.2,4.7,2.6,1.6,0.027,0.0,0.0,0.08,66.4,8.6,4.2,6.27,11.4,NORMAL
S00002222,WL-005,WHEEL_LOADER,966,TRANSMISSION,2026-01-11,15794.1,841.8,N,48.2,17.8,3.09,10.1,5.1,7.1,3.7,2.1,0.028,0.0,0.0,0.17,70.7,11.2,6.7,4.62,17.4,NORMAL
S00002223,WL-005,WHEEL_LOADER,966,TRANSMISSION,2026-02-18,16180.7,13.1,N,20.8,7.5,1.25,3.3,4.1,3.8,2.0,1.4,0.025,0.0,0.0,0.04,67.6,6.1,3.3,7.54,7.8,NORMAL
S00002224,WL-005,WHEEL_LOADER,966,TRANSMISSION,2026-04-19,16776.7,609.1,N,30.6,16.4,3.02,6.7,6.1,9.2,2.9,2.3,0.021,0.0,0.0,0.15,69.0,9.5,5.5,5.68,13.6,NORMAL
S00002225,WL-005,WHEEL_LOADER,966,TRANSMISSION,2026-05-22,17109.0,941.4,N,51.0,26.1,3.08,8.6,8.7,8.4,3.5,2.6,0.046,0.0,0.0,0.15,68.7,12.7,6.8,4.21,23.6,NORMAL
S00002240,WL-006,WHEEL_LOADER,966,ENGINE,2023-02-17,7868.8,16.0,N,9.6,5.1,1.15,1.6,2.5,4.0,2.7,2.0,0.015,0.86,0.0,0.25,109.8,8.7,5.0,10.22,4.3,NORMAL
S00002241,WL-006,WHEEL_LOADER,966,ENGINE,2023-03-08,8048.1,195.3,N,15.4,5.8,1.68,3.5,5.3,7.2,3.6,2.3,0.012,0.8,0.0,0.43,107.5,10.8,9.0,8.81,5.7,NORMAL
S00002242,WL-006,WHEEL_LOADER,966,ENGINE,2023-04-02,8282.3,429.5,N,24.9,6.8,2.73,6.0,7.4,9.8,5.7,4.4,0.019,0.64,0.0,0.71,106.8,14.2,10.9,7.3,11.0,NORMAL
S00002243,WL-006,WHEEL_LOADER,966,ENGINE,2023-04-23,8473.1,46.8,N,9.7,3.6,1.13,2.8,3.8,4.6,2.1,1.5,0.012,0.3,0.0,0.29,103.6,8.6,7.2,9.67,4.2,NORMAL
S00002244,WL-006,WHEEL_LOADER,966,ENGINE,2023-05-09,8628.6,202.3,N,12.8,6.1,2.33,5.7,4.9,8.7,4.2,3.0,0.013,0.5,0.0,0.39,112.5,11.0,8.7,7.95,7.8,NORMAL
S00002245,WL-006,WHEEL_LOADER,966,ENGINE,2023-06-03,8857.5,431.1,N,20.8,10.3,1.96,5.2,5.1,10.5,6.4,3.6,0.021,0.41,0.0,0.5,113.4,16.7,11.7,6.49,9.4,NORMAL
S00002246,WL-006,WHEEL_LOADER,966,ENGINE,2023-07-01,9121.3,44.1,N,14.1,4.7,1.08,2.3,3.0,4.4,2.0,2.0,0.01,0.36,0.0,0.21,106.2,8.3,7.0,10.15,4.6,NORMAL
S00002247,WL-006,WHEEL_LOADER,966,ENGINE,2023-08-03,9432.6,355.3,N,17.5,5.8,2.12,4.8,5.1,6.9,4.5,3.9,0.015,0.57,0.0,0.5,107.2,12.6,10.2,6.8,9.8,NORMAL
S00002248,WL-006,WHEEL_LOADER,966,ENGINE,2023-09-04,9734.2,46.7,N,12.8,3.4,1.13,2.1,2.7,5.3,2.9,2.3,0.022,0.57,0.0,0.2,108.7,9.3,6.6,9.82,5.3,NORMAL
S00002249,WL-006,WHEEL_LOADER,966,ENGINE,2023-10-06,10033.9,346.4,N,22.5,6.9,2.41,3.0,5.0,11.2,4.5,2.9,0.016,0.6,0.0,0.48,109.5,15.7,8.6,7.25,8.5,NORMAL
S00002250,WL-006,WHEEL_LOADER,966,ENGINE,2023-11-02,10283.0,46.4,N,11.0,7.1,1.24,3.5,3.8,4.2,2.1,1.7,0.025,0.45,0.0,0.25,109.7,10.6,5.0,10.18,5.2,NORMAL
S00002251,WL-006,WHEEL_LOADER,966,ENGINE,2023-12-02,10562.4,325.8,N,23.9,7.1,2.6,4.4,5.1,13.0,4.2,3.8,0.031,0.64,0.0,0.56,113.8,14.6,8.0,7.43,8.6,NORMAL
S00002252,WL-006,WHEEL_LOADER,966,ENGINE,2024-01-04,10870.6,35.1,N,11.7,4.6,1.05,1.9,3.3,4.0,2.0,2.0,0.031,0.63,0.0,0.24,102.5,9.3,5.6,9.29,4.9,NORMAL
S00002253,WL-006,WHEEL_LOADER,966,ENGINE,2024-02-05,11175.8,340.4,N,21.9,7.4,2.81,4.8,5.6,7.9,3.6,3.7,0.021,0.86,0.0,0.57,109.2,13.8,10.7,7.32,12.2,NORMAL
S00002254,WL-006,WHEEL_LOADER,966,ENGINE,2024-02-26,11373.3,35.1,N,20.9,11.1,1.02,9.8,4.0,8.8,2.2,1.5,0.017,0.68,0.0,0.27,107.7,9.7,6.5,10.33,9.7,NORMAL
S00002255,WL-006,WHEEL_LOADER,966,ENGINE,2024-04-01,11696.4,358.2,N,30.7,9.1,2.17,4.1,12.5,35.7,5.2,2.9,0.028,0.46,0.0,0.53,103.5,12.0,9.7,7.1,10.9,MONITOR
S00002256,WL-006,WHEEL_LOADER,966,ENGINE,2024-04-24,11909.9,9.2,N,28.0,4.1,1.25,2.2,15.5,51.7,2.6,1.5,0.016,0.57,0.0,0.22,105.3,9.3,5.7,11.08,4.5,MONITOR
S00002257,WL-006,WHEEL_LOADER,966,ENGINE,2024-05-21,12169.9,269.2,N,25.0,7.9,1.7,4.7,6.2,7.4,3.1,2.8,0.017,0.62,0.0,0.52,105.6,11.6,8.6,8.43,7.9,NORMAL
S00002258,WL-006,WHEEL_LOADER,966,ENGINE,2024-06-22,12466.1,44.4,N,9.9,3.9,1.2,2.8,2.3,5.9,2.4,1.8,0.023,0.69,0.0,0.26,107.0,9.6,5.6,10.17,5.0,NORMAL
S00002259,WL-006,WHEEL_LOADER,966,ENGINE,2024-07-23,12754.6,332.8,N,20.6,8.1,2.36,3.9,6.0,9.1,4.3,3.5,0.019,0.54,0.0,0.43,108.6,13.3,9.0,7.54,8.6,NORMAL
S00002260,WL-006,WHEEL_LOADER,966,ENGINE,2024-08-17,12990.8,2.7,N,10.0,5.0,1.0,2.1,2.4,4.7,1.9,1.6,0.013,0.94,0.0,0.19,108.4,8.7,5.2,10.79,4.8,NORMAL
S00002261,WL-006,WHEEL_LOADER,966,ENGINE,2024-09-17,13281.0,292.8,N,27.5,9.1,2.32,3.7,6.1,7.8,4.0,2.7,0.018,0.59,0.0,0.35,105.5,14.9,8.6,7.84,11.6,NORMAL
S00002262,WL-006,WHEEL_LOADER,966,ENGINE,2024-10-14,13528.8,21.1,N,12.0,3.0,0.77,2.9,3.4,4.9,2.4,1.8,0.018,0.54,0.0,0.15,113.4,8.3,5.7,10.5,3.9,NORMAL
S00002263,WL-006,WHEEL_LOADER,966,ENGINE,2024-11-04,13729.4,221.8,N,17.8,6.9,1.48,3.2,5.2,6.6,3.7,2.4,0.019,0.77,0.0,0.38,104.3,11.4,6.9,9.12,7.1,NORMAL
S00002264,WL-006,WHEEL_LOADER,966,ENGINE,2024-11-20,13880.8,373.2,N,18.9,9.4,2.86,4.9,7.4,9.7,5.6,3.5,0.01,0.67,0.0,0.55,112.3,14.5,8.8,6.89,11.6,NORMAL
S00002265,WL-006,WHEEL_LOADER,966,ENGINE,2024-12-21,14170.5,35.7,N,25.4,17.2,1.15,14.5,2.9,4.1,3.5,1.7,0.018,0.3,0.0,0.21,109.4,8.6,6.1,10.28,16.5,MONITOR
S00002266,WL-006,WHEEL_LOADER,966,ENGINE,2025-01-09,14346.9,212.1,N,19.0,5.7,1.64,4.0,4.1,6.8,3.8,3.2,0.014,0.53,0.0,0.43,106.5,12.2,8.1,8.12,9.0,NORMAL
S00002267,WL-006,WHEEL_LOADER,966,ENGINE,2025-02-06,14614.1,479.3,N,29.0,10.7,2.96,5.2,7.2,13.0,5.5,3.6,0.01,0.5,0.0,0.73,108.0,15.1,11.9,6.66,9.9,NORMAL
S00002268,WL-006,WHEEL_LOADER,966,ENGINE,2025-03-14,14945.6,48.6,N,10.5,4.7,1.51,2.6,3.9,4.8,2.8,1.5,0.027,0.66,0.0,0.26,107.5,8.6,6.3,9.73,3.7,NORMAL
S00002269,WL-006,WHEEL_LOADER,966,ENGINE,2025-04-07,15172.2,275.2,N,16.3,6.4,1.59,4.3,5.9,9.2,4.4,3.4,0.02,0.77,0.0,0.49,106.7,14.9,8.3,8.35,9.1,NORMAL
S00002270,WL-006,WHEEL_LOADER,966,ENGINE,2025-05-07,15456.1,48.8,N,11.7,5.5,0.9,2.6,3.6,5.1,2.4,1.8,0.016,0.72,0.0,0.24,106.7,9.5,6.6,10.85,7.0,NORMAL
S00002271,WL-006,WHEEL_LOADER,966,ENGINE,2025-05-29,15663.2,256.0,N,22.7,8.5,1.73,4.0,5.5,7.2,4.8,3.4,0.044,0.64,0.0,0.4,108.3,12.3,9.6,8.2,6.8,NORMAL
S00002272,WL-006,WHEEL_LOADER,966,ENGINE,2025-06-22,15884.0,476.8,N,24.2,8.1,2.56,5.9,6.4,9.0,5.8,4.1,0.03,0.67,0.0,0.64,107.3,15.8,9.3,6.19,11.4,NORMAL
S00002273,WL-006,WHEEL_LOADER,966,ENGINE,2025-07-21,16158.6,27.5,N,11.3,4.0,1.0,2.3,2.7,3.8,2.6,1.4,0.019,0.45,0.0,0.19,107.7,8.5,5.5,10.16,4.4,NORMAL
S00002274,WL-006,WHEEL_LOADER,966,ENGINE,2025-08-19,16424.8,293.7,N,18.1,7.7,3.11,4.4,4.5,8.0,4.8,5.1,0.018,0.68,0.0,0.52,106.2,13.6,9.1,7.14,8.8,NORMAL
S00002275,WL-006,WHEEL_LOADER,966,ENGINE,2025-09-05,16587.2,456.0,N,23.3,9.4,3.58,5.5,7.1,10.5,4.5,3.3,0.016,0.71,0.0,0.63,112.9,17.5,10.4,6.03,11.2,NORMAL
S00002276,WL-006,WHEEL_LOADER,966,ENGINE,2025-10-07,16885.7,15.3,N,13.3,2.8,1.14,2.5,2.3,4.8,2.7,2.3,0.019,0.31,0.0,0.17,108.9,9.2,6.0,10.28,5.5,NORMAL
S00002277,WL-006,WHEEL_LOADER,966,ENGINE,2025-11-09,17191.6,321.2,N,14.4,7.2,2.14,4.9,5.4,9.0,4.2,2.7,0.018,0.63,0.0,0.49,109.6,13.7,8.3,7.53,9.3,NORMAL
S00002278,WL-006,WHEEL_LOADER,966,ENGINE,2025-12-05,17440.0,51.2,N,13.2,4.1,1.1,2.3,2.4,5.4,2.7,2.4,0.014,0.68,0.0,0.26,106.8,9.4,6.1,10.8,4.6,NORMAL
S00002279,WL-006,WHEEL_LOADER,966,ENGINE,2026-01-01,17688.5,299.7,N,19.2,9.5,2.72,6.1,5.5,10.6,5.6,3.3,0.015,0.53,0.0,0.46,110.1,14.6,9.9,8.1,12.0,NORMAL
S00002280,WL-006,WHEEL_LOADER,966,ENGINE,2026-02-06,18027.4,32.9,N,9.2,4.5,1.36,2.9,2.5,6.0,2.3,1.9,0.021,0.71,0.0,0.22,109.1,9.6,5.8,9.9,5.1,NORMAL
S00002281,WL-006,WHEEL_LOADER,966,ENGINE,2026-03-10,18323.0,328.5,N,16.0,7.2,2.33,5.9,6.8,12.4,4.9,2.9,0.021,0.66,0.0,0.47,106.4,14.1,9.1,7.57,9.4,NORMAL
S00002282,WL-006,WHEEL_LOADER,966,ENGINE,2026-04-08,18596.0,54.3,N,9.4,4.3,1.28,3.1,3.6,5.9,2.2,2.2,0.02,0.74,0.0,0.23,106.3,9.2,6.4,9.69,5.1,NORMAL
S00002283,WL-006,WHEEL_LOADER,966,ENGINE,2026-05-06,18863.4,321.7,N,20.4,10.2,2.55,4.1,6.0,9.0,4.2,3.3,0.025,0.37,0.0,0.45,103.0,14.9,9.7,7.69,10.5,NORMAL
S00002284,WL-006,WHEEL_LOADER,966,ENGINE,2026-05-30,19085.7,8.7,N,7.5,4.7,1.15,2.5,2.9,5.9,2.8,1.9,0.02,0.83,0.0,0.21,108.2,8.5,5.2,10.26,5.3,NORMAL
S00002285,WL-006,WHEEL_LOADER,966,ENGINE,2026-06-23,19312.6,235.6,N,20.5,6.3,1.66,3.0,5.1,7.2,4.2,2.8,0.015,0.43,0.0,0.49,105.9,12.1,7.3,8.97,8.4,NORMAL
S00002323,WL-006,WHEEL_LOADER,966,FINAL_DRIVE,2023-04-01,8448.6,1153.4,N,130.5,9.3,4.64,7.9,6.7,10.2,3.2,2.4,0.046,0.0,0.0,0.05,99.0,8.5,4.1,4.46,27.9,NORMAL
S00002324,WL-006,WHEEL_LOADER,966,FINAL_DRIVE,2023-06-30,9291.3,1996.2,N,187.3,10.7,11.52,10.0,11.0,12.3,4.0,2.9,0.617,0.0,0.0,0.07,94.4,9.4,5.4,3.75,92.7,CRITICAL
S00002325,WL-006,WHEEL_LOADER,966,FINAL_DRIVE,2023-09-28,10134.0,57.7,N,51.9,5.2,2.79,4.7,2.9,5.0,1.8,1.2,0.062,0.0,0.0,0.03,102.2,5.1,2.6,5.48,21.8,NORMAL
S00002326,WL-006,WHEEL_LOADER,966,FINAL_DRIVE,2023-12-27,10976.8,900.5,N,87.4,8.4,4.4,8.5,5.4,9.4,3.3,1.9,0.068,0.0,0.0,0.05,99.2,7.0,4.0,4.89,45.8,NORMAL
S00002327,WL-006,WHEEL_LOADER,966,FINAL_DRIVE,2024-03-26,11819.5,1743.2,N,114.3,11.8,7.23,9.5,7.6,10.3,3.9,2.8,0.092,0.0,0.0,0.06,103.6,8.6,5.1,3.97,38.8,NORMAL
S00002328,WL-006,WHEEL_LOADER,966,FINAL_DRIVE,2024-06-24,12662.2,30.7,N,49.0,5.7,2.73,4.6,3.8,6.6,1.8,1.3,0.054,0.0,0.0,0.03,103.0,4.6,2.3,5.29,14.5,NORMAL
S00002329,WL-006,WHEEL_LOADER,966,FINAL_DRIVE,2024-09-22,13505.0,873.4,N,85.3,10.1,5.4,7.6,6.6,11.0,2.5,2.3,0.064,0.0,0.0,0.06,99.5,7.5,3.6,4.63,26.4,NORMAL
S00002330,WL-006,WHEEL_LOADER,966,FINAL_DRIVE,2024-12-21,14347.7,1716.1,N,114.9,9.9,6.52,9.9,6.5,13.5,3.6,2.8,0.106,0.0,0.0,0.06,105.1,9.2,5.3,3.75,36.9,NORMAL
S00002331,WL-006,WHEEL_LOADER,966,FINAL_DRIVE,2025-03-21,15190.4,49.8,N,54.8,5.4,4.15,4.2,3.3,4.7,1.6,1.1,0.077,0.0,0.0,0.03,100.2,5.3,2.9,5.03,16.8,NORMAL
S00002332,WL-006,WHEEL_LOADER,966,FINAL_DRIVE,2025-06-19,16033.2,892.5,N,80.2,9.8,4.47,7.8,7.2,10.4,2.3,1.8,0.039,0.0,0.0,0.05,103.1,6.4,4.2,4.97,30.7,NORMAL
S00002333,WL-006,WHEEL_LOADER,966,FINAL_DRIVE,2025-09-17,16875.9,1735.2,N,101.1,11.8,5.53,10.7,7.8,12.5,6.3,2.8,0.028,0.0,0.0,0.07,99.7,9.9,5.2,3.94,47.6,NORMAL
S00002334,WL-006,WHEEL_LOADER,966,FINAL_DRIVE,2025-12-16,17718.6,9.1,N,55.6,4.0,2.27,4.9,4.9,4.4,1.8,1.1,0.062,0.0,0.0,0.02,103.2,4.9,2.8,5.77,17.2,NORMAL
S00002335,WL-006,WHEEL_LOADER,966,FINAL_DRIVE,2026-03-16,18561.3,851.9,N,92.6,7.7,4.75,8.8,5.7,8.2,3.4,2.5,0.056,0.0,0.0,0.05,102.2,7.0,4.5,4.6,23.6,NORMAL
S00002336,WL-006,WHEEL_LOADER,966,FINAL_DRIVE,2026-06-14,19404.1,1694.6,N,105.0,12.2,6.49,11.1,7.7,13.5,4.4,2.6,0.031,0.0,0.0,0.07,98.5,9.4,5.4,3.78,33.8,NORMAL
S00002286,WL-006,WHEEL_LOADER,966,HYDRAULIC,2023-03-31,8317.7,1708.9,N,10.9,4.6,1.36,2.5,4.1,6.6,3.6,2.8,0.044,0.0,0.0,0.09,44.6,10.7,5.1,2.81,7.6,NORMAL
S00002287,WL-006,WHEEL_LOADER,966,HYDRAULIC,2023-06-29,9160.4,54.9,N,8.3,2.0,0.64,1.2,2.4,3.5,1.3,1.1,0.045,0.0,0.0,0.03,46.1,6.0,3.1,4.51,3.4,NORMAL
S00002288,WL-006,WHEEL_LOADER,966,HYDRAULIC,2023-09-27,10003.2,897.6,N,8.3,3.3,0.86,1.6,3.6,4.5,3.0,2.2,0.03,0.0,0.0,0.04,44.3,8.0,4.2,3.58,9.2,NORMAL
S00002289,WL-006,WHEEL_LOADER,966,HYDRAULIC,2023-12-26,10845.9,1740.4,N,14.1,5.2,1.18,3.4,3.3,8.0,5.3,2.3,0.037,0.0,0.0,0.05,47.9,9.9,5.2,2.89,8.2,NORMAL
S00002290,WL-006,WHEEL_LOADER,966,HYDRAULIC,2024-03-25,11688.6,50.3,N,7.9,2.5,0.59,1.4,1.6,3.3,1.9,1.2,0.042,0.0,0.0,0.02,45.5,4.3,2.7,4.99,3.3,NORMAL
S00002291,WL-006,WHEEL_LOADER,966,HYDRAULIC,2024-06-23,12531.4,893.0,N,8.2,3.8,0.94,2.6,3.6,7.3,2.5,1.9,0.027,0.0,0.0,0.05,46.0,8.0,4.0,3.97,5.5,NORMAL
S00002292,WL-006,WHEEL_LOADER,966,HYDRAULIC,2024-09-21,13374.1,1735.7,N,15.3,5.8,1.06,2.3,4.3,7.3,5.0,2.5,0.047,0.0,0.0,0.08,46.0,10.7,5.7,3.02,6.5,NORMAL
S00002293,WL-006,WHEEL_LOADER,966,HYDRAULIC,2024-12-20,14216.8,23.9,N,7.1,1.7,0.73,1.3,1.8,3.6,1.8,1.2,0.028,0.0,0.0,0.03,46.2,5.8,3.2,4.74,4.0,NORMAL
S00002294,WL-006,WHEEL_LOADER,966,HYDRAULIC,2025-03-20,15059.5,866.7,N,10.2,3.0,1.24,1.5,2.7,7.1,2.9,1.9,0.027,0.0,0.0,0.04,46.7,7.6,4.2,3.66,7.6,NORMAL
S00002295,WL-006,WHEEL_LOADER,966,HYDRAULIC,2025-06-18,15902.3,1709.4,N,14.2,6.3,1.35,2.7,5.1,9.7,3.4,3.1,0.035,0.0,0.0,0.08,46.1,9.9,5.2,2.91,7.5,NORMAL
S00002296,WL-006,WHEEL_LOADER,966,HYDRAULIC,2025-09-16,16745.0,25.5,N,6.6,2.7,0.56,1.3,1.8,2.8,2.0,1.1,0.036,0.0,0.0,0.03,47.0,5.7,2.4,4.8,4.7,NORMAL
S00002297,WL-006,WHEEL_LOADER,966,HYDRAULIC,2025-12-15,17587.7,868.2,N,11.1,4.0,0.89,2.2,2.7,4.7,2.6,1.9,0.026,0.0,0.0,0.05,46.4,7.7,4.1,3.84,6.0,NORMAL
S00002298,WL-006,WHEEL_LOADER,966,HYDRAULIC,2026-03-15,18430.5,1710.9,N,16.6,4.6,0.98,2.5,3.9,7.2,4.3,2.2,0.048,0.0,0.0,0.1,47.0,10.8,5.9,2.88,7.7,NORMAL
S00002299,WL-006,WHEEL_LOADER,966,HYDRAULIC,2026-06-13,19273.2,12.0,N,7.2,3.5,0.7,0.7,1.9,2.8,1.6,1.2,0.048,0.0,0.0,0.02,45.0,4.9,2.7,4.28,3.4,NORMAL
S00002300,WL-006,WHEEL_LOADER,966,TRANSMISSION,2023-03-10,8176.6,51.3,N,25.4,8.3,2.19,3.5,2.2,3.5,1.5,1.4,0.026,0.0,0.0,0.05,68.8,7.1,3.6,7.06,8.1,NORMAL
S00002301,WL-006,WHEEL_LOADER,966,TRANSMISSION,2023-05-02,8677.3,552.1,N,53.2,17.2,3.38,7.1,4.9,9.1,3.6,1.4,0.051,0.0,0.0,0.14,70.7,10.1,5.9,5.91,17.9,NORMAL
S00002302,WL-006,WHEEL_LOADER,966,TRANSMISSION,2023-06-30,9230.6,48.3,N,23.4,10.1,1.94,2.9,2.6,5.1,2.3,1.0,0.024,0.0,0.0,0.06,69.5,7.1,3.8,6.08,7.5,NORMAL
S00002303,WL-006,WHEEL_LOADER,966,TRANSMISSION,2023-08-16,9665.7,483.4,N,32.6,12.2,2.51,4.9,5.6,6.9,2.6,1.7,0.018,0.0,0.0,0.11,70.1,8.4,5.1,5.82,13.7,NORMAL
S00002304,WL-006,WHEEL_LOADER,966,TRANSMISSION,2023-10-11,10193.4,48.0,N,18.2,8.5,2.15,5.4,3.3,5.5,2.2,1.5,0.037,0.0,0.0,0.05,67.0,7.1,3.6,6.82,7.8,NORMAL
S00002305,WL-006,WHEEL_LOADER,966,TRANSMISSION,2023-11-22,10586.6,441.2,N,39.8,10.9,2.83,7.0,3.9,5.5,2.5,1.8,0.033,0.0,0.0,0.12,68.5,10.0,4.7,5.27,11.9,NORMAL
S00002306,WL-006,WHEEL_LOADER,966,TRANSMISSION,2024-01-09,11030.0,884.6,N,54.4,13.8,5.67,9.7,7.9,8.7,4.3,2.8,0.048,0.0,0.0,0.14,64.9,12.3,6.5,4.95,21.3,NORMAL
S00002307,WL-006,WHEEL_LOADER,966,TRANSMISSION,2024-03-04,11548.6,30.8,N,24.0,10.8,2.03,4.1,3.3,3.9,1.6,1.2,0.026,0.0,0.0,0.04,67.1,6.6,3.9,7.3,5.6,NORMAL
S00002308,WL-006,WHEEL_LOADER,966,TRANSMISSION,2024-05-15,12224.9,707.1,N,40.4,16.1,2.99,7.1,6.0,6.2,2.9,2.2,0.044,0.0,0.0,0.11,73.1,11.7,6.3,4.86,18.2,NORMAL
S00002309,WL-006,WHEEL_LOADER,966,TRANSMISSION,2024-07-19,12827.8,19.2,N,18.6,8.4,1.74,2.7,2.5,4.1,1.3,1.2,0.035,0.0,0.0,0.05,65.7,6.6,3.8,6.53,7.5,NORMAL
S00002310,WL-006,WHEEL_LOADER,966,TRANSMISSION,2024-09-08,13306.6,498.0,N,37.4,11.3,3.14,7.2,4.8,7.0,3.3,2.2,0.041,0.0,0.0,0.1,69.7,8.7,6.1,5.44,17.6,NORMAL
S00002311,WL-006,WHEEL_LOADER,966,TRANSMISSION,2024-10-31,13807.3,998.7,N,39.2,22.1,5.25,7.8,8.8,10.0,4.3,2.4,0.038,0.0,0.0,0.18,69.2,12.7,7.5,3.98,18.6,NORMAL
S00002312,WL-006,WHEEL_LOADER,966,TRANSMISSION,2024-12-26,14331.6,28.9,N,23.7,8.0,1.72,3.4,2.9,4.4,2.0,1.3,0.02,0.0,0.0,0.05,69.5,7.1,3.6,6.32,7.7,NORMAL
S00002313,WL-006,WHEEL_LOADER,966,TRANSMISSION,2025-02-23,14881.4,578.7,N,40.0,16.2,3.76,6.2,6.0,7.9,2.6,2.2,0.037,0.0,0.0,0.14,68.0,9.1,6.0,5.16,17.6,NORMAL
S00002314,WL-006,WHEEL_LOADER,966,TRANSMISSION,2025-04-18,15384.7,16.2,N,20.5,6.6,1.62,3.9,3.3,5.0,1.6,1.4,0.021,0.0,0.0,0.05,65.8,7.1,3.5,7.19,6.9,NORMAL
S00002315,WL-006,WHEEL_LOADER,966,TRANSMISSION,2025-06-16,15936.7,568.2,N,35.8,14.5,3.89,6.2,7.5,10.3,2.5,1.5,0.03,0.0,0.0,0.12,70.6,9.2,4.7,5.1,15.0,NORMAL
S00002316,WL-006,WHEEL_LOADER,966,TRANSMISSION,2025-08-26,16605.5,34.2,N,20.8,8.5,1.53,3.8,3.0,3.8,1.5,1.1,0.021,0.0,0.0,0.06,70.0,6.6,3.6,7.07,9.2,NORMAL
S00002317,WL-006,WHEEL_LOADER,966,TRANSMISSION,2025-09-25,16887.6,316.3,N,32.8,10.7,3.57,5.5,3.8,4.1,2.2,1.7,0.034,0.0,0.0,0.08,67.4,8.0,4.8,5.83,15.2,NORMAL
S00002318,WL-006,WHEEL_LOADER,966,TRANSMISSION,2025-11-12,17331.0,759.7,N,49.3,28.3,3.27,15.0,6.5,7.9,4.6,2.3,0.045,0.0,0.0,0.15,66.7,10.7,6.2,5.16,16.1,MONITOR
S00002319,WL-006,WHEEL_LOADER,966,TRANSMISSION,2026-01-06,17854.4,28.6,N,76.6,7.0,5.63,3.7,2.9,3.7,1.8,1.1,0.041,0.0,0.0,0.05,66.4,7.2,3.6,6.86,40.4,MONITOR
S00002320,WL-006,WHEEL_LOADER,966,TRANSMISSION,2026-03-05,18395.4,569.6,N,27.9,15.8,3.6,6.3,5.3,7.4,4.5,2.3,0.035,0.0,0.0,0.12,65.6,10.2,5.0,4.97,13.6,NORMAL
S00002321,WL-006,WHEEL_LOADER,966,TRANSMISSION,2026-04-20,18825.9,47.8,N,41.7,8.0,2.58,3.2,2.5,3.0,1.9,1.4,0.017,0.0,0.0,0.06,69.1,6.8,3.8,6.69,14.7,NORMAL
S00002322,WL-006,WHEEL_LOADER,966,TRANSMISSION,2026-06-18,19374.2,596.1,N,40.0,17.6,3.55,6.3,4.7,8.6,3.1,2.4,0.031,0.0,0.0,0.12,70.8,8.9,6.0,4.51,20.4,NORMAL
S00002337,WL-007,WHEEL_LOADER,966,ENGINE,2023-02-09,5810.2,251.5,N,21.0,8.6,1.94,3.5,3.6,8.8,3.6,2.4,0.024,0.52,0.0,0.42,108.4,13.1,8.7,8.27,8.0,NORMAL
S00002338,WL-007,WHEEL_LOADER,966,ENGINE,2023-03-10,6114.4,50.4,N,12.2,4.2,1.31,2.5,3.5,5.7,2.6,1.8,0.022,0.56,0.0,0.26,107.6,9.1,5.8,9.86,4.6,NORMAL
S00002339,WL-007,WHEEL_LOADER,966,ENGINE,2023-04-05,6382.6,318.6,N,18.0,8.1,2.66,4.6,5.2,7.2,5.2,2.6,0.015,0.51,0.0,0.48,109.6,13.6,9.5,8.22,7.3,NORMAL
S00002340,WL-007,WHEEL_LOADER,966,ENGINE,2023-05-05,6695.7,47.4,N,11.0,3.3,1.68,2.8,3.9,5.4,2.5,1.9,0.035,0.57,0.0,0.23,109.4,9.0,6.0,9.95,5.5,NORMAL
S00002341,WL-007,WHEEL_LOADER,966,ENGINE,2023-05-31,6958.5,310.2,N,20.2,7.7,2.78,5.2,5.3,11.2,4.0,3.9,0.017,0.95,0.0,0.44,108.9,14.9,9.3,8.54,11.2,NORMAL
S00002342,WL-007,WHEEL_LOADER,966,ENGINE,2023-07-06,7331.5,28.1,N,9.6,3.3,1.14,2.6,2.9,4.5,2.0,1.7,0.017,0.46,0.0,0.24,107.4,8.9,6.3,9.78,4.7,NORMAL
S00002343,WL-007,WHEEL_LOADER,966,ENGINE,2023-07-23,7507.7,204.2,N,18.5,6.0,1.8,3.3,5.4,7.0,2.9,2.7,0.027,0.86,0.0,0.46,105.9,11.7,6.4,9.69,7.5,NORMAL
S00002344,WL-007,WHEEL_LOADER,966,ENGINE,2023-08-11,7708.9,405.5,N,22.7,11.2,2.08,4.5,7.4,9.7,6.4,5.0,0.023,1.1,0.0,0.52,111.1,16.8,10.2,7.07,10.1,NORMAL
S00002345,WL-007,WHEEL_LOADER,966,ENGINE,2023-09-05,7961.8,28.9,N,10.0,4.8,1.35,3.3,3.2,4.1,2.5,2.1,0.027,1.55,0.0,0.27,104.2,9.3,6.3,10.15,4.3,NORMAL
S00002346,WL-007,WHEEL_LOADER,966,ENGINE,2023-09-26,8180.7,247.8,N,13.9,4.4,2.57,3.7,3.8,8.2,4.2,3.7,0.032,2.59,0.0,0.54,102.0,13.0,8.8,8.93,6.3,NORMAL
S00002347,WL-007,WHEEL_LOADER,966,ENGINE,2023-10-18,8407.8,474.9,N,19.3,10.2,3.39,4.2,6.8,9.5,6.0,4.3,0.012,4.06,0.0,0.89,93.1,14.7,10.8,6.44,11.0,NORMAL
S00002348,WL-007,WHEEL_LOADER,966,ENGINE,2023-11-10,8649.2,50.2,N,11.2,4.2,1.35,2.4,4.9,4.9,2.7,2.4,0.02,5.86,0.0,0.49,90.3,9.3,5.4,10.26,4.7,MONITOR
S00002349,WL-007,WHEEL_LOADER,966,ENGINE,2023-12-02,8881.8,282.7,N,14.9,6.1,2.37,4.9,4.8,8.4,3.6,2.4,0.014,8.17,0.0,0.76,81.6,13.0,8.3,8.66,6.9,MONITOR
S00002350,WL-007,WHEEL_LOADER,966,ENGINE,2023-12-24,9102.8,30.6,N,11.4,3.6,1.71,3.0,3.3,3.3,2.6,1.6,0.02,1.03,0.0,0.2,111.4,10.0,5.4,9.03,5.1,NORMAL
S00002351,WL-007,WHEEL_LOADER,966,ENGINE,2024-01-24,9423.6,351.4,N,24.0,5.5,2.1,5.0,6.9,11.2,3.8,3.6,0.023,0.51,0.0,0.6,104.6,13.8,10.4,7.0,11.8,NORMAL
S00002352,WL-007,WHEEL_LOADER,966,ENGINE,2024-02-14,9647.9,14.1,N,10.0,3.5,1.09,3.3,2.5,4.8,3.0,1.8,0.029,0.59,0.0,0.19,108.8,7.9,6.3,9.82,5.0,NORMAL
S00002353,WL-007,WHEEL_LOADER,966,ENGINE,2024-03-04,9844.1,210.3,N,14.0,5.9,2.08,3.2,5.6,8.1,3.4,2.9,0.03,0.43,0.0,0.4,111.6,10.9,7.8,9.01,8.7,NORMAL
S00002354,WL-007,WHEEL_LOADER,966,ENGINE,2024-04-03,10144.7,23.7,N,8.5,2.9,1.26,2.2,3.3,4.6,2.0,2.2,0.017,0.6,0.0,0.24,105.1,9.3,7.0,10.18,5.3,NORMAL
S00002355,WL-007,WHEEL_LOADER,966,ENGINE,2024-04-25,10379.0,258.0,N,15.3,7.6,2.0,4.6,7.5,6.2,4.5,2.8,0.014,0.71,0.0,0.59,103.3,12.2,8.1,8.33,9.4,NORMAL
S00002356,WL-007,WHEEL_LOADER,966,ENGINE,2024-05-23,10668.6,26.6,N,11.2,4.3,1.29,2.3,3.3,5.3,2.3,2.1,0.012,1.02,0.0,0.23,101.9,7.7,5.7,10.02,4.2,NORMAL
S00002357,WL-007,WHEEL_LOADER,966,ENGINE,2024-06-23,10992.3,350.3,N,20.7,8.1,2.48,4.6,6.1,6.5,3.5,3.5,0.019,0.32,0.0,0.54,108.6,13.2,9.4,7.83,6.2,NORMAL
S00002358,WL-007,WHEEL_LOADER,966,ENGINE,2024-07-09,11154.8,32.7,N,11.2,4.3,1.11,2.2,3.1,5.1,2.6,2.2,0.03,0.53,0.0,0.26,109.9,9.5,6.0,10.06,3.5,NORMAL
S00002359,WL-007,WHEEL_LOADER,966,ENGINE,2024-07-26,11325.5,203.3,N,13.9,6.8,2.42,3.9,5.2,7.4,3.4,3.2,0.022,0.45,0.0,0.34,105.9,11.1,7.7,9.16,6.1,NORMAL
S00002360,WL-007,WHEEL_LOADER,966,ENGINE,2024-08-23,11617.9,495.8,N,31.4,11.9,2.45,6.8,9.8,26.3,5.1,3.2,0.019,0.96,0.0,0.79,104.0,17.3,11.6,6.4,9.1,MONITOR
S00002361,WL-007,WHEEL_LOADER,966,ENGINE,2024-09-11,11814.2,46.2,N,18.4,5.7,1.06,3.0,10.0,29.5,2.7,1.8,0.022,0.78,0.0,0.24,103.5,9.7,6.1,9.44,6.2,MONITOR
S00002362,WL-007,WHEEL_LOADER,966,ENGINE,2024-09-29,11998.5,230.5,N,36.5,6.7,1.62,3.6,14.3,47.9,3.9,3.5,0.013,0.35,0.0,0.42,104.9,11.9,8.7,8.32,9.9,MONITOR
S00002363,WL-007,WHEEL_LOADER,966,ENGINE,2024-10-26,12279.6,41.0,N,12.4,4.7,1.48,2.5,2.8,4.9,2.4,2.5,0.022,0.75,0.0,0.24,103.6,8.2,6.5,9.6,4.7,NORMAL
S00002364,WL-007,WHEEL_LOADER,966,ENGINE,2024-11-23,12570.7,332.1,N,23.3,9.6,2.04,4.4,5.5,10.8,4.7,3.3,0.021,0.35,0.0,0.61,106.1,12.5,9.1,8.18,11.7,NORMAL
S00002365,WL-007,WHEEL_LOADER,966,ENGINE,2024-12-15,12801.9,40.1,N,13.0,4.7,1.3,2.1,2.6,4.4,2.4,2.2,0.024,0.55,0.0,0.25,102.6,7.8,6.3,9.59,5.2,NORMAL
S00002366,WL-007,WHEEL_LOADER,966,ENGINE,2025-01-10,13070.4,308.6,N,17.9,6.8,3.21,4.3,6.1,9.9,5.0,2.8,0.019,0.51,0.0,0.57,110.5,15.1,7.5,7.56,8.7,NORMAL
S00002367,WL-007,WHEEL_LOADER,966,ENGINE,2025-01-29,13265.9,7.6,N,11.0,4.4,0.82,2.2,2.5,4.9,1.7,1.8,0.036,0.71,0.0,0.19,107.9,8.0,6.4,10.89,3.4,NORMAL
S00002368,WL-007,WHEEL_LOADER,966,ENGINE,2025-02-23,13527.3,269.0,N,13.5,7.1,1.83,5.6,5.4,9.5,2.6,2.3,0.017,0.41,0.0,0.45,110.2,13.7,8.6,7.57,6.0,NORMAL
S00002369,WL-007,WHEEL_LOADER,966,ENGINE,2025-03-24,13818.5,9.7,N,10.3,4.4,1.26,2.6,2.9,5.7,3.2,1.9,0.036,0.21,0.0,0.23,102.3,8.9,4.7,10.56,4.1,NORMAL
S00002370,WL-007,WHEEL_LOADER,966,ENGINE,2025-04-19,14094.4,285.7,N,18.9,8.9,2.46,6.5,5.9,7.4,3.7,3.4,0.017,0.55,0.0,0.44,107.5,12.6,10.1,7.61,11.5,NORMAL
S00002371,WL-007,WHEEL_LOADER,966,ENGINE,2025-05-06,14263.1,454.4,N,23.2,11.1,3.2,5.9,6.0,8.3,5.3,5.7,0.028,1.01,0.0,0.59,109.3,15.2,11.0,7.18,10.1,NORMAL
S00002372,WL-007,WHEEL_LOADER,966,ENGINE,2025-05-27,14488.9,36.5,N,10.5,4.4,1.12,2.6,2.7,6.9,2.4,1.6,0.028,0.57,0.0,0.27,106.3,8.4,5.6,10.07,5.0,NORMAL
S00002373,WL-007,WHEEL_LOADER,966,ENGINE,2025-06-18,14710.2,257.8,N,16.7,8.0,2.42,4.8,4.3,7.6,3.3,3.7,0.019,0.84,0.0,0.46,105.4,12.5,7.3,6.85,8.9,NORMAL
S00002374,WL-007,WHEEL_LOADER,966,ENGINE,2025-07-11,14949.2,496.8,N,31.7,9.9,2.81,7.4,7.7,12.5,6.2,3.6,0.021,0.59,0.0,0.68,104.3,16.5,11.2,6.82,10.4,NORMAL
S00002375,WL-007,WHEEL_LOADER,966,ENGINE,2025-07-31,15153.4,12.0,N,11.5,3.7,1.16,2.0,2.5,4.6,2.7,1.9,0.022,0.55,0.0,0.19,107.2,9.0,5.1,10.63,4.3,NORMAL
S00002376,WL-007,WHEEL_LOADER,966,ENGINE,2025-08-25,15412.8,271.4,N,18.4,6.2,2.63,3.7,5.4,7.9,3.1,3.2,0.038,0.72,0.0,0.45,107.3,12.7,8.5,7.77,7.6,NORMAL
S00002377,WL-007,WHEEL_LOADER,966,ENGINE,2025-09-22,15706.6,41.4,N,12.0,3.3,1.36,3.1,2.8,3.7,2.4,1.9,0.012,0.68,0.0,0.22,109.4,8.7,6.3,10.09,4.1,NORMAL
S00002378,WL-007,WHEEL_LOADER,966,ENGINE,2025-10-15,15938.5,273.3,N,19.4,5.0,2.02,4.9,4.2,7.5,4.0,2.9,0.028,0.47,0.0,0.57,108.2,12.5,9.3,8.35,10.5,NORMAL
S00002379,WL-007,WHEEL_LOADER,966,ENGINE,2025-11-09,16207.2,23.3,N,11.4,4.6,1.22,1.7,2.6,3.6,2.7,1.4,0.014,0.66,0.0,0.24,106.2,9.9,6.6,9.7,5.4,NORMAL
S00002380,WL-007,WHEEL_LOADER,966,ENGINE,2025-12-01,16433.2,249.4,N,15.5,5.1,2.4,4.4,5.7,6.1,4.2,2.4,0.011,0.91,0.0,0.49,100.9,12.2,8.8,8.23,9.1,NORMAL
S00002381,WL-007,WHEEL_LOADER,966,ENGINE,2025-12-26,16690.0,4.6,N,12.3,3.8,1.3,2.7,2.8,5.4,2.6,1.6,0.012,0.78,0.0,0.22,107.1,9.8,4.9,9.28,4.5,NORMAL
S00002382,WL-007,WHEEL_LOADER,966,ENGINE,2026-01-20,16947.0,261.6,N,20.0,8.0,2.36,3.2,4.2,8.2,4.0,2.2,0.025,0.5,0.0,0.37,107.7,14.6,8.4,8.08,9.8,NORMAL
S00002383,WL-007,WHEEL_LOADER,966,ENGINE,2026-02-08,17148.4,463.0,N,20.1,9.4,2.87,5.5,7.4,10.5,5.1,5.2,0.02,0.72,0.0,0.74,105.2,16.5,11.2,6.06,14.9,NORMAL
S00002384,WL-007,WHEEL_LOADER,966,ENGINE,2026-03-11,17468.1,33.1,N,10.6,3.6,1.08,2.5,3.1,4.5,2.1,1.5,0.025,0.65,0.0,0.17,111.9,9.7,6.3,10.3,4.9,NORMAL
S00002385,WL-007,WHEEL_LOADER,966,ENGINE,2026-03-27,17627.5,192.5,N,18.2,6.5,1.74,4.2,4.3,7.9,3.5,2.4,0.016,0.45,0.0,0.4,106.0,12.0,7.1,8.58,8.6,NORMAL
S00002386,WL-007,WHEEL_LOADER,966,ENGINE,2026-04-13,17800.6,365.6,N,20.2,8.6,2.84,7.8,8.4,9.6,3.3,3.3,0.026,0.93,0.0,0.68,109.3,14.3,10.2,7.5,10.4,NORMAL
S00002387,WL-007,WHEEL_LOADER,966,ENGINE,2026-05-05,18031.0,20.7,N,10.4,5.1,1.34,2.0,3.0,5.5,2.6,2.0,0.012,0.68,0.0,0.23,115.1,8.8,5.9,11.42,6.1,NORMAL
S00002388,WL-007,WHEEL_LOADER,966,ENGINE,2026-05-28,18268.6,258.3,N,24.5,7.1,1.37,3.8,5.8,12.7,3.7,3.3,0.018,0.58,0.0,0.39,111.4,11.8,8.5,8.03,7.5,NORMAL
S00002389,WL-007,WHEEL_LOADER,966,ENGINE,2026-06-28,18591.9,37.6,N,18.8,3.7,1.58,2.3,8.2,24.7,2.3,2.3,0.015,0.5,0.0,0.21,109.3,8.3,6.2,9.79,4.9,MONITOR
S00002430,WL-007,WHEEL_LOADER,966,FINAL_DRIVE,2023-03-22,6293.5,48.5,N,113.3,5.4,7.9,4.0,3.3,5.1,2.2,1.2,0.036,0.0,0.0,0.02,97.0,4.5,2.7,5.7,69.0,NORMAL
S00002431,WL-007,WHEEL_LOADER,966,FINAL_DRIVE,2023-06-20,7224.6,979.6,N,76.1,9.3,5.37,7.6,6.7,8.8,3.6,2.1,0.059,0.0,0.0,0.06,99.3,6.9,3.9,4.76,24.0,NORMAL
S00002432,WL-007,WHEEL_LOADER,966,FINAL_DRIVE,2023-08-29,7951.7,1706.7,N,93.3,11.9,8.6,10.1,6.0,12.3,3.9,2.6,0.048,0.0,0.0,0.07,100.5,8.4,4.8,3.87,44.2,NORMAL
S00002433,WL-007,WHEEL_LOADER,966,FINAL_DRIVE,2023-11-27,8882.8,58.8,N,46.5,6.6,4.67,4.7,2.8,5.2,1.6,1.0,0.034,0.0,0.0,0.02,99.2,5.0,2.9,5.64,21.0,NORMAL
S00002434,WL-007,WHEEL_LOADER,966,FINAL_DRIVE,2024-01-26,9506.5,682.4,N,61.9,6.3,4.09,7.2,5.8,8.2,2.5,1.8,0.081,0.0,0.0,0.05,101.2,6.8,4.0,5.33,28.5,NORMAL
S00002435,WL-007,WHEEL_LOADER,966,FINAL_DRIVE,2024-04-25,10437.6,1613.6,N,95.2,9.7,6.29,7.7,7.5,11.4,3.3,2.7,0.043,0.0,0.0,0.07,97.3,8.7,5.2,3.88,49.6,NORMAL
S00002436,WL-007,WHEEL_LOADER,966,FINAL_DRIVE,2024-07-18,11303.5,45.8,N,47.1,4.9,3.32,5.7,4.2,5.8,1.7,1.1,0.043,0.0,0.0,0.03,95.3,4.8,2.7,5.94,17.5,NORMAL
S00002437,WL-007,WHEEL_LOADER,966,FINAL_DRIVE,2024-10-16,12234.6,976.9,N,95.4,9.9,4.37,7.6,5.3,10.9,2.2,2.2,0.064,0.0,0.0,0.05,101.5,6.6,4.3,4.82,33.9,NORMAL
S00002438,WL-007,WHEEL_LOADER,966,FINAL_DRIVE,2025-01-14,13165.8,1908.0,N,120.9,12.0,5.82,11.7,10.1,11.1,4.3,2.0,0.065,0.0,0.0,0.08,101.1,9.0,4.9,3.67,43.4,NORMAL
S00002439,WL-007,WHEEL_LOADER,966,FINAL_DRIVE,2025-04-14,14096.9,31.1,N,44.7,5.2,3.49,4.2,3.3,5.0,1.6,1.4,0.039,0.0,0.0,0.02,100.4,4.6,2.9,5.53,17.9,NORMAL
S00002440,WL-007,WHEEL_LOADER,966,FINAL_DRIVE,2025-07-07,14960.2,894.4,N,83.5,9.1,5.04,7.2,4.2,8.0,2.5,1.9,0.059,0.0,0.0,0.05,101.9,7.2,4.2,4.62,27.9,NORMAL
S00002441,WL-007,WHEEL_LOADER,966,FINAL_DRIVE,2025-10-02,15860.3,1794.6,N,109.7,10.4,6.27,12.2,8.9,14.0,3.7,2.5,0.035,0.0,0.0,0.08,97.7,9.8,5.3,3.71,43.7,NORMAL
S00002442,WL-007,WHEEL_LOADER,966,FINAL_DRIVE,2025-11-19,16357.6,46.5,N,53.8,5.0,2.18,5.5,4.6,4.3,1.7,1.1,0.042,0.0,0.0,0.02,98.7,4.4,2.9,5.49,15.1,NORMAL
S00002443,WL-007,WHEEL_LOADER,966,FINAL_DRIVE,2026-02-12,17238.4,927.4,N,100.5,7.1,5.07,6.6,5.2,7.9,2.6,2.2,0.043,0.0,0.0,0.05,101.0,6.9,3.6,5.41,30.0,NORMAL
S00002444,WL-007,WHEEL_LOADER,966,FINAL_DRIVE,2026-04-30,18034.5,1723.4,N,98.3,10.6,7.86,9.5,8.7,13.7,4.8,2.2,0.046,0.0,0.0,0.07,102.1,8.3,5.8,3.73,38.8,NORMAL
S00002390,WL-007,WHEEL_LOADER,966,HYDRAULIC,2023-04-05,6581.1,16.7,N,8.4,2.5,0.67,1.0,1.5,3.7,1.3,0.8,0.032,0.0,0.0,0.03,46.2,5.5,3.1,4.68,4.0,NORMAL
S00002391,WL-007,WHEEL_LOADER,966,HYDRAULIC,2023-07-04,7512.2,947.8,N,11.1,3.9,1.05,2.3,2.5,4.5,3.7,1.8,0.043,0.0,0.0,0.05,44.6,8.5,4.7,3.97,4.7,NORMAL
S00002392,WL-007,WHEEL_LOADER,966,HYDRAULIC,2023-10-02,8443.3,1878.9,N,16.7,5.6,0.85,2.6,3.7,6.8,4.0,2.9,0.034,0.0,0.0,0.08,46.1,11.1,5.3,3.0,8.3,NORMAL
S00002393,WL-007,WHEEL_LOADER,966,HYDRAULIC,2023-12-31,9374.4,50.3,N,5.5,2.3,0.6,1.3,1.6,4.4,1.4,1.1,0.034,0.0,0.0,0.03,47.4,5.1,2.6,4.7,2.9,NORMAL
S00002394,WL-007,WHEEL_LOADER,966,HYDRAULIC,2024-03-30,10305.6,981.4,N,10.3,3.5,1.13,2.7,2.6,5.6,3.4,2.2,0.025,0.0,0.0,0.06,46.4,7.1,4.5,3.54,5.5,NORMAL
S00002395,WL-007,WHEEL_LOADER,966,HYDRAULIC,2024-06-25,11208.5,1884.3,N,19.5,5.9,1.12,2.5,3.7,8.8,4.3,3.6,0.025,0.0,0.0,0.07,46.3,11.4,5.4,2.99,9.9,NORMAL
S00002396,WL-007,WHEEL_LOADER,966,HYDRAULIC,2024-09-23,12139.6,48.0,N,6.0,2.1,0.51,1.3,1.7,5.1,1.7,1.1,0.034,0.0,0.0,0.03,44.5,5.9,3.1,4.61,4.8,NORMAL
S00002397,WL-007,WHEEL_LOADER,966,HYDRAULIC,2024-12-22,13070.7,979.2,N,8.1,3.4,1.17,2.3,2.8,6.2,2.8,2.5,0.047,0.0,0.0,0.05,46.9,8.5,3.7,3.48,5.8,NORMAL
S00002398,WL-007,WHEEL_LOADER,966,HYDRAULIC,2025-03-22,14001.9,1910.3,N,17.2,5.5,1.04,3.4,3.5,10.3,4.4,2.6,0.032,0.0,0.0,0.09,47.8,10.5,4.8,2.93,8.7,NORMAL
S00002399,WL-007,WHEEL_LOADER,966,HYDRAULIC,2025-06-08,14801.7,0.5,N,7.6,1.9,0.51,1.0,1.5,3.8,1.7,1.2,0.045,0.0,0.0,0.03,47.3,5.6,2.8,4.46,3.4,NORMAL
S00002400,WL-007,WHEEL_LOADER,966,HYDRAULIC,2025-09-06,15732.8,931.7,N,10.0,3.3,1.2,1.8,2.1,5.6,2.8,1.7,0.043,0.0,0.0,0.05,45.8,6.9,4.2,3.49,8.1,NORMAL
S00002401,WL-007,WHEEL_LOADER,966,HYDRAULIC,2025-11-27,16583.4,1782.2,N,12.9,6.3,1.85,2.6,4.6,8.8,3.8,2.6,0.021,0.0,0.0,0.08,44.6,10.0,5.6,3.05,6.8,NORMAL
S00002402,WL-007,WHEEL_LOADER,966,HYDRAULIC,2026-02-25,17514.5,20.8,N,6.3,2.8,0.53,1.1,1.4,3.4,2.4,1.1,0.035,0.0,0.0,0.03,45.3,5.8,3.0,4.49,4.5,NORMAL
S00002403,WL-007,WHEEL_LOADER,966,HYDRAULIC,2026-05-26,18445.6,951.9,N,11.5,4.4,1.52,1.7,3.2,7.3,2.6,1.9,0.044,0.0,0.0,0.06,45.5,7.5,4.5,4.04,5.8,NORMAL
S00002404,WL-007,WHEEL_LOADER,966,TRANSMISSION,2023-03-10,6124.7,919.4,N,58.9,20.9,3.97,8.1,5.6,11.3,5.5,3.3,0.026,0.0,0.0,0.16,67.6,12.0,5.7,4.33,18.2,NORMAL
S00002405,WL-007,WHEEL_LOADER,966,TRANSMISSION,2023-04-26,6608.8,20.2,N,22.0,8.5,1.79,3.1,2.9,4.3,1.5,1.1,0.038,0.0,0.0,0.06,68.8,6.0,3.5,6.72,8.6,NORMAL
S00002406,WL-007,WHEEL_LOADER,966,TRANSMISSION,2023-06-23,7217.2,628.7,N,41.3,16.9,3.83,5.8,6.4,8.8,3.8,1.9,0.027,0.0,0.0,0.12,70.8,10.6,6.2,5.17,14.4,NORMAL
S00002407,WL-007,WHEEL_LOADER,966,TRANSMISSION,2023-08-07,7675.2,23.4,N,25.2,7.3,1.51,5.9,2.7,5.4,1.7,0.9,0.02,0.0,0.0,0.06,66.7,6.5,3.4,6.58,8.8,NORMAL
S00002408,WL-007,WHEEL_LOADER,966,TRANSMISSION,2023-09-27,8205.4,553.5,N,41.8,17.9,4.09,4.9,6.1,9.7,3.2,1.9,0.035,0.0,0.0,0.11,68.3,10.5,4.8,5.41,19.0,NORMAL
S00002409,WL-007,WHEEL_LOADER,966,TRANSMISSION,2023-11-19,8759.6,37.2,N,20.7,9.3,1.72,4.5,3.1,4.3,1.7,1.3,0.016,0.0,0.0,0.06,66.6,6.7,3.7,7.04,6.3,NORMAL
S00002410,WL-007,WHEEL_LOADER,966,TRANSMISSION,2024-01-08,9268.2,545.9,N,43.7,14.5,2.59,7.8,5.9,6.8,2.8,2.9,0.039,0.0,0.0,0.12,67.8,9.8,5.2,5.6,14.8,NORMAL
S00002411,WL-007,WHEEL_LOADER,966,TRANSMISSION,2024-02-25,9764.4,49.8,N,19.1,7.4,1.66,3.3,2.9,3.4,1.9,1.2,0.027,0.0,0.0,0.05,69.7,7.1,3.6,6.73,8.5,NORMAL
S00002412,WL-007,WHEEL_LOADER,966,TRANSMISSION,2024-04-09,10220.1,505.5,N,45.0,14.6,4.67,7.2,4.4,5.0,2.6,2.1,0.049,0.0,0.0,0.08,68.3,8.8,5.2,5.38,19.7,NORMAL
S00002413,WL-007,WHEEL_LOADER,966,TRANSMISSION,2024-05-23,10676.3,961.7,N,82.0,21.2,8.73,10.7,5.7,9.5,4.4,3.2,0.026,0.0,0.0,0.17,66.8,10.1,7.7,4.47,38.1,MONITOR
S00002414,WL-007,WHEEL_LOADER,966,TRANSMISSION,2024-06-25,11020.9,22.5,N,77.0,6.3,6.21,3.7,2.6,7.1,1.8,1.3,0.04,0.0,0.0,0.06,68.2,7.2,3.6,7.05,43.2,MONITOR
S00002415,WL-007,WHEEL_LOADER,966,TRANSMISSION,2024-08-11,11505.4,506.9,N,38.6,13.4,2.91,5.9,5.8,8.2,3.5,2.2,0.026,0.0,0.0,0.1,68.4,8.4,5.6,5.69,11.6,NORMAL
S00002416,WL-007,WHEEL_LOADER,966,TRANSMISSION,2024-10-05,12078.0,38.5,N,25.8,10.4,1.31,2.7,3.8,3.7,1.6,1.1,0.037,0.0,0.0,0.06,69.5,5.9,3.5,6.31,8.0,NORMAL
S00002417,WL-007,WHEEL_LOADER,966,TRANSMISSION,2024-11-14,12485.5,446.0,N,28.2,16.8,2.06,4.6,6.0,7.4,2.2,2.0,0.029,0.0,0.0,0.08,65.6,8.4,5.1,5.32,10.9,NORMAL
S00002418,WL-007,WHEEL_LOADER,966,TRANSMISSION,2024-12-22,12883.5,844.0,N,45.6,16.4,4.06,10.4,6.8,10.6,3.1,2.5,0.032,0.0,0.0,0.1,67.8,11.1,5.8,4.72,20.4,NORMAL
S00002419,WL-007,WHEEL_LOADER,966,TRANSMISSION,2025-02-12,13416.1,58.1,N,28.7,9.3,2.21,3.9,2.1,3.9,2.2,1.1,0.021,0.0,0.0,0.06,68.4,6.9,3.9,6.6,8.4,NORMAL
S00002420,WL-007,WHEEL_LOADER,966,TRANSMISSION,2025-03-21,13808.9,450.9,N,40.2,15.9,2.96,6.1,5.0,6.4,2.4,1.8,0.032,0.0,0.0,0.1,66.0,9.5,5.0,5.63,24.0,NORMAL
S00002421,WL-007,WHEEL_LOADER,966,TRANSMISSION,2025-05-04,14258.4,900.3,N,40.7,22.0,4.77,6.0,6.8,10.1,4.3,2.5,0.025,0.0,0.0,0.21,70.1,12.0,7.1,4.57,14.2,NORMAL
S00002422,WL-007,WHEEL_LOADER,966,TRANSMISSION,2025-06-21,14750.6,34.4,N,23.1,9.5,1.68,3.6,2.5,5.4,1.7,1.3,0.014,0.0,0.0,0.05,66.7,6.4,3.5,6.62,7.2,NORMAL
S00002423,WL-007,WHEEL_LOADER,966,TRANSMISSION,2025-08-22,15392.9,676.8,N,40.7,19.2,3.88,6.2,6.3,9.4,3.4,1.9,0.017,0.0,0.0,0.12,67.9,11.7,5.3,4.46,16.5,NORMAL
S00002424,WL-007,WHEEL_LOADER,966,TRANSMISSION,2025-10-16,15970.2,5.7,N,33.1,8.8,2.76,3.1,2.7,3.4,1.4,0.9,0.024,0.0,0.0,0.06,69.5,6.2,3.5,6.7,15.2,NORMAL
S00002425,WL-007,WHEEL_LOADER,966,TRANSMISSION,2025-11-22,16344.2,379.7,N,71.9,12.2,6.05,5.9,5.2,6.7,2.6,1.7,0.034,0.0,0.0,0.09,65.5,10.7,4.4,5.83,40.0,MONITOR
S00002426,WL-007,WHEEL_LOADER,966,TRANSMISSION,2026-01-06,16818.2,853.7,N,45.9,17.4,2.88,6.9,5.2,9.8,3.3,2.4,0.026,0.0,0.0,0.18,67.4,11.7,5.2,4.63,23.3,NORMAL
S00002427,WL-007,WHEEL_LOADER,966,TRANSMISSION,2026-02-18,17258.0,4.0,N,19.7,7.2,2.2,3.1,2.6,3.6,1.7,1.2,0.03,0.0,0.0,0.05,69.0,5.8,3.9,6.82,7.8,NORMAL
S00002428,WL-007,WHEEL_LOADER,966,TRANSMISSION,2026-04-14,17831.8,577.8,N,39.9,14.6,2.4,5.4,6.2,7.1,2.9,2.2,0.031,0.0,0.0,0.12,71.0,9.6,6.0,5.29,11.7,NORMAL
S00002429,WL-007,WHEEL_LOADER,966,TRANSMISSION,2026-05-20,18201.2,947.2,N,46.5,20.9,3.27,9.1,6.4,9.5,4.8,3.0,0.019,0.0,0.0,0.17,70.7,11.6,6.6,4.5,20.2,NORMAL
S00002445,WL-008,WHEEL_LOADER,966,ENGINE,2023-03-16,4959.2,470.3,N,22.9,10.8,3.09,6.4,9.5,13.5,8.0,4.0,0.013,0.58,0.0,0.62,109.7,17.6,12.1,6.27,15.8,MONITOR
S00002446,WL-008,WHEEL_LOADER,966,ENGINE,2023-05-03,5231.9,11.1,N,9.2,4.0,0.9,2.4,2.6,4.5,2.8,1.5,0.031,0.86,0.0,0.15,109.4,8.5,5.9,10.64,4.8,NORMAL
S00002447,WL-008,WHEEL_LOADER,966,ENGINE,2023-06-17,5481.3,260.5,N,20.3,7.7,2.23,3.7,5.6,9.0,4.0,3.7,0.021,0.5,0.0,0.43,104.5,11.1,9.4,9.06,8.8,NORMAL
S00002448,WL-008,WHEEL_LOADER,966,ENGINE,2023-08-14,5809.1,51.0,N,11.7,6.0,1.21,2.1,3.1,4.2,2.5,2.1,0.03,0.7,0.0,0.29,107.9,9.3,5.8,10.73,4.4,NORMAL
S00002449,WL-008,WHEEL_LOADER,966,ENGINE,2023-09-19,6015.8,257.8,N,14.6,7.2,2.29,4.4,4.9,10.5,3.6,3.5,0.022,0.39,0.0,0.48,104.9,13.7,9.7,8.05,8.9,NORMAL
S00002450,WL-008,WHEEL_LOADER,966,ENGINE,2023-10-28,6233.4,475.4,N,33.0,9.1,3.09,5.6,6.8,12.5,5.5,3.1,0.02,1.67,0.0,0.64,100.8,15.6,11.3,6.7,12.5,NORMAL
S00002451,WL-008,WHEEL_LOADER,966,ENGINE,2023-12-17,6519.9,1.5,N,8.3,4.6,1.08,2.2,3.1,3.8,2.7,1.4,0.027,8.78,0.0,0.57,80.6,8.3,5.4,10.58,4.6,MONITOR
S00002452,WL-008,WHEEL_LOADER,966,ENGINE,2024-02-01,6775.5,257.1,N,18.6,6.7,1.92,4.6,6.5,7.7,5.8,3.1,0.014,0.42,0.0,0.3,107.3,13.2,9.3,7.76,7.7,NORMAL
S00002453,WL-008,WHEEL_LOADER,966,ENGINE,2024-03-24,7072.8,37.6,N,13.7,4.9,1.11,2.4,3.3,5.2,1.9,1.9,0.025,0.57,0.0,0.25,105.9,9.4,6.0,9.29,3.5,NORMAL
S00002454,WL-008,WHEEL_LOADER,966,ENGINE,2024-05-04,7301.8,266.7,N,19.2,9.5,1.75,4.6,6.2,8.9,5.1,3.4,0.023,0.44,0.0,0.42,111.1,13.2,8.5,8.0,6.0,NORMAL
S00002455,WL-008,WHEEL_LOADER,966,ENGINE,2024-06-19,7560.6,20.6,N,7.8,3.6,1.01,2.0,3.3,4.2,2.3,1.7,0.012,0.6,0.0,0.26,104.5,9.0,6.1,9.91,5.1,NORMAL
S00002456,WL-008,WHEEL_LOADER,966,ENGINE,2024-08-12,7868.3,328.3,N,17.5,10.3,2.04,3.9,4.9,8.4,4.9,4.4,0.024,0.46,0.0,0.38,110.3,11.1,9.3,7.22,7.5,NORMAL
S00002457,WL-008,WHEEL_LOADER,966,ENGINE,2024-09-20,8087.5,7.5,N,9.9,3.8,0.94,2.6,3.3,5.4,2.2,1.8,0.022,0.64,0.0,0.18,108.3,9.8,5.1,9.66,5.0,NORMAL
S00002458,WL-008,WHEEL_LOADER,966,ENGINE,2024-11-08,8362.2,282.2,N,16.2,8.9,2.41,5.9,4.6,8.2,3.7,3.2,0.018,0.73,0.0,0.5,104.3,12.9,9.2,8.84,8.5,NORMAL
S00002459,WL-008,WHEEL_LOADER,966,ENGINE,2024-12-28,8647.1,2.4,N,7.8,5.5,1.07,2.2,2.5,3.0,3.1,2.7,0.506,0.45,0.06,0.19,108.8,9.8,5.8,10.84,4.1,MONITOR
S00002460,WL-008,WHEEL_LOADER,966,ENGINE,2025-02-11,8898.9,254.2,N,23.7,6.6,2.83,3.9,3.9,6.5,11.1,9.6,2.904,0.83,0.355,0.44,104.9,13.5,8.3,9.21,7.9,ACTION
S00002461,WL-008,WHEEL_LOADER,966,ENGINE,2025-03-13,9069.9,425.2,N,26.0,9.8,2.6,5.5,5.8,9.9,17.2,12.7,5.283,0.44,0.646,0.68,110.1,15.8,9.4,6.48,12.1,ACTION
S00002462,WL-008,WHEEL_LOADER,966,ENGINE,2025-04-17,9266.0,46.7,N,11.8,4.2,1.29,2.6,3.6,5.6,2.3,1.7,0.024,0.51,0.0,0.22,109.3,9.9,6.7,8.89,4.0,NORMAL
S00002463,WL-008,WHEEL_LOADER,966,ENGINE,2025-05-26,9487.1,267.8,N,16.0,7.3,2.17,3.5,4.7,8.2,4.6,3.7,0.034,0.42,0.0,0.46,103.7,14.2,8.8,8.67,11.9,NORMAL
S00002464,WL-008,WHEEL_LOADER,966,ENGINE,2025-07-06,9718.6,499.3,N,30.4,11.3,2.77,6.3,5.6,11.1,5.1,5.9,0.034,0.46,0.0,0.74,108.9,18.0,10.9,6.32,12.2,NORMAL
S00002465,WL-008,WHEEL_LOADER,966,ENGINE,2025-09-01,10039.1,56.3,N,11.3,4.5,1.06,3.2,2.7,4.3,3.1,2.1,0.021,0.28,0.0,0.25,103.1,8.6,5.9,10.01,6.6,NORMAL
S00002466,WL-008,WHEEL_LOADER,966,ENGINE,2025-10-18,10306.3,323.5,N,23.3,9.5,2.19,4.1,5.4,11.3,5.3,3.8,0.01,0.82,0.0,0.44,107.0,13.1,10.1,7.18,7.6,NORMAL
S00002467,WL-008,WHEEL_LOADER,966,ENGINE,2025-11-29,10544.9,26.6,N,9.9,3.3,1.08,2.2,3.4,4.0,2.9,2.1,0.025,0.7,0.0,0.23,103.4,7.2,6.0,10.08,4.6,NORMAL
S00002468,WL-008,WHEEL_LOADER,966,ENGINE,2026-01-14,10804.0,285.7,N,18.7,7.8,1.98,5.4,5.9,8.2,4.6,3.1,0.021,0.6,0.0,0.52,105.2,11.9,9.9,7.96,7.4,NORMAL
S00002469,WL-008,WHEEL_LOADER,966,ENGINE,2026-03-02,11066.5,1.6,N,7.1,5.0,1.2,2.5,2.3,4.2,2.4,2.3,0.027,0.65,0.0,0.21,108.9,8.3,6.2,10.18,3.8,NORMAL
S00002470,WL-008,WHEEL_LOADER,966,ENGINE,2026-04-16,11320.6,255.7,N,17.8,6.0,1.82,4.3,3.7,10.0,5.0,2.8,0.018,0.7,0.0,0.48,105.4,11.3,7.8,8.33,8.7,NORMAL
S00002471,WL-008,WHEEL_LOADER,966,ENGINE,2026-06-05,11602.5,59.9,N,10.3,5.4,1.35,3.0,3.2,5.9,3.1,1.8,0.03,0.54,0.0,0.28,107.0,10.2,6.1,10.16,4.4,NORMAL
S00002501,WL-008,WHEEL_LOADER,966,FINAL_DRIVE,2023-04-08,5153.1,1686.3,N,118.0,12.7,5.45,12.6,7.1,11.4,3.2,2.2,0.054,0.0,0.0,0.08,101.4,9.8,4.9,3.89,34.0,NORMAL
S00002502,WL-008,WHEEL_LOADER,966,FINAL_DRIVE,2023-07-07,5661.3,30.4,N,61.7,5.8,2.48,4.9,3.7,3.9,1.3,1.2,0.07,0.0,0.0,0.02,98.8,5.2,2.5,5.53,13.8,NORMAL
S00002503,WL-008,WHEEL_LOADER,966,FINAL_DRIVE,2023-10-05,6169.5,538.6,N,66.6,6.8,4.69,6.3,5.1,5.6,2.8,2.3,0.107,0.0,0.0,0.05,96.9,5.8,3.6,5.3,22.2,NORMAL
S00002504,WL-008,WHEEL_LOADER,966,FINAL_DRIVE,2024-01-03,6677.6,1046.8,N,64.9,10.4,4.22,6.9,5.9,10.4,3.0,2.6,0.035,0.0,0.0,0.05,98.7,7.0,4.0,4.79,39.7,NORMAL
S00002505,WL-008,WHEEL_LOADER,966,FINAL_DRIVE,2024-04-02,7185.8,1555.0,N,127.1,13.6,8.02,9.5,7.4,13.8,4.1,2.3,0.039,0.0,0.0,0.08,101.3,8.2,4.8,4.08,39.7,NORMAL
S00002506,WL-008,WHEEL_LOADER,966,FINAL_DRIVE,2024-07-01,7694.0,10.5,N,46.5,5.2,2.74,5.1,3.5,5.1,1.7,1.4,0.059,0.0,0.0,0.02,96.9,5.2,2.8,5.2,18.2,NORMAL
S00002507,WL-008,WHEEL_LOADER,966,FINAL_DRIVE,2024-09-29,8202.2,518.7,N,77.0,7.8,4.03,8.3,4.0,7.4,2.8,1.3,0.032,0.0,0.0,0.04,101.8,6.7,3.5,5.5,24.2,NORMAL
S00002508,WL-008,WHEEL_LOADER,966,FINAL_DRIVE,2024-12-28,8710.4,1026.9,N,114.3,7.8,4.46,8.7,6.2,10.3,2.9,2.3,0.057,0.0,0.0,0.05,96.9,7.7,3.5,4.67,33.4,NORMAL
S00002509,WL-008,WHEEL_LOADER,966,FINAL_DRIVE,2025-03-28,9218.6,1535.0,N,111.8,15.8,5.43,11.6,8.1,11.3,3.3,2.1,0.062,0.0,0.0,0.07,102.9,8.7,5.6,4.23,32.1,NORMAL
S00002510,WL-008,WHEEL_LOADER,966,FINAL_DRIVE,2025-06-26,9726.7,39.9,N,43.7,5.6,2.98,3.6,3.7,4.4,1.8,1.1,0.061,0.0,0.0,0.03,101.5,5.2,2.6,6.18,19.0,NORMAL
S00002511,WL-008,WHEEL_LOADER,966,FINAL_DRIVE,2025-09-24,10234.9,548.1,N,56.1,6.3,4.58,7.4,4.1,7.9,2.2,1.8,0.077,0.0,0.0,0.04,98.5,6.3,3.2,5.4,25.1,NORMAL
S00002512,WL-008,WHEEL_LOADER,966,FINAL_DRIVE,2025-12-23,10743.1,1056.3,N,120.6,8.3,5.57,8.3,5.0,9.3,3.2,2.1,0.049,0.0,0.0,0.05,96.8,7.8,4.1,4.62,32.3,NORMAL
S00002513,WL-008,WHEEL_LOADER,966,FINAL_DRIVE,2026-03-23,11251.3,1564.4,N,98.6,9.7,5.58,11.0,7.8,11.7,4.4,2.8,0.042,0.0,0.0,0.07,101.8,9.0,4.5,4.35,31.2,NORMAL
S00002514,WL-008,WHEEL_LOADER,966,FINAL_DRIVE,2026-06-21,11759.5,4.2,N,43.2,4.8,2.48,5.6,3.4,5.5,1.5,1.0,0.046,0.0,0.0,0.03,101.8,5.5,3.0,5.99,19.2,NORMAL
S00002472,WL-008,WHEEL_LOADER,966,HYDRAULIC,2023-04-10,5153.1,1374.4,N,12.9,4.4,1.34,2.7,4.4,6.9,4.6,2.5,0.027,0.0,0.0,0.06,45.7,10.8,4.9,3.25,6.2,NORMAL
S00002473,WL-008,WHEEL_LOADER,966,HYDRAULIC,2023-07-09,5661.3,1882.5,N,15.5,6.3,1.72,2.7,4.8,11.1,4.1,2.8,0.016,0.0,0.0,0.06,48.1,9.9,6.0,2.91,8.7,NORMAL
S00002474,WL-008,WHEEL_LOADER,966,HYDRAULIC,2023-10-07,6169.5,9.2,N,7.4,2.0,0.56,1.2,2.6,2.9,2.1,0.8,0.034,0.0,0.0,0.03,44.5,6.0,2.7,3.98,3.4,NORMAL
S00002475,WL-008,WHEEL_LOADER,966,HYDRAULIC,2024-01-05,6677.6,517.4,N,8.9,3.2,0.61,1.4,3.0,5.1,2.6,1.7,0.017,0.0,0.0,0.04,46.6,6.0,2.8,4.36,5.9,NORMAL
S00002476,WL-008,WHEEL_LOADER,966,HYDRAULIC,2024-04-04,7185.8,1025.6,N,9.8,5.7,1.29,2.0,2.9,6.6,2.7,2.3,0.031,0.0,0.0,0.06,47.6,8.2,4.2,3.58,7.1,NORMAL
S00002477,WL-008,WHEEL_LOADER,966,HYDRAULIC,2024-07-03,7694.0,1533.8,N,16.0,6.5,1.23,2.5,3.3,5.7,3.5,2.5,0.021,0.0,0.0,0.09,43.8,8.7,4.3,3.27,7.7,NORMAL
S00002478,WL-008,WHEEL_LOADER,966,HYDRAULIC,2024-10-01,8202.2,28.0,N,8.6,2.4,0.66,0.9,1.6,4.1,1.6,1.0,0.024,0.0,0.0,0.02,45.3,5.6,2.9,4.57,2.9,NORMAL
S00002479,WL-008,WHEEL_LOADER,966,HYDRAULIC,2024-12-30,8710.4,536.2,N,8.8,3.3,0.61,1.6,2.3,5.2,2.3,1.6,0.026,0.0,0.0,0.05,45.4,7.7,3.7,4.12,3.7,NORMAL
S00002480,WL-008,WHEEL_LOADER,966,HYDRAULIC,2025-03-30,9218.6,1044.4,N,11.8,3.4,0.86,2.1,3.1,7.8,3.5,2.3,0.022,0.0,0.0,0.05,46.3,9.8,4.5,4.0,5.3,NORMAL
S00002481,WL-008,WHEEL_LOADER,966,HYDRAULIC,2025-06-28,9726.7,1552.6,N,15.0,4.7,1.22,3.3,3.9,8.4,4.3,2.5,0.044,0.0,0.0,0.05,44.4,10.0,5.3,3.1,7.3,NORMAL
S00002482,WL-008,WHEEL_LOADER,966,HYDRAULIC,2025-09-26,10234.9,50.2,N,7.1,2.4,0.42,1.0,2.0,4.1,1.5,1.0,0.047,0.0,0.0,0.03,47.0,5.5,3.2,4.38,2.9,NORMAL
S00002483,WL-008,WHEEL_LOADER,966,HYDRAULIC,2025-12-25,10743.1,558.4,N,10.6,3.7,0.91,1.5,1.7,4.1,2.8,1.5,0.049,0.0,0.0,0.04,46.5,6.2,3.4,3.95,4.2,NORMAL
S00002484,WL-008,WHEEL_LOADER,966,HYDRAULIC,2026-03-25,11251.3,1066.5,N,10.7,4.1,0.8,2.3,2.9,7.8,3.6,2.0,0.039,0.0,0.0,0.06,47.5,9.2,4.1,3.76,6.0,NORMAL
S00002485,WL-008,WHEEL_LOADER,966,HYDRAULIC,2026-06-23,11759.5,1574.7,N,14.7,5.4,1.45,3.0,2.8,7.4,5.0,3.2,0.033,0.0,0.0,0.08,44.8,10.1,5.2,3.65,5.5,NORMAL
S00002486,WL-008,WHEEL_LOADER,966,TRANSMISSION,2023-03-25,5017.4,4.0,N,22.0,6.5,1.62,3.6,3.7,4.1,1.3,1.0,0.024,0.0,0.0,0.04,63.8,6.6,3.4,6.7,7.9,NORMAL
S00002487,WL-008,WHEEL_LOADER,966,TRANSMISSION,2023-06-23,5525.6,512.2,N,34.1,12.0,4.02,6.3,6.2,6.1,2.5,1.9,0.015,0.0,0.0,0.09,68.7,10.2,4.8,5.78,13.8,NORMAL
S00002488,WL-008,WHEEL_LOADER,966,TRANSMISSION,2023-09-08,5960.1,946.6,N,53.6,19.5,4.33,11.1,7.1,9.0,3.6,3.3,0.044,0.0,0.0,0.17,68.1,13.1,6.5,4.46,17.6,NORMAL
S00002489,WL-008,WHEEL_LOADER,966,TRANSMISSION,2023-12-07,6468.3,23.4,N,20.0,8.9,1.56,2.9,2.7,3.7,1.7,1.0,0.03,0.0,0.0,0.05,67.1,5.5,3.4,6.57,7.8,NORMAL
S00002490,WL-008,WHEEL_LOADER,966,TRANSMISSION,2024-02-23,6908.9,464.0,N,43.2,13.0,2.65,5.3,4.9,5.7,2.4,1.8,0.08,0.0,0.0,0.1,72.1,8.8,5.0,5.68,14.5,NORMAL
S00002491,WL-008,WHEEL_LOADER,966,TRANSMISSION,2024-05-09,7335.3,890.4,N,55.5,18.2,4.87,8.9,6.3,10.6,5.2,2.5,0.026,0.0,0.0,0.15,69.1,10.9,6.5,4.68,23.4,NORMAL
S00002492,WL-008,WHEEL_LOADER,966,TRANSMISSION,2024-07-17,7728.9,7.0,N,25.7,6.0,1.2,3.7,2.4,4.0,1.5,0.9,0.048,0.0,0.0,0.05,68.0,6.0,3.6,6.77,7.1,NORMAL
S00002493,WL-008,WHEEL_LOADER,966,TRANSMISSION,2024-09-29,8143.0,421.1,N,30.2,11.3,2.41,4.7,5.1,6.8,3.0,1.8,0.024,0.0,0.0,0.09,66.3,9.2,4.5,5.42,9.1,NORMAL
S00002494,WL-008,WHEEL_LOADER,966,TRANSMISSION,2024-12-22,8618.0,896.1,N,47.6,15.2,4.34,6.3,7.6,9.2,4.0,2.6,0.015,0.0,0.0,0.14,67.8,12.6,6.6,4.84,21.1,NORMAL
S00002495,WL-008,WHEEL_LOADER,966,TRANSMISSION,2025-03-16,9095.2,7.4,N,16.3,7.7,1.46,3.2,2.8,4.5,1.8,1.1,0.034,0.0,0.0,0.05,66.9,6.9,3.5,6.22,7.1,NORMAL
S00002496,WL-008,WHEEL_LOADER,966,TRANSMISSION,2025-05-28,9505.8,418.0,N,35.0,14.6,2.57,5.6,4.7,7.5,2.2,1.8,0.03,0.0,0.0,0.09,68.8,8.8,4.7,6.02,12.6,NORMAL
S00002497,WL-008,WHEEL_LOADER,966,TRANSMISSION,2025-08-26,10014.0,926.2,N,38.9,18.7,3.35,10.5,10.7,8.9,4.3,2.8,0.025,0.0,0.0,0.15,69.2,10.5,7.5,4.49,17.3,NORMAL
S00002498,WL-008,WHEEL_LOADER,966,TRANSMISSION,2025-10-27,10364.6,28.9,N,21.3,8.5,2.35,2.6,2.8,3.5,1.5,1.2,0.021,0.0,0.0,0.06,67.4,6.6,3.6,7.13,11.2,NORMAL
S00002499,WL-008,WHEEL_LOADER,966,TRANSMISSION,2026-01-20,10843.9,508.2,N,49.7,14.5,3.16,5.6,4.6,9.2,3.4,2.0,0.024,0.0,0.0,0.12,70.1,9.6,5.3,5.57,14.1,NORMAL
S00002500,WL-008,WHEEL_LOADER,966,TRANSMISSION,2026-04-10,11296.6,960.9,N,50.3,17.0,4.08,9.2,7.3,10.9,5.2,2.9,0.018,0.0,0.0,0.12,64.7,11.7,6.4,4.39,20.1,NORMAL
S00002515,WL-009,WHEEL_LOADER,966,ENGINE,2023-01-27,1929.4,416.0,N,23.1,9.0,2.69,4.0,6.6,11.3,5.5,4.3,0.014,0.62,0.0,0.62,108.2,14.7,10.2,6.96,9.3,NORMAL
S00002516,WL-009,WHEEL_LOADER,966,ENGINE,2023-03-03,2200.5,53.9,N,10.7,3.7,1.69,2.1,3.3,6.0,2.1,2.2,0.015,0.59,0.0,0.26,106.9,8.8,7.2,10.72,5.9,NORMAL
S00002517,WL-009,WHEEL_LOADER,966,ENGINE,2023-04-04,2448.7,302.1,N,23.6,9.5,1.62,4.0,4.9,9.9,3.4,3.6,0.018,0.86,0.0,0.48,109.3,14.3,9.7,7.02,10.0,NORMAL
S00002518,WL-009,WHEEL_LOADER,966,ENGINE,2023-05-07,2712.3,35.4,N,11.5,4.4,1.66,2.2,3.5,5.1,3.0,1.6,0.011,0.43,0.0,0.21,114.0,8.6,6.4,9.95,6.4,NORMAL
S00002519,WL-009,WHEEL_LOADER,966,ENGINE,2023-06-14,3007.9,331.0,N,20.0,8.4,2.17,4.8,5.9,10.3,4.2,3.1,0.028,0.48,0.0,0.44,111.8,15.1,10.2,8.08,8.7,NORMAL
S00002520,WL-009,WHEEL_LOADER,966,ENGINE,2023-07-19,3277.7,54.7,N,9.9,4.0,1.26,3.2,3.2,4.9,2.1,2.1,0.016,0.32,0.0,0.27,110.0,9.6,6.0,10.46,5.0,NORMAL
S00002521,WL-009,WHEEL_LOADER,966,ENGINE,2023-08-08,3436.2,213.2,N,20.8,6.1,2.04,3.7,5.3,7.0,3.4,2.4,0.021,0.37,0.0,0.44,109.9,13.0,8.6,8.38,7.5,NORMAL
S00002522,WL-009,WHEEL_LOADER,966,ENGINE,2023-09-11,3697.6,474.6,N,28.8,12.8,3.59,5.4,6.2,10.8,7.5,4.8,0.024,0.81,0.0,0.47,110.1,16.8,11.0,6.67,12.6,NORMAL
S00002523,WL-009,WHEEL_LOADER,966,ENGINE,2023-10-13,3949.8,24.3,N,10.0,4.2,1.35,2.5,3.5,4.3,2.3,2.2,0.019,1.05,0.0,0.21,109.0,8.3,5.9,10.64,4.4,NORMAL
S00002524,WL-009,WHEEL_LOADER,966,ENGINE,2023-11-25,4286.4,361.0,N,16.3,7.8,2.25,6.1,5.4,8.6,6.2,3.2,0.027,0.33,0.0,0.52,106.4,12.5,9.4,7.62,9.2,NORMAL
S00002525,WL-009,WHEEL_LOADER,966,ENGINE,2023-12-22,4495.9,49.6,N,15.3,4.3,1.34,2.1,3.0,7.7,2.6,1.5,0.02,0.68,0.0,0.29,107.1,10.7,6.5,9.33,5.1,NORMAL
S00002526,WL-009,WHEEL_LOADER,966,ENGINE,2024-01-22,4731.9,285.5,N,18.9,5.9,2.05,3.7,4.8,10.2,4.6,3.8,0.035,0.52,0.0,0.53,109.9,12.1,8.1,8.06,7.3,NORMAL
S00002527,WL-009,WHEEL_LOADER,966,ENGINE,2024-02-25,4997.2,56.3,N,12.2,4.5,1.15,2.0,3.4,5.0,2.6,1.9,0.023,0.5,0.0,0.24,109.7,8.7,5.5,10.84,3.7,NORMAL
S00002528,WL-009,WHEEL_LOADER,966,ENGINE,2024-03-20,5186.4,245.5,N,19.2,9.9,2.11,3.7,4.3,6.7,4.6,2.3,0.02,0.65,0.0,0.52,109.1,11.7,8.1,8.13,5.1,NORMAL
S00002529,WL-009,WHEEL_LOADER,966,ENGINE,2024-04-19,5418.3,477.4,N,21.6,10.9,2.39,6.2,7.0,15.4,5.6,3.9,0.016,0.76,0.0,0.52,106.4,16.5,10.7,6.68,12.8,NORMAL
S00002530,WL-009,WHEEL_LOADER,966,ENGINE,2024-05-22,5676.6,58.1,N,10.6,6.6,1.19,3.1,3.3,4.1,2.4,1.9,0.022,0.67,0.0,0.22,108.4,8.5,6.0,9.61,6.0,NORMAL
S00002531,WL-009,WHEEL_LOADER,966,ENGINE,2024-06-20,5907.3,288.8,N,23.7,10.1,1.7,3.4,4.4,9.5,5.3,3.3,0.021,0.88,0.0,0.49,109.7,12.9,8.1,7.9,10.4,NORMAL
S00002532,WL-009,WHEEL_LOADER,966,ENGINE,2024-07-19,6133.1,36.1,N,10.7,6.1,1.22,2.0,3.1,6.0,3.1,3.1,0.03,0.9,0.0,0.23,113.5,8.6,6.2,9.29,4.6,NORMAL
S00002533,WL-009,WHEEL_LOADER,966,ENGINE,2024-08-18,6365.0,267.9,N,19.0,10.2,2.01,3.6,4.9,8.0,3.3,2.8,0.017,0.43,0.0,0.4,106.7,13.6,8.9,8.08,9.3,NORMAL
S00002534,WL-009,WHEEL_LOADER,966,ENGINE,2024-09-10,6542.0,444.9,N,25.5,8.5,2.7,4.0,5.4,10.9,6.5,4.6,0.02,0.42,0.0,0.67,108.4,15.0,10.9,6.24,13.2,NORMAL
S00002535,WL-009,WHEEL_LOADER,966,ENGINE,2024-10-17,6832.4,4.2,N,8.8,4.5,0.91,1.7,3.1,4.9,2.2,1.3,0.032,0.72,0.0,0.23,107.2,8.3,5.9,10.19,4.1,NORMAL
S00002536,WL-009,WHEEL_LOADER,966,ENGINE,2024-11-20,7096.4,268.1,N,18.1,8.3,1.97,4.5,5.8,9.3,3.5,2.7,0.017,0.44,0.0,0.42,106.6,13.6,8.6,8.22,6.4,NORMAL
S00002537,WL-009,WHEEL_LOADER,966,ENGINE,2024-12-27,7381.5,4.2,N,9.7,4.7,1.18,1.8,3.0,3.6,2.3,1.6,0.011,0.4,0.0,0.16,107.3,9.1,5.6,10.37,4.7,NORMAL
S00002538,WL-009,WHEEL_LOADER,966,ENGINE,2025-01-23,7598.3,221.0,N,16.3,6.1,1.98,3.8,5.7,8.7,3.8,3.5,0.018,0.74,0.0,0.39,106.7,12.0,9.2,7.79,8.7,NORMAL
S00002539,WL-009,WHEEL_LOADER,966,ENGINE,2025-02-28,7876.9,499.6,N,26.4,9.5,2.37,6.4,8.4,9.4,4.8,4.2,0.018,0.38,0.0,0.56,108.1,15.9,10.8,5.74,12.1,NORMAL
S00002540,WL-009,WHEEL_LOADER,966,ENGINE,2025-03-29,8098.8,18.7,N,14.5,3.3,0.89,2.2,2.4,3.8,2.6,2.5,0.016,0.6,0.0,0.21,106.3,8.4,5.7,10.32,5.8,NORMAL
S00002541,WL-009,WHEEL_LOADER,966,ENGINE,2025-05-01,8356.2,276.1,N,14.9,5.9,2.78,3.2,5.1,9.0,6.8,3.8,0.017,0.57,0.0,0.41,103.9,13.6,9.4,8.27,8.2,NORMAL
S00002542,WL-009,WHEEL_LOADER,966,ENGINE,2025-05-24,8537.4,457.2,N,27.1,7.2,3.46,5.6,6.1,12.6,5.5,3.1,0.019,0.35,0.0,0.74,109.0,15.3,9.6,6.32,10.3,NORMAL
S00002543,WL-009,WHEEL_LOADER,966,ENGINE,2025-07-03,8850.7,6.6,N,11.4,2.9,1.13,2.6,2.9,4.6,3.2,2.3,0.016,0.69,0.0,0.18,109.2,8.5,5.5,10.95,4.1,NORMAL
S00002544,WL-009,WHEEL_LOADER,966,ENGINE,2025-08-03,9089.8,245.7,N,14.1,6.2,2.43,3.8,5.2,8.1,4.0,2.9,0.019,0.67,0.0,0.44,106.9,12.3,8.9,8.04,9.9,NORMAL
S00002545,WL-009,WHEEL_LOADER,966,ENGINE,2025-09-04,9343.8,499.7,N,31.0,7.6,2.66,7.4,8.3,12.1,7.2,4.2,0.011,0.49,0.0,0.61,109.1,16.9,11.3,6.71,10.7,NORMAL
S00002546,WL-009,WHEEL_LOADER,966,ENGINE,2025-10-06,9591.3,12.3,N,21.4,14.4,1.19,13.1,3.0,4.1,1.8,1.5,0.023,0.47,0.0,0.2,111.9,7.6,6.2,10.56,14.0,MONITOR
S00002547,WL-009,WHEEL_LOADER,966,ENGINE,2025-11-10,9863.1,284.1,N,18.6,6.5,2.72,4.3,7.3,8.4,5.3,3.1,0.015,1.0,0.0,0.34,112.6,12.0,9.8,8.05,8.4,NORMAL
S00002548,WL-009,WHEEL_LOADER,966,ENGINE,2025-12-11,10104.2,57.8,N,13.7,5.9,1.34,3.2,3.7,5.0,3.0,2.7,0.022,0.76,0.0,0.25,107.1,9.4,5.7,9.92,5.3,NORMAL
S00002549,WL-009,WHEEL_LOADER,966,ENGINE,2026-01-13,10364.0,317.6,N,19.1,9.8,3.01,3.5,5.2,8.4,6.0,5.1,1.145,0.88,0.139,0.54,109.7,14.3,8.6,7.31,6.6,ACTION
S00002550,WL-009,WHEEL_LOADER,966,ENGINE,2026-02-21,10663.0,57.1,N,12.8,3.0,1.1,2.5,3.3,5.7,16.2,12.7,5.936,0.6,0.726,0.26,106.2,8.9,7.6,9.33,5.1,ACTION
S00002551,WL-009,WHEEL_LOADER,966,ENGINE,2026-04-05,10999.5,393.6,N,20.2,7.4,2.59,5.6,6.6,9.9,4.6,2.7,0.022,0.55,0.0,0.6,110.5,15.6,11.1,7.33,10.8,NORMAL
S00002552,WL-009,WHEEL_LOADER,966,ENGINE,2026-05-12,11293.0,59.4,N,11.8,5.6,1.44,2.4,4.0,6.3,2.5,2.4,0.021,0.7,0.0,0.26,110.7,8.1,7.1,9.1,4.4,NORMAL
S00002553,WL-009,WHEEL_LOADER,966,ENGINE,2026-06-12,11528.2,294.6,N,20.2,8.6,2.7,4.4,6.5,7.2,4.9,3.5,0.028,0.81,0.0,0.51,106.1,13.2,9.4,8.08,9.1,NORMAL
S00002586,WL-009,WHEEL_LOADER,966,FINAL_DRIVE,2023-04-09,2472.4,16.5,N,49.2,5.0,2.3,3.8,3.4,5.2,1.6,1.3,0.039,0.0,0.0,0.03,101.8,4.8,2.6,5.81,20.0,NORMAL
S00002587,WL-009,WHEEL_LOADER,966,FINAL_DRIVE,2023-07-08,3173.9,718.0,N,68.3,12.8,3.65,6.3,5.0,5.9,2.6,1.5,0.031,0.0,0.0,0.05,95.9,6.4,3.8,5.27,22.2,NORMAL
S00002588,WL-009,WHEEL_LOADER,966,FINAL_DRIVE,2023-10-06,3875.4,1419.5,N,116.1,11.9,5.09,11.1,8.6,13.3,3.3,2.3,0.057,0.0,0.0,0.07,98.5,8.9,4.7,4.14,34.0,NORMAL
S00002589,WL-009,WHEEL_LOADER,966,FINAL_DRIVE,2023-12-26,4511.6,50.8,N,55.4,5.4,2.79,4.3,3.5,5.9,2.3,1.1,0.063,0.0,0.0,0.03,101.4,5.0,3.0,5.92,20.5,NORMAL
S00002590,WL-009,WHEEL_LOADER,966,FINAL_DRIVE,2024-03-25,5213.1,752.3,N,79.8,8.0,5.56,8.3,6.0,5.8,2.8,1.3,0.052,0.0,0.0,0.05,103.2,6.5,4.7,4.91,20.9,NORMAL
S00002591,WL-009,WHEEL_LOADER,966,FINAL_DRIVE,2024-06-23,5914.6,1453.8,N,99.1,9.7,6.86,9.1,6.8,10.1,3.7,3.0,0.07,0.0,0.0,0.07,100.1,8.2,5.3,4.19,39.7,NORMAL
S00002592,WL-009,WHEEL_LOADER,966,FINAL_DRIVE,2024-09-21,6616.1,59.0,N,50.6,4.7,2.45,5.9,3.5,5.8,1.6,1.4,0.083,0.0,0.0,0.02,100.6,5.6,3.1,5.6,18.1,NORMAL
S00002593,WL-009,WHEEL_LOADER,966,FINAL_DRIVE,2024-12-09,7230.1,673.1,N,75.3,6.0,4.35,6.6,5.7,6.1,2.6,1.6,0.064,0.0,0.0,0.04,97.2,7.4,3.2,4.6,29.7,NORMAL
S00002594,WL-009,WHEEL_LOADER,966,FINAL_DRIVE,2025-03-09,7931.6,1374.6,N,93.6,10.5,6.02,9.6,5.5,8.3,3.9,2.2,0.034,0.0,0.0,0.05,102.5,8.2,4.9,4.08,47.2,NORMAL
S00002595,WL-009,WHEEL_LOADER,966,FINAL_DRIVE,2025-06-07,8633.1,54.2,N,49.4,5.0,2.87,3.7,2.7,5.3,2.1,0.9,0.074,0.0,0.0,0.03,99.4,5.2,3.0,5.55,18.2,NORMAL
S00002596,WL-009,WHEEL_LOADER,966,FINAL_DRIVE,2025-09-05,9334.6,755.7,N,77.9,5.7,4.16,7.2,6.3,7.6,2.5,1.9,0.069,0.0,0.0,0.05,98.9,6.3,3.3,4.58,32.1,NORMAL
S00002597,WL-009,WHEEL_LOADER,966,FINAL_DRIVE,2025-12-04,10036.1,1457.2,N,108.9,9.7,5.5,10.6,5.9,8.1,3.4,2.0,0.03,0.0,0.0,0.05,103.7,8.9,5.2,4.47,49.9,NORMAL
S00002598,WL-009,WHEEL_LOADER,966,FINAL_DRIVE,2026-03-04,10737.6,47.7,N,43.6,4.6,2.86,5.1,3.2,4.4,1.9,1.4,0.041,0.0,0.0,0.02,98.1,3.9,3.2,5.89,16.1,NORMAL
S00002599,WL-009,WHEEL_LOADER,966,FINAL_DRIVE,2026-06-02,11439.1,749.2,N,74.8,9.8,5.85,7.3,4.7,7.1,3.1,2.4,0.064,0.0,0.0,0.05,97.1,7.1,3.8,5.08,32.8,NORMAL
S00002554,WL-009,WHEEL_LOADER,966,HYDRAULIC,2023-04-11,2472.4,33.4,N,5.8,2.0,0.67,1.2,1.5,4.1,1.6,1.1,0.033,0.0,0.0,0.02,45.3,5.3,2.7,4.66,4.5,NORMAL
S00002555,WL-009,WHEEL_LOADER,966,HYDRAULIC,2023-07-10,3173.9,734.9,N,9.0,3.4,0.53,1.7,3.0,5.2,1.9,1.6,0.026,0.0,0.0,0.04,46.3,7.4,3.7,4.03,6.0,NORMAL
S00002556,WL-009,WHEEL_LOADER,966,HYDRAULIC,2023-10-08,3875.4,1436.4,N,14.5,6.6,1.09,2.3,3.6,7.1,3.3,2.3,0.035,0.0,0.0,0.07,43.4,8.9,4.9,3.16,7.4,NORMAL
S00002557,WL-009,WHEEL_LOADER,966,HYDRAULIC,2024-01-06,4576.9,52.4,N,6.6,2.2,0.49,1.0,1.7,2.9,1.4,1.3,0.038,0.0,0.0,0.03,45.5,5.3,2.5,4.45,3.4,NORMAL
S00002558,WL-009,WHEEL_LOADER,966,HYDRAULIC,2024-04-05,5278.4,753.9,N,9.0,4.6,0.95,1.8,2.0,4.6,2.9,1.9,0.033,0.0,0.0,0.05,45.9,7.3,3.7,3.96,4.2,NORMAL
S00002559,WL-009,WHEEL_LOADER,966,HYDRAULIC,2024-07-04,5979.9,1455.4,N,14.4,4.9,1.15,2.2,4.0,6.8,3.1,2.3,0.043,0.0,0.0,0.05,45.1,9.7,4.6,3.44,8.7,NORMAL
S00002560,WL-009,WHEEL_LOADER,966,HYDRAULIC,2024-10-02,6681.4,0.4,N,5.8,1.5,0.6,1.3,1.2,3.7,1.5,1.1,0.026,0.0,0.0,0.02,44.6,5.8,2.6,4.86,3.0,NORMAL
S00002561,WL-009,WHEEL_LOADER,966,HYDRAULIC,2024-12-31,7382.9,701.9,N,11.4,3.3,0.8,1.7,2.4,7.4,2.3,1.4,0.02,0.0,0.0,0.06,46.6,7.5,3.5,3.78,6.9,NORMAL
S00002562,WL-009,WHEEL_LOADER,966,HYDRAULIC,2025-03-31,8084.4,1403.4,N,11.9,3.7,1.07,2.8,3.7,7.4,3.7,2.6,0.032,0.0,0.0,0.07,46.9,8.4,4.7,2.86,8.4,NORMAL
S00002563,WL-009,WHEEL_LOADER,966,HYDRAULIC,2025-06-13,8662.7,1981.7,N,15.2,4.9,1.46,2.8,5.1,7.7,4.2,3.4,0.034,0.0,0.0,0.1,47.3,11.7,5.4,2.96,7.4,NORMAL
S00002564,WL-009,WHEEL_LOADER,966,HYDRAULIC,2025-09-11,9364.2,57.9,N,6.0,3.4,0.44,1.0,1.5,3.4,1.5,1.2,0.042,0.0,0.0,0.03,48.3,5.7,3.2,4.67,3.6,NORMAL
S00002565,WL-009,WHEEL_LOADER,966,HYDRAULIC,2025-12-10,10065.7,759.4,N,10.9,3.5,1.05,1.8,3.5,5.2,2.3,2.0,0.045,0.0,0.0,0.05,46.2,7.9,3.6,3.31,4.5,NORMAL
S00002566,WL-009,WHEEL_LOADER,966,HYDRAULIC,2026-03-10,10767.2,1460.9,N,11.1,4.3,1.21,2.8,3.5,8.5,2.9,2.2,0.024,0.0,0.0,0.06,44.9,9.8,5.0,3.46,5.9,NORMAL
S00002567,WL-009,WHEEL_LOADER,966,HYDRAULIC,2026-06-08,11468.7,0.7,N,8.3,1.9,0.51,1.1,1.7,2.5,1.2,1.1,0.032,0.0,0.0,0.02,45.8,6.0,2.5,4.41,2.5,NORMAL
S00002568,WL-009,WHEEL_LOADER,966,TRANSMISSION,2023-04-10,2441.2,48.3,N,20.8,10.5,1.94,3.2,2.9,4.8,1.8,1.0,0.034,0.0,0.0,0.07,68.4,7.5,3.8,6.97,7.7,NORMAL
S00002569,WL-009,WHEEL_LOADER,966,TRANSMISSION,2023-06-26,3042.9,650.0,N,37.9,12.3,2.73,6.8,4.3,6.6,2.9,2.2,0.035,0.0,0.0,0.13,68.8,11.0,6.2,5.36,19.3,NORMAL
S00002570,WL-009,WHEEL_LOADER,966,TRANSMISSION,2023-08-31,3556.8,14.4,N,20.9,8.1,1.67,2.3,3.1,3.3,1.7,0.9,0.031,0.0,0.0,0.05,70.5,6.4,3.5,7.6,8.8,NORMAL
S00002571,WL-009,WHEEL_LOADER,966,TRANSMISSION,2023-11-14,4140.1,597.7,N,42.4,16.3,3.99,7.6,5.8,6.9,2.5,2.1,0.023,0.0,0.0,0.11,68.4,9.9,6.3,5.18,15.8,NORMAL
S00002572,WL-009,WHEEL_LOADER,966,TRANSMISSION,2024-01-13,4607.7,15.3,N,24.0,7.2,1.85,2.7,2.4,4.0,2.2,1.3,0.035,0.0,0.0,0.05,66.4,7.4,3.6,7.19,7.3,NORMAL
S00002573,WL-009,WHEEL_LOADER,966,TRANSMISSION,2024-03-05,5016.0,423.6,N,36.7,11.9,2.78,5.6,4.1,5.9,2.2,1.6,0.038,0.0,0.0,0.11,67.4,9.3,5.2,5.6,14.6,NORMAL
S00002574,WL-009,WHEEL_LOADER,966,TRANSMISSION,2024-05-17,5579.6,987.2,N,55.1,19.6,5.56,8.0,6.8,9.5,3.9,2.8,0.027,0.0,0.0,0.17,67.0,12.6,6.1,4.56,18.8,NORMAL
S00002575,WL-009,WHEEL_LOADER,966,TRANSMISSION,2024-08-08,6226.1,39.5,N,23.2,8.5,2.28,3.6,3.1,4.5,2.0,1.6,0.017,0.0,0.0,0.06,67.9,6.3,3.8,7.12,10.9,NORMAL
S00002576,WL-009,WHEEL_LOADER,966,TRANSMISSION,2024-10-20,6797.8,611.2,N,38.8,12.3,2.69,6.8,5.5,7.0,2.4,2.5,0.029,0.0,0.0,0.1,69.0,11.0,5.5,5.3,11.2,NORMAL
S00002577,WL-009,WHEEL_LOADER,966,TRANSMISSION,2024-12-06,7161.4,974.8,N,53.8,18.7,2.96,9.9,6.5,8.5,3.1,2.4,0.031,0.0,0.0,0.18,70.1,14.7,7.3,4.55,21.8,NORMAL
S00002578,WL-009,WHEEL_LOADER,966,TRANSMISSION,2025-02-17,7729.3,46.0,N,13.8,7.9,1.75,3.6,2.9,4.1,1.5,1.3,0.011,0.0,0.0,0.04,70.9,6.7,4.0,7.11,7.9,NORMAL
S00002579,WL-009,WHEEL_LOADER,966,TRANSMISSION,2025-04-11,8148.6,465.3,N,40.1,12.2,3.33,4.3,4.1,6.4,3.2,2.1,0.016,0.0,0.0,0.12,66.6,9.5,5.0,5.41,13.4,NORMAL
S00002580,WL-009,WHEEL_LOADER,966,TRANSMISSION,2025-06-01,8543.9,860.6,N,44.5,22.3,4.83,8.7,6.0,10.6,4.2,2.9,0.036,0.0,0.0,0.17,69.1,12.6,5.8,4.27,21.1,NORMAL
S00002581,WL-009,WHEEL_LOADER,966,TRANSMISSION,2025-08-17,9147.4,7.1,N,18.1,7.2,1.33,3.3,2.4,3.2,1.9,1.0,0.03,0.0,0.0,0.05,70.2,7.2,3.9,7.15,8.9,NORMAL
S00002582,WL-009,WHEEL_LOADER,966,TRANSMISSION,2025-10-18,9627.7,487.4,N,45.3,15.1,2.4,5.5,3.9,6.9,3.9,2.4,0.026,0.0,0.0,0.1,68.0,9.1,4.9,5.44,13.6,NORMAL
S00002583,WL-009,WHEEL_LOADER,966,TRANSMISSION,2025-12-07,10016.2,876.0,N,58.3,16.7,4.39,7.2,7.1,9.0,3.7,2.3,0.024,0.0,0.0,0.18,67.3,12.3,6.3,4.46,17.5,NORMAL
S00002584,WL-009,WHEEL_LOADER,966,TRANSMISSION,2026-02-10,10521.8,11.6,N,20.4,7.0,1.9,3.1,3.1,4.4,1.6,1.2,0.043,0.0,0.0,0.06,69.7,5.8,4.1,6.78,9.5,NORMAL
S00002585,WL-009,WHEEL_LOADER,966,TRANSMISSION,2026-05-01,11148.3,638.2,N,42.9,13.2,3.32,8.9,5.8,7.7,3.6,2.8,0.028,0.0,0.0,0.14,69.1,9.6,5.6,5.51,20.9,NORMAL
S00002600,WL-010,WHEEL_LOADER,966,ENGINE,2023-02-19,5495.1,350.6,N,24.4,7.4,2.81,4.6,5.9,7.5,5.6,3.5,0.026,0.39,0.0,0.54,107.1,11.8,9.6,7.07,10.4,NORMAL
S00002601,WL-010,WHEEL_LOADER,966,ENGINE,2023-03-20,5752.4,52.4,N,9.6,4.4,1.05,2.1,3.5,6.6,3.0,2.0,0.02,0.56,0.0,0.25,110.9,9.5,5.6,9.13,4.8,NORMAL
S00002602,WL-010,WHEEL_LOADER,966,ENGINE,2023-04-27,6080.5,380.5,N,24.9,7.7,2.48,4.2,11.7,26.1,5.1,3.9,0.023,0.61,0.0,0.58,110.2,14.7,10.5,7.32,10.3,MONITOR
S00002603,WL-010,WHEEL_LOADER,966,ENGINE,2023-05-21,6290.3,41.2,N,22.7,4.2,0.97,2.3,13.0,41.7,3.1,1.7,0.024,1.01,0.0,0.19,105.8,9.5,6.9,9.49,6.5,MONITOR
S00002604,WL-010,WHEEL_LOADER,966,ENGINE,2023-06-20,6558.9,309.8,N,21.4,8.2,2.34,4.3,6.5,7.8,4.6,3.8,0.023,0.47,0.0,0.46,111.4,15.8,9.7,8.48,8.7,NORMAL
S00002605,WL-010,WHEEL_LOADER,966,ENGINE,2023-07-12,6751.0,13.2,N,11.6,4.1,1.02,2.3,2.8,4.8,2.7,2.1,0.011,0.68,0.0,0.19,112.2,8.9,6.1,9.71,3.8,NORMAL
S00002606,WL-010,WHEEL_LOADER,966,ENGINE,2023-08-09,6995.7,257.9,N,23.2,6.8,2.01,3.7,5.6,8.5,3.5,3.6,0.031,0.4,0.0,0.43,109.4,11.8,9.6,7.56,6.8,NORMAL
S00002607,WL-010,WHEEL_LOADER,966,ENGINE,2023-09-11,7291.8,17.3,N,10.3,3.9,1.26,2.4,3.1,3.9,2.4,1.8,0.023,0.64,0.0,0.18,109.9,9.0,5.9,10.17,4.6,NORMAL
S00002608,WL-010,WHEEL_LOADER,966,ENGINE,2023-10-08,7527.1,252.6,N,15.3,6.8,2.19,4.3,5.5,11.9,3.7,3.7,0.028,0.68,0.0,0.35,104.5,13.3,9.3,8.3,8.9,NORMAL
S00002609,WL-010,WHEEL_LOADER,966,ENGINE,2023-11-07,7789.4,1.9,N,9.1,4.5,1.17,1.7,2.7,3.7,1.8,1.6,0.022,0.66,0.0,0.2,106.7,8.4,6.2,10.46,3.9,NORMAL
S00002610,WL-010,WHEEL_LOADER,966,ENGINE,2023-12-03,8015.2,227.7,N,16.3,5.6,2.25,3.1,3.7,8.2,4.4,2.2,0.021,0.42,0.0,0.44,107.8,12.8,7.9,8.52,5.9,NORMAL
S00002611,WL-010,WHEEL_LOADER,966,ENGINE,2023-12-17,8145.8,358.3,N,16.2,8.7,2.09,5.0,4.8,11.8,4.8,3.7,0.017,0.65,0.0,0.42,108.5,17.1,10.0,7.16,8.2,NORMAL
S00002612,WL-010,WHEEL_LOADER,966,ENGINE,2024-01-10,8351.0,54.7,N,9.6,5.5,1.02,2.7,3.3,6.8,3.2,2.0,0.035,0.46,0.0,0.23,106.4,8.2,6.0,9.46,5.3,NORMAL
S00002613,WL-010,WHEEL_LOADER,966,ENGINE,2024-02-12,8642.4,346.1,N,21.0,9.2,2.52,4.6,5.1,10.8,5.3,3.6,0.019,0.56,0.0,0.53,108.3,13.0,9.7,7.36,9.8,NORMAL
S00002614,WL-010,WHEEL_LOADER,966,ENGINE,2024-03-11,8886.5,36.3,N,13.4,4.9,1.54,2.9,3.7,5.0,2.5,1.4,0.014,0.35,0.0,0.25,107.5,8.8,6.5,9.45,4.5,NORMAL
S00002615,WL-010,WHEEL_LOADER,966,ENGINE,2024-04-08,9138.1,287.9,N,19.5,6.1,2.12,4.0,5.4,9.5,3.6,3.6,0.024,0.52,0.0,0.43,104.2,15.0,8.4,7.94,10.5,NORMAL
S00002616,WL-010,WHEEL_LOADER,966,ENGINE,2024-05-03,9358.3,40.7,N,12.5,5.1,1.17,2.7,2.8,5.4,2.6,1.7,0.026,0.81,0.0,0.22,104.9,9.5,6.4,9.67,4.9,NORMAL
S00002617,WL-010,WHEEL_LOADER,966,ENGINE,2024-05-31,9606.5,288.9,N,16.3,8.7,2.02,3.7,5.0,9.6,3.4,2.9,0.02,0.44,0.0,0.43,105.6,12.6,10.8,7.9,6.8,NORMAL
S00002618,WL-010,WHEEL_LOADER,966,ENGINE,2024-06-24,9818.0,16.0,N,10.3,3.9,1.16,2.1,2.8,3.5,2.1,1.5,0.012,0.72,0.0,0.2,106.9,9.0,5.8,10.61,3.7,NORMAL
S00002619,WL-010,WHEEL_LOADER,966,ENGINE,2024-07-26,10099.3,297.4,N,20.2,7.1,2.5,4.2,4.7,10.5,4.6,2.9,0.02,0.48,0.0,0.54,104.5,12.6,7.8,7.17,9.1,NORMAL
S00002620,WL-010,WHEEL_LOADER,966,ENGINE,2024-08-20,10317.7,16.4,N,9.4,3.6,1.34,2.1,3.1,4.7,2.3,1.6,0.015,0.52,0.0,0.21,111.0,8.7,5.5,10.26,5.2,NORMAL
S00002621,WL-010,WHEEL_LOADER,966,ENGINE,2024-09-19,10579.0,277.7,N,15.1,6.3,1.9,4.1,4.7,6.4,4.0,3.0,0.018,0.67,0.0,0.38,105.3,11.1,8.8,7.68,9.3,NORMAL
S00002622,WL-010,WHEEL_LOADER,966,ENGINE,2024-10-11,10778.5,477.2,N,30.8,9.3,2.97,5.8,6.4,12.9,5.7,4.1,0.022,0.88,0.0,0.74,106.0,17.8,12.2,5.78,9.2,NORMAL
S00002623,WL-010,WHEEL_LOADER,966,ENGINE,2024-11-09,11026.1,33.1,N,9.4,4.0,1.33,2.1,2.6,5.7,2.3,2.1,0.019,0.92,0.0,0.26,106.2,9.1,5.5,10.39,4.9,NORMAL
S00002624,WL-010,WHEEL_LOADER,966,ENGINE,2024-12-09,11292.0,299.0,N,24.2,8.4,3.02,4.4,5.0,6.8,4.2,3.5,0.02,0.41,0.0,0.43,106.2,11.9,9.6,8.26,8.9,NORMAL
S00002625,WL-010,WHEEL_LOADER,966,ENGINE,2025-01-02,11503.2,38.9,N,12.4,4.3,1.54,2.1,2.8,6.6,2.2,2.3,0.02,0.53,0.0,0.22,108.4,8.7,6.0,10.65,6.9,NORMAL
S00002626,WL-010,WHEEL_LOADER,966,ENGINE,2025-02-15,11889.1,424.7,N,22.2,10.4,2.12,6.6,8.1,6.4,5.1,5.0,0.017,0.91,0.0,0.56,111.1,15.4,11.0,6.86,12.3,NORMAL
S00002627,WL-010,WHEEL_LOADER,966,ENGINE,2025-03-19,12175.4,32.2,N,9.5,6.4,1.06,3.6,2.3,3.6,2.3,1.6,0.033,0.5,0.0,0.22,105.9,9.8,6.1,9.86,6.1,NORMAL
S00002628,WL-010,WHEEL_LOADER,966,ENGINE,2025-04-16,12419.6,276.3,N,26.2,13.4,2.85,10.2,5.4,9.2,5.8,2.9,0.016,0.76,0.0,0.42,106.0,11.4,8.0,9.23,11.9,MONITOR
S00002629,WL-010,WHEEL_LOADER,966,ENGINE,2025-05-18,12705.8,51.7,N,27.1,20.5,1.78,15.9,2.9,6.3,3.1,1.9,0.026,0.46,0.0,0.26,110.5,9.2,5.7,10.3,15.6,MONITOR
S00002630,WL-010,WHEEL_LOADER,966,ENGINE,2025-06-21,13003.1,349.0,N,19.8,6.3,1.87,4.2,5.4,10.7,5.4,4.6,0.018,0.38,0.0,0.55,104.6,14.3,9.6,7.81,7.9,NORMAL
S00002631,WL-010,WHEEL_LOADER,966,ENGINE,2025-07-21,13268.4,37.1,N,11.7,4.5,1.05,2.3,3.5,5.0,2.8,1.7,0.04,0.33,0.0,0.23,106.9,9.3,6.2,9.77,5.5,NORMAL
S00002632,WL-010,WHEEL_LOADER,966,ENGINE,2025-08-20,13527.6,296.3,N,24.5,7.3,2.66,3.4,4.3,9.9,4.5,3.8,0.015,0.47,0.0,0.45,105.1,13.0,7.4,8.21,11.6,NORMAL
S00002633,WL-010,WHEEL_LOADER,966,ENGINE,2025-09-11,13722.9,491.7,N,26.3,13.4,2.92,4.3,6.5,10.0,5.6,6.7,0.018,0.74,0.0,0.66,113.2,18.1,12.9,6.18,7.9,NORMAL
S00002634,WL-010,WHEEL_LOADER,966,ENGINE,2025-10-09,13968.2,1.3,N,13.1,4.4,1.45,1.9,2.9,4.3,2.5,1.4,0.021,0.45,0.0,0.23,110.4,7.9,5.8,10.83,3.9,NORMAL
S00002635,WL-010,WHEEL_LOADER,966,ENGINE,2025-11-11,14259.0,292.1,N,13.8,9.5,1.93,4.5,5.8,7.9,4.2,2.7,0.022,0.48,0.0,0.52,111.6,12.4,9.6,8.11,8.6,NORMAL
S00002636,WL-010,WHEEL_LOADER,966,ENGINE,2025-12-16,14569.1,34.0,N,9.8,4.3,1.23,2.1,3.1,4.1,2.2,1.6,0.012,0.45,0.0,0.23,108.1,8.8,5.3,10.04,5.9,NORMAL
S00002637,WL-010,WHEEL_LOADER,966,ENGINE,2026-01-10,14790.7,255.6,N,16.8,7.7,1.65,5.4,4.5,7.0,4.6,4.2,0.039,0.66,0.0,0.48,111.2,12.7,8.3,8.92,8.8,NORMAL
S00002638,WL-010,WHEEL_LOADER,966,ENGINE,2026-02-01,14978.5,443.5,N,28.5,9.5,2.99,4.3,7.1,7.4,6.0,5.3,0.016,0.57,0.0,0.49,108.0,14.3,10.9,6.89,8.7,NORMAL
S00002639,WL-010,WHEEL_LOADER,966,ENGINE,2026-03-08,15291.4,45.5,N,12.2,4.3,1.51,2.2,3.4,4.6,3.0,1.7,0.028,0.45,0.0,0.25,106.9,8.1,6.7,10.51,5.0,NORMAL
S00002640,WL-010,WHEEL_LOADER,966,ENGINE,2026-03-31,15494.9,249.0,N,16.8,6.5,2.24,4.1,4.8,7.6,3.8,3.5,0.022,0.42,0.0,0.53,104.4,12.5,7.4,7.77,8.4,NORMAL
S00002641,WL-010,WHEEL_LOADER,966,ENGINE,2026-05-01,15764.1,20.9,N,9.9,3.2,1.23,2.0,2.6,5.4,2.7,2.2,0.016,0.52,0.0,0.27,108.6,9.2,5.9,10.77,4.5,NORMAL
S00002642,WL-010,WHEEL_LOADER,966,ENGINE,2026-05-22,15952.4,209.2,N,16.6,7.5,1.9,3.8,4.9,8.2,3.5,2.5,0.017,0.53,0.0,0.35,112.2,11.7,8.3,8.65,6.6,NORMAL
S00002643,WL-010,WHEEL_LOADER,966,ENGINE,2026-06-21,16213.7,470.5,N,27.7,10.5,2.12,7.5,9.9,10.0,5.1,4.8,0.015,0.47,0.0,0.73,109.3,16.3,10.0,6.96,10.5,MONITOR
S00002680,WL-010,WHEEL_LOADER,966,FINAL_DRIVE,2023-04-15,5966.0,31.6,N,56.0,4.5,2.25,4.2,3.8,6.1,1.7,1.3,0.049,0.0,0.0,0.03,99.6,5.1,2.7,5.54,14.9,NORMAL
S00002681,WL-010,WHEEL_LOADER,966,FINAL_DRIVE,2023-07-14,6758.0,823.6,N,89.7,8.8,3.71,10.4,6.1,6.7,3.3,1.6,0.038,0.0,0.0,0.06,103.2,6.8,4.4,4.91,30.3,NORMAL
S00002682,WL-010,WHEEL_LOADER,966,FINAL_DRIVE,2023-10-12,7550.1,1615.7,N,176.5,13.8,11.2,12.5,8.3,11.4,3.2,2.6,0.07,0.0,0.0,0.07,100.9,10.1,4.6,4.04,90.7,MONITOR
S00002683,WL-010,WHEEL_LOADER,966,FINAL_DRIVE,2024-01-10,8342.2,4.4,N,45.9,4.8,2.58,3.7,4.0,10.1,1.4,1.7,1.114,0.0,0.0,0.03,99.6,5.7,2.5,5.68,18.6,MONITOR
S00002684,WL-010,WHEEL_LOADER,966,FINAL_DRIVE,2024-04-09,9134.3,796.5,N,104.6,9.7,3.94,7.4,4.1,8.7,2.8,2.0,0.046,0.0,0.0,0.05,102.6,7.3,4.3,4.72,30.9,NORMAL
S00002685,WL-010,WHEEL_LOADER,966,FINAL_DRIVE,2024-07-08,9926.3,1588.6,N,135.7,12.3,6.58,10.9,9.8,11.0,3.4,2.4,0.037,0.0,0.0,0.07,100.6,9.5,4.6,3.96,45.1,NORMAL
S00002686,WL-010,WHEEL_LOADER,966,FINAL_DRIVE,2024-10-06,10718.4,33.6,N,53.9,5.5,3.99,4.7,3.4,5.4,1.6,1.3,0.071,0.0,0.0,0.03,102.5,4.3,2.8,5.97,15.6,NORMAL
S00002687,WL-010,WHEEL_LOADER,966,FINAL_DRIVE,2025-01-04,11503.7,818.8,N,65.9,6.8,4.66,7.4,6.0,7.9,3.3,2.1,0.034,0.0,0.0,0.05,96.6,6.1,3.4,5.07,24.3,NORMAL
S00002688,WL-010,WHEEL_LOADER,966,FINAL_DRIVE,2025-04-04,12295.8,1610.9,N,131.2,12.3,5.13,10.6,5.8,8.8,3.1,3.1,0.061,0.0,0.0,0.07,95.3,9.1,4.8,3.86,35.6,NORMAL
S00002689,WL-010,WHEEL_LOADER,966,FINAL_DRIVE,2025-07-03,13087.8,6.8,N,54.0,4.3,2.24,4.4,2.3,6.6,1.8,1.2,0.048,0.0,0.0,0.03,96.3,4.3,2.9,5.65,15.7,NORMAL
S00002690,WL-010,WHEEL_LOADER,966,FINAL_DRIVE,2025-10-01,13879.9,798.8,N,138.5,8.8,5.04,8.0,4.9,47.7,2.4,2.0,6.937,0.0,0.0,0.06,104.3,6.7,3.9,5.04,28.4,ACTION
S00002691,WL-010,WHEEL_LOADER,966,FINAL_DRIVE,2025-12-30,14672.0,1590.9,N,157.5,11.8,6.28,10.6,6.7,13.8,4.0,2.8,0.08,0.0,0.0,0.06,99.3,8.4,5.3,3.71,37.1,NORMAL
S00002692,WL-010,WHEEL_LOADER,966,FINAL_DRIVE,2026-03-30,15464.1,28.8,N,38.7,6.7,2.46,4.7,2.8,5.5,2.1,1.0,0.061,0.0,0.0,0.03,101.0,4.9,3.0,6.08,12.7,NORMAL
S00002693,WL-010,WHEEL_LOADER,966,FINAL_DRIVE,2026-06-28,16256.1,820.9,N,64.8,9.2,3.98,7.1,6.5,8.8,2.1,1.5,0.039,0.0,0.0,0.05,101.8,6.8,3.9,4.74,26.6,NORMAL
S00002644,WL-010,WHEEL_LOADER,966,HYDRAULIC,2023-04-07,5966.0,10.8,N,7.1,1.8,0.59,1.3,1.6,3.4,1.6,0.9,0.032,0.0,0.0,0.03,45.6,5.8,2.9,4.23,3.6,NORMAL
S00002645,WL-010,WHEEL_LOADER,966,HYDRAULIC,2023-07-06,6758.0,802.9,N,12.4,3.9,0.98,2.0,2.1,6.2,2.6,2.5,0.027,0.0,0.0,0.05,47.6,7.5,4.2,3.51,4.6,NORMAL
S00002646,WL-010,WHEEL_LOADER,966,HYDRAULIC,2023-10-04,7550.1,1594.9,N,14.6,5.5,1.54,2.8,3.4,6.0,4.2,3.0,0.03,0.0,0.0,0.06,46.3,10.3,4.8,3.05,10.2,NORMAL
S00002647,WL-010,WHEEL_LOADER,966,HYDRAULIC,2024-01-02,8342.2,22.6,N,18.5,7.3,1.4,1.0,1.6,3.4,2.0,1.2,0.021,0.0,0.0,0.03,44.8,6.0,3.0,4.82,12.8,MONITOR
S00002648,WL-010,WHEEL_LOADER,966,HYDRAULIC,2024-04-01,9134.3,814.7,N,11.2,4.7,1.33,1.5,2.4,5.2,2.2,2.2,0.028,0.0,0.0,0.05,45.5,8.0,3.9,3.7,5.8,NORMAL
S00002649,WL-010,WHEEL_LOADER,966,HYDRAULIC,2024-06-30,9926.3,1606.8,N,16.7,5.1,1.41,1.7,3.4,5.6,3.8,3.2,0.038,0.0,0.0,0.06,46.5,9.6,4.5,3.19,7.3,NORMAL
S00002650,WL-010,WHEEL_LOADER,966,HYDRAULIC,2024-09-01,10480.9,35.1,N,8.4,2.6,0.58,1.3,2.1,3.5,1.6,1.0,0.025,0.0,0.0,0.03,44.9,6.1,2.4,4.66,3.0,NORMAL
S00002651,WL-010,WHEEL_LOADER,966,HYDRAULIC,2024-11-30,11272.9,827.2,N,11.4,3.5,1.17,1.6,2.6,5.1,2.7,1.9,0.024,0.0,0.0,0.05,45.5,8.0,4.3,3.71,6.4,NORMAL
S00002652,WL-010,WHEEL_LOADER,966,HYDRAULIC,2025-02-28,12065.0,1619.3,N,13.7,5.5,1.54,2.9,4.1,7.8,3.7,2.8,0.034,0.0,0.0,0.08,45.4,9.8,4.6,2.98,7.6,NORMAL
S00002653,WL-010,WHEEL_LOADER,966,HYDRAULIC,2025-05-29,12857.1,54.8,N,5.5,2.7,0.41,1.0,1.6,2.8,2.1,1.0,0.031,0.0,0.0,0.02,47.5,5.6,2.9,4.7,3.1,NORMAL
S00002654,WL-010,WHEEL_LOADER,966,HYDRAULIC,2025-08-27,13649.2,846.9,N,14.3,3.7,0.79,2.4,2.9,5.8,2.9,2.4,0.037,0.0,0.0,0.06,48.4,7.1,4.2,4.15,6.6,NORMAL
S00002655,WL-010,WHEEL_LOADER,966,HYDRAULIC,2025-11-25,14441.2,1639.0,N,23.2,7.1,1.79,2.8,4.2,7.1,4.8,2.9,0.052,0.0,0.0,0.07,47.6,9.7,5.2,3.26,7.7,NORMAL
S00002656,WL-010,WHEEL_LOADER,966,HYDRAULIC,2026-02-23,15233.3,11.4,N,5.8,2.5,0.47,1.0,1.4,2.8,2.2,1.3,0.018,0.0,0.0,0.02,45.0,5.5,3.0,4.49,3.5,NORMAL
S00002657,WL-010,WHEEL_LOADER,966,HYDRAULIC,2026-05-24,16025.4,803.5,N,9.8,5.3,0.94,1.8,3.4,5.7,2.5,1.8,0.03,0.0,0.0,0.06,44.4,7.4,3.7,3.76,4.8,NORMAL
S00002658,WL-010,WHEEL_LOADER,966,TRANSMISSION,2023-02-23,5554.9,534.7,N,39.8,15.1,3.65,6.3,4.3,7.1,3.4,2.6,0.023,0.0,0.0,0.08,69.7,9.7,5.4,5.62,17.5,NORMAL
S00002659,WL-010,WHEEL_LOADER,966,TRANSMISSION,2023-04-20,6045.6,8.4,N,39.4,6.2,2.01,2.8,3.7,4.3,1.9,1.2,0.017,0.0,0.0,0.05,68.1,6.7,3.2,6.23,16.2,NORMAL
S00002660,WL-010,WHEEL_LOADER,966,TRANSMISSION,2023-06-02,6419.0,381.8,N,88.0,10.7,6.52,7.8,4.1,6.9,3.6,1.9,0.043,0.0,0.0,0.08,67.7,10.2,4.4,5.84,43.4,MONITOR
S00002661,WL-010,WHEEL_LOADER,966,TRANSMISSION,2023-07-28,6911.9,874.7,N,51.6,23.9,4.76,8.2,8.5,10.2,3.8,2.4,0.035,0.0,0.0,0.16,70.1,12.2,6.4,4.46,25.1,NORMAL
S00002662,WL-010,WHEEL_LOADER,966,TRANSMISSION,2023-10-01,7488.3,36.8,N,19.1,10.1,1.65,2.9,3.2,3.8,1.3,1.2,0.025,0.0,0.0,0.06,68.6,6.8,3.5,6.18,10.2,NORMAL
S00002663,WL-010,WHEEL_LOADER,966,TRANSMISSION,2023-12-04,8048.2,596.8,N,48.0,15.0,3.52,6.9,5.6,8.0,3.0,1.5,0.029,0.0,0.0,0.1,69.5,8.8,5.3,5.26,13.4,NORMAL
S00002664,WL-010,WHEEL_LOADER,966,TRANSMISSION,2024-02-05,8603.2,11.4,N,20.4,9.7,2.08,3.4,3.0,3.1,1.7,1.3,0.019,0.0,0.0,0.05,66.5,5.7,3.6,6.78,9.0,NORMAL
S00002665,WL-010,WHEEL_LOADER,966,TRANSMISSION,2024-04-04,9121.6,529.8,N,46.4,19.0,3.01,6.0,5.2,7.9,2.9,1.8,0.031,0.0,0.0,0.1,68.2,10.0,5.7,5.79,16.5,NORMAL
S00002666,WL-010,WHEEL_LOADER,966,TRANSMISSION,2024-05-20,9528.6,936.8,N,43.4,19.4,3.75,8.2,6.9,11.0,4.4,3.6,0.013,0.0,0.0,0.15,67.8,13.1,7.4,4.33,16.9,NORMAL
S00002667,WL-010,WHEEL_LOADER,966,TRANSMISSION,2024-07-03,9917.5,53.4,N,23.5,8.2,2.02,3.4,2.6,3.9,1.7,1.0,0.033,0.0,0.0,0.05,69.5,7.2,3.4,6.01,8.7,NORMAL
S00002668,WL-010,WHEEL_LOADER,966,TRANSMISSION,2024-08-26,10393.1,529.0,N,34.9,11.9,3.36,6.5,5.1,9.2,3.7,2.1,0.045,0.0,0.0,0.13,70.8,9.2,5.1,5.22,15.6,NORMAL
S00002669,WL-010,WHEEL_LOADER,966,TRANSMISSION,2024-11-03,11000.4,12.6,N,19.6,8.4,1.33,2.8,2.9,3.2,1.6,1.1,0.033,0.0,0.0,0.05,68.3,6.1,4.0,6.87,8.0,NORMAL
S00002670,WL-010,WHEEL_LOADER,966,TRANSMISSION,2025-01-04,11540.0,552.2,N,40.1,13.0,3.22,6.3,5.0,8.1,4.0,1.8,0.029,0.0,0.0,0.09,66.2,8.4,5.3,5.44,18.1,NORMAL
S00002671,WL-010,WHEEL_LOADER,966,TRANSMISSION,2025-02-28,12028.5,14.6,N,21.1,8.6,1.98,3.6,3.7,3.3,1.5,1.2,0.031,0.0,0.0,0.04,67.4,6.9,3.3,7.21,7.6,NORMAL
S00002672,WL-010,WHEEL_LOADER,966,TRANSMISSION,2025-04-30,12568.0,554.2,N,41.6,13.1,3.56,5.9,5.5,7.1,4.3,2.3,0.029,0.0,0.0,0.11,68.5,10.3,5.5,5.54,19.9,NORMAL
S00002673,WL-010,WHEEL_LOADER,966,TRANSMISSION,2025-06-27,13074.9,49.6,N,21.2,5.6,1.89,3.4,2.9,5.5,1.3,1.1,0.029,0.0,0.0,0.05,65.7,6.9,3.8,7.23,7.5,NORMAL
S00002674,WL-010,WHEEL_LOADER,966,TRANSMISSION,2025-08-22,13564.9,539.6,N,43.2,13.0,2.93,4.6,6.6,8.7,4.4,2.9,0.036,0.0,0.0,0.1,69.3,8.7,5.9,5.57,11.4,NORMAL
S00002675,WL-010,WHEEL_LOADER,966,TRANSMISSION,2025-10-17,14057.1,41.7,N,20.4,9.1,1.59,2.9,3.3,3.9,1.3,1.2,0.025,0.0,0.0,0.05,67.4,6.7,3.6,6.69,8.6,NORMAL
S00002676,WL-010,WHEEL_LOADER,966,TRANSMISSION,2025-12-25,14670.3,654.9,N,36.0,12.5,2.88,6.6,6.4,6.8,3.0,2.3,0.032,0.0,0.0,0.1,62.5,11.3,6.3,5.17,16.5,NORMAL
S00002677,WL-010,WHEEL_LOADER,966,TRANSMISSION,2026-02-20,15174.2,47.5,N,21.5,8.3,1.63,3.2,2.5,4.8,2.1,0.9,0.034,0.0,0.0,0.05,66.0,6.8,3.3,7.08,9.0,NORMAL
S00002678,WL-010,WHEEL_LOADER,966,TRANSMISSION,2026-04-25,15736.1,609.3,N,47.5,15.8,4.09,5.8,5.1,8.4,3.1,1.9,0.035,0.0,0.0,0.12,70.3,9.6,5.9,5.54,17.0,NORMAL
S00002679,WL-010,WHEEL_LOADER,966,TRANSMISSION,2026-06-26,16278.8,12.1,N,17.3,7.0,1.79,3.5,2.7,6.1,1.6,1.5,0.039,0.0,0.0,0.05,68.7,6.6,3.8,7.11,9.8,NORMAL
S00002694,WL-011,WHEEL_LOADER,966,ENGINE,2023-02-10,4146.5,250.5,N,16.2,7.1,2.19,4.1,4.9,8.0,4.0,2.8,0.014,0.59,0.0,0.38,110.5,13.5,7.7,9.18,6.0,NORMAL
S00002695,WL-011,WHEEL_LOADER,966,ENGINE,2023-04-02,4484.1,48.3,N,15.9,5.5,1.59,2.0,3.2,5.1,2.1,2.3,0.015,0.58,0.0,0.18,104.4,9.6,6.1,10.27,5.9,NORMAL
S00002696,WL-011,WHEEL_LOADER,966,ENGINE,2023-05-08,4717.0,281.3,N,20.2,7.8,2.45,4.2,5.8,5.4,4.7,3.1,0.011,0.68,0.0,0.55,108.3,13.2,9.4,8.38,8.2,NORMAL
S00002697,WL-011,WHEEL_LOADER,966,ENGINE,2023-06-10,4933.4,497.7,N,30.8,8.5,3.73,5.1,6.2,11.8,6.1,4.5,0.015,0.51,0.0,0.72,107.8,18.7,10.8,6.54,16.0,MONITOR
S00002698,WL-011,WHEEL_LOADER,966,ENGINE,2023-07-25,5229.1,21.0,N,10.5,4.1,1.22,2.4,3.4,6.6,2.6,1.7,0.015,0.42,0.0,0.26,107.9,8.8,6.1,10.28,4.2,NORMAL
S00002699,WL-011,WHEEL_LOADER,966,ENGINE,2023-09-01,5482.3,274.2,N,20.1,6.8,1.63,4.7,5.1,10.3,4.6,3.6,0.02,0.84,0.0,0.43,103.6,12.9,7.8,8.19,6.8,NORMAL
S00002700,WL-011,WHEEL_LOADER,966,ENGINE,2023-10-09,5728.2,26.1,N,11.4,6.2,1.3,2.6,2.9,6.3,2.0,1.7,0.017,0.84,0.0,0.25,109.5,9.6,6.2,10.35,4.2,NORMAL
S00002701,WL-011,WHEEL_LOADER,966,ENGINE,2023-11-13,5958.6,256.6,N,16.5,8.9,1.86,3.8,6.3,7.8,5.3,3.9,0.018,0.54,0.0,0.44,105.4,11.9,9.1,7.9,7.9,NORMAL
S00002702,WL-011,WHEEL_LOADER,966,ENGINE,2023-12-21,6209.1,40.2,N,11.1,4.8,1.15,2.9,3.1,4.5,2.1,1.5,0.015,0.74,0.0,0.26,107.7,9.2,7.0,10.12,4.8,NORMAL
S00002703,WL-011,WHEEL_LOADER,966,ENGINE,2024-01-24,6430.5,261.6,N,21.4,7.8,1.99,4.8,4.6,9.0,3.2,3.2,0.021,0.4,0.0,0.36,111.0,13.9,8.6,7.83,6.0,NORMAL
S00002704,WL-011,WHEEL_LOADER,966,ENGINE,2024-02-24,6634.0,465.1,N,23.5,8.1,2.79,4.2,6.5,9.3,6.2,3.7,0.021,0.7,0.0,0.56,102.0,16.8,12.3,6.99,13.1,NORMAL
S00002705,WL-011,WHEEL_LOADER,966,ENGINE,2024-04-03,6893.4,35.4,N,12.7,5.7,1.26,2.7,3.0,4.7,2.0,2.4,0.038,0.56,0.0,0.24,111.1,7.9,6.1,10.29,4.1,NORMAL
S00002706,WL-011,WHEEL_LOADER,966,ENGINE,2024-05-07,7113.1,255.2,N,24.1,6.5,1.57,3.1,6.1,8.3,4.2,3.9,0.009,0.39,0.0,0.38,106.8,13.6,7.8,8.32,8.1,NORMAL
S00002707,WL-011,WHEEL_LOADER,966,ENGINE,2024-06-09,7327.8,469.8,N,29.4,10.1,2.3,4.8,7.4,13.9,4.6,3.8,0.025,0.73,0.0,0.8,101.1,16.6,10.2,6.35,9.4,NORMAL
S00002708,WL-011,WHEEL_LOADER,966,ENGINE,2024-07-25,7635.7,1.1,N,11.4,2.6,1.08,1.8,2.3,4.1,2.3,1.8,0.025,0.68,0.0,0.21,107.1,7.6,5.5,10.56,4.3,NORMAL
S00002709,WL-011,WHEEL_LOADER,966,ENGINE,2024-08-28,7855.1,220.5,N,17.8,8.9,2.25,4.0,5.7,9.9,2.7,3.2,0.016,0.65,0.0,0.51,105.3,10.0,9.0,8.82,8.7,NORMAL
S00002710,WL-011,WHEEL_LOADER,966,ENGINE,2024-10-12,8151.1,14.2,N,9.0,4.6,1.48,2.9,3.9,5.3,2.3,1.5,0.018,0.56,0.0,0.17,110.6,8.7,6.3,10.46,5.2,NORMAL
S00002711,WL-011,WHEEL_LOADER,966,ENGINE,2024-11-16,8384.0,247.2,N,21.6,8.3,1.93,3.4,6.7,8.9,4.2,3.0,0.015,0.54,0.0,0.52,106.6,11.6,9.1,9.12,7.4,NORMAL
S00002712,WL-011,WHEEL_LOADER,966,ENGINE,2024-12-25,8634.1,497.3,N,24.3,10.4,3.08,6.0,6.2,8.7,4.6,3.6,0.013,0.59,0.0,0.66,105.1,14.1,11.3,6.3,10.9,NORMAL
S00002713,WL-011,WHEEL_LOADER,966,ENGINE,2025-01-28,8858.7,17.0,N,13.3,3.4,1.15,3.1,2.9,4.0,2.2,1.5,0.015,0.42,0.0,0.2,106.5,9.5,6.3,10.06,3.7,NORMAL
S00002714,WL-011,WHEEL_LOADER,966,ENGINE,2025-02-28,9061.1,219.4,N,20.9,5.9,1.72,4.7,5.0,7.6,3.1,2.3,0.024,0.7,0.0,0.45,108.9,11.4,7.6,9.02,7.4,NORMAL
S00002715,WL-011,WHEEL_LOADER,966,ENGINE,2025-03-30,9263.4,421.7,N,25.0,12.6,3.15,6.0,9.2,12.7,5.6,4.0,0.025,0.59,0.0,0.77,112.5,16.3,10.6,7.49,11.1,NORMAL
S00002716,WL-011,WHEEL_LOADER,966,ENGINE,2025-05-02,9477.1,20.3,N,12.3,3.2,1.28,2.4,3.1,5.2,2.9,1.9,0.027,0.52,0.0,0.18,105.7,8.9,5.9,10.47,5.4,NORMAL
S00002717,WL-011,WHEEL_LOADER,966,ENGINE,2025-05-26,9638.0,181.2,N,15.4,5.4,2.05,3.1,5.2,6.4,4.7,3.7,0.019,0.88,0.0,0.29,108.6,12.7,7.3,8.63,7.3,NORMAL
S00002718,WL-011,WHEEL_LOADER,966,ENGINE,2025-06-23,9818.0,361.2,N,21.6,10.2,2.12,4.3,5.7,11.0,3.7,3.7,0.014,0.61,0.0,0.54,109.3,14.6,8.4,7.56,11.8,NORMAL
S00002719,WL-011,WHEEL_LOADER,966,ENGINE,2025-08-05,10099.0,22.4,N,12.2,3.9,1.13,3.1,3.0,4.5,2.4,2.1,0.016,0.5,0.0,0.23,111.9,10.2,5.3,10.41,6.2,NORMAL
S00002720,WL-011,WHEEL_LOADER,966,ENGINE,2025-09-13,10355.4,278.7,N,22.1,7.4,2.92,3.9,4.6,5.9,2.9,4.7,0.014,0.57,0.0,0.59,104.4,13.8,8.9,8.32,8.2,NORMAL
S00002721,WL-011,WHEEL_LOADER,966,ENGINE,2025-10-28,10650.6,52.6,N,11.4,4.2,1.39,4.1,3.6,6.3,2.6,1.7,0.014,0.97,0.0,0.27,107.9,8.0,6.1,10.24,5.1,NORMAL
S00002722,WL-011,WHEEL_LOADER,966,ENGINE,2025-12-04,10895.7,297.7,N,15.6,6.9,2.21,4.7,8.2,8.8,3.6,3.3,0.015,0.46,0.0,0.5,106.3,14.3,9.5,7.27,8.9,NORMAL
S00002723,WL-011,WHEEL_LOADER,966,ENGINE,2026-01-19,11199.5,34.4,N,8.4,4.0,0.98,2.4,2.7,5.7,2.6,2.2,0.026,0.51,0.0,0.23,107.3,9.0,5.7,9.27,5.6,NORMAL
S00002724,WL-011,WHEEL_LOADER,966,ENGINE,2026-02-25,11438.1,273.0,N,22.6,7.6,2.48,4.2,4.1,8.1,4.0,3.0,0.021,0.38,0.0,0.52,114.1,13.5,9.2,7.76,9.7,NORMAL
S00002725,WL-011,WHEEL_LOADER,966,ENGINE,2026-04-15,11761.4,24.8,N,10.8,3.6,1.34,2.4,2.9,4.1,2.2,1.2,0.014,0.46,0.0,0.2,106.2,8.8,6.3,10.95,4.5,NORMAL
S00002726,WL-011,WHEEL_LOADER,966,ENGINE,2026-05-21,11997.9,261.3,N,25.2,7.8,1.83,3.9,5.0,9.6,4.4,3.0,0.02,0.51,0.0,0.46,109.2,14.3,7.9,8.62,7.9,NORMAL
S00002757,WL-011,WHEEL_LOADER,966,FINAL_DRIVE,2023-04-11,4513.5,1224.2,N,106.7,11.5,5.95,8.7,9.7,11.4,4.4,2.4,0.039,0.0,0.0,0.06,100.6,8.3,5.0,4.66,30.4,NORMAL
S00002758,WL-011,WHEEL_LOADER,966,FINAL_DRIVE,2023-07-10,5104.3,1815.1,N,140.6,13.2,7.61,9.8,10.1,13.5,4.2,2.6,0.051,0.0,0.0,0.08,101.0,10.4,5.7,3.46,44.0,NORMAL
S00002759,WL-011,WHEEL_LOADER,966,FINAL_DRIVE,2023-10-08,5695.2,27.2,N,50.4,4.7,2.5,3.8,3.8,5.2,1.9,1.2,0.047,0.0,0.0,0.03,102.5,4.8,2.7,5.19,30.6,NORMAL
S00002760,WL-011,WHEEL_LOADER,966,FINAL_DRIVE,2024-01-06,6286.0,618.0,N,70.0,6.8,4.03,8.0,4.3,7.7,2.5,1.7,0.06,0.0,0.0,0.04,102.0,5.4,3.8,5.15,24.3,NORMAL
S00002761,WL-011,WHEEL_LOADER,966,FINAL_DRIVE,2024-04-05,6876.9,1208.9,N,122.0,9.3,5.11,9.9,5.3,12.7,2.8,2.2,0.038,0.0,0.0,0.06,102.8,8.9,5.0,4.07,36.7,NORMAL
S00002762,WL-011,WHEEL_LOADER,966,FINAL_DRIVE,2024-07-04,7467.7,1799.7,N,110.5,11.0,6.08,10.3,7.6,17.2,4.4,2.8,0.043,0.0,0.0,0.08,100.0,8.7,5.6,3.38,48.0,NORMAL
S00002763,WL-011,WHEEL_LOADER,966,FINAL_DRIVE,2024-10-02,8058.6,28.4,N,48.3,4.3,3.68,3.9,3.2,5.4,1.9,1.3,0.059,0.0,0.0,0.03,100.9,4.6,2.7,5.84,17.0,NORMAL
S00002764,WL-011,WHEEL_LOADER,966,FINAL_DRIVE,2024-12-31,8649.4,619.2,N,89.3,6.4,4.58,7.3,4.7,7.1,1.7,1.7,0.052,0.0,0.0,0.04,100.3,5.9,4.1,5.11,24.3,NORMAL
S00002765,WL-011,WHEEL_LOADER,966,FINAL_DRIVE,2025-03-31,9240.3,1210.1,N,84.1,9.3,5.47,7.2,6.0,11.4,2.7,2.3,0.038,0.0,0.0,0.05,94.5,8.8,4.9,4.28,28.6,NORMAL
S00002766,WL-011,WHEEL_LOADER,966,FINAL_DRIVE,2025-06-29,9831.1,1800.9,N,146.3,14.6,5.99,8.9,9.8,11.9,4.1,2.7,0.024,0.0,0.0,0.09,96.6,9.3,4.8,3.57,42.1,NORMAL
S00002767,WL-011,WHEEL_LOADER,966,FINAL_DRIVE,2025-09-27,10422.0,1.6,N,57.7,6.6,3.69,6.7,3.1,4.9,1.8,1.4,0.068,0.0,0.0,0.02,99.2,4.6,2.6,5.76,13.9,NORMAL
S00002768,WL-011,WHEEL_LOADER,966,FINAL_DRIVE,2025-12-26,11012.8,592.5,N,73.2,5.5,4.23,6.2,4.1,6.2,1.9,1.4,0.051,0.0,0.0,0.04,100.6,6.1,3.5,5.28,30.6,NORMAL
S00002769,WL-011,WHEEL_LOADER,966,FINAL_DRIVE,2026-03-26,11603.7,1183.3,N,103.3,7.8,4.87,9.5,6.6,11.5,3.1,2.0,0.042,0.0,0.0,0.06,97.1,7.2,4.3,4.29,30.9,NORMAL
S00002770,WL-011,WHEEL_LOADER,966,FINAL_DRIVE,2026-06-24,12194.5,1774.2,N,90.0,12.5,7.32,11.9,7.3,14.0,5.4,2.6,0.032,0.0,0.0,0.07,99.1,9.6,5.2,3.63,29.1,NORMAL
S00002727,WL-011,WHEEL_LOADER,966,HYDRAULIC,2023-04-05,4513.5,22.8,N,5.5,2.5,0.59,1.3,1.4,3.8,1.3,1.1,0.043,0.0,0.0,0.03,47.7,5.7,2.8,4.68,2.9,NORMAL
S00002728,WL-011,WHEEL_LOADER,966,HYDRAULIC,2023-07-04,5104.3,613.7,N,10.4,2.6,0.9,1.7,3.0,5.8,2.2,1.3,0.028,0.0,0.0,0.04,46.4,7.2,3.8,4.06,3.9,NORMAL
S00002729,WL-011,WHEEL_LOADER,966,HYDRAULIC,2023-10-02,5695.2,1204.5,N,11.1,4.1,0.8,2.3,4.2,8.5,3.2,2.4,0.035,0.0,0.0,0.07,44.3,9.5,4.6,3.61,7.3,NORMAL
S00002730,WL-011,WHEEL_LOADER,966,HYDRAULIC,2023-12-31,6286.0,1795.4,N,14.8,4.0,1.42,3.2,2.9,8.5,3.3,2.5,0.027,0.0,0.0,0.08,44.3,10.1,5.5,2.98,8.7,NORMAL
S00002731,WL-011,WHEEL_LOADER,966,HYDRAULIC,2024-03-30,6876.9,31.8,N,5.0,2.2,0.5,1.3,1.4,4.1,1.5,0.7,0.018,0.0,0.0,0.02,46.0,6.5,2.7,4.72,3.0,NORMAL
S00002732,WL-011,WHEEL_LOADER,966,HYDRAULIC,2024-06-28,7467.7,622.6,N,6.7,3.7,0.89,1.7,1.8,6.9,2.4,1.5,0.042,0.0,0.0,0.05,46.0,6.3,4.0,4.08,4.9,NORMAL
S00002733,WL-011,WHEEL_LOADER,966,HYDRAULIC,2024-09-26,8058.6,1213.5,N,9.6,4.1,1.15,2.1,3.9,5.5,3.0,2.1,0.028,0.0,0.0,0.06,47.4,8.1,4.7,3.53,6.5,NORMAL
S00002734,WL-011,WHEEL_LOADER,966,HYDRAULIC,2024-12-25,8649.4,1804.3,N,16.8,5.1,1.58,2.2,4.6,9.8,4.8,3.4,0.03,0.0,0.0,0.08,45.4,10.5,4.8,3.11,7.3,NORMAL
S00002735,WL-011,WHEEL_LOADER,966,HYDRAULIC,2025-03-25,9240.3,8.7,N,6.8,2.5,0.51,1.2,1.8,4.7,1.1,1.5,0.027,0.0,0.0,0.02,45.6,5.7,2.6,4.3,3.1,NORMAL
S00002736,WL-011,WHEEL_LOADER,966,HYDRAULIC,2025-06-23,9831.1,599.5,N,7.8,2.7,0.74,1.6,2.5,4.1,2.2,1.4,0.023,0.0,0.0,0.05,46.1,7.8,3.6,4.22,4.4,NORMAL
S00002737,WL-011,WHEEL_LOADER,966,HYDRAULIC,2025-09-21,10422.0,1190.4,N,12.8,3.8,1.12,2.3,3.7,8.7,3.6,2.1,0.038,0.0,0.0,0.05,45.2,8.3,5.4,3.4,5.6,NORMAL
S00002738,WL-011,WHEEL_LOADER,966,HYDRAULIC,2025-12-20,11012.8,1781.2,N,13.9,6.8,1.05,2.7,4.0,9.8,3.6,3.0,0.03,0.0,0.0,0.1,47.3,10.5,5.9,3.13,9.0,NORMAL
S00002739,WL-011,WHEEL_LOADER,966,HYDRAULIC,2026-03-20,11603.7,23.4,N,5.7,2.7,0.54,0.9,1.5,3.9,1.7,1.3,0.02,0.0,0.0,0.03,47.0,5.9,2.9,4.65,3.4,NORMAL
S00002740,WL-011,WHEEL_LOADER,966,HYDRAULIC,2026-06-18,12194.5,614.2,N,10.2,3.1,1.03,1.8,2.5,4.2,2.9,1.5,0.034,0.0,0.0,0.04,46.3,6.6,3.7,4.09,5.4,NORMAL
S00002741,WL-011,WHEEL_LOADER,966,TRANSMISSION,2023-04-05,4400.5,37.1,N,22.9,7.3,1.52,4.0,3.8,4.2,1.5,1.1,0.03,0.0,0.0,0.05,70.2,6.6,3.7,6.96,8.0,NORMAL
S00002742,WL-011,WHEEL_LOADER,966,TRANSMISSION,2023-06-08,4820.5,457.0,N,34.7,11.9,2.33,7.2,4.6,6.2,3.8,1.7,0.033,0.0,0.0,0.1,65.2,9.2,5.0,5.9,12.4,NORMAL
S00002743,WL-011,WHEEL_LOADER,966,TRANSMISSION,2023-08-30,5364.0,33.1,N,20.7,8.5,1.91,3.9,3.7,4.0,1.7,1.0,0.026,0.0,0.0,0.06,68.7,4.6,4.0,6.59,5.3,NORMAL
S00002744,WL-011,WHEEL_LOADER,966,TRANSMISSION,2023-11-14,5859.5,528.6,N,47.3,18.2,2.98,6.1,5.9,8.2,2.6,2.1,0.028,0.0,0.0,0.11,69.4,9.7,5.2,5.33,11.8,NORMAL
S00002745,WL-011,WHEEL_LOADER,966,TRANSMISSION,2024-02-04,6397.9,10.3,N,20.1,7.1,2.7,4.4,2.8,4.3,1.3,1.1,0.037,0.0,0.0,0.05,66.5,6.1,3.5,6.84,7.0,NORMAL
S00002746,WL-011,WHEEL_LOADER,966,TRANSMISSION,2024-04-27,6947.9,560.3,N,45.0,17.6,2.51,5.6,6.4,7.8,3.3,1.9,0.018,0.0,0.0,0.11,68.7,9.5,5.8,5.46,15.0,NORMAL
S00002747,WL-011,WHEEL_LOADER,966,TRANSMISSION,2024-07-08,7415.5,17.0,N,19.1,7.9,1.24,2.9,2.9,4.5,1.6,1.0,0.023,0.0,0.0,0.05,67.6,6.3,3.2,6.8,7.4,NORMAL
S00002748,WL-011,WHEEL_LOADER,966,TRANSMISSION,2024-09-17,7885.9,487.4,N,26.0,14.8,2.78,5.8,6.2,7.3,2.9,1.8,0.024,0.0,0.0,0.09,70.6,9.0,4.7,5.74,13.8,NORMAL
S00002749,WL-011,WHEEL_LOADER,966,TRANSMISSION,2024-11-21,8312.4,913.9,N,48.6,16.3,4.56,7.9,7.9,9.7,4.4,2.2,0.029,0.0,0.0,0.17,70.9,13.2,6.8,4.71,19.9,NORMAL
S00002750,WL-011,WHEEL_LOADER,966,TRANSMISSION,2025-02-19,8903.2,21.8,N,15.8,8.4,2.34,3.8,3.0,5.2,1.7,1.3,0.036,0.0,0.0,0.06,65.9,5.1,3.6,6.12,7.2,NORMAL
S00002751,WL-011,WHEEL_LOADER,966,TRANSMISSION,2025-05-20,9494.1,612.6,N,34.8,16.2,2.5,7.4,5.7,8.9,2.2,3.5,0.03,0.0,0.0,0.14,71.6,11.5,5.9,4.96,17.1,NORMAL
S00002752,WL-011,WHEEL_LOADER,966,TRANSMISSION,2025-07-20,9892.9,32.1,N,24.1,6.5,1.32,3.8,2.5,3.3,1.8,1.2,0.026,0.0,0.0,0.06,66.9,5.8,3.8,6.56,8.8,NORMAL
S00002753,WL-011,WHEEL_LOADER,966,TRANSMISSION,2025-10-02,10380.5,519.7,N,40.0,15.5,2.88,4.5,4.7,7.9,2.4,1.9,0.025,0.0,0.0,0.11,63.2,8.7,5.4,5.88,11.9,NORMAL
S00002754,WL-011,WHEEL_LOADER,966,TRANSMISSION,2025-12-13,10849.1,988.3,N,53.3,18.1,5.06,9.2,9.1,9.2,4.8,3.3,0.019,0.0,0.0,0.2,68.7,12.4,6.9,3.86,18.8,NORMAL
S00002755,WL-011,WHEEL_LOADER,966,TRANSMISSION,2026-03-11,11431.6,2.4,N,19.4,6.0,2.01,2.3,3.3,4.5,1.3,1.2,0.025,0.0,0.0,0.05,67.2,6.8,3.2,6.76,8.9,NORMAL
S00002756,WL-011,WHEEL_LOADER,966,TRANSMISSION,2026-05-10,11821.7,392.4,N,29.5,15.7,2.12,4.7,5.7,6.0,2.1,1.7,0.038,0.0,0.0,0.09,67.9,9.4,4.3,4.96,13.5,NORMAL
S00002771,WL-012,WHEEL_LOADER,966,ENGINE,2023-02-03,5369.0,461.5,N,22.8,9.1,3.36,6.2,6.0,11.3,5.1,3.3,0.022,0.59,0.0,0.72,106.1,15.6,10.2,6.32,12.3,NORMAL
S00002772,WL-012,WHEEL_LOADER,966,ENGINE,2023-03-07,5584.0,50.0,N,9.9,5.3,1.6,2.8,3.4,4.8,2.9,1.6,0.04,0.71,0.0,0.28,108.0,9.4,6.2,9.83,6.1,NORMAL
S00002773,WL-012,WHEEL_LOADER,966,ENGINE,2023-04-16,5848.7,314.7,N,22.7,7.5,2.06,7.3,4.3,10.4,7.1,4.2,0.018,0.43,0.0,0.47,109.5,13.1,9.7,7.35,9.8,NORMAL
S00002774,WL-012,WHEEL_LOADER,966,ENGINE,2023-05-26,6111.8,31.6,N,12.5,3.9,1.17,2.2,4.0,6.2,1.8,2.1,0.013,0.81,0.0,0.24,110.0,9.5,6.8,10.75,4.9,NORMAL
S00002775,WL-012,WHEEL_LOADER,966,ENGINE,2023-07-04,6369.2,289.1,N,18.3,7.1,2.52,4.1,5.0,8.1,3.6,3.0,0.015,0.36,0.0,0.53,107.1,12.4,8.9,7.88,10.2,NORMAL
S00002776,WL-012,WHEEL_LOADER,966,ENGINE,2023-08-08,6601.8,38.7,N,13.3,5.8,1.16,2.8,3.7,3.6,2.9,1.6,0.024,0.92,0.0,0.27,106.4,7.9,7.1,9.49,5.2,NORMAL
S00002777,WL-012,WHEEL_LOADER,966,ENGINE,2023-09-22,6898.0,334.9,N,18.4,8.8,2.46,4.9,5.2,9.3,3.9,2.8,0.01,0.44,0.0,0.74,105.6,14.1,10.7,7.92,9.5,NORMAL
S00002778,WL-012,WHEEL_LOADER,966,ENGINE,2023-10-20,7086.0,28.8,N,11.4,4.6,1.13,1.5,2.8,3.6,2.6,2.2,0.024,0.45,0.0,0.23,103.6,8.9,5.2,10.02,5.0,NORMAL
S00002779,WL-012,WHEEL_LOADER,966,ENGINE,2023-11-26,7330.5,273.3,N,19.8,10.3,2.19,3.7,3.8,7.2,3.1,2.9,0.017,0.55,0.0,0.52,109.0,10.5,7.4,8.25,7.1,NORMAL
S00002780,WL-012,WHEEL_LOADER,966,ENGINE,2024-01-04,7589.5,7.0,N,8.6,4.9,1.04,2.0,3.0,4.1,2.2,1.9,0.014,0.56,0.0,0.19,105.2,9.7,5.4,10.09,3.8,NORMAL
S00002781,WL-012,WHEEL_LOADER,966,ENGINE,2024-02-21,7902.9,320.4,N,21.5,9.1,2.02,4.3,5.2,9.1,4.0,3.5,0.015,0.78,0.0,0.43,107.5,13.5,8.5,7.98,10.0,NORMAL
S00002782,WL-012,WHEEL_LOADER,966,ENGINE,2024-03-30,8154.0,23.4,N,20.2,14.0,0.95,11.5,3.2,4.5,2.1,1.8,0.02,0.53,0.0,0.19,107.3,7.1,6.0,9.67,12.3,MONITOR
S00002783,WL-012,WHEEL_LOADER,966,ENGINE,2024-05-01,8368.4,237.9,N,13.4,6.0,1.91,3.3,5.0,9.2,3.8,2.6,0.015,0.39,0.0,0.44,110.3,13.4,9.0,8.1,9.1,NORMAL
S00002784,WL-012,WHEEL_LOADER,966,ENGINE,2024-06-13,8650.8,52.4,N,9.5,3.9,1.03,3.3,3.0,6.1,3.2,1.6,0.021,0.62,0.0,0.26,106.9,9.4,7.2,9.53,4.8,NORMAL
S00002785,WL-012,WHEEL_LOADER,966,ENGINE,2024-07-20,8898.3,299.9,N,18.7,7.1,2.01,4.4,6.6,8.4,4.6,3.1,0.013,0.42,0.0,0.41,109.3,14.6,9.0,7.38,7.4,NORMAL
S00002786,WL-012,WHEEL_LOADER,966,ENGINE,2024-08-26,9142.6,53.0,N,11.1,5.6,1.15,2.9,2.8,6.2,3.7,2.1,0.027,0.74,0.0,0.25,106.9,10.0,6.4,10.63,5.2,NORMAL
S00002787,WL-012,WHEEL_LOADER,966,ENGINE,2024-09-29,9369.2,279.7,N,19.6,6.4,2.3,3.9,5.5,8.3,4.0,3.7,0.015,0.75,0.0,0.47,109.4,12.8,8.4,7.96,8.7,NORMAL
S00002788,WL-012,WHEEL_LOADER,966,ENGINE,2024-11-15,9681.3,30.4,N,11.5,3.5,1.23,1.9,3.7,4.8,2.1,1.5,0.017,0.28,0.0,0.24,110.8,9.8,5.8,10.82,5.6,NORMAL
S00002789,WL-012,WHEEL_LOADER,966,ENGINE,2024-12-05,9811.6,160.7,N,14.6,5.8,1.82,3.4,5.1,5.8,3.6,2.0,0.018,0.53,0.0,0.36,107.5,11.8,5.8,9.15,7.5,NORMAL
S00002790,WL-012,WHEEL_LOADER,966,ENGINE,2025-01-11,10058.9,408.0,N,26.7,10.1,2.68,6.3,7.2,10.1,5.1,3.7,0.017,0.82,0.0,0.65,104.6,15.2,11.2,7.5,10.4,NORMAL
S00002791,WL-012,WHEEL_LOADER,966,ENGINE,2025-02-28,10374.0,47.0,N,7.9,4.1,1.2,2.3,2.9,5.2,2.4,2.2,0.017,0.35,0.0,0.23,106.6,9.8,6.3,9.78,5.5,NORMAL
S00002792,WL-012,WHEEL_LOADER,966,ENGINE,2025-04-04,10607.8,280.8,N,21.1,6.5,1.64,4.1,5.4,8.1,3.7,2.8,0.025,0.89,0.0,0.47,107.8,12.5,9.0,7.96,8.8,NORMAL
S00002793,WL-012,WHEEL_LOADER,966,ENGINE,2025-05-25,10945.2,23.7,N,12.2,4.9,1.07,2.3,3.9,4.0,2.5,1.6,0.026,0.33,0.0,0.19,102.0,9.2,5.8,9.59,4.5,NORMAL
S00002794,WL-012,WHEEL_LOADER,966,ENGINE,2025-06-28,11165.1,243.7,N,20.0,6.8,1.67,3.7,5.0,8.1,4.2,2.6,0.024,0.45,0.0,0.43,109.2,12.0,8.8,9.05,9.1,NORMAL
S00002795,WL-012,WHEEL_LOADER,966,ENGINE,2025-08-07,11429.2,29.6,N,13.3,4.7,1.15,2.7,3.0,4.6,2.3,2.5,0.027,1.23,0.0,0.23,106.7,8.9,5.7,9.4,4.4,NORMAL
S00002796,WL-012,WHEEL_LOADER,966,ENGINE,2025-09-16,11698.2,298.5,N,18.3,8.6,1.97,3.9,6.3,8.9,4.9,2.8,0.053,0.41,0.003,0.38,105.2,12.4,8.7,8.48,7.7,NORMAL
S00002797,WL-012,WHEEL_LOADER,966,ENGINE,2025-11-11,12067.3,21.0,N,9.8,4.7,1.16,2.2,3.0,4.4,14.7,11.0,4.84,0.48,0.593,0.21,103.6,8.4,5.8,10.19,6.5,ACTION
S00002798,WL-012,WHEEL_LOADER,966,ENGINE,2025-12-23,12344.3,298.0,N,18.0,7.4,2.17,3.8,5.2,8.4,4.8,4.0,0.026,0.37,0.0,0.5,113.0,12.6,9.4,7.77,8.8,NORMAL
S00002799,WL-012,WHEEL_LOADER,966,ENGINE,2026-02-07,12647.2,44.1,N,14.1,5.6,1.45,2.6,3.9,3.6,2.6,1.7,0.039,0.39,0.0,0.22,109.1,10.2,6.5,9.84,4.6,NORMAL
S00002800,WL-012,WHEEL_LOADER,966,ENGINE,2026-03-17,12901.7,298.6,N,17.7,12.9,2.28,3.9,6.3,6.0,3.4,4.2,0.037,0.84,0.0,0.51,106.2,11.6,8.8,7.12,9.9,NORMAL
S00002801,WL-012,WHEEL_LOADER,966,ENGINE,2026-04-30,13189.8,44.4,N,10.1,3.4,1.06,2.2,2.8,6.8,2.7,1.7,0.012,0.42,0.0,0.26,105.8,8.4,5.5,10.01,5.7,NORMAL
S00002802,WL-012,WHEEL_LOADER,966,ENGINE,2026-05-31,13396.7,251.3,N,15.8,7.1,1.69,4.6,3.5,6.2,3.0,2.3,0.018,0.89,0.0,0.45,107.8,13.0,8.6,8.49,10.5,NORMAL
S00002832,WL-012,WHEEL_LOADER,966,FINAL_DRIVE,2023-04-17,5759.4,849.7,N,68.7,7.7,3.58,5.3,5.6,8.8,2.4,1.7,0.073,0.0,0.0,0.05,103.7,6.7,4.3,4.64,23.3,NORMAL
S00002833,WL-012,WHEEL_LOADER,966,FINAL_DRIVE,2023-07-16,6355.0,1445.2,N,102.3,9.8,4.69,8.0,8.3,10.4,4.1,2.2,0.059,0.0,0.0,0.08,101.1,8.0,4.8,3.74,29.4,NORMAL
S00002834,WL-012,WHEEL_LOADER,966,FINAL_DRIVE,2023-10-14,6950.5,45.9,N,51.4,4.4,2.98,3.5,3.9,4.7,1.4,0.9,0.029,0.0,0.0,0.02,97.7,4.9,2.8,5.65,20.0,NORMAL
S00002835,WL-012,WHEEL_LOADER,966,FINAL_DRIVE,2024-01-12,7546.1,641.4,N,71.3,9.7,4.5,8.3,5.1,6.8,3.0,1.4,0.043,0.0,0.0,0.05,98.8,6.7,3.8,5.09,28.1,NORMAL
S00002836,WL-012,WHEEL_LOADER,966,FINAL_DRIVE,2024-04-11,8141.7,1237.0,N,94.4,11.0,6.46,11.2,7.3,10.0,2.6,2.2,0.04,0.0,0.0,0.06,98.7,6.6,5.3,4.27,34.2,NORMAL
S00002837,WL-012,WHEEL_LOADER,966,FINAL_DRIVE,2024-07-10,8737.2,1832.5,N,119.8,15.9,6.82,10.2,8.8,12.9,5.2,2.4,0.077,0.0,0.0,0.07,101.7,8.6,5.8,3.74,43.9,NORMAL
S00002838,WL-012,WHEEL_LOADER,966,FINAL_DRIVE,2024-10-08,9332.8,27.2,N,40.5,3.8,2.65,4.4,2.8,5.7,1.3,1.1,0.055,0.0,0.0,0.03,103.0,5.4,2.7,5.36,18.5,NORMAL
S00002839,WL-012,WHEEL_LOADER,966,FINAL_DRIVE,2025-01-06,9928.3,622.8,N,66.8,7.7,4.52,5.3,5.2,7.9,2.8,1.3,0.036,0.0,0.0,0.03,101.2,6.3,3.6,5.15,32.9,NORMAL
S00002840,WL-012,WHEEL_LOADER,966,FINAL_DRIVE,2025-04-06,10523.9,1218.3,N,96.5,7.8,5.35,9.2,6.8,9.9,3.6,1.8,0.114,0.0,0.0,0.07,98.4,8.1,4.9,4.32,42.9,NORMAL
S00002841,WL-012,WHEEL_LOADER,966,FINAL_DRIVE,2025-07-05,11119.4,1813.9,N,121.4,10.8,7.2,10.6,7.4,16.1,4.3,2.8,0.04,0.0,0.0,0.07,104.8,9.4,6.5,3.59,37.4,NORMAL
S00002842,WL-012,WHEEL_LOADER,966,FINAL_DRIVE,2025-10-03,11715.0,33.0,N,48.0,4.0,2.19,4.4,3.5,3.7,1.5,1.0,0.058,0.0,0.0,0.03,98.0,4.8,3.0,6.34,16.1,NORMAL
S00002843,WL-012,WHEEL_LOADER,966,FINAL_DRIVE,2026-01-01,12310.5,628.5,N,52.6,6.8,4.38,5.7,4.8,7.4,2.3,1.3,0.068,0.0,0.0,0.05,99.5,7.1,3.8,5.3,19.1,NORMAL
S00002844,WL-012,WHEEL_LOADER,966,FINAL_DRIVE,2026-04-01,12906.1,1224.1,N,66.6,8.4,4.66,8.3,5.9,12.0,3.2,1.9,0.042,0.0,0.0,0.07,101.8,8.6,4.7,4.19,37.1,NORMAL
S00002803,WL-012,WHEEL_LOADER,966,HYDRAULIC,2023-04-16,5759.4,1787.4,N,16.3,4.6,1.78,2.8,3.7,6.5,3.4,2.9,0.029,0.0,0.0,0.09,46.8,10.2,4.4,2.8,8.9,NORMAL
S00002804,WL-012,WHEEL_LOADER,966,HYDRAULIC,2023-07-15,6355.0,9.6,N,5.2,3.6,0.45,1.0,1.6,2.9,2.4,0.9,0.049,0.0,0.0,0.03,43.7,5.3,2.7,4.87,4.4,NORMAL
S00002805,WL-012,WHEEL_LOADER,966,HYDRAULIC,2023-10-13,6950.5,605.2,N,7.1,4.4,0.66,1.7,2.4,5.2,2.8,1.4,0.034,0.0,0.0,0.04,46.9,7.0,3.7,3.97,5.1,NORMAL
S00002806,WL-012,WHEEL_LOADER,966,HYDRAULIC,2024-01-11,7546.1,1200.7,N,11.6,5.2,1.05,1.9,2.7,7.8,3.3,2.7,0.037,0.0,0.0,0.06,43.9,8.9,4.6,3.74,5.6,NORMAL
S00002807,WL-012,WHEEL_LOADER,966,HYDRAULIC,2024-04-10,8141.7,1796.3,N,19.2,4.4,1.51,3.0,4.1,8.4,3.6,3.3,0.029,0.0,0.0,0.1,47.3,10.8,5.7,3.03,6.6,NORMAL
S00002808,WL-012,WHEEL_LOADER,966,HYDRAULIC,2024-07-09,8737.2,39.2,N,7.7,2.1,0.64,1.7,1.6,3.8,2.2,1.2,0.031,0.0,0.0,0.02,45.9,5.4,3.0,4.37,3.5,NORMAL
S00002809,WL-012,WHEEL_LOADER,966,HYDRAULIC,2024-10-07,9332.8,634.8,N,10.9,4.0,0.72,1.8,2.1,4.1,2.4,2.0,0.033,0.0,0.0,0.04,46.2,6.1,3.4,4.2,5.1,NORMAL
S00002810,WL-012,WHEEL_LOADER,966,HYDRAULIC,2025-01-05,9928.3,1230.3,N,11.2,5.4,1.04,2.2,3.4,6.3,3.9,2.3,0.025,0.0,0.0,0.05,47.2,10.3,4.5,3.65,7.7,NORMAL
S00002811,WL-012,WHEEL_LOADER,966,HYDRAULIC,2025-04-05,10523.9,1825.9,N,18.3,5.1,1.35,1.9,3.8,8.4,4.2,2.5,0.028,0.0,0.0,0.08,46.8,10.1,4.8,2.95,7.2,NORMAL
S00002812,WL-012,WHEEL_LOADER,966,HYDRAULIC,2025-07-04,11119.4,33.8,N,6.5,1.8,0.68,1.1,1.7,2.8,2.4,0.9,0.045,0.0,0.0,0.03,46.5,4.5,3.0,4.38,3.0,NORMAL
S00002813,WL-012,WHEEL_LOADER,966,HYDRAULIC,2025-10-02,11715.0,629.4,N,8.9,3.3,0.81,1.7,2.3,4.6,2.1,1.4,0.035,0.0,0.0,0.04,44.9,8.3,3.6,4.01,5.7,NORMAL
S00002814,WL-012,WHEEL_LOADER,966,HYDRAULIC,2025-12-31,12310.5,1224.9,N,12.1,4.2,0.95,2.6,4.2,9.2,2.7,1.7,0.023,0.0,0.0,0.06,46.3,9.5,5.1,3.87,7.5,NORMAL
S00002815,WL-012,WHEEL_LOADER,966,HYDRAULIC,2026-03-31,12906.1,1820.5,N,17.5,6.1,1.39,2.5,3.5,8.7,3.6,3.0,0.028,0.0,0.0,0.07,47.1,10.5,4.6,3.0,8.2,NORMAL
S00002816,WL-012,WHEEL_LOADER,966,HYDRAULIC,2026-06-29,13501.6,30.8,N,5.8,2.3,0.55,1.2,1.7,2.6,1.5,1.1,0.034,0.0,0.0,0.03,47.1,5.4,3.2,4.64,3.4,NORMAL
S00002817,WL-012,WHEEL_LOADER,966,TRANSMISSION,2023-04-09,5717.7,37.0,N,22.3,9.1,1.44,2.3,2.9,3.6,1.6,1.1,0.028,0.0,0.0,0.06,68.3,7.1,3.5,6.65,9.2,NORMAL
S00002818,WL-012,WHEEL_LOADER,966,TRANSMISSION,2023-07-08,6313.3,632.5,N,48.1,18.6,3.36,5.9,5.0,7.6,3.6,1.9,0.03,0.0,0.0,0.13,66.3,10.2,5.4,4.61,12.5,NORMAL
S00002819,WL-012,WHEEL_LOADER,966,TRANSMISSION,2023-09-15,6772.0,44.6,N,17.4,8.1,1.52,2.9,2.7,3.6,1.5,1.1,0.028,0.0,0.0,0.05,68.0,7.3,3.8,6.6,7.3,NORMAL
S00002820,WL-012,WHEEL_LOADER,966,TRANSMISSION,2023-12-14,7367.5,640.2,N,40.1,15.3,3.35,7.8,5.2,9.0,4.7,1.9,0.031,0.0,0.0,0.14,69.4,10.5,5.0,4.94,19.3,NORMAL
S00002821,WL-012,WHEEL_LOADER,966,TRANSMISSION,2024-02-27,7863.5,13.8,N,28.7,8.8,1.72,4.2,2.5,4.5,1.4,1.1,0.036,0.0,0.0,0.06,67.1,7.0,4.0,6.82,6.9,NORMAL
S00002822,WL-012,WHEEL_LOADER,966,TRANSMISSION,2024-05-15,8382.2,532.6,N,38.8,17.5,2.71,5.2,4.9,8.2,3.3,2.0,0.021,0.0,0.0,0.08,68.7,9.6,5.2,5.4,15.8,NORMAL
S00002823,WL-012,WHEEL_LOADER,966,TRANSMISSION,2024-08-13,8977.8,32.7,N,22.7,8.4,1.65,3.4,2.5,3.5,1.8,1.1,0.027,0.0,0.0,0.05,66.3,5.8,3.6,6.6,8.1,NORMAL
S00002824,WL-012,WHEEL_LOADER,966,TRANSMISSION,2024-11-09,9559.4,614.3,N,33.8,13.5,2.85,6.1,3.8,8.8,3.2,2.2,0.017,0.0,0.0,0.14,68.1,11.1,6.2,5.35,15.4,NORMAL
S00002825,WL-012,WHEEL_LOADER,966,TRANSMISSION,2025-01-29,10095.7,3.3,N,13.9,6.8,1.63,2.3,3.1,3.0,1.6,1.3,0.054,0.0,0.0,0.05,66.9,6.0,3.8,6.79,6.8,NORMAL
S00002826,WL-012,WHEEL_LOADER,966,TRANSMISSION,2025-03-31,10498.3,405.8,N,37.5,12.1,3.4,5.3,4.4,6.3,3.1,1.8,0.026,0.0,0.0,0.11,67.1,9.2,5.2,5.39,9.7,NORMAL
S00002827,WL-012,WHEEL_LOADER,966,TRANSMISSION,2025-05-25,10859.9,767.5,N,42.8,18.3,4.19,6.7,5.1,7.7,4.2,3.1,0.033,0.0,0.0,0.14,66.6,11.2,6.4,4.92,15.5,NORMAL
S00002828,WL-012,WHEEL_LOADER,966,TRANSMISSION,2025-08-15,11403.6,13.6,N,26.1,9.3,1.88,3.4,2.9,4.6,1.3,0.9,0.019,0.0,0.0,0.05,67.3,6.6,3.6,7.11,9.8,NORMAL
S00002829,WL-012,WHEEL_LOADER,966,TRANSMISSION,2025-11-06,11955.5,565.6,N,39.1,14.2,3.49,7.1,5.4,5.5,3.9,1.5,0.039,0.0,0.0,0.11,70.9,8.7,5.1,5.02,11.6,NORMAL
S00002830,WL-012,WHEEL_LOADER,966,TRANSMISSION,2026-02-01,12530.3,2.1,N,24.2,7.7,1.68,2.9,2.7,5.6,1.6,1.1,0.023,0.0,0.0,0.06,67.3,5.6,3.2,6.82,9.1,NORMAL
S00002831,WL-012,WHEEL_LOADER,966,TRANSMISSION,2026-04-18,13031.3,503.1,N,44.0,16.9,3.29,5.9,5.2,9.7,2.6,2.0,0.037,0.0,0.0,0.14,67.6,8.7,6.1,6.0,18.1,NORMAL
S00002845,WL-013,WHEEL_LOADER,966,ENGINE,2023-01-27,4844.2,22.3,N,10.2,3.5,1.76,2.1,2.3,3.5,1.7,1.6,0.022,0.43,0.0,0.19,107.2,7.8,5.5,10.98,4.0,NORMAL
S00002846,WL-013,WHEEL_LOADER,966,ENGINE,2023-02-21,5103.7,281.8,N,25.5,5.7,2.48,3.3,3.8,8.8,5.1,3.5,0.013,0.39,0.0,0.45,107.6,14.9,8.9,8.34,7.6,NORMAL
S00002847,WL-013,WHEEL_LOADER,966,ENGINE,2023-03-20,5381.6,50.4,N,10.9,5.6,1.14,2.2,3.7,5.6,2.4,2.2,0.023,0.54,0.0,0.25,105.6,8.5,5.5,9.92,7.1,NORMAL
S00002848,WL-013,WHEEL_LOADER,966,ENGINE,2023-04-12,5618.0,286.9,N,19.3,6.2,2.02,4.7,7.0,6.4,3.1,3.7,0.017,0.36,0.0,0.47,111.3,13.6,9.3,8.42,6.8,NORMAL
S00002849,WL-013,WHEEL_LOADER,966,ENGINE,2023-05-08,5886.2,14.2,N,14.7,2.8,1.45,2.1,3.5,4.8,2.6,1.8,0.015,0.43,0.0,0.27,106.4,8.9,5.5,9.74,4.3,NORMAL
S00002850,WL-013,WHEEL_LOADER,966,ENGINE,2023-06-05,6178.9,307.0,N,16.0,11.4,2.01,5.5,6.1,8.9,4.6,3.1,0.017,0.57,0.0,0.6,106.7,12.4,9.3,8.31,7.6,NORMAL
S00002851,WL-013,WHEEL_LOADER,966,ENGINE,2023-06-29,6427.7,20.7,N,9.2,4.0,1.28,2.6,2.7,4.4,2.4,1.7,0.03,0.8,0.0,0.22,107.6,8.6,4.4,10.87,4.0,NORMAL
S00002852,WL-013,WHEEL_LOADER,966,ENGINE,2023-07-20,6641.5,234.5,N,18.8,9.3,1.63,5.0,5.0,6.3,6.7,2.1,0.018,0.53,0.0,0.4,107.2,12.9,8.4,7.54,7.5,NORMAL
S00002853,WL-013,WHEEL_LOADER,966,ENGINE,2023-08-15,6913.2,33.1,N,12.7,4.4,1.6,2.7,2.5,5.5,2.8,2.0,0.024,0.72,0.0,0.2,110.0,9.7,5.9,9.61,4.7,NORMAL
S00002854,WL-013,WHEEL_LOADER,966,ENGINE,2023-09-13,7209.3,329.2,N,17.9,8.1,3.16,5.2,5.7,11.2,4.3,3.1,0.015,0.54,0.0,0.57,111.8,13.2,8.1,7.81,7.4,NORMAL
S00002855,WL-013,WHEEL_LOADER,966,ENGINE,2023-10-09,7484.2,7.0,N,11.5,3.7,1.26,2.4,3.0,4.2,3.5,2.6,0.67,0.8,0.078,0.25,112.1,8.6,5.6,9.8,4.7,MONITOR
S00002856,WL-013,WHEEL_LOADER,966,ENGINE,2023-11-07,7778.9,301.7,N,22.8,8.2,2.07,5.2,4.5,9.1,11.4,8.9,2.861,0.4,0.349,0.39,105.6,11.5,8.8,8.02,9.0,ACTION
S00002857,WL-013,WHEEL_LOADER,966,ENGINE,2023-12-03,8052.9,23.4,N,12.0,3.3,1.31,2.1,3.7,5.3,17.2,12.4,5.833,0.32,0.715,0.21,107.0,8.9,6.3,10.72,4.3,ACTION
S00002858,WL-013,WHEEL_LOADER,966,ENGINE,2023-12-31,8339.6,310.0,N,17.7,6.0,2.23,4.3,6.2,14.4,4.4,3.2,0.021,0.57,0.0,0.51,106.3,13.8,9.5,8.47,10.2,NORMAL
S00002859,WL-013,WHEEL_LOADER,966,ENGINE,2024-01-21,8561.1,28.3,N,11.6,5.4,1.35,2.3,2.9,3.8,3.3,2.4,0.21,0.44,0.023,0.21,105.7,8.2,6.4,10.43,6.4,NORMAL
S00002860,WL-013,WHEEL_LOADER,966,ENGINE,2024-02-19,8860.0,327.2,N,28.5,9.7,2.19,4.4,5.3,10.1,9.3,7.2,2.163,0.51,0.263,0.37,103.6,14.8,8.7,7.65,7.7,ACTION
S00002861,WL-013,WHEEL_LOADER,966,ENGINE,2024-03-15,9120.2,9.4,N,9.4,3.2,1.26,2.3,3.2,4.2,14.4,10.6,4.93,0.64,0.602,0.17,108.0,8.6,5.2,10.33,4.8,ACTION
S00002862,WL-013,WHEEL_LOADER,966,ENGINE,2024-04-05,9329.5,218.6,N,19.7,5.6,1.96,4.8,5.9,7.3,22.1,16.4,7.715,0.5,0.945,0.45,102.8,10.8,7.5,8.64,7.2,ACTION
S00002863,WL-013,WHEEL_LOADER,966,ENGINE,2024-04-24,9527.2,416.3,N,22.6,7.8,2.1,5.0,6.6,9.3,4.5,3.4,0.017,0.59,0.0,0.57,106.2,16.6,9.9,6.92,11.5,NORMAL
S00002864,WL-013,WHEEL_LOADER,966,ENGINE,2024-05-19,9784.2,36.5,N,10.7,3.8,1.33,2.3,2.8,4.5,1.9,2.2,0.018,0.72,0.0,0.28,108.7,8.7,6.4,9.46,5.4,NORMAL
S00002865,WL-013,WHEEL_LOADER,966,ENGINE,2024-06-09,10005.9,258.2,N,18.0,6.5,1.97,4.5,4.3,8.5,4.4,2.7,0.019,0.85,0.0,0.51,106.8,11.7,7.9,8.17,7.0,NORMAL
S00002866,WL-013,WHEEL_LOADER,966,ENGINE,2024-06-30,10222.1,474.4,N,23.1,8.0,3.3,5.9,6.4,10.7,5.4,3.7,0.015,0.59,0.0,0.63,103.9,18.0,10.6,6.6,13.8,NORMAL
S00002867,WL-013,WHEEL_LOADER,966,ENGINE,2024-07-28,10515.1,38.6,N,12.1,3.5,1.08,2.5,2.6,3.4,2.2,1.6,0.014,0.68,0.0,0.18,105.8,9.7,5.5,10.06,4.2,NORMAL
S00002868,WL-013,WHEEL_LOADER,966,ENGINE,2024-08-14,10692.5,216.0,N,24.9,5.7,1.86,4.1,3.8,7.3,4.3,2.7,0.029,0.49,0.0,0.48,108.6,11.2,6.1,9.0,7.1,NORMAL
S00002869,WL-013,WHEEL_LOADER,966,ENGINE,2024-09-06,10927.5,450.9,N,23.6,11.2,2.78,4.3,7.1,7.4,5.0,3.7,0.018,0.67,0.0,0.52,110.4,18.1,10.8,6.9,15.2,NORMAL
S00002870,WL-013,WHEEL_LOADER,966,ENGINE,2024-09-24,11107.1,59.3,N,12.6,4.5,1.74,2.9,3.1,5.1,2.2,1.6,0.023,0.43,0.0,0.24,107.8,9.0,5.8,10.77,5.3,NORMAL
S00002871,WL-013,WHEEL_LOADER,966,ENGINE,2024-10-13,11303.6,255.7,N,15.6,9.1,1.98,4.0,4.6,6.4,4.4,2.4,0.026,0.41,0.0,0.37,105.0,11.8,7.7,8.27,7.6,NORMAL
S00002872,WL-013,WHEEL_LOADER,966,ENGINE,2024-11-06,11554.3,53.6,N,10.8,3.6,1.61,2.2,3.7,7.3,2.3,1.8,0.023,0.85,0.0,0.22,104.6,10.3,6.4,10.38,5.3,NORMAL
S00002873,WL-013,WHEEL_LOADER,966,ENGINE,2024-12-01,11812.7,312.0,N,20.0,9.0,2.45,5.1,5.7,10.3,4.1,4.1,0.019,0.77,0.0,0.46,111.5,12.5,9.9,8.23,9.2,NORMAL
S00002874,WL-013,WHEEL_LOADER,966,ENGINE,2024-12-31,12122.6,29.2,N,14.3,4.3,1.51,2.5,2.8,4.7,3.1,1.9,0.024,0.7,0.0,0.22,112.6,7.4,5.5,10.45,4.2,NORMAL
S00002875,WL-013,WHEEL_LOADER,966,ENGINE,2025-01-19,12319.4,226.0,N,16.0,7.2,2.72,6.0,4.9,6.4,3.8,3.0,0.02,0.54,0.0,0.46,107.7,12.8,7.8,7.96,7.8,NORMAL
S00002876,WL-013,WHEEL_LOADER,966,ENGINE,2025-02-09,12538.7,445.3,N,18.8,8.8,2.62,5.1,7.8,9.1,5.8,4.4,0.03,0.94,0.0,0.55,106.5,13.6,9.5,6.56,11.5,NORMAL
S00002877,WL-013,WHEEL_LOADER,966,ENGINE,2025-03-06,12801.2,5.0,N,8.6,3.5,1.3,2.0,2.7,5.5,2.3,1.7,0.021,0.51,0.0,0.23,107.2,8.2,6.0,10.51,4.6,NORMAL
S00002878,WL-013,WHEEL_LOADER,966,ENGINE,2025-03-27,13012.5,216.4,N,18.4,6.5,1.56,3.1,3.5,9.0,4.9,3.5,0.019,1.32,0.0,0.4,103.4,11.7,9.0,8.5,6.9,NORMAL
S00002879,WL-013,WHEEL_LOADER,966,ENGINE,2025-04-23,13298.1,30.7,N,8.9,4.7,1.1,2.5,3.4,4.1,2.8,1.4,0.011,0.35,0.0,0.26,113.2,8.4,5.7,10.45,6.3,NORMAL
S00002880,WL-013,WHEEL_LOADER,966,ENGINE,2025-05-18,13553.3,285.9,N,21.0,7.6,2.18,4.6,4.1,8.6,4.3,3.0,0.038,0.74,0.0,0.39,108.3,14.2,8.2,8.67,9.4,NORMAL
S00002881,WL-013,WHEEL_LOADER,966,ENGINE,2025-06-16,13852.8,11.2,N,10.6,3.5,1.18,2.3,3.8,5.1,2.2,2.4,0.022,0.58,0.0,0.23,108.3,9.2,5.6,8.89,5.1,NORMAL
S00002882,WL-013,WHEEL_LOADER,966,ENGINE,2025-07-07,14068.8,227.2,N,20.6,7.9,2.13,4.4,5.4,9.1,3.2,2.6,0.016,0.9,0.0,0.4,105.3,13.6,7.7,7.97,7.4,NORMAL
S00002883,WL-013,WHEEL_LOADER,966,ENGINE,2025-08-04,14362.7,56.8,N,9.1,3.7,1.54,2.2,2.6,5.0,2.8,1.6,0.03,0.75,0.0,0.26,108.5,7.9,6.7,9.31,4.4,NORMAL
S00002884,WL-013,WHEEL_LOADER,966,ENGINE,2025-08-28,14603.7,297.9,N,15.6,6.5,2.38,3.5,4.4,8.7,4.7,3.5,0.016,0.73,0.0,0.53,106.5,14.2,8.2,8.05,9.1,NORMAL
S00002885,WL-013,WHEEL_LOADER,966,ENGINE,2025-09-26,14910.2,57.5,N,12.1,4.3,1.12,2.0,3.3,4.4,2.5,1.8,0.023,1.1,0.0,0.27,110.0,9.0,6.8,10.22,6.3,NORMAL
S00002886,WL-013,WHEEL_LOADER,966,ENGINE,2025-10-23,15184.1,331.4,N,19.9,9.0,2.83,4.0,5.1,11.8,5.1,3.2,0.015,0.56,0.0,0.57,110.0,13.0,8.1,7.94,12.7,NORMAL
S00002887,WL-013,WHEEL_LOADER,966,ENGINE,2025-11-18,15453.6,7.9,N,10.4,3.6,1.05,2.0,3.3,4.3,3.1,1.7,0.029,0.82,0.0,0.2,105.6,8.3,5.5,10.24,4.1,NORMAL
S00002888,WL-013,WHEEL_LOADER,966,ENGINE,2025-12-17,15755.6,310.0,N,20.1,6.5,2.55,4.0,4.2,10.5,4.7,2.8,0.012,1.09,0.0,0.55,112.5,12.1,9.7,8.49,10.6,NORMAL
S00002889,WL-013,WHEEL_LOADER,966,ENGINE,2026-01-08,15987.6,52.9,N,12.7,3.1,1.15,2.9,2.9,4.8,2.3,2.5,0.02,0.53,0.0,0.16,110.7,8.9,5.5,9.72,5.3,NORMAL
S00002890,WL-013,WHEEL_LOADER,966,ENGINE,2026-01-27,16182.3,247.5,N,20.6,5.8,1.94,4.5,4.2,8.5,4.6,2.7,0.015,0.81,0.0,0.43,102.1,12.9,8.6,8.69,6.8,NORMAL
S00002891,WL-013,WHEEL_LOADER,966,ENGINE,2026-02-17,16397.5,462.7,N,25.9,12.0,2.42,6.2,7.5,11.4,6.3,3.3,0.013,1.03,0.0,0.7,105.5,16.0,11.2,6.46,11.4,NORMAL
S00002892,WL-013,WHEEL_LOADER,966,ENGINE,2026-03-11,16623.6,37.4,N,14.2,4.5,1.12,2.0,2.7,5.6,2.5,2.3,0.014,0.66,0.0,0.24,108.1,7.9,5.7,8.82,4.9,NORMAL
S00002893,WL-013,WHEEL_LOADER,966,ENGINE,2026-04-04,16867.4,281.3,N,13.0,7.8,1.77,3.4,5.7,6.0,4.2,2.7,0.016,0.62,0.0,0.55,104.7,13.6,9.2,7.59,7.4,NORMAL
S00002894,WL-013,WHEEL_LOADER,966,ENGINE,2026-05-02,17161.8,0.1,N,8.9,3.2,1.24,2.3,4.3,4.5,2.2,1.4,0.03,0.7,0.0,0.22,107.1,9.1,5.3,10.14,4.5,NORMAL
S00002895,WL-013,WHEEL_LOADER,966,ENGINE,2026-05-28,17429.0,267.3,N,18.0,9.2,2.28,4.3,5.0,7.7,3.3,3.0,0.022,0.83,0.0,0.51,109.0,12.8,10.3,8.28,8.2,NORMAL
S00002896,WL-013,WHEEL_LOADER,966,ENGINE,2026-06-14,17605.1,443.5,N,21.4,10.5,3.68,4.1,7.2,10.4,5.1,4.9,0.02,0.48,0.0,0.65,112.1,16.3,11.4,6.85,12.5,NORMAL
S00002934,WL-013,WHEEL_LOADER,966,FINAL_DRIVE,2023-04-22,5531.3,1744.1,N,97.9,6.1,5.92,10.2,10.4,10.2,3.5,2.1,0.057,0.0,0.0,0.07,101.1,9.4,4.4,3.84,31.1,NORMAL
S00002935,WL-013,WHEEL_LOADER,966,FINAL_DRIVE,2023-07-21,6462.1,10.3,N,47.1,4.2,3.18,5.6,3.1,5.9,1.9,1.1,0.063,0.0,0.0,0.02,98.9,5.1,2.5,5.82,15.5,NORMAL
S00002936,WL-013,WHEEL_LOADER,966,FINAL_DRIVE,2023-10-19,7393.0,941.2,N,67.1,8.1,6.23,10.4,5.4,6.8,2.9,1.8,0.026,0.0,0.0,0.04,103.4,5.8,4.3,5.08,24.2,NORMAL
S00002937,WL-013,WHEEL_LOADER,966,FINAL_DRIVE,2024-01-17,8323.8,1872.0,N,117.5,11.5,5.6,11.4,9.1,11.8,5.1,2.9,0.049,0.0,0.0,0.06,99.1,9.6,5.8,3.81,42.6,NORMAL
S00002938,WL-013,WHEEL_LOADER,966,FINAL_DRIVE,2024-04-16,9254.6,9.2,N,47.5,5.2,3.0,3.8,3.2,4.0,1.7,1.0,0.051,0.0,0.0,0.03,96.7,4.3,2.8,5.29,15.0,NORMAL
S00002939,WL-013,WHEEL_LOADER,966,FINAL_DRIVE,2024-07-02,10053.3,807.9,N,84.2,6.9,5.71,5.8,5.8,9.4,2.8,1.7,0.058,0.0,0.0,0.06,101.1,6.5,4.0,4.95,22.4,NORMAL
S00002940,WL-013,WHEEL_LOADER,966,FINAL_DRIVE,2024-09-30,10984.1,1738.8,N,119.8,12.5,7.43,9.1,8.4,11.1,4.0,2.1,0.045,0.0,0.0,0.08,96.9,9.6,5.1,4.06,37.0,NORMAL
S00002941,WL-013,WHEEL_LOADER,966,FINAL_DRIVE,2024-12-29,11915.0,38.1,N,38.4,4.9,2.62,4.4,3.1,4.8,1.3,1.3,0.03,0.0,0.0,0.03,99.6,4.8,2.6,5.7,14.0,NORMAL
S00002942,WL-013,WHEEL_LOADER,966,FINAL_DRIVE,2025-03-29,12845.8,969.0,N,79.4,9.7,3.57,8.5,5.9,7.8,2.7,2.5,0.041,0.0,0.0,0.06,99.0,7.1,4.0,4.65,47.1,NORMAL
S00002943,WL-013,WHEEL_LOADER,966,FINAL_DRIVE,2025-06-27,13776.6,1899.8,N,139.6,16.1,4.95,11.9,8.5,11.4,3.4,2.3,0.051,0.0,0.0,0.09,103.7,9.8,5.5,3.47,33.8,NORMAL
S00002944,WL-013,WHEEL_LOADER,966,FINAL_DRIVE,2025-09-13,14584.3,14.0,N,49.4,3.6,2.93,3.5,4.5,5.4,1.9,1.1,0.063,0.0,0.0,0.02,100.9,5.1,3.0,5.67,16.4,NORMAL
S00002945,WL-013,WHEEL_LOADER,966,FINAL_DRIVE,2025-12-12,15515.1,944.8,N,72.0,9.0,4.71,7.4,5.9,14.0,3.0,1.9,0.049,0.0,0.0,0.06,99.9,7.3,3.9,4.77,32.8,NORMAL
S00002946,WL-013,WHEEL_LOADER,966,FINAL_DRIVE,2026-03-12,16445.9,1875.6,N,137.6,17.1,6.91,12.4,8.2,12.2,4.0,3.9,0.055,0.0,0.0,0.09,98.5,10.2,5.5,3.54,41.9,NORMAL
S00002947,WL-013,WHEEL_LOADER,966,FINAL_DRIVE,2026-06-08,17353.8,2.9,N,53.5,5.6,2.34,4.1,3.2,6.1,1.7,1.3,0.083,0.0,0.0,0.02,99.9,5.8,3.0,5.7,18.4,NORMAL
S00002897,WL-013,WHEEL_LOADER,966,HYDRAULIC,2023-03-29,5453.1,1442.7,N,15.3,4.3,1.17,1.9,3.8,6.8,3.7,2.5,0.049,0.0,0.0,0.06,44.3,8.9,4.7,3.31,6.0,NORMAL
S00002898,WL-013,WHEEL_LOADER,966,HYDRAULIC,2023-06-27,6383.9,55.6,N,9.0,2.3,0.6,1.1,2.2,4.0,2.4,1.0,3.918,0.0,0.0,0.03,46.4,4.4,3.0,4.22,3.9,MONITOR
S00002899,WL-013,WHEEL_LOADER,966,HYDRAULIC,2023-09-25,7314.8,986.4,N,9.9,3.8,0.77,2.4,3.0,4.7,2.5,2.5,0.02,0.0,0.0,0.05,47.8,8.1,3.9,3.92,5.4,NORMAL
S00002900,WL-013,WHEEL_LOADER,966,HYDRAULIC,2023-12-16,8162.3,1834.0,N,12.0,4.4,1.54,2.4,3.5,8.2,4.0,2.2,0.028,0.0,0.0,0.1,46.2,10.4,5.8,3.09,8.8,NORMAL
S00002901,WL-013,WHEEL_LOADER,966,HYDRAULIC,2024-03-15,9093.2,12.2,N,7.1,2.5,0.6,1.0,1.7,3.9,2.0,0.8,0.04,0.0,0.0,0.02,44.5,5.8,2.8,4.51,4.1,NORMAL
S00002902,WL-013,WHEEL_LOADER,966,HYDRAULIC,2024-06-13,10024.0,943.0,N,10.7,5.1,0.83,2.0,3.2,6.3,2.6,2.4,0.022,0.0,0.0,0.07,45.0,8.8,4.4,3.65,6.0,NORMAL
S00002903,WL-013,WHEEL_LOADER,966,HYDRAULIC,2024-09-11,10954.8,1873.9,N,19.4,4.5,1.16,2.9,4.3,7.6,3.8,2.3,0.019,0.0,0.0,0.1,47.0,10.3,5.2,2.74,9.5,NORMAL
S00002904,WL-013,WHEEL_LOADER,966,HYDRAULIC,2024-11-28,11762.0,13.8,N,5.3,1.9,0.67,1.0,1.6,3.3,1.8,0.9,0.024,0.0,0.0,0.03,46.5,6.2,2.6,4.62,3.2,NORMAL
S00002905,WL-013,WHEEL_LOADER,966,HYDRAULIC,2025-02-19,12618.8,870.6,N,10.1,3.7,1.09,1.5,2.8,6.6,2.7,2.3,0.026,0.0,0.0,0.05,44.9,7.6,4.2,3.68,6.0,NORMAL
S00002906,WL-013,WHEEL_LOADER,966,HYDRAULIC,2025-05-20,13549.7,1801.5,N,13.2,4.5,1.49,2.9,4.1,6.0,4.7,2.3,0.046,0.0,0.0,0.08,46.8,9.4,5.2,3.08,8.5,NORMAL
S00002907,WL-013,WHEEL_LOADER,966,HYDRAULIC,2025-08-18,14480.5,14.4,N,5.4,2.6,0.66,1.0,1.7,3.4,1.7,1.1,0.023,0.0,0.0,0.02,46.2,6.0,2.9,4.53,3.5,NORMAL
S00002908,WL-013,WHEEL_LOADER,966,HYDRAULIC,2025-11-07,15319.6,853.4,N,11.0,3.7,0.78,2.1,3.2,6.8,3.2,1.8,0.03,0.0,0.0,0.06,44.6,7.4,4.1,3.71,4.8,NORMAL
S00002909,WL-013,WHEEL_LOADER,966,HYDRAULIC,2026-01-22,16104.0,1637.9,N,16.6,4.8,1.42,2.3,3.5,8.0,3.9,2.9,0.023,0.0,0.0,0.08,45.4,9.1,5.1,3.12,8.9,NORMAL
S00002910,WL-013,WHEEL_LOADER,966,HYDRAULIC,2026-04-22,17034.9,15.9,N,14.4,2.7,0.59,1.3,4.7,23.9,2.7,1.1,0.024,0.0,0.0,0.02,45.6,4.7,2.6,4.62,2.7,MONITOR
S00002911,WL-013,WHEEL_LOADER,966,TRANSMISSION,2023-03-18,5174.8,58.6,N,29.2,10.2,1.98,4.1,3.5,3.9,2.2,0.9,0.042,0.0,0.0,0.05,68.3,6.2,3.7,6.92,8.9,NORMAL
S00002912,WL-013,WHEEL_LOADER,966,TRANSMISSION,2023-05-11,5729.3,613.1,N,42.5,16.4,3.52,5.7,5.3,7.7,4.2,2.4,0.034,0.0,0.0,0.14,67.6,11.0,5.3,5.0,11.1,NORMAL
S00002913,WL-013,WHEEL_LOADER,966,TRANSMISSION,2023-07-05,6301.7,51.9,N,21.6,7.7,1.61,3.2,3.3,4.2,1.4,1.3,0.028,0.0,0.0,0.05,67.4,7.0,3.9,6.88,9.8,NORMAL
S00002914,WL-013,WHEEL_LOADER,966,TRANSMISSION,2023-08-28,6854.9,605.2,N,46.7,13.7,2.76,5.2,5.5,5.7,3.8,2.7,0.04,0.0,0.0,0.12,68.5,9.1,5.9,5.11,11.6,NORMAL
S00002915,WL-013,WHEEL_LOADER,966,TRANSMISSION,2023-10-24,7452.4,4.6,N,17.9,9.5,1.72,4.1,2.9,4.5,2.0,0.9,0.026,0.0,0.0,0.05,68.9,6.6,3.6,7.29,8.2,NORMAL
S00002916,WL-013,WHEEL_LOADER,966,TRANSMISSION,2023-12-27,8110.4,662.6,N,40.6,12.8,4.29,6.3,5.6,7.4,2.6,3.0,0.023,0.0,0.0,0.13,68.8,9.8,5.7,5.12,18.9,NORMAL
S00002917,WL-013,WHEEL_LOADER,966,TRANSMISSION,2024-02-19,8663.3,22.9,N,22.3,7.7,2.55,3.8,3.3,4.9,1.4,1.4,0.03,0.0,0.0,0.06,68.1,6.3,3.0,6.93,6.1,NORMAL
S00002918,WL-013,WHEEL_LOADER,966,TRANSMISSION,2024-05-03,9430.2,789.8,N,36.5,18.8,3.54,8.8,4.7,8.9,3.7,2.9,0.03,0.0,0.0,0.18,66.3,11.6,6.5,4.72,17.6,NORMAL
S00002919,WL-013,WHEEL_LOADER,966,TRANSMISSION,2024-06-14,9865.9,26.7,N,28.5,9.3,1.99,3.7,3.1,4.0,1.5,0.9,0.026,0.0,0.0,0.06,69.3,6.0,3.8,6.72,8.3,NORMAL
S00002920,WL-013,WHEEL_LOADER,966,TRANSMISSION,2024-08-14,10502.9,663.7,N,43.2,15.4,3.22,6.9,5.9,9.9,3.6,1.9,0.029,0.0,0.0,0.13,66.5,10.4,5.4,5.28,21.9,NORMAL
S00002921,WL-013,WHEEL_LOADER,966,TRANSMISSION,2024-10-15,11142.4,57.3,N,27.4,7.0,2.02,3.0,2.6,5.5,2.0,1.2,0.027,0.0,0.0,0.04,67.8,6.7,4.1,7.36,7.1,NORMAL
S00002922,WL-013,WHEEL_LOADER,966,TRANSMISSION,2024-11-30,11615.9,530.8,N,31.2,17.2,3.02,5.8,4.9,5.9,3.1,2.6,0.034,0.0,0.0,0.11,68.4,11.2,5.2,5.38,14.7,NORMAL
S00002923,WL-013,WHEEL_LOADER,966,TRANSMISSION,2025-01-26,12200.1,47.8,N,21.5,9.4,1.54,3.7,3.8,5.0,2.0,0.9,0.037,0.0,0.0,0.06,67.3,6.8,3.3,6.9,8.1,NORMAL
S00002924,WL-013,WHEEL_LOADER,966,TRANSMISSION,2025-03-08,12626.2,473.8,N,42.0,17.6,3.08,6.7,7.0,8.6,2.7,1.5,0.025,0.0,0.0,0.13,65.7,8.5,4.2,5.62,16.4,NORMAL
S00002925,WL-013,WHEEL_LOADER,966,TRANSMISSION,2025-04-27,13151.0,998.6,N,63.8,17.7,5.02,9.1,6.9,7.6,4.5,3.4,0.026,0.0,0.0,0.14,70.6,13.4,6.1,3.96,22.7,NORMAL
S00002926,WL-013,WHEEL_LOADER,966,TRANSMISSION,2025-06-13,13630.5,29.5,N,66.6,10.2,5.26,3.3,3.5,4.2,1.4,0.9,0.037,0.0,0.0,0.06,67.0,5.9,3.4,7.44,33.9,NORMAL
S00002927,WL-013,WHEEL_LOADER,966,TRANSMISSION,2025-07-28,14095.9,494.8,N,37.2,15.1,2.53,6.9,6.0,7.9,3.3,2.1,0.018,0.0,0.0,0.09,62.8,8.7,5.3,5.91,13.9,NORMAL
S00002928,WL-013,WHEEL_LOADER,966,TRANSMISSION,2025-09-11,14566.3,965.3,N,58.5,18.3,4.97,9.6,7.9,7.7,4.5,2.6,0.031,0.0,0.0,0.2,64.9,12.0,6.4,4.47,23.0,NORMAL
S00002929,WL-013,WHEEL_LOADER,966,TRANSMISSION,2025-11-09,15177.0,27.4,N,19.1,7.5,1.44,3.4,2.7,3.4,1.5,1.6,0.026,0.0,0.0,0.05,69.7,6.1,3.6,6.96,7.6,NORMAL
S00002930,WL-013,WHEEL_LOADER,966,TRANSMISSION,2025-12-24,15642.7,493.2,N,40.6,16.2,3.46,6.5,3.7,7.3,3.9,1.8,0.036,0.0,0.0,0.09,67.2,10.1,5.0,5.46,16.8,NORMAL
S00002931,WL-013,WHEEL_LOADER,966,TRANSMISSION,2026-02-06,16090.5,941.0,N,53.3,18.5,4.34,8.5,7.1,10.3,3.9,2.9,0.016,0.0,0.0,0.13,67.9,14.0,7.7,4.41,19.3,NORMAL
S00002932,WL-013,WHEEL_LOADER,966,TRANSMISSION,2026-03-11,16435.1,46.9,N,22.8,9.3,1.67,3.8,2.4,3.9,1.9,1.3,0.023,0.0,0.0,0.06,66.9,6.3,3.5,6.95,10.9,NORMAL
S00002933,WL-013,WHEEL_LOADER,966,TRANSMISSION,2026-05-06,17018.6,630.4,N,46.3,20.1,3.18,5.6,5.7,8.2,3.2,2.7,0.032,0.0,0.0,0.1,67.1,10.8,6.4,5.07,14.9,NORMAL
S00002948,WL-014,WHEEL_LOADER,966,ENGINE,2023-03-03,5113.7,30.5,N,10.2,2.9,1.29,3.0,3.4,4.2,2.6,2.0,0.019,0.88,0.0,0.23,105.7,8.7,5.7,10.06,4.7,NORMAL
S00002949,WL-014,WHEEL_LOADER,966,ENGINE,2023-04-09,5351.3,268.0,N,14.2,6.7,2.25,4.9,4.3,6.7,5.6,3.9,0.025,0.38,0.0,0.44,110.3,16.3,8.8,7.45,7.7,NORMAL
S00002950,WL-014,WHEEL_LOADER,966,ENGINE,2023-05-18,5601.3,15.8,N,6.7,3.8,1.31,1.9,2.3,4.2,1.9,1.6,0.011,0.6,0.0,0.23,101.7,8.9,6.4,10.82,4.6,NORMAL
S00002951,WL-014,WHEEL_LOADER,966,ENGINE,2023-06-10,5742.5,157.0,N,15.5,5.6,1.85,3.3,3.6,6.9,3.2,2.2,0.023,0.27,0.0,0.38,110.2,11.2,8.1,9.09,4.9,NORMAL
S00002952,WL-014,WHEEL_LOADER,966,ENGINE,2023-08-01,6076.8,491.3,N,25.4,10.3,2.55,5.4,5.1,12.7,6.7,5.0,0.014,0.73,0.0,0.65,107.9,14.5,11.9,6.76,11.6,NORMAL
S00002953,WL-014,WHEEL_LOADER,966,ENGINE,2023-09-11,6333.7,21.7,N,10.6,4.5,0.94,2.6,3.1,4.2,2.5,2.1,0.019,0.58,0.0,0.21,105.5,8.5,5.5,9.86,6.3,NORMAL
S00002954,WL-014,WHEEL_LOADER,966,ENGINE,2023-10-09,6514.5,202.5,N,26.0,5.9,1.67,3.6,4.0,6.4,4.2,2.7,0.03,0.41,0.0,0.32,108.0,11.8,8.7,8.74,7.2,NORMAL
S00002955,WL-014,WHEEL_LOADER,966,ENGINE,2023-11-28,6833.5,48.6,N,12.1,3.5,1.24,3.3,3.0,5.8,3.2,2.1,0.019,0.52,0.0,0.29,107.2,9.2,6.0,10.12,5.1,NORMAL
S00002956,WL-014,WHEEL_LOADER,966,ENGINE,2024-01-03,7060.4,275.5,N,23.8,6.4,2.41,5.3,6.4,6.5,4.6,2.7,0.031,0.67,0.0,0.48,106.3,14.2,8.7,7.95,8.6,NORMAL
S00002957,WL-014,WHEEL_LOADER,966,ENGINE,2024-02-05,7270.6,485.8,N,31.9,13.9,2.47,5.3,7.1,14.0,6.7,4.3,0.022,0.68,0.0,0.78,106.4,18.1,11.1,6.05,12.4,NORMAL
S00002958,WL-014,WHEEL_LOADER,966,ENGINE,2024-03-16,7521.0,40.1,N,10.7,5.7,1.09,1.9,3.1,5.2,2.8,2.1,0.024,0.44,0.0,0.21,107.0,8.5,5.0,9.76,3.5,NORMAL
S00002959,WL-014,WHEEL_LOADER,966,ENGINE,2024-04-27,7788.9,308.0,N,20.8,8.9,3.14,4.8,8.5,9.3,4.3,3.5,0.015,0.59,0.0,0.48,113.1,13.0,7.2,7.71,11.3,NORMAL
S00002960,WL-014,WHEEL_LOADER,966,ENGINE,2024-05-29,7991.6,56.9,N,15.8,5.3,1.12,3.0,2.7,6.1,3.3,1.5,0.031,0.51,0.0,0.22,107.0,10.1,6.4,9.95,4.1,NORMAL
S00002961,WL-014,WHEEL_LOADER,966,ENGINE,2024-07-15,8292.0,357.3,N,19.9,7.4,2.34,4.1,6.9,9.2,4.4,2.8,0.018,0.74,0.0,0.52,109.1,15.0,9.8,7.71,11.3,NORMAL
S00002962,WL-014,WHEEL_LOADER,966,ENGINE,2024-08-29,8578.2,26.3,N,9.5,3.1,1.16,1.7,2.6,4.7,1.9,1.6,0.023,0.54,0.0,0.2,105.8,9.7,6.1,9.56,4.9,NORMAL
S00002963,WL-014,WHEEL_LOADER,966,ENGINE,2024-09-27,8759.9,207.9,N,18.4,6.5,1.34,3.0,4.1,9.4,3.5,3.1,0.014,1.0,0.0,0.42,104.1,11.9,8.2,8.44,5.6,NORMAL
S00002964,WL-014,WHEEL_LOADER,966,ENGINE,2024-11-12,9056.5,39.7,N,9.8,5.1,1.3,2.8,3.0,6.0,2.8,1.8,0.016,0.31,0.0,0.29,107.8,8.9,6.5,9.14,3.5,NORMAL
S00002965,WL-014,WHEEL_LOADER,966,ENGINE,2024-12-21,9302.2,285.4,N,23.3,7.9,2.08,4.6,5.0,9.9,5.5,3.5,0.04,0.62,0.0,0.51,107.9,12.4,8.4,8.21,8.0,NORMAL
S00002966,WL-014,WHEEL_LOADER,966,ENGINE,2025-01-24,9519.4,25.4,N,11.4,4.7,1.15,2.3,2.2,4.7,2.4,1.6,0.019,0.61,0.0,0.24,110.7,8.2,5.2,10.0,6.3,NORMAL
S00002967,WL-014,WHEEL_LOADER,966,ENGINE,2025-03-02,9751.1,257.1,N,15.6,9.8,1.94,4.2,5.5,8.0,4.3,2.9,0.019,0.5,0.0,0.43,111.3,13.7,8.5,7.98,7.2,NORMAL
S00002968,WL-014,WHEEL_LOADER,966,ENGINE,2025-04-20,10064.2,4.4,N,10.9,3.7,0.91,2.0,2.7,4.2,2.1,1.9,0.019,0.85,0.0,0.21,108.5,9.6,6.4,10.59,5.4,NORMAL
S00002969,WL-014,WHEEL_LOADER,966,ENGINE,2025-05-26,10291.1,231.3,N,16.6,5.8,2.12,3.7,5.3,7.3,4.0,2.6,0.021,0.7,0.0,0.39,109.3,12.9,8.3,8.5,10.6,NORMAL
S00002970,WL-014,WHEEL_LOADER,966,ENGINE,2025-06-28,10505.3,445.6,N,26.2,8.5,2.1,6.1,6.8,9.8,6.2,4.0,0.013,0.91,0.0,0.6,108.1,16.6,10.5,7.38,11.9,NORMAL
S00002971,WL-014,WHEEL_LOADER,966,ENGINE,2025-08-12,10789.3,5.3,N,10.3,3.3,1.44,2.1,2.8,3.8,2.0,1.9,0.037,0.7,0.0,0.24,109.1,9.4,6.0,9.9,3.2,NORMAL
S00002972,WL-014,WHEEL_LOADER,966,ENGINE,2025-09-22,11047.0,263.0,N,16.5,6.4,2.03,4.1,6.1,9.5,4.2,3.7,0.018,0.65,0.0,0.44,109.3,13.1,9.3,8.44,6.8,NORMAL
S00002973,WL-014,WHEEL_LOADER,966,ENGINE,2025-10-29,11282.9,498.8,N,27.3,10.4,3.28,6.0,8.5,14.7,5.6,4.3,0.017,0.66,0.0,0.55,108.4,17.1,11.1,6.4,11.2,NORMAL
S00002974,WL-014,WHEEL_LOADER,966,ENGINE,2025-12-03,11509.5,13.4,N,10.4,5.1,1.21,2.1,2.7,4.1,2.2,1.5,0.013,0.53,0.0,0.23,107.4,11.4,5.3,10.35,4.4,NORMAL
S00002975,WL-014,WHEEL_LOADER,966,ENGINE,2026-01-10,11745.7,249.6,N,20.8,10.1,2.12,3.9,4.9,7.1,3.6,3.1,0.013,0.4,0.0,0.55,107.6,13.4,8.2,8.2,6.5,NORMAL
S00002976,WL-014,WHEEL_LOADER,966,ENGINE,2026-02-16,11983.3,487.1,N,27.2,9.8,3.13,5.7,7.1,13.0,6.7,7.1,0.02,0.81,0.0,0.75,106.8,14.9,11.3,6.36,12.0,NORMAL
S00002977,WL-014,WHEEL_LOADER,966,ENGINE,2026-03-04,12085.2,32.1,N,12.0,4.3,1.2,2.4,3.9,3.6,2.7,2.1,0.019,0.5,0.0,0.19,109.8,8.9,5.9,9.44,5.5,NORMAL
S00002978,WL-014,WHEEL_LOADER,966,ENGINE,2026-04-16,12360.9,307.7,N,18.2,7.9,2.15,6.2,7.8,11.9,4.6,3.5,0.034,0.61,0.0,0.44,108.3,14.7,8.5,8.23,12.4,NORMAL
S00002979,WL-014,WHEEL_LOADER,966,ENGINE,2026-05-20,12576.5,34.2,N,18.8,4.6,1.03,2.9,7.9,24.2,2.0,1.8,0.021,0.93,0.0,0.2,107.4,10.1,6.0,9.34,4.5,MONITOR
S00003009,WL-014,WHEEL_LOADER,966,FINAL_DRIVE,2023-04-02,5447.1,1390.0,N,246.0,10.5,18.86,9.1,7.9,8.0,3.4,2.2,0.056,0.0,0.0,0.07,101.8,8.5,5.1,4.26,133.1,ACTION
S00003010,WL-014,WHEEL_LOADER,966,FINAL_DRIVE,2023-07-01,6018.8,1961.8,N,115.1,15.9,6.98,11.0,6.9,15.1,4.7,2.9,0.065,0.0,0.0,0.09,104.3,10.3,5.8,3.75,46.7,NORMAL
S00003011,WL-014,WHEEL_LOADER,966,FINAL_DRIVE,2023-09-29,6590.6,20.3,N,34.3,4.3,2.59,4.2,2.3,5.7,1.9,1.1,0.065,0.0,0.0,0.03,99.3,5.1,3.0,5.71,16.2,NORMAL
S00003012,WL-014,WHEEL_LOADER,966,FINAL_DRIVE,2023-12-28,7162.3,592.0,N,83.0,8.1,4.08,6.6,5.8,8.8,2.8,1.5,0.076,0.0,0.0,0.05,99.6,6.5,3.4,5.1,24.2,NORMAL
S00003013,WL-014,WHEEL_LOADER,966,FINAL_DRIVE,2024-03-27,7734.0,1163.8,N,87.5,6.9,5.46,8.3,7.2,9.9,4.2,2.4,0.057,0.0,0.0,0.06,102.4,7.0,4.7,4.35,31.8,NORMAL
S00003014,WL-014,WHEEL_LOADER,966,FINAL_DRIVE,2024-06-25,8305.8,1735.5,N,115.7,14.7,5.56,11.1,6.8,15.7,4.8,2.5,0.106,0.0,0.0,0.07,102.8,10.1,5.4,3.8,32.3,NORMAL
S00003015,WL-014,WHEEL_LOADER,966,FINAL_DRIVE,2024-09-23,8877.5,19.7,N,44.0,3.9,3.15,3.6,3.5,5.0,1.3,1.6,0.031,0.0,0.0,0.03,99.3,4.3,3.0,6.02,17.2,NORMAL
S00003016,WL-014,WHEEL_LOADER,966,FINAL_DRIVE,2024-12-22,9449.3,591.4,N,68.9,7.0,4.27,6.2,5.0,6.1,2.4,1.3,0.046,0.0,0.0,0.05,102.4,7.3,3.3,4.79,20.6,NORMAL
S00003017,WL-014,WHEEL_LOADER,966,FINAL_DRIVE,2025-03-22,10021.0,1163.1,N,80.0,10.3,4.39,7.2,7.1,10.1,3.5,2.6,0.04,0.0,0.0,0.06,100.6,7.5,4.4,4.41,28.5,NORMAL
S00003018,WL-014,WHEEL_LOADER,966,FINAL_DRIVE,2025-06-20,10592.7,1734.9,N,137.1,11.9,5.38,10.4,6.5,12.3,4.4,3.0,0.052,0.0,0.0,0.08,101.3,8.7,5.3,3.75,33.3,NORMAL
S00003019,WL-014,WHEEL_LOADER,966,FINAL_DRIVE,2025-09-18,11164.5,19.2,N,38.9,4.6,3.51,4.4,3.0,4.9,2.0,1.1,0.05,0.0,0.0,0.03,104.3,5.3,3.2,5.89,16.9,NORMAL
S00003020,WL-014,WHEEL_LOADER,966,FINAL_DRIVE,2025-12-17,11736.2,590.9,N,73.5,5.5,3.75,7.3,4.1,10.1,2.2,1.7,0.048,0.0,0.0,0.04,100.5,6.5,3.3,4.76,27.5,NORMAL
S00003021,WL-014,WHEEL_LOADER,966,FINAL_DRIVE,2026-03-17,12308.0,1162.6,N,79.0,9.8,5.1,10.0,6.0,9.8,4.0,2.8,0.074,0.0,0.0,0.06,101.6,8.0,4.8,4.53,40.1,NORMAL
S00003022,WL-014,WHEEL_LOADER,966,FINAL_DRIVE,2026-06-15,12879.7,1734.4,N,97.0,9.0,6.92,14.3,9.2,11.2,4.5,2.4,0.029,0.0,0.0,0.08,95.7,8.4,5.5,4.09,35.1,NORMAL
S00002980,WL-014,WHEEL_LOADER,966,HYDRAULIC,2023-04-19,5447.1,962.9,N,9.9,2.8,1.25,2.3,3.1,6.0,2.4,1.6,0.04,0.0,0.0,0.06,46.5,8.1,4.6,3.71,6.8,NORMAL
S00002981,WL-014,WHEEL_LOADER,966,HYDRAULIC,2023-07-18,6018.8,1534.6,N,13.4,3.9,0.92,2.2,3.7,10.4,4.3,2.8,0.039,0.0,0.0,0.07,45.2,9.7,4.8,3.08,8.1,NORMAL
S00002982,WL-014,WHEEL_LOADER,966,HYDRAULIC,2023-10-16,6590.6,8.1,N,5.8,2.5,0.42,0.9,1.7,3.9,1.6,1.2,0.039,0.0,0.0,0.02,45.5,5.3,2.6,4.77,2.8,NORMAL
S00002983,WL-014,WHEEL_LOADER,966,HYDRAULIC,2024-01-14,7162.3,579.8,N,9.2,2.5,1.03,1.7,2.6,5.1,2.7,1.9,0.038,0.0,0.0,0.04,46.4,7.0,3.2,4.11,4.7,NORMAL
S00002984,WL-014,WHEEL_LOADER,966,HYDRAULIC,2024-04-13,7734.0,1151.6,N,11.3,4.5,1.07,2.3,3.1,6.5,3.7,2.1,0.016,0.0,0.0,0.06,46.7,8.5,4.6,3.35,6.1,NORMAL
S00002985,WL-014,WHEEL_LOADER,966,HYDRAULIC,2024-07-12,8305.8,1723.3,N,19.1,5.3,1.27,2.9,3.2,12.1,4.4,2.8,0.047,0.0,0.0,0.07,46.1,10.4,5.4,2.89,7.1,NORMAL
S00002986,WL-014,WHEEL_LOADER,966,HYDRAULIC,2024-10-10,8877.5,27.6,N,4.7,2.3,0.54,0.9,1.4,3.2,1.6,1.3,0.046,0.0,0.0,0.02,46.5,5.7,2.7,4.86,3.2,NORMAL
S00002987,WL-014,WHEEL_LOADER,966,HYDRAULIC,2025-01-08,9449.3,599.3,N,10.8,2.7,1.07,1.4,3.0,4.0,2.6,2.2,0.032,0.0,0.0,0.04,44.6,7.2,4.0,4.05,5.0,NORMAL
S00002988,WL-014,WHEEL_LOADER,966,HYDRAULIC,2025-04-08,10021.0,1171.1,N,14.6,3.7,1.12,2.4,3.6,4.5,3.5,2.5,0.022,0.0,0.0,0.07,46.0,8.2,4.6,3.77,5.6,NORMAL
S00002989,WL-014,WHEEL_LOADER,966,HYDRAULIC,2025-07-07,10592.7,1742.8,N,13.2,4.9,0.92,3.3,3.6,9.0,3.6,3.0,0.034,0.0,0.0,0.08,46.3,9.9,5.7,2.79,8.2,NORMAL
S00002990,WL-014,WHEEL_LOADER,966,HYDRAULIC,2025-10-05,11164.5,50.7,N,7.5,2.5,0.68,1.1,2.1,3.2,1.5,1.1,0.043,0.0,0.0,0.03,45.8,4.7,3.2,4.58,3.1,NORMAL
S00002991,WL-014,WHEEL_LOADER,966,HYDRAULIC,2026-01-03,11736.2,622.5,N,7.3,3.9,1.04,1.7,2.9,5.2,2.4,1.7,0.017,0.0,0.0,0.04,45.2,7.0,4.0,4.48,5.3,NORMAL
S00002992,WL-014,WHEEL_LOADER,966,HYDRAULIC,2026-04-03,12308.0,1194.2,N,8.7,5.2,1.0,2.7,3.0,8.1,3.2,2.4,0.017,0.0,0.0,0.06,47.0,9.9,4.5,3.7,6.1,NORMAL
S00002993,WL-014,WHEEL_LOADER,966,TRANSMISSION,2023-03-19,5287.1,801.5,N,55.3,20.2,3.92,10.1,7.1,8.7,3.5,2.4,0.041,0.0,0.0,0.12,69.2,10.8,5.0,4.43,18.2,NORMAL
S00002994,WL-014,WHEEL_LOADER,966,TRANSMISSION,2023-06-17,5858.8,44.5,N,18.5,8.3,1.87,2.9,3.6,3.8,1.3,1.3,0.037,0.0,0.0,0.05,67.2,6.5,3.8,7.04,10.9,NORMAL
S00002995,WL-014,WHEEL_LOADER,966,TRANSMISSION,2023-09-05,6366.9,552.6,N,31.0,11.6,2.36,6.9,5.4,6.4,3.0,2.7,0.027,0.0,0.0,0.11,67.7,9.9,4.7,5.6,17.2,NORMAL
S00002996,WL-014,WHEEL_LOADER,966,TRANSMISSION,2023-11-20,6855.4,20.7,N,21.4,8.3,1.79,3.7,2.5,3.9,2.0,0.9,0.041,0.0,0.0,0.06,66.5,7.4,3.2,6.35,8.9,NORMAL
S00002997,WL-014,WHEEL_LOADER,966,TRANSMISSION,2024-02-17,7417.3,582.5,N,36.3,13.4,3.15,7.3,6.9,6.4,3.6,1.9,0.037,0.0,0.0,0.13,72.0,10.1,5.9,5.18,14.8,NORMAL
S00002998,WL-014,WHEEL_LOADER,966,TRANSMISSION,2024-04-17,7797.9,963.2,N,43.4,14.5,3.58,7.7,7.2,8.2,4.1,3.4,0.036,0.0,0.0,0.19,65.1,12.4,7.2,4.14,19.2,NORMAL
S00002999,WL-014,WHEEL_LOADER,966,TRANSMISSION,2024-06-26,8245.7,59.0,N,23.0,7.8,2.0,4.2,2.4,4.7,1.4,1.3,0.025,0.0,0.0,0.05,66.9,7.6,3.6,6.91,9.1,NORMAL
S00003000,WL-014,WHEEL_LOADER,966,TRANSMISSION,2024-08-27,8638.7,452.0,N,60.6,12.3,4.81,6.2,4.4,5.1,3.2,1.8,0.041,0.0,0.0,0.11,66.8,8.8,4.5,5.85,28.2,NORMAL
S00003001,WL-014,WHEEL_LOADER,966,TRANSMISSION,2024-11-13,9133.9,947.1,N,56.3,24.6,4.33,9.5,6.1,10.7,3.3,2.9,0.042,0.0,0.0,0.18,68.2,12.4,7.4,4.38,17.2,NORMAL
S00003002,WL-014,WHEEL_LOADER,966,TRANSMISSION,2025-01-26,9604.7,27.4,N,21.6,7.1,1.48,3.4,2.7,3.9,1.7,1.1,0.039,0.0,0.0,0.06,69.3,5.9,4.1,6.7,7.5,NORMAL
S00003003,WL-014,WHEEL_LOADER,966,TRANSMISSION,2025-04-26,10176.4,599.1,N,33.5,17.1,2.95,6.6,6.3,6.1,3.2,2.1,0.018,0.0,0.0,0.13,65.6,11.0,5.7,4.94,14.1,NORMAL
S00003004,WL-014,WHEEL_LOADER,966,TRANSMISSION,2025-07-15,10683.9,43.0,N,19.6,8.5,1.64,3.2,3.4,3.9,1.8,1.0,0.035,0.0,0.0,0.05,69.9,6.3,3.3,6.53,6.7,NORMAL
S00003005,WL-014,WHEEL_LOADER,966,TRANSMISSION,2025-09-17,11092.7,451.7,N,37.0,11.4,2.43,6.0,4.0,6.4,2.3,1.4,0.041,0.0,0.0,0.11,68.5,9.8,5.0,5.32,13.9,NORMAL
S00003006,WL-014,WHEEL_LOADER,966,TRANSMISSION,2025-12-05,11592.7,951.8,N,68.4,24.0,3.78,7.7,9.8,10.6,3.4,2.5,0.075,0.0,0.0,0.19,65.8,13.5,7.4,4.41,19.6,MONITOR
S00003007,WL-014,WHEEL_LOADER,966,TRANSMISSION,2026-02-26,12120.3,32.6,N,31.9,7.6,1.43,3.7,2.2,3.4,2.0,1.2,0.034,0.0,0.0,0.06,67.7,6.3,3.7,6.69,6.8,NORMAL
S00003008,WL-014,WHEEL_LOADER,966,TRANSMISSION,2026-05-18,12633.8,546.1,N,40.6,14.7,3.6,5.3,5.3,7.7,3.8,2.1,0.027,0.0,0.0,0.15,68.8,10.1,6.4,5.22,15.1,NORMAL
S00003023,WL-015,WHEEL_LOADER,966,ENGINE,2023-01-26,1708.3,230.4,N,16.1,7.7,1.68,3.0,6.8,6.9,3.9,2.6,0.017,0.79,0.0,0.42,108.3,11.9,8.6,8.68,6.5,NORMAL
S00003024,WL-015,WHEEL_LOADER,966,ENGINE,2023-02-20,1956.2,478.3,N,23.2,10.9,2.82,4.1,6.1,12.5,5.1,3.5,0.015,0.59,0.0,0.64,103.7,16.6,11.1,6.53,14.5,NORMAL
S00003025,WL-015,WHEEL_LOADER,966,ENGINE,2023-03-18,2215.9,14.1,N,11.6,4.2,1.12,2.1,3.0,4.3,3.4,1.9,0.024,0.7,0.0,0.22,105.6,8.6,4.9,9.78,3.9,NORMAL
S00003026,WL-015,WHEEL_LOADER,966,ENGINE,2023-04-14,2479.5,277.7,N,24.7,5.9,2.39,3.9,5.7,6.8,5.1,3.4,0.028,0.52,0.0,0.43,105.5,13.6,8.5,8.03,8.6,NORMAL
S00003027,WL-015,WHEEL_LOADER,966,ENGINE,2023-05-13,2761.5,23.3,N,10.5,3.7,1.22,2.6,2.9,3.8,2.5,2.3,0.021,0.49,0.0,0.21,108.9,7.8,6.2,10.32,5.9,NORMAL
S00003028,WL-015,WHEEL_LOADER,966,ENGINE,2023-06-03,2975.5,237.3,N,16.8,5.3,1.77,3.6,3.5,8.0,4.6,2.3,0.027,0.69,0.0,0.36,109.0,12.0,7.7,8.12,6.8,NORMAL
S00003029,WL-015,WHEEL_LOADER,966,ENGINE,2023-07-02,3253.0,40.0,N,13.0,5.1,1.08,2.9,3.6,4.6,2.5,1.5,0.023,0.66,0.0,0.26,108.4,8.1,5.9,9.38,4.8,NORMAL
S00003030,WL-015,WHEEL_LOADER,966,ENGINE,2023-08-05,3594.8,381.8,N,25.2,8.9,2.05,5.0,6.8,12.1,5.8,3.5,0.011,0.96,0.0,0.59,105.2,15.3,9.4,7.15,10.0,NORMAL
S00003031,WL-015,WHEEL_LOADER,966,ENGINE,2023-09-06,3907.1,16.4,N,11.8,3.3,0.93,2.1,3.2,5.3,2.9,1.5,0.028,1.0,0.0,0.2,107.7,8.9,5.9,10.58,5.1,NORMAL
S00003032,WL-015,WHEEL_LOADER,966,ENGINE,2023-09-29,4136.3,245.5,N,17.7,10.9,1.8,5.0,5.6,7.8,5.0,3.9,0.02,0.92,0.0,0.4,108.5,11.6,8.2,8.56,9.0,NORMAL
S00003033,WL-015,WHEEL_LOADER,966,ENGINE,2023-10-24,4376.6,485.9,N,31.6,11.0,3.4,4.0,6.5,9.5,5.9,4.7,0.019,0.38,0.0,0.64,108.5,17.1,11.9,6.13,15.0,NORMAL
S00003034,WL-015,WHEEL_LOADER,966,ENGINE,2023-11-07,4523.2,58.0,N,14.9,5.3,0.95,2.4,2.7,5.5,2.6,1.5,0.031,0.64,0.0,0.21,108.5,8.7,6.1,10.63,5.0,NORMAL
S00003035,WL-015,WHEEL_LOADER,966,ENGINE,2023-11-23,4679.7,214.5,N,22.5,9.9,1.93,3.6,4.5,6.8,4.9,2.6,0.013,1.04,0.0,0.46,107.2,12.7,7.9,8.72,7.9,NORMAL
S00003036,WL-015,WHEEL_LOADER,966,ENGINE,2023-12-21,4954.5,489.3,N,30.1,13.4,2.59,6.6,6.5,11.5,5.7,4.3,0.039,0.61,0.0,0.55,110.2,16.1,9.4,6.01,11.8,NORMAL
S00003037,WL-015,WHEEL_LOADER,966,ENGINE,2024-01-17,5223.0,48.1,N,13.3,4.4,1.33,3.6,3.9,5.8,2.2,2.3,0.016,0.68,0.0,0.26,110.9,9.7,6.8,10.55,5.2,NORMAL
S00003038,WL-015,WHEEL_LOADER,966,ENGINE,2024-02-12,5476.1,301.2,N,22.5,9.7,2.61,6.0,5.1,6.9,3.8,3.0,0.019,0.93,0.0,0.51,106.4,14.8,9.1,7.51,11.1,NORMAL
S00003039,WL-015,WHEEL_LOADER,966,ENGINE,2024-03-07,5711.2,5.0,N,11.7,4.4,1.35,2.7,2.0,4.1,1.6,1.8,0.03,0.37,0.0,0.23,106.7,9.9,5.8,9.9,4.5,NORMAL
S00003040,WL-015,WHEEL_LOADER,966,ENGINE,2024-03-28,5923.1,216.9,N,18.1,5.9,2.33,4.7,4.3,8.8,4.1,2.0,0.032,0.52,0.0,0.45,104.4,10.8,7.3,7.75,5.9,NORMAL
S00003041,WL-015,WHEEL_LOADER,966,ENGINE,2024-04-14,6088.1,381.9,N,23.0,9.6,2.19,4.1,7.1,8.6,4.8,3.1,0.017,0.45,0.0,0.56,106.4,13.8,9.9,7.0,11.4,NORMAL
S00003042,WL-015,WHEEL_LOADER,966,ENGINE,2024-05-08,6319.8,25.4,N,9.1,3.8,1.14,2.7,2.5,4.4,2.0,1.8,0.02,0.38,0.0,0.24,102.5,9.0,6.2,10.07,4.5,NORMAL
S00003043,WL-015,WHEEL_LOADER,966,ENGINE,2024-05-27,6516.0,221.7,N,19.0,6.8,1.78,3.6,5.4,7.2,3.8,3.0,0.025,0.61,0.0,0.41,109.0,11.9,7.6,8.95,5.9,NORMAL
S00003044,WL-015,WHEEL_LOADER,966,ENGINE,2024-06-19,6737.2,442.9,N,33.8,10.6,2.99,4.2,7.1,11.0,5.6,4.2,0.019,0.94,0.0,0.49,110.9,16.1,10.6,6.98,12.2,NORMAL
S00003045,WL-015,WHEEL_LOADER,966,ENGINE,2024-07-20,7040.7,3.6,N,10.2,3.4,1.14,1.5,2.1,3.4,2.1,1.8,0.015,0.69,0.0,0.2,104.9,8.7,5.8,10.18,5.3,NORMAL
S00003046,WL-015,WHEEL_LOADER,966,ENGINE,2024-08-16,7311.4,274.3,N,17.6,6.4,1.73,4.1,4.7,8.1,4.9,3.2,0.021,0.38,0.0,0.33,111.0,13.9,8.8,8.03,9.2,NORMAL
S00003047,WL-015,WHEEL_LOADER,966,ENGINE,2024-09-09,7546.4,35.9,N,9.4,4.8,1.53,2.4,2.9,3.9,3.0,1.6,0.021,0.67,0.0,0.24,107.4,7.5,6.0,9.47,4.7,NORMAL
S00003048,WL-015,WHEEL_LOADER,966,ENGINE,2024-10-12,7877.2,366.7,N,19.5,10.5,2.72,5.1,6.2,12.1,5.1,3.4,0.02,0.56,0.0,0.58,109.3,11.8,10.7,7.84,9.8,NORMAL
S00003049,WL-015,WHEEL_LOADER,966,ENGINE,2024-11-04,8101.2,5.1,N,12.6,3.0,1.09,2.7,2.7,4.8,2.1,2.2,0.017,0.71,0.0,0.16,107.5,8.1,5.3,11.26,3.9,NORMAL
S00003050,WL-015,WHEEL_LOADER,966,ENGINE,2024-11-26,8321.6,225.5,N,16.9,8.0,2.17,2.7,3.9,6.9,3.3,2.1,0.014,0.72,0.0,0.42,107.9,14.2,7.1,7.66,5.6,NORMAL
S00003051,WL-015,WHEEL_LOADER,966,ENGINE,2024-12-22,8571.2,475.1,N,22.6,10.8,3.24,6.2,6.0,12.2,6.8,5.1,0.013,0.71,0.0,0.78,107.4,17.5,11.9,6.03,16.2,NORMAL
S00003052,WL-015,WHEEL_LOADER,966,ENGINE,2025-01-23,8888.5,57.5,N,13.8,4.8,1.51,3.3,4.8,5.3,2.4,2.0,0.018,0.38,0.0,0.24,107.4,9.2,6.4,10.37,5.7,NORMAL
S00003053,WL-015,WHEEL_LOADER,966,ENGINE,2025-02-17,9135.3,304.4,N,17.6,7.6,2.37,5.1,6.2,9.8,4.3,3.4,0.015,1.33,0.0,0.49,109.9,14.2,8.6,7.91,7.8,NORMAL
S00003054,WL-015,WHEEL_LOADER,966,ENGINE,2025-03-17,9415.9,34.4,N,12.3,4.4,1.24,3.2,2.0,4.3,2.6,2.1,0.016,0.73,0.0,0.26,108.1,8.4,7.0,11.12,4.8,NORMAL
S00003055,WL-015,WHEEL_LOADER,966,ENGINE,2025-04-12,9665.4,283.9,N,23.3,6.9,2.27,4.4,7.5,9.3,4.5,3.7,0.014,0.7,0.0,0.41,109.1,12.3,9.4,7.95,13.7,NORMAL
S00003056,WL-015,WHEEL_LOADER,966,ENGINE,2025-05-08,9928.2,56.5,N,11.5,4.6,1.0,2.5,4.3,4.7,2.5,1.7,0.043,0.86,0.0,0.3,109.9,9.0,5.6,9.97,5.8,NORMAL
S00003057,WL-015,WHEEL_LOADER,966,ENGINE,2025-06-06,10215.4,343.7,N,21.9,7.6,2.34,4.1,5.0,7.6,5.0,3.0,0.024,0.94,0.0,0.51,109.6,13.0,10.7,8.31,11.6,NORMAL
S00003058,WL-015,WHEEL_LOADER,966,ENGINE,2025-06-24,10385.8,0.4,N,10.2,5.2,1.04,2.7,2.7,5.1,2.6,1.5,0.022,0.42,0.0,0.2,104.9,8.0,6.2,9.75,3.8,NORMAL
S00003059,WL-015,WHEEL_LOADER,966,ENGINE,2025-07-20,10642.3,256.9,N,17.1,8.2,2.07,4.8,4.7,9.5,4.0,3.5,0.026,0.32,0.0,0.48,109.1,11.9,8.8,7.78,9.8,NORMAL
S00003060,WL-015,WHEEL_LOADER,966,ENGINE,2025-08-06,10809.3,423.9,N,20.3,8.9,2.29,5.6,5.8,10.5,6.6,3.1,0.015,0.87,0.0,0.66,106.4,16.1,10.5,7.07,9.9,NORMAL
S00003061,WL-015,WHEEL_LOADER,966,ENGINE,2025-08-31,11063.7,48.9,N,13.8,3.5,1.48,2.8,3.8,5.6,2.6,1.9,0.022,0.56,0.0,0.29,106.3,8.1,6.3,9.91,4.9,NORMAL
S00003062,WL-015,WHEEL_LOADER,966,ENGINE,2025-10-02,11378.1,363.3,N,19.0,7.0,1.88,5.4,7.4,9.4,5.6,4.9,0.022,0.99,0.0,0.44,113.2,14.3,8.8,7.69,9.6,NORMAL
S00003063,WL-015,WHEEL_LOADER,966,ENGINE,2025-11-06,11723.6,28.7,N,13.0,4.7,1.28,2.4,2.7,6.5,2.4,1.5,0.008,0.7,0.0,0.28,109.4,7.8,5.4,10.34,3.7,NORMAL
S00003064,WL-015,WHEEL_LOADER,966,ENGINE,2025-12-02,11971.8,276.9,N,19.6,8.4,1.79,4.5,7.5,10.3,4.8,3.4,0.031,0.52,0.0,0.47,114.7,15.2,8.5,7.77,7.9,NORMAL
S00003065,WL-015,WHEEL_LOADER,966,ENGINE,2026-01-03,12296.4,2.4,N,12.5,3.8,0.84,2.7,2.4,4.6,2.4,1.9,0.015,0.91,0.0,0.2,110.6,7.5,5.3,10.71,4.3,NORMAL
S00003066,WL-015,WHEEL_LOADER,966,ENGINE,2026-02-04,12606.6,312.7,N,20.2,7.3,2.17,3.4,5.1,9.4,4.2,3.7,0.015,0.71,0.0,0.43,103.9,13.8,8.0,7.8,9.1,NORMAL
S00003067,WL-015,WHEEL_LOADER,966,ENGINE,2026-02-27,12833.0,3.6,N,6.8,4.8,1.18,1.5,2.9,4.4,3.0,1.8,0.014,0.73,0.0,0.18,108.1,8.7,5.8,9.96,5.0,NORMAL
S00003068,WL-015,WHEEL_LOADER,966,ENGINE,2026-03-26,13102.4,272.9,N,17.4,8.4,2.13,4.5,5.8,6.3,3.4,3.3,0.034,0.58,0.0,0.46,108.6,14.6,9.3,7.97,8.3,NORMAL
S00003069,WL-015,WHEEL_LOADER,966,ENGINE,2026-04-25,13396.8,56.1,N,11.2,4.4,1.18,2.8,2.6,6.2,2.2,2.3,0.03,0.47,0.0,0.24,104.4,8.9,6.2,10.38,6.0,NORMAL
S00003070,WL-015,WHEEL_LOADER,966,ENGINE,2026-05-17,13612.5,271.8,N,18.8,7.8,2.12,3.4,4.6,7.8,4.0,2.9,0.011,0.51,0.0,0.5,105.4,11.7,9.0,8.2,7.7,NORMAL
S00003071,WL-015,WHEEL_LOADER,966,ENGINE,2026-06-09,13840.0,499.2,N,26.1,12.2,2.97,5.5,6.9,10.2,5.4,4.4,0.012,0.91,0.0,0.92,109.5,15.2,11.9,6.66,12.9,NORMAL
S00003110,WL-015,WHEEL_LOADER,966,FINAL_DRIVE,2023-04-05,2433.1,59.2,N,37.1,4.8,3.42,4.1,3.5,5.0,2.0,1.2,0.033,0.0,0.0,0.03,100.1,6.3,3.4,5.86,24.2,NORMAL
S00003111,WL-015,WHEEL_LOADER,966,FINAL_DRIVE,2023-06-25,3226.9,853.0,N,101.6,9.8,4.73,7.8,4.2,20.9,2.5,1.7,2.17,0.0,0.0,0.05,97.8,7.9,3.7,4.67,33.4,MONITOR
S00003112,WL-015,WHEEL_LOADER,966,FINAL_DRIVE,2023-09-23,4114.7,1740.7,N,193.8,11.8,6.65,14.0,8.2,55.8,5.2,2.5,8.266,0.0,0.0,0.08,98.8,9.9,5.1,3.44,39.3,ACTION
S00003113,WL-015,WHEEL_LOADER,966,FINAL_DRIVE,2023-12-22,5002.4,13.0,N,42.0,5.3,2.65,3.8,3.6,4.2,1.4,1.4,0.043,0.0,0.0,0.02,102.5,4.8,2.7,6.03,18.0,NORMAL
S00003114,WL-015,WHEEL_LOADER,966,FINAL_DRIVE,2024-02-14,5535.0,545.6,N,58.5,7.3,3.51,7.9,4.2,8.6,2.8,1.4,0.33,0.0,0.0,0.03,97.1,5.7,3.6,5.08,28.2,NORMAL
S00003115,WL-015,WHEEL_LOADER,966,FINAL_DRIVE,2024-05-14,6422.7,1433.3,N,156.1,13.8,5.16,10.4,8.1,47.7,2.3,2.0,6.653,0.0,0.0,0.06,100.5,7.8,5.1,4.13,32.6,ACTION
S00003116,WL-015,WHEEL_LOADER,966,FINAL_DRIVE,2024-08-12,7310.5,22.7,N,58.2,4.8,3.29,5.2,3.2,4.9,1.5,1.0,0.035,0.0,0.0,0.02,100.9,4.8,2.9,6.18,13.1,NORMAL
S00003117,WL-015,WHEEL_LOADER,966,FINAL_DRIVE,2024-11-06,8158.5,870.7,N,69.2,10.3,4.07,8.9,6.0,9.2,3.1,1.7,0.031,0.0,0.0,0.04,102.3,8.2,4.5,4.6,35.3,NORMAL
S00003118,WL-015,WHEEL_LOADER,966,FINAL_DRIVE,2025-02-04,9046.2,1758.4,N,117.0,8.5,6.53,12.7,8.5,11.3,3.5,2.5,0.052,0.0,0.0,0.06,96.1,8.0,5.2,3.65,39.6,NORMAL
S00003119,WL-015,WHEEL_LOADER,966,FINAL_DRIVE,2025-05-02,9909.2,14.2,N,55.1,5.0,2.6,4.4,4.4,5.5,1.8,1.0,0.072,0.0,0.0,0.03,101.6,4.8,2.9,5.51,12.3,NORMAL
S00003120,WL-015,WHEEL_LOADER,966,FINAL_DRIVE,2025-07-31,10797.0,902.0,N,63.3,8.6,4.75,8.1,6.1,9.1,2.0,2.2,0.052,0.0,0.0,0.03,99.1,6.7,4.3,4.59,34.0,NORMAL
S00003121,WL-015,WHEEL_LOADER,966,FINAL_DRIVE,2025-10-29,11684.8,1789.7,N,117.9,11.4,6.13,13.7,8.8,11.9,3.5,2.9,0.064,0.0,0.0,0.07,98.8,8.8,5.6,3.91,30.1,NORMAL
S00003122,WL-015,WHEEL_LOADER,966,FINAL_DRIVE,2026-01-27,12572.5,9.9,N,32.1,4.2,2.6,4.8,3.6,3.0,1.7,1.2,0.038,0.0,0.0,0.03,97.1,4.9,2.9,6.02,15.8,NORMAL
S00003123,WL-015,WHEEL_LOADER,966,FINAL_DRIVE,2026-04-27,13460.3,897.7,N,90.4,9.6,4.79,10.4,4.4,5.7,3.4,1.8,0.036,0.0,0.0,0.05,97.0,6.9,4.6,5.01,36.5,NORMAL
S00003072,WL-015,WHEEL_LOADER,966,HYDRAULIC,2023-03-17,2072.0,1870.4,N,14.4,5.3,1.21,3.3,4.2,7.3,4.7,2.9,0.028,0.0,0.0,0.08,48.1,10.0,5.1,2.82,10.1,NORMAL
S00003073,WL-015,WHEEL_LOADER,966,HYDRAULIC,2023-05-26,2754.7,58.8,N,6.5,3.6,0.63,1.2,1.7,3.1,1.5,1.1,0.037,0.0,0.0,0.03,46.9,6.7,2.7,4.68,4.3,NORMAL
S00003074,WL-015,WHEEL_LOADER,966,HYDRAULIC,2023-08-24,3642.5,946.6,N,13.2,5.0,0.81,2.2,2.8,5.3,3.2,1.8,0.022,0.0,0.0,0.06,46.0,8.5,4.4,3.6,5.5,NORMAL
S00003075,WL-015,WHEEL_LOADER,966,HYDRAULIC,2023-11-22,4530.2,1834.3,N,19.3,5.2,1.32,2.6,3.8,8.3,2.4,3.0,0.031,0.0,0.0,0.08,46.3,10.7,5.0,2.81,10.6,NORMAL
S00003076,WL-015,WHEEL_LOADER,966,HYDRAULIC,2024-02-20,5418.0,13.9,N,7.2,1.5,0.36,0.9,1.8,2.9,1.4,1.0,0.04,0.0,0.0,0.03,45.9,6.2,2.3,4.57,3.6,NORMAL
S00003077,WL-015,WHEEL_LOADER,966,HYDRAULIC,2024-05-20,6305.7,901.7,N,9.1,4.5,0.89,1.9,2.8,4.3,3.2,1.9,0.019,0.0,0.0,0.06,45.3,7.8,3.6,4.04,6.4,NORMAL
S00003078,WL-015,WHEEL_LOADER,966,HYDRAULIC,2024-08-18,7193.5,1789.4,N,23.5,5.4,1.87,2.2,9.1,30.1,3.6,2.9,0.026,0.0,0.0,0.08,47.0,10.9,5.6,2.98,7.3,ACTION
S00003079,WL-015,WHEEL_LOADER,966,HYDRAULIC,2024-11-16,8081.3,13.0,N,5.1,2.6,0.57,1.4,1.2,3.5,1.6,1.1,0.04,0.0,0.0,0.03,47.8,5.9,2.7,4.7,3.0,NORMAL
S00003080,WL-015,WHEEL_LOADER,966,HYDRAULIC,2025-02-13,8960.8,892.6,N,10.1,4.3,0.95,1.7,2.3,7.7,3.3,1.4,0.03,0.0,0.0,0.05,46.5,8.3,3.6,4.11,6.3,NORMAL
S00003081,WL-015,WHEEL_LOADER,966,HYDRAULIC,2025-05-14,9848.6,1780.3,N,14.5,6.4,1.57,3.4,4.5,9.9,3.7,3.1,0.025,0.0,0.0,0.09,46.6,10.7,5.2,3.18,7.9,NORMAL
S00003082,WL-015,WHEEL_LOADER,966,HYDRAULIC,2025-07-27,10578.5,19.6,N,5.8,2.1,0.56,1.0,1.9,3.4,1.6,1.3,0.027,0.0,0.0,0.03,46.1,6.4,2.7,4.25,3.7,NORMAL
S00003083,WL-015,WHEEL_LOADER,966,HYDRAULIC,2025-10-22,11436.3,877.4,N,8.8,3.4,1.13,2.1,2.8,5.1,2.7,1.6,0.017,0.0,0.0,0.06,46.3,7.7,3.7,3.55,5.6,NORMAL
S00003084,WL-015,WHEEL_LOADER,966,HYDRAULIC,2026-01-20,12324.1,1765.2,N,15.7,7.9,1.12,3.0,3.9,9.2,4.8,2.4,0.02,0.0,0.0,0.1,44.4,10.4,5.5,2.99,7.8,NORMAL
S00003085,WL-015,WHEEL_LOADER,966,HYDRAULIC,2026-04-20,13211.8,6.7,N,5.0,1.8,0.52,1.1,2.0,3.4,1.4,1.2,0.035,0.0,0.0,0.02,46.4,6.1,2.8,4.9,3.2,NORMAL
S00003086,WL-015,WHEEL_LOADER,966,TRANSMISSION,2023-03-20,2130.2,58.1,N,17.5,9.1,1.87,3.7,3.3,4.9,2.5,1.2,0.022,0.0,0.0,0.05,69.9,6.7,3.9,6.99,9.7,NORMAL
S00003087,WL-015,WHEEL_LOADER,966,TRANSMISSION,2023-05-09,2627.6,555.6,N,51.2,10.4,3.59,6.3,4.3,6.4,3.3,2.3,0.018,0.0,0.0,0.11,69.9,10.3,6.0,5.25,13.7,NORMAL
S00003088,WL-015,WHEEL_LOADER,966,TRANSMISSION,2023-06-29,3132.3,13.9,N,18.8,9.2,1.81,3.1,2.7,3.4,1.6,0.9,0.024,0.0,0.0,0.06,67.8,6.7,3.4,6.68,8.0,NORMAL
S00003089,WL-015,WHEEL_LOADER,966,TRANSMISSION,2023-08-26,3704.9,586.5,N,77.8,12.6,6.49,4.3,5.4,7.1,4.1,2.4,0.041,0.0,0.0,0.13,64.1,8.1,5.3,5.49,44.5,MONITOR
S00003090,WL-015,WHEEL_LOADER,966,TRANSMISSION,2023-10-05,4094.6,976.2,N,59.4,22.3,4.38,10.5,10.7,15.1,4.0,2.9,0.034,0.0,0.0,0.15,65.5,13.1,5.9,4.45,20.1,MONITOR
S00003091,WL-015,WHEEL_LOADER,966,TRANSMISSION,2023-11-30,4652.1,16.5,N,23.4,6.4,1.73,3.2,3.2,4.4,2.0,1.4,0.03,0.0,0.0,0.04,69.4,6.2,3.7,6.87,7.7,NORMAL
S00003092,WL-015,WHEEL_LOADER,966,TRANSMISSION,2024-01-12,5077.1,441.5,N,34.7,11.8,2.46,4.1,5.9,5.8,3.0,2.0,0.033,0.0,0.0,0.1,66.4,8.8,4.7,5.18,16.2,NORMAL
S00003093,WL-015,WHEEL_LOADER,966,TRANSMISSION,2024-03-06,5603.7,968.2,N,60.4,27.3,4.92,8.1,6.3,10.6,4.0,2.7,0.035,0.0,0.0,0.17,69.6,11.1,7.0,4.5,20.7,NORMAL
S00003094,WL-015,WHEEL_LOADER,966,TRANSMISSION,2024-04-20,6049.4,56.4,N,19.7,10.0,1.98,3.1,3.0,3.7,1.5,0.9,0.02,0.0,0.0,0.07,67.9,6.7,3.7,7.09,7.5,NORMAL
S00003095,WL-015,WHEEL_LOADER,966,TRANSMISSION,2024-06-17,6618.3,625.2,N,49.3,16.2,3.47,6.8,4.9,7.4,3.1,2.5,0.031,0.0,0.0,0.15,68.4,10.1,5.8,5.18,16.7,NORMAL
S00003096,WL-015,WHEEL_LOADER,966,TRANSMISSION,2024-08-30,7353.7,59.8,N,22.2,10.4,1.83,3.9,3.3,4.0,1.9,1.5,0.031,0.0,0.0,0.06,67.6,6.0,3.3,6.67,7.6,NORMAL
S00003097,WL-015,WHEEL_LOADER,966,TRANSMISSION,2024-10-15,7806.4,512.5,N,34.0,11.6,2.73,5.4,4.5,6.9,3.1,2.7,0.041,0.0,0.0,0.1,66.9,10.8,4.5,5.56,12.0,NORMAL
S00003098,WL-015,WHEEL_LOADER,966,TRANSMISSION,2024-11-27,8232.6,938.7,N,57.2,21.1,4.45,8.8,6.2,9.0,4.3,2.7,0.028,0.0,0.0,0.17,69.2,11.2,7.8,4.25,19.0,NORMAL
S00003099,WL-015,WHEEL_LOADER,966,TRANSMISSION,2025-01-08,8648.8,53.9,N,23.3,8.3,1.56,3.7,2.7,3.8,2.2,1.1,0.019,0.0,0.0,0.06,67.2,6.0,3.4,6.38,7.9,NORMAL
S00003100,WL-015,WHEEL_LOADER,966,TRANSMISSION,2025-02-28,9144.4,549.4,N,49.1,11.6,3.09,5.5,4.3,7.4,3.0,2.0,0.024,0.0,0.0,0.1,65.1,9.4,5.2,5.28,11.1,NORMAL
S00003101,WL-015,WHEEL_LOADER,966,TRANSMISSION,2025-04-20,9650.2,2.7,N,20.7,7.9,1.91,3.5,2.5,3.6,2.0,1.1,0.027,0.0,0.0,0.05,69.0,6.2,3.5,7.09,11.9,NORMAL
S00003102,WL-015,WHEEL_LOADER,966,TRANSMISSION,2025-06-08,10135.5,488.1,N,27.9,13.6,2.82,6.7,5.4,6.2,3.4,1.6,0.033,0.0,0.0,0.11,68.0,8.7,5.1,5.43,12.0,NORMAL
S00003103,WL-015,WHEEL_LOADER,966,TRANSMISSION,2025-07-30,10649.6,11.3,N,22.8,7.0,1.82,4.0,2.9,4.4,1.8,1.0,0.024,0.0,0.0,0.04,67.2,6.4,3.4,6.83,9.7,NORMAL
S00003104,WL-015,WHEEL_LOADER,966,TRANSMISSION,2025-10-05,11307.0,668.7,N,39.7,16.6,5.78,8.4,4.8,6.1,3.8,3.3,0.03,0.0,0.0,0.15,65.9,10.3,6.0,5.31,12.9,NORMAL
S00003105,WL-015,WHEEL_LOADER,966,TRANSMISSION,2025-11-06,11622.1,983.8,N,42.4,20.8,4.36,7.9,8.6,11.1,4.2,2.6,0.024,0.0,0.0,0.2,67.1,13.4,7.5,4.24,23.6,NORMAL
S00003106,WL-015,WHEEL_LOADER,966,TRANSMISSION,2026-01-09,12256.8,32.3,N,69.9,7.9,5.4,3.9,2.4,4.3,1.9,1.3,0.042,0.0,0.0,0.05,65.9,7.1,3.2,6.69,39.7,MONITOR
S00003107,WL-015,WHEEL_LOADER,966,TRANSMISSION,2026-03-06,12811.1,586.6,N,41.2,18.0,3.31,8.6,4.6,7.1,4.0,1.9,0.046,0.0,0.0,0.12,70.6,10.8,5.7,5.19,15.5,NORMAL
S00003108,WL-015,WHEEL_LOADER,966,TRANSMISSION,2026-04-08,13135.2,910.6,N,40.1,18.8,4.01,10.3,7.3,8.8,5.0,2.2,0.028,0.0,0.0,0.17,69.2,11.8,6.5,4.51,21.1,NORMAL
S00003109,WL-015,WHEEL_LOADER,966,TRANSMISSION,2026-05-12,13471.3,30.3,N,20.5,8.7,1.68,2.9,2.8,3.7,1.9,1.2,0.035,0.0,0.0,0.06,68.5,6.8,3.2,6.68,7.2,NORMAL
