wo_id,machine_id,component,wo_type,failure_code,description,open_date,close_date,smu_at_wo,downtime_hours,parts_cost,labour_cost
WO0000001,EX-001,ENGINE,PM,PM-OIL,Scheduled engine oil and filter change,2023-01-29,2023-01-30,4991.3,4.5,426.74,253.42
WO0000031,EX-001,TRANSMISSION,PM,PM-OIL,Scheduled transmission oil and filter change,2023-03-01,2023-03-02,5227.0,4.8,791.21,128.05
WO0000002,EX-001,ENGINE,PM,PM-OIL,Scheduled engine oil and filter change,2023-04-07,2023-04-08,5616.7,5.0,296.74,118.58
WO0000043,EX-001,FINAL_DRIVE,PM,PM-OIL,Scheduled final_drive oil and filter change,2023-04-10,2023-04-11,5560.0,4.6,453.4,351.39
WO0000003,EX-001,ENGINE,PM,PM-OIL,Scheduled engine oil and filter change,2023-06-28,2023-06-29,6360.3,2.9,178.98,134.57
WO0000023,EX-001,HYDRAULIC,PM,PM-OIL,Scheduled hydraulic oil and filter change,2023-07-04,2023-07-05,6376.2,4.8,811.73,343.79
WO0000032,EX-001,TRANSMISSION,PM,PM-OIL,Scheduled transmission oil and filter change,2023-07-14,2023-07-15,6456.1,3.0,174.45,380.74
WO0000004,EX-001,ENGINE,PM,PM-OIL,Scheduled engine oil and filter change,2023-08-23,2023-08-24,6864.3,4.5,417.94,320.41
WO0000049,EX-001,OTHER,CM,MSC-GEN,Cab / electrical / body repair,2023-08-23,2023-08-25,,14.1,2443.46,943.92
WO0000024,EX-001,HYDRAULIC,CM,HYD-WTR,Water contamination,2023-09-14,2023-09-22,7192.3,59.3,36451.56,6655.5
WO0000005,EX-001,ENGINE,PM,PM-OIL,Scheduled engine oil and filter change,2023-10-24,2023-10-25,7427.5,2.4,806.78,211.38
WO0000033,EX-001,TRANSMISSION,PM,PM-OIL,Scheduled transmission oil and filter change,2023-11-10,2023-11-11,7530.7,2.3,623.58,264.69
WO0000044,EX-001,FINAL_DRIVE,PM,PM-OIL,Scheduled final_drive oil and filter change,2023-12-11,2023-12-12,7787.5,3.4,484.76,333.69
WO0000006,EX-001,ENGINE,PM,PM-OIL,Scheduled engine oil and filter change,2023-12-20,2023-12-21,7941.9,4.0,203.56,116.05
WO0000007,EX-001,ENGINE,PM,PM-OIL,Scheduled engine oil and filter change,2024-02-18,2024-02-19,8489.7,2.6,853.09,246.59
WO0000034,EX-001,TRANSMISSION,PM,PM-OIL,Scheduled transmission oil and filter change,2024-02-26,2024-02-27,8509.4,2.1,884.82,383.89
WO0000025,EX-001,HYDRAULIC,PM,PM-OIL,Scheduled hydraulic oil and filter change,2024-03-30,2024-03-31,8824.6,5.0,783.9,136.72
WO0000026,EX-001,HYDRAULIC,CM,HYD-PMP,Hydraulic pump wear,2024-04-11,2024-04-22,9462.6,37.8,8091.07,3836.38
WO0000008,EX-001,ENGINE,PM,PM-OIL,Scheduled engine oil and filter change,2024-04-14,2024-04-15,8991.1,4.4,319.68,120.18
WO0000035,EX-001,TRANSMISSION,CM,TRN-GER,Gear / clutch pack wear,2024-05-03,2024-05-14,9381.0,27.9,32434.58,2705.59
WO0000009,EX-001,ENGINE,PM,PM-OIL,Scheduled engine oil and filter change,2024-07-05,2024-07-06,9734.9,2.4,441.8,107.57
WO0000036,EX-001,TRANSMISSION,PM,PM-OIL,Scheduled transmission oil and filter change,2024-07-09,2024-07-10,9729.8,3.4,298.38,276.36
WO0000045,EX-001,FINAL_DRIVE,PM,PM-OIL,Scheduled final_drive oil and filter change,2024-08-24,2024-08-25,10116.2,3.7,159.73,230.56
WO0000010,EX-001,ENGINE,PM,PM-OIL,Scheduled engine oil and filter change,2024-08-28,2024-08-29,10229.0,2.4,488.33,254.87
WO0000011,EX-001,ENGINE,PM,PM-OIL,Scheduled engine oil and filter change,2024-10-24,2024-10-25,10749.4,4.5,321.42,106.41
WO0000037,EX-001,TRANSMISSION,PM,PM-OIL,Scheduled transmission oil and filter change,2024-11-01,2024-11-02,10770.1,2.7,876.21,332.51
WO0000027,EX-001,HYDRAULIC,PM,PM-OIL,Scheduled hydraulic oil and filter change,2024-11-18,2024-11-19,10940.3,3.0,779.49,338.44
WO0000012,EX-001,ENGINE,PM,PM-OIL,Scheduled engine oil and filter change,2025-01-04,2025-01-05,11397.1,5.1,826.66,199.56
WO0000013,EX-001,ENGINE,PM,PM-OIL,Scheduled engine oil and filter change,2025-03-03,2025-03-04,11926.7,3.2,230.31,204.69
WO0000038,EX-001,TRANSMISSION,PM,PM-OIL,Scheduled transmission oil and filter change,2025-03-03,2025-03-04,11877.2,4.5,496.5,354.34
WO0000014,EX-001,ENGINE,PM,PM-OIL,Scheduled engine oil and filter change,2025-04-25,2025-04-26,12401.9,5.2,498.04,102.08
WO0000046,EX-001,FINAL_DRIVE,PM,PM-OIL,Scheduled final_drive oil and filter change,2025-05-21,2025-05-22,12564.6,2.7,366.03,383.09
WO0000050,EX-001,OTHER,CM,MSC-GEN,Cab / electrical / body repair,2025-05-22,2025-05-24,,6.6,2964.75,761.07
WO0000048,EX-001,OTHER,CM,MSC-GEN,Cab / electrical / body repair,2025-05-29,2025-05-31,,4.4,1944.34,122.81
WO0000015,EX-001,ENGINE,PM,PM-OIL,Scheduled engine oil and filter change,2025-06-20,2025-06-21,12914.8,2.3,340.91,305.73
WO0000039,EX-001,TRANSMISSION,PM,PM-OIL,Scheduled transmission oil and filter change,2025-07-11,2025-07-12,13058.9,4.5,758.31,159.48
WO0000028,EX-001,HYDRAULIC,PM,PM-OIL,Scheduled hydraulic oil and filter change,2025-08-04,2025-08-05,13288.5,4.4,858.9,179.62
WO0000016,EX-001,ENGINE,PM,PM-OIL,Scheduled engine oil and filter change,2025-08-11,2025-08-12,13387.2,3.4,412.12,313.33
WO0000017,EX-001,ENGINE,PM,PM-OIL,Scheduled engine oil and filter change,2025-11-03,2025-11-04,14144.8,4.2,314.07,212.64
WO0000029,EX-001,HYDRAULIC,CM,HYD-WTR,Water contamination,2025-12-09,2025-12-21,14867.5,90.9,36864.81,1260.08
WO0000040,EX-001,TRANSMISSION,PM,PM-OIL,Scheduled transmission oil and filter change,2025-12-23,2025-12-24,14555.3,4.7,559.26,260.79
WO0000018,EX-001,ENGINE,PM,PM-OIL,Scheduled engine oil and filter change,2025-12-27,2025-12-28,14631.6,5.0,324.96,186.16
WO0000047,EX-001,FINAL_DRIVE,PM,PM-OIL,Scheduled final_drive oil and filter change,2026-02-15,2026-02-16,15013.1,4.3,717.81,203.76
WO0000019,EX-001,ENGINE,PM,PM-OIL,Scheduled engine oil and filter change,2026-02-24,2026-02-25,15170.8,2.3,322.05,234.36
WO0000051,EX-001,OTHER,CM,MSC-GEN,Cab / electrical / body repair,2026-03-07,2026-03-09,,18.9,792.15,1166.79
WO0000041,EX-001,TRANSMISSION,PM,PM-OIL,Scheduled transmission oil and filter change,2026-04-15,2026-04-16,15580.1,3.7,762.8,117.61
WO0000021,EX-001,ENGINE,CM,ENG-BRG,Main bearing wear,2026-04-19,2026-04-23,15736.8,66.3,12273.58,3903.61
WO0000030,EX-001,HYDRAULIC,PM,PM-OIL,Scheduled hydraulic oil and filter change,2026-04-25,2026-04-26,15683.7,3.0,379.0,140.57
WO0000020,EX-001,ENGINE,PM,PM-OIL,Scheduled engine oil and filter change,2026-04-27,2026-04-28,15736.8,4.2,154.58,359.21
WO0000042,EX-001,TRANSMISSION,CM,TRN-GER,Gear / clutch pack wear,2026-05-05,2026-05-11,16146.9,26.2,2541.01,8965.03
WO0000022,EX-001,ENGINE,PM,PM-OIL,Scheduled engine oil and filter change,2026-06-22,2026-06-23,16242.4,6.0,185.38,197.39
WO0000084,EX-002,OTHER,CM,MSC-GEN,Cab / electrical / body repair,2023-02-11,2023-02-13,,9.2,477.8,215.3
WO0000085,EX-002,OTHER,CM,MSC-GEN,Cab / electrical / body repair,2023-03-09,2023-03-11,,15.8,1425.56,703.94
WO0000065,EX-002,HYDRAULIC,PM,PM-OIL,Scheduled hydraulic oil and filter change,2023-04-10,2023-04-11,6411.1,2.9,184.3,288.65
WO0000076,EX-002,FINAL_DRIVE,PM,PM-OIL,Scheduled final_drive oil and filter change,2023-04-19,2023-04-20,6411.1,4.2,254.77,349.84
WO0000052,EX-002,ENGINE,PM,PM-OIL,Scheduled engine oil and filter change,2023-04-23,2023-04-24,6519.5,3.3,821.39,243.24
WO0000071,EX-002,TRANSMISSION,PM,PM-OIL,Scheduled transmission oil and filter change,2023-07-15,2023-07-16,6904.7,2.8,281.77,154.85
WO0000053,EX-002,ENGINE,PM,PM-OIL,Scheduled engine oil and filter change,2023-07-27,2023-07-28,7044.1,3.8,233.63,270.68
WO0000077,EX-002,FINAL_DRIVE,CM,FDR-SEAL,Duo-cone seal leak,2023-08-22,2023-09-01,7398.3,43.6,26266.71,4659.02
WO0000078,EX-002,FINAL_DRIVE,CM,FDR-SEAL,Duo-cone seal leak,2023-10-18,2023-10-23,7891.8,58.3,6451.9,1453.98
WO0000054,EX-002,ENGINE,PM,PM-OIL,Scheduled engine oil and filter change,2023-11-25,2023-11-26,7704.5,5.1,881.24,155.83
WO0000086,EX-002,OTHER,CM,MSC-GEN,Cab / electrical / body repair,2024-01-20,2024-01-22,,9.1,1410.41,1011.77
WO0000080,EX-002,FINAL_DRIVE,CM,FDR-GER,Final drive gear wear,2024-02-07,2024-02-11,8385.4,95.1,13970.72,6641.26
WO0000055,EX-002,ENGINE,PM,PM-OIL,Scheduled engine oil and filter change,2024-02-24,2024-02-25,8205.4,2.9,446.51,259.57
WO0000072,EX-002,TRANSMISSION,PM,PM-OIL,Scheduled transmission oil and filter change,2024-03-20,2024-03-21,8267.7,2.5,744.57,336.08
WO0000079,EX-002,FINAL_DRIVE,PM,PM-OIL,Scheduled final_drive oil and filter change,2024-04-13,2024-04-14,8385.4,2.6,424.55,302.23
WO0000056,EX-002,ENGINE,PM,PM-OIL,Scheduled engine oil and filter change,2024-06-16,2024-06-17,8824.8,3.5,886.75,202.4
WO0000067,EX-002,HYDRAULIC,CM,HYD-PMP,Hydraulic pump wear,2024-06-29,2024-07-05,8879.0,93.4,7807.84,5246.19
WO0000066,EX-002,HYDRAULIC,PM,PM-OIL,Scheduled hydraulic oil and filter change,2024-07-03,2024-07-04,8879.0,4.0,311.89,272.96
WO0000057,EX-002,ENGINE,PM,PM-OIL,Scheduled engine oil and filter change,2024-09-24,2024-09-25,9371.8,5.1,389.21,187.82
WO0000073,EX-002,TRANSMISSION,PM,PM-OIL,Scheduled transmission oil and filter change,2024-10-18,2024-10-19,9434.4,4.3,801.63,366.06
WO0000058,EX-002,ENGINE,PM,PM-OIL,Scheduled engine oil and filter change,2024-12-21,2024-12-22,9857.4,4.1,620.28,122.53
WO0000059,EX-002,ENGINE,CM,ENG-BRG,Main bearing wear,2025-03-03,2025-03-07,10255.0,120.0,13523.55,4612.45
WO0000083,EX-002,OTHER,CM,MSC-GEN,Cab / electrical / body repair,2025-04-04,2025-04-06,,9.2,1437.23,1185.0
WO0000081,EX-002,FINAL_DRIVE,PM,PM-OIL,Scheduled final_drive oil and filter change,2025-04-08,2025-04-09,10359.7,2.7,168.42,228.05
WO0000060,EX-002,ENGINE,PM,PM-OIL,Scheduled engine oil and filter change,2025-04-14,2025-04-15,10480.0,3.6,646.31,325.81
WO0000074,EX-002,TRANSMISSION,PM,PM-OIL,Scheduled transmission oil and filter change,2025-06-07,2025-06-08,10703.0,2.9,646.22,331.36
WO0000061,EX-002,ENGINE,PM,PM-OIL,Scheduled engine oil and filter change,2025-08-03,2025-08-04,11088.0,4.9,707.61,302.41
WO0000068,EX-002,HYDRAULIC,PM,PM-OIL,Scheduled hydraulic oil and filter change,2025-09-26,2025-09-27,11346.8,4.3,498.17,256.47
WO0000062,EX-002,ENGINE,PM,PM-OIL,Scheduled engine oil and filter change,2025-11-03,2025-11-04,11592.1,3.2,234.65,167.14
WO0000069,EX-002,HYDRAULIC,CM,HYD-WTR,Water contamination,2025-11-10,2025-11-22,11840.4,91.7,12488.17,835.51
WO0000075,EX-002,TRANSMISSION,PM,PM-OIL,Scheduled transmission oil and filter change,2026-02-25,2026-02-26,12147.5,3.2,298.26,270.59
WO0000063,EX-002,ENGINE,PM,PM-OIL,Scheduled engine oil and filter change,2026-03-03,2026-03-04,12251.8,3.3,466.75,266.7
WO0000070,EX-002,HYDRAULIC,CM,HYD-PMP,Hydraulic pump wear,2026-03-22,2026-03-29,12333.9,26.8,18031.66,3959.93
WO0000082,EX-002,FINAL_DRIVE,PM,PM-OIL,Scheduled final_drive oil and filter change,2026-04-03,2026-04-04,12333.9,2.6,247.48,344.77
WO0000064,EX-002,ENGINE,PM,PM-OIL,Scheduled engine oil and filter change,2026-06-01,2026-06-02,12747.2,4.0,772.27,260.74
WO0000087,EX-003,ENGINE,PM,PM-OIL,Scheduled engine oil and filter change,2023-02-27,2023-02-28,2488.6,3.0,475.15,366.74
WO0000119,EX-003,TRANSMISSION,PM,PM-OIL,Scheduled transmission oil and filter change,2023-04-06,2023-04-07,2892.5,5.4,364.12,289.6
WO0000130,EX-003,FINAL_DRIVE,PM,PM-OIL,Scheduled final_drive oil and filter change,2023-04-17,2023-04-18,2940.7,3.6,159.51,164.04
WO0000088,EX-003,ENGINE,PM,PM-OIL,Scheduled engine oil and filter change,2023-04-20,2023-04-21,3021.1,2.6,481.63,297.51
WO0000089,EX-003,ENGINE,PM,PM-OIL,Scheduled engine oil and filter change,2023-06-10,2023-06-11,3541.9,6.0,399.31,108.89
WO0000111,EX-003,HYDRAULIC,PM,PM-OIL,Scheduled hydraulic oil and filter change,2023-07-17,2023-07-18,3852.1,2.5,282.46,241.3
WO0000120,EX-003,TRANSMISSION,PM,PM-OIL,Scheduled transmission oil and filter change,2023-07-24,2023-07-25,3999.1,5.5,677.09,154.51
WO0000090,EX-003,ENGINE,PM,PM-OIL,Scheduled engine oil and filter change,2023-08-04,2023-08-05,4097.3,2.6,889.71,154.26
WO0000091,EX-003,ENGINE,PM,PM-OIL,Scheduled engine oil and filter change,2023-10-03,2023-10-04,4710.7,3.1,570.13,236.7
WO0000121,EX-003,TRANSMISSION,PM,PM-OIL,Scheduled transmission oil and filter change,2023-10-31,2023-11-01,5003.8,3.3,723.36,317.93
WO0000092,EX-003,ENGINE,PM,PM-OIL,Scheduled engine oil and filter change,2023-11-27,2023-11-28,5260.5,4.7,860.87,187.97
WO0000131,EX-003,FINAL_DRIVE,PM,PM-OIL,Scheduled final_drive oil and filter change,2024-01-12,2024-01-13,5683.0,2.4,751.27,257.07
WO0000093,EX-003,ENGINE,PM,PM-OIL,Scheduled engine oil and filter change,2024-01-20,2024-01-21,5811.1,2.8,515.11,290.45
WO0000122,EX-003,TRANSMISSION,PM,PM-OIL,Scheduled transmission oil and filter change,2024-02-22,2024-02-23,6162.8,2.9,274.22,321.2
WO0000094,EX-003,ENGINE,PM,PM-OIL,Scheduled engine oil and filter change,2024-03-13,2024-03-14,6356.7,4.1,213.79,216.99
WO0000137,EX-003,OTHER,CM,MSC-GEN,Cab / electrical / body repair,2024-03-15,2024-03-17,,10.6,310.39,291.69
WO0000112,EX-003,HYDRAULIC,PM,PM-OIL,Scheduled hydraulic oil and filter change,2024-04-12,2024-04-13,6594.4,4.3,221.51,182.22
WO0000095,EX-003,ENGINE,PM,PM-OIL,Scheduled engine oil and filter change,2024-05-15,2024-05-16,6989.8,3.3,270.41,384.83
WO0000123,EX-003,TRANSMISSION,PM,PM-OIL,Scheduled transmission oil and filter change,2024-07-10,2024-07-11,7571.0,3.6,710.11,332.62
WO0000096,EX-003,ENGINE,PM,PM-OIL,Scheduled engine oil and filter change,2024-07-12,2024-07-13,7584.5,3.7,439.0,227.66
WO0000097,EX-003,ENGINE,PM,PM-OIL,Scheduled engine oil and filter change,2024-09-21,2024-09-22,8301.0,4.4,857.91,187.27
WO0000098,EX-003,ENGINE,CM,ENG-AIR,Air induction leak / dirt ingress,2024-09-24,2024-10-02,8301.0,58.6,22193.19,5010.42
WO0000132,EX-003,FINAL_DRIVE,PM,PM-OIL,Scheduled final_drive oil and filter change,2024-10-03,2024-10-04,8374.3,2.2,372.83,189.51
WO0000113,EX-003,HYDRAULIC,CM,HYD-PMP,Hydraulic pump wear,2024-10-04,2024-10-14,8412.9,36.8,28229.04,3188.65
WO0000099,EX-003,ENGINE,PM,PM-OIL,Scheduled engine oil and filter change,2024-11-29,2024-11-30,9000.8,4.2,187.67,126.86
WO0000124,EX-003,TRANSMISSION,PM,PM-OIL,Scheduled transmission oil and filter change,2024-12-05,2024-12-06,9071.9,4.5,706.52,160.56
WO0000114,EX-003,HYDRAULIC,PM,PM-OIL,Scheduled hydraulic oil and filter change,2024-12-27,2024-12-28,9223.8,3.2,699.69,331.33
WO0000101,EX-003,ENGINE,CM,ENG-COOL,Coolant entering crankcase,2025-01-01,2025-01-05,9504.5,9.1,13804.3,6832.87
WO0000100,EX-003,ENGINE,PM,PM-OIL,Scheduled engine oil and filter change,2025-01-17,2025-01-18,9504.5,3.9,692.77,370.56
WO0000125,EX-003,TRANSMISSION,PM,PM-OIL,Scheduled transmission oil and filter change,2025-03-27,2025-03-28,10207.4,4.1,234.61,293.32
WO0000102,EX-003,ENGINE,PM,PM-OIL,Scheduled engine oil and filter change,2025-03-31,2025-04-01,10236.8,3.2,640.71,107.68
WO0000126,EX-003,TRANSMISSION,CM,TRN-GER,Gear / clutch pack wear,2025-03-31,2025-04-02,10636.1,42.6,12806.46,2982.91
WO0000115,EX-003,HYDRAULIC,CM,HYD-SEAL,Cylinder seal / dirt ingress,2025-05-08,2025-05-18,11052.0,109.1,12549.98,2595.48
WO0000103,EX-003,ENGINE,PM,PM-OIL,Scheduled engine oil and filter change,2025-06-03,2025-06-04,10892.2,3.4,588.69,193.29
WO0000116,EX-003,HYDRAULIC,CM,HYD-WTR,Water contamination,2025-06-14,2025-06-19,11052.0,52.6,26923.97,5211.0
WO0000133,EX-003,FINAL_DRIVE,PM,PM-OIL,Scheduled final_drive oil and filter change,2025-06-30,2025-07-01,11116.6,2.1,821.69,126.72
WO0000134,EX-003,FINAL_DRIVE,CM,FDR-SEAL,Duo-cone seal leak,2025-07-30,2025-08-08,12030.7,47.9,30343.09,878.67
WO0000104,EX-003,ENGINE,PM,PM-OIL,Scheduled engine oil and filter change,2025-08-02,2025-08-03,11501.0,4.2,416.41,117.79
WO0000127,EX-003,TRANSMISSION,PM,PM-OIL,Scheduled transmission oil and filter change,2025-08-15,2025-08-16,11646.1,4.4,716.71,397.06
WO0000105,EX-003,ENGINE,PM,PM-OIL,Scheduled engine oil and filter change,2025-09-23,2025-09-24,12024.5,3.6,862.29,179.51
WO0000117,EX-003,HYDRAULIC,PM,PM-OIL,Scheduled hydraulic oil and filter change,2025-09-23,2025-09-24,11966.1,4.8,472.82,254.12
WO0000128,EX-003,TRANSMISSION,PM,PM-OIL,Scheduled transmission oil and filter change,2025-11-20,2025-11-21,12625.8,4.3,240.25,190.45
WO0000106,EX-003,ENGINE,PM,PM-OIL,Scheduled engine oil and filter change,2025-12-04,2025-12-05,12757.6,3.7,412.89,260.11
WO0000107,EX-003,ENGINE,PM,PM-OIL,Scheduled engine oil and filter change,2026-01-24,2026-01-25,13282.1,5.8,728.54,351.79
WO0000136,EX-003,OTHER,CM,MSC-GEN,Cab / electrical / body repair,2026-02-12,2026-02-14,,5.6,305.45,716.83
WO0000129,EX-003,TRANSMISSION,PM,PM-OIL,Scheduled transmission oil and filter change,2026-03-05,2026-03-06,13697.9,2.7,419.34,234.31
WO0000135,EX-003,FINAL_DRIVE,PM,PM-OIL,Scheduled final_drive oil and filter change,2026-03-27,2026-03-28,13858.9,2.6,661.88,390.85
WO0000108,EX-003,ENGINE,PM,PM-OIL,Scheduled engine oil and filter change,2026-03-30,2026-03-31,13941.2,2.9,663.54,356.94
WO0000109,EX-003,ENGINE,CM,ENG-INJ,Injector leak / fuel dilution,2026-04-27,2026-04-30,14390.7,44.3,44840.9,5971.54
WO0000110,EX-003,ENGINE,PM,PM-OIL,Scheduled engine oil and filter change,2026-06-04,2026-06-05,14604.7,4.4,287.9,312.0
WO0000118,EX-003,HYDRAULIC,PM,PM-OIL,Scheduled hydraulic oil and filter change,2026-06-16,2026-06-17,14666.9,3.2,485.55,398.75
WO0000138,EX-004,ENGINE,PM,PM-OIL,Scheduled engine oil and filter change,2023-03-29,2023-03-30,5179.0,5.2,769.0,379.97
WO0000152,EX-004,HYDRAULIC,PM,PM-OIL,Scheduled hydraulic oil and filter change,2023-04-20,2023-04-21,5296.1,3.9,371.03,166.91
WO0000139,EX-004,ENGINE,PM,PM-OIL,Scheduled engine oil and filter change,2023-06-26,2023-06-27,5669.1,6.0,437.13,270.39
WO0000157,EX-004,TRANSMISSION,PM,PM-OIL,Scheduled transmission oil and filter change,2023-06-27,2023-06-28,5696.1,3.2,294.64,211.92
WO0000140,EX-004,ENGINE,PM,PM-OIL,Scheduled engine oil and filter change,2023-09-29,2023-09-30,6186.6,3.9,852.83,371.84
WO0000141,EX-004,ENGINE,CM,ENG-INJ,Injector leak / fuel dilution,2023-11-07,2023-11-16,6496.9,36.7,29007.29,6775.21
WO0000162,EX-004,FINAL_DRIVE,PM,PM-OIL,Scheduled final_drive oil and filter change,2024-01-06,2024-01-07,6771.9,3.0,367.46,393.01
WO0000142,EX-004,ENGINE,PM,PM-OIL,Scheduled engine oil and filter change,2024-01-10,2024-01-11,6747.6,5.5,828.64,362.23
WO0000158,EX-004,TRANSMISSION,PM,PM-OIL,Scheduled transmission oil and filter change,2024-02-09,2024-02-10,6933.9,3.9,423.59,228.21
WO0000143,EX-004,ENGINE,PM,PM-OIL,Scheduled engine oil and filter change,2024-04-22,2024-04-23,7315.2,3.9,477.27,343.42
WO0000153,EX-004,HYDRAULIC,PM,PM-OIL,Scheduled hydraulic oil and filter change,2024-07-13,2024-07-14,7755.8,3.6,485.66,148.3
WO0000144,EX-004,ENGINE,PM,PM-OIL,Scheduled engine oil and filter change,2024-08-21,2024-08-22,7974.5,4.8,869.32,250.37
WO0000159,EX-004,TRANSMISSION,PM,PM-OIL,Scheduled transmission oil and filter change,2024-10-08,2024-10-09,8256.8,4.3,859.02,355.93
WO0000146,EX-004,ENGINE,CM,ENG-AIR,Air induction leak / dirt ingress,2024-10-15,2024-10-21,8512.2,94.7,22757.5,8163.22
WO0000154,EX-004,HYDRAULIC,CM,HYD-PMP,Hydraulic pump wear,2024-10-17,2024-10-28,8739.7,16.3,38117.2,2420.75
WO0000145,EX-004,ENGINE,PM,PM-OIL,Scheduled engine oil and filter change,2024-11-27,2024-11-28,8512.2,5.5,550.06,272.22
WO0000163,EX-004,FINAL_DRIVE,PM,PM-OIL,Scheduled final_drive oil and filter change,2024-12-31,2025-01-01,8739.7,4.8,454.8,344.79
WO0000147,EX-004,ENGINE,PM,PM-OIL,Scheduled engine oil and filter change,2025-03-09,2025-03-10,9067.5,4.0,503.53,336.71
WO0000148,EX-004,ENGINE,PM,PM-OIL,Scheduled engine oil and filter change,2025-06-13,2025-06-14,9590.6,4.6,877.55,213.49
WO0000160,EX-004,TRANSMISSION,PM,PM-OIL,Scheduled transmission oil and filter change,2025-06-18,2025-06-19,9640.1,5.5,248.92,282.87
WO0000167,EX-004,OTHER,CM,MSC-GEN,Cab / electrical / body repair,2025-10-02,2025-10-04,,13.5,261.48,180.39
WO0000155,EX-004,HYDRAULIC,PM,PM-OIL,Scheduled hydraulic oil and filter change,2025-10-06,2025-10-07,10215.5,3.8,241.17,270.43
WO0000149,EX-004,ENGINE,PM,PM-OIL,Scheduled engine oil and filter change,2025-10-15,2025-10-16,10271.5,2.3,684.27,319.58
WO0000168,EX-004,OTHER,CM,MSC-GEN,Cab / electrical / body repair,2025-12-06,2025-12-08,,4.5,466.41,1104.99
WO0000165,EX-004,FINAL_DRIVE,CM,FDR-GER,Final drive gear wear,2025-12-07,2025-12-16,10707.5,37.7,20440.22,3963.08
WO0000164,EX-004,FINAL_DRIVE,PM,PM-OIL,Scheduled final_drive oil and filter change,2025-12-26,2025-12-27,10707.5,4.5,205.85,119.08
WO0000166,EX-004,FINAL_DRIVE,CM,FDR-GER,Final drive gear wear,2025-12-31,2026-01-07,11199.4,73.4,18914.24,5616.11
WO0000150,EX-004,ENGINE,PM,PM-OIL,Scheduled engine oil and filter change,2026-03-02,2026-03-03,11024.6,5.2,246.56,117.42
WO0000161,EX-004,TRANSMISSION,PM,PM-OIL,Scheduled transmission oil and filter change,2026-03-10,2026-03-11,11088.3,3.9,478.39,248.2
WO0000156,EX-004,HYDRAULIC,CM,HYD-WTR,Water contamination,2026-03-16,2026-03-20,11199.4,108.3,1951.76,3292.16
WO0000151,EX-004,ENGINE,PM,PM-OIL,Scheduled engine oil and filter change,2026-06-22,2026-06-23,11638.7,3.4,223.8,305.12
WO0000169,EX-005,ENGINE,PM,PM-OIL,Scheduled engine oil and filter change,2023-03-06,2023-03-07,1792.5,2.8,174.99,195.37
WO0000199,EX-005,TRANSMISSION,PM,PM-OIL,Scheduled transmission oil and filter change,2023-03-18,2023-03-19,1759.2,5.7,690.88,287.68
WO0000170,EX-005,ENGINE,PM,PM-OIL,Scheduled engine oil and filter change,2023-05-05,2023-05-06,2348.6,4.5,392.21,261.43
WO0000208,EX-005,FINAL_DRIVE,CM,FDR-SEAL,Duo-cone seal leak,2023-06-18,2023-06-28,2909.8,76.1,4851.17,2586.67
WO0000171,EX-005,ENGINE,PM,PM-OIL,Scheduled engine oil and filter change,2023-07-04,2023-07-05,2893.7,4.2,732.31,252.62
WO0000193,EX-005,HYDRAULIC,PM,PM-OIL,Scheduled hydraulic oil and filter change,2023-07-10,2023-07-11,2869.4,4.2,561.08,332.75
WO0000200,EX-005,TRANSMISSION,PM,PM-OIL,Scheduled transmission oil and filter change,2023-08-17,2023-08-18,3158.7,2.2,648.62,240.86
WO0000172,EX-005,ENGINE,PM,PM-OIL,Scheduled engine oil and filter change,2023-08-29,2023-08-30,3414.2,4.6,420.25,223.68
WO0000209,EX-005,FINAL_DRIVE,PM,PM-OIL,Scheduled final_drive oil and filter change,2023-10-01,2023-10-02,3736.2,2.3,432.8,389.52
WO0000173,EX-005,ENGINE,PM,PM-OIL,Scheduled engine oil and filter change,2023-11-12,2023-11-13,4099.3,5.3,722.87,365.34
WO0000201,EX-005,TRANSMISSION,PM,PM-OIL,Scheduled transmission oil and filter change,2023-11-30,2023-12-01,4118.1,5.6,291.87,121.64
WO0000195,EX-005,HYDRAULIC,CM,HYD-WTR,Water contamination,2024-01-04,2024-01-15,5013.2,112.6,22888.83,3869.44
WO0000174,EX-005,ENGINE,PM,PM-OIL,Scheduled engine oil and filter change,2024-01-07,2024-01-08,4616.0,3.4,401.31,372.17
WO0000194,EX-005,HYDRAULIC,PM,PM-OIL,Scheduled hydraulic oil and filter change,2024-02-29,2024-03-01,5013.2,4.0,413.28,222.32
WO0000175,EX-005,ENGINE,PM,PM-OIL,Scheduled engine oil and filter change,2024-03-04,2024-03-05,5135.4,3.5,337.72,349.78
WO0000177,EX-005,ENGINE,CM,ENG-COOL,Coolant entering crankcase,2024-04-17,2024-04-23,5648.9,14.2,34833.51,6716.23
WO0000176,EX-005,ENGINE,PM,PM-OIL,Scheduled engine oil and filter change,2024-04-29,2024-04-30,5648.9,5.4,762.61,116.86
WO0000202,EX-005,TRANSMISSION,PM,PM-OIL,Scheduled transmission oil and filter change,2024-05-01,2024-05-02,5528.9,4.0,824.94,221.99
WO0000210,EX-005,FINAL_DRIVE,PM,PM-OIL,Scheduled final_drive oil and filter change,2024-05-19,2024-05-20,5865.5,2.4,226.99,391.51
WO0000178,EX-005,ENGINE,PM,PM-OIL,Scheduled engine oil and filter change,2024-06-25,2024-06-26,6178.4,3.1,300.99,334.51
WO0000179,EX-005,ENGINE,PM,PM-OIL,Scheduled engine oil and filter change,2024-08-22,2024-08-23,6709.7,4.0,577.54,143.35
WO0000203,EX-005,TRANSMISSION,PM,PM-OIL,Scheduled transmission oil and filter change,2024-08-25,2024-08-26,6592.9,2.6,532.65,177.47
WO0000180,EX-005,ENGINE,PM,PM-OIL,Scheduled engine oil and filter change,2024-10-16,2024-10-17,7214.0,3.1,793.26,333.51
WO0000181,EX-005,ENGINE,CM,ENG-BRG,Main bearing wear,2024-11-05,2024-11-14,7426.8,69.1,3849.83,8458.66
WO0000182,EX-005,ENGINE,CM,ENG-INJ,Injector leak / fuel dilution,2024-11-12,2024-11-19,7690.2,38.6,44250.41,2791.99
WO0000196,EX-005,HYDRAULIC,PM,PM-OIL,Scheduled hydraulic oil and filter change,2024-11-25,2024-11-26,7492.5,2.9,450.81,303.81
WO0000183,EX-005,ENGINE,PM,PM-OIL,Scheduled engine oil and filter change,2025-01-03,2025-01-04,7939.3,2.1,893.44,354.51
WO0000204,EX-005,TRANSMISSION,PM,PM-OIL,Scheduled transmission oil and filter change,2025-01-30,2025-01-31,8039.2,2.8,857.85,267.31
WO0000211,EX-005,FINAL_DRIVE,PM,PM-OIL,Scheduled final_drive oil and filter change,2025-02-13,2025-02-14,8344.8,2.2,775.23,199.34
WO0000184,EX-005,ENGINE,PM,PM-OIL,Scheduled engine oil and filter change,2025-03-02,2025-03-03,8472.9,5.3,747.61,100.35
WO0000185,EX-005,ENGINE,PM,PM-OIL,Scheduled engine oil and filter change,2025-04-22,2025-04-23,8943.1,2.9,434.21,346.78
WO0000212,EX-005,FINAL_DRIVE,CM,FDR-GER,Final drive gear wear,2025-06-15,2025-06-21,9997.6,107.1,9920.05,8128.42
WO0000186,EX-005,ENGINE,PM,PM-OIL,Scheduled engine oil and filter change,2025-06-17,2025-06-18,9453.7,3.5,705.49,194.07
WO0000205,EX-005,TRANSMISSION,PM,PM-OIL,Scheduled transmission oil and filter change,2025-07-12,2025-07-13,9538.0,4.9,679.96,308.66
WO0000197,EX-005,HYDRAULIC,PM,PM-OIL,Scheduled hydraulic oil and filter change,2025-08-22,2025-08-23,9971.7,5.5,265.48,117.24
WO0000187,EX-005,ENGINE,PM,PM-OIL,Scheduled engine oil and filter change,2025-08-28,2025-08-29,10114.3,3.7,329.58,207.45
WO0000188,EX-005,ENGINE,PM,PM-OIL,Scheduled engine oil and filter change,2025-10-21,2025-10-22,10607.9,2.7,672.23,356.32
WO0000213,EX-005,FINAL_DRIVE,PM,PM-OIL,Scheduled final_drive oil and filter change,2025-11-10,2025-11-11,10824.0,2.5,621.9,187.23
WO0000206,EX-005,TRANSMISSION,PM,PM-OIL,Scheduled transmission oil and filter change,2025-11-26,2025-11-27,10791.5,5.3,888.92,204.33
WO0000189,EX-005,ENGINE,PM,PM-OIL,Scheduled engine oil and filter change,2025-12-18,2025-12-19,11139.5,5.6,318.96,101.56
WO0000190,EX-005,ENGINE,PM,PM-OIL,Scheduled engine oil and filter change,2026-02-14,2026-02-15,11672.3,2.9,293.46,251.29
WO0000191,EX-005,ENGINE,PM,PM-OIL,Scheduled engine oil and filter change,2026-04-28,2026-04-29,12341.6,5.8,161.17,111.51
WO0000207,EX-005,TRANSMISSION,PM,PM-OIL,Scheduled transmission oil and filter change,2026-05-08,2026-05-09,12291.4,3.2,796.88,390.4
WO0000198,EX-005,HYDRAULIC,PM,PM-OIL,Scheduled hydraulic oil and filter change,2026-05-18,2026-05-19,12449.0,4.4,863.72,240.93
WO0000192,EX-005,ENGINE,PM,PM-OIL,Scheduled engine oil and filter change,2026-06-19,2026-06-20,12818.8,4.4,432.92,157.59
WO0000238,EX-006,TRANSMISSION,PM,PM-OIL,Scheduled transmission oil and filter change,2023-03-07,2023-03-08,2312.1,4.0,881.67,291.61
WO0000214,EX-006,ENGINE,PM,PM-OIL,Scheduled engine oil and filter change,2023-04-02,2023-04-03,2435.2,3.5,744.91,343.55
WO0000232,EX-006,HYDRAULIC,PM,PM-OIL,Scheduled hydraulic oil and filter change,2023-04-20,2023-04-21,2605.0,2.8,156.37,238.27
WO0000249,EX-006,FINAL_DRIVE,CM,FDR-GER,Final drive gear wear,2023-05-26,2023-05-30,3342.4,93.3,20013.37,1536.91
WO0000215,EX-006,ENGINE,PM,PM-OIL,Scheduled engine oil and filter change,2023-06-05,2023-06-06,2958.8,4.5,367.24,299.9
WO0000239,EX-006,TRANSMISSION,PM,PM-OIL,Scheduled transmission oil and filter change,2023-07-22,2023-07-23,3433.8,2.4,825.0,349.72
WO0000216,EX-006,ENGINE,PM,PM-OIL,Scheduled engine oil and filter change,2023-07-29,2023-07-30,3407.9,3.6,491.1,150.35
WO0000240,EX-006,TRANSMISSION,CM,TRN-BRG,Transmission bearing wear,2023-08-08,2023-08-16,4009.1,112.6,16461.38,4989.84
WO0000250,EX-006,FINAL_DRIVE,PM,PM-OIL,Scheduled final_drive oil and filter change,2023-10-14,2023-10-15,4079.8,5.1,292.75,366.62
WO0000258,EX-006,OTHER,CM,MSC-GEN,Cab / electrical / body repair,2023-10-28,2023-10-30,,9.5,1328.64,897.43
WO0000217,EX-006,ENGINE,PM,PM-OIL,Scheduled engine oil and filter change,2023-10-29,2023-10-30,4160.2,2.7,230.01,328.98
WO0000241,EX-006,TRANSMISSION,PM,PM-OIL,Scheduled transmission oil and filter change,2023-11-23,2023-11-24,4451.5,4.9,260.98,374.0
WO0000251,EX-006,FINAL_DRIVE,CM,FDR-SEAL,Duo-cone seal leak,2023-12-04,2023-12-16,4817.2,88.5,30632.97,1950.25
WO0000218,EX-006,ENGINE,PM,PM-OIL,Scheduled engine oil and filter change,2023-12-30,2023-12-31,4666.3,6.0,577.91,136.41
WO0000256,EX-006,OTHER,CM,MSC-GEN,Cab / electrical / body repair,2024-01-08,2024-01-10,,12.6,1306.16,671.53
WO0000233,EX-006,HYDRAULIC,PM,PM-OIL,Scheduled hydraulic oil and filter change,2024-01-15,2024-01-16,4817.2,2.4,716.21,264.25
WO0000219,EX-006,ENGINE,PM,PM-OIL,Scheduled engine oil and filter change,2024-03-19,2024-03-20,5318.2,2.2,609.4,287.39
WO0000242,EX-006,TRANSMISSION,PM,PM-OIL,Scheduled transmission oil and filter change,2024-03-21,2024-03-22,5426.7,2.6,573.46,260.05
WO0000220,EX-006,ENGINE,PM,PM-OIL,Scheduled engine oil and filter change,2024-05-18,2024-05-19,5809.8,2.8,224.63,353.62
WO0000244,EX-006,TRANSMISSION,CM,TRN-BRG,Transmission bearing wear,2024-07-05,2024-07-14,6608.5,41.5,1611.99,3155.0
WO0000252,EX-006,FINAL_DRIVE,PM,PM-OIL,Scheduled final_drive oil and filter change,2024-07-10,2024-07-11,6292.0,5.3,509.86,362.4
WO0000221,EX-006,ENGINE,PM,PM-OIL,Scheduled engine oil and filter change,2024-07-15,2024-07-16,6292.2,3.4,383.95,317.04
WO0000243,EX-006,TRANSMISSION,PM,PM-OIL,Scheduled transmission oil and filter change,2024-08-13,2024-08-14,6608.5,2.1,562.46,226.61
WO0000222,EX-006,ENGINE,PM,PM-OIL,Scheduled engine oil and filter change,2024-09-22,2024-09-23,6853.3,3.7,513.45,133.97
WO0000234,EX-006,HYDRAULIC,PM,PM-OIL,Scheduled hydraulic oil and filter change,2024-10-08,2024-10-09,7001.6,5.4,380.95,302.93
WO0000223,EX-006,ENGINE,PM,PM-OIL,Scheduled engine oil and filter change,2024-11-23,2024-11-24,7359.7,4.0,230.52,130.84
WO0000245,EX-006,TRANSMISSION,PM,PM-OIL,Scheduled transmission oil and filter change,2025-01-13,2025-01-14,7866.3,5.8,850.9,293.98
WO0000254,EX-006,FINAL_DRIVE,CM,FDR-GER,Final drive gear wear,2025-01-22,2025-01-25,8504.2,102.5,11208.05,1059.85
WO0000224,EX-006,ENGINE,PM,PM-OIL,Scheduled engine oil and filter change,2025-01-31,2025-02-01,7925.0,2.1,276.13,120.15
WO0000253,EX-006,FINAL_DRIVE,PM,PM-OIL,Scheduled final_drive oil and filter change,2025-04-06,2025-04-07,8504.2,4.0,393.53,110.85
WO0000225,EX-006,ENGINE,PM,PM-OIL,Scheduled engine oil and filter change,2025-04-09,2025-04-10,8486.2,2.6,465.28,340.37
WO0000246,EX-006,TRANSMISSION,PM,PM-OIL,Scheduled transmission oil and filter change,2025-05-21,2025-05-22,8917.3,3.8,335.95,220.45
WO0000259,EX-006,OTHER,CM,MSC-GEN,Cab / electrical / body repair,2025-06-15,2025-06-17,,7.4,2961.39,384.31
WO0000235,EX-006,HYDRAULIC,PM,PM-OIL,Scheduled hydraulic oil and filter change,2025-07-05,2025-07-06,9213.8,5.9,299.38,273.43
WO0000226,EX-006,ENGINE,PM,PM-OIL,Scheduled engine oil and filter change,2025-07-09,2025-07-10,9231.9,3.8,381.91,285.74
WO0000227,EX-006,ENGINE,PM,PM-OIL,Scheduled engine oil and filter change,2025-09-14,2025-09-15,9777.6,4.3,246.45,368.7
WO0000247,EX-006,TRANSMISSION,PM,PM-OIL,Scheduled transmission oil and filter change,2025-10-17,2025-10-18,10131.6,2.8,557.27,239.09
WO0000228,EX-006,ENGINE,PM,PM-OIL,Scheduled engine oil and filter change,2025-12-10,2025-12-11,10492.3,5.6,424.21,172.81
WO0000255,EX-006,FINAL_DRIVE,PM,PM-OIL,Scheduled final_drive oil and filter change,2026-01-01,2026-01-02,10716.5,2.4,484.72,139.84
WO0000237,EX-006,HYDRAULIC,CM,HYD-PMP,Hydraulic pump wear,2026-02-16,2026-02-23,11426.1,114.6,16844.64,8778.18
WO0000229,EX-006,ENGINE,PM,PM-OIL,Scheduled engine oil and filter change,2026-02-26,2026-02-27,11132.5,4.1,791.23,271.29
WO0000248,EX-006,TRANSMISSION,PM,PM-OIL,Scheduled transmission oil and filter change,2026-03-01,2026-03-02,11239.9,4.1,447.72,354.17
WO0000236,EX-006,HYDRAULIC,PM,PM-OIL,Scheduled hydraulic oil and filter change,2026-04-01,2026-04-02,11426.1,5.0,437.77,212.05
WO0000230,EX-006,ENGINE,CM,ENG-AIR,Air induction leak / dirt ingress,2026-04-07,2026-04-15,11620.5,57.3,6204.87,2007.97
WO0000231,EX-006,ENGINE,PM,PM-OIL,Scheduled engine oil and filter change,2026-05-30,2026-05-31,11892.2,2.2,646.59,355.41
WO0000257,EX-006,OTHER,CM,MSC-GEN,Cab / electrical / body repair,2026-06-01,2026-06-03,,6.9,853.69,424.43
WO0000260,EX-007,ENGINE,PM,PM-OIL,Scheduled engine oil and filter change,2023-02-03,2023-02-04,4841.9,3.0,218.65,397.62
WO0000261,EX-007,ENGINE,PM,PM-OIL,Scheduled engine oil and filter change,2023-04-07,2023-04-08,5344.1,4.1,744.12,175.57
WO0000295,EX-007,FINAL_DRIVE,PM,PM-OIL,Scheduled final_drive oil and filter change,2023-04-21,2023-04-22,5338.8,5.3,641.46,177.14
WO0000285,EX-007,TRANSMISSION,PM,PM-OIL,Scheduled transmission oil and filter change,2023-05-19,2023-05-20,5554.6,2.3,782.4,350.0
WO0000262,EX-007,ENGINE,PM,PM-OIL,Scheduled engine oil and filter change,2023-07-03,2023-07-04,6030.4,5.9,675.05,184.49
WO0000263,EX-007,ENGINE,PM,PM-OIL,Scheduled engine oil and filter change,2023-09-01,2023-09-02,6513.8,2.1,392.91,262.19
WO0000279,EX-007,HYDRAULIC,PM,PM-OIL,Scheduled hydraulic oil and filter change,2023-09-13,2023-09-14,6587.6,2.5,716.93,353.9
WO0000286,EX-007,TRANSMISSION,PM,PM-OIL,Scheduled transmission oil and filter change,2023-10-16,2023-10-17,6743.9,3.1,756.81,286.33
WO0000280,EX-007,HYDRAULIC,CM,HYD-SEAL,Cylinder seal / dirt ingress,2023-10-27,2023-10-31,7303.2,51.7,16231.2,2961.87
WO0000264,EX-007,ENGINE,PM,PM-OIL,Scheduled engine oil and filter change,2023-11-11,2023-11-12,7077.2,5.3,334.43,162.1
WO0000296,EX-007,FINAL_DRIVE,PM,PM-OIL,Scheduled final_drive oil and filter change,2024-01-16,2024-01-17,7485.7,5.2,700.32,228.7
WO0000265,EX-007,ENGINE,PM,PM-OIL,Scheduled engine oil and filter change,2024-02-07,2024-02-08,7773.6,2.2,557.86,337.32
WO0000287,EX-007,TRANSMISSION,PM,PM-OIL,Scheduled transmission oil and filter change,2024-03-14,2024-03-15,7943.4,4.9,883.14,395.71
WO0000266,EX-007,ENGINE,PM,PM-OIL,Scheduled engine oil and filter change,2024-04-25,2024-04-26,8391.1,3.8,764.54,328.32
WO0000267,EX-007,ENGINE,CM,ENG-AIR,Air induction leak / dirt ingress,2024-06-06,2024-06-09,8721.8,76.0,32414.44,2241.29
WO0000281,EX-007,HYDRAULIC,PM,PM-OIL,Scheduled hydraulic oil and filter change,2024-06-09,2024-06-10,8734.5,4.2,479.46,257.98
WO0000268,EX-007,ENGINE,PM,PM-OIL,Scheduled engine oil and filter change,2024-07-12,2024-07-13,9017.7,2.5,223.01,237.8
WO0000289,EX-007,TRANSMISSION,CM,TRN-GER,Gear / clutch pack wear,2024-08-16,2024-08-18,9300.5,85.3,34506.17,6503.78
WO0000288,EX-007,TRANSMISSION,PM,PM-OIL,Scheduled transmission oil and filter change,2024-09-01,2024-09-02,9300.5,4.6,443.26,310.98
WO0000269,EX-007,ENGINE,PM,PM-OIL,Scheduled engine oil and filter change,2024-09-22,2024-09-23,9585.6,3.0,402.05,366.7
WO0000297,EX-007,FINAL_DRIVE,PM,PM-OIL,Scheduled final_drive oil and filter change,2024-10-12,2024-10-13,9632.7,4.8,772.07,339.67
WO0000270,EX-007,ENGINE,PM,PM-OIL,Scheduled engine oil and filter change,2024-12-16,2024-12-17,10263.6,3.1,308.58,395.1
WO0000290,EX-007,TRANSMISSION,PM,PM-OIL,Scheduled transmission oil and filter change,2025-02-15,2025-02-16,10628.5,3.6,385.8,168.09
WO0000291,EX-007,TRANSMISSION,CM,TRN-BRG,Transmission bearing wear,2025-02-18,2025-02-28,10628.5,60.9,9558.76,7983.11
WO0000298,EX-007,FINAL_DRIVE,CM,FDR-GER,Final drive gear wear,2025-02-21,2025-03-01,11063.9,53.8,19191.93,2938.93
WO0000282,EX-007,HYDRAULIC,PM,PM-OIL,Scheduled hydraulic oil and filter change,2025-03-06,2025-03-07,10881.4,4.1,545.51,194.5
WO0000271,EX-007,ENGINE,PM,PM-OIL,Scheduled engine oil and filter change,2025-03-17,2025-03-18,10988.3,3.7,826.69,365.99
WO0000272,EX-007,ENGINE,PM,PM-OIL,Scheduled engine oil and filter change,2025-05-28,2025-05-29,11559.0,5.3,726.42,116.44
WO0000283,EX-007,HYDRAULIC,CM,HYD-SEAL,Cylinder seal / dirt ingress,2025-06-13,2025-06-15,12312.7,112.6,28182.28,3272.91
WO0000292,EX-007,TRANSMISSION,PM,PM-OIL,Scheduled transmission oil and filter change,2025-06-16,2025-06-17,11590.7,3.2,869.28,182.9
WO0000299,EX-007,FINAL_DRIVE,PM,PM-OIL,Scheduled final_drive oil and filter change,2025-07-09,2025-07-10,11779.6,2.2,523.55,180.12
WO0000273,EX-007,ENGINE,PM,PM-OIL,Scheduled engine oil and filter change,2025-08-14,2025-08-15,12183.0,3.8,698.2,359.28
WO0000274,EX-007,ENGINE,PM,PM-OIL,Scheduled engine oil and filter change,2025-10-17,2025-10-18,12685.7,4.1,890.05,340.18
WO0000284,EX-007,HYDRAULIC,PM,PM-OIL,Scheduled hydraulic oil and filter change,2025-12-01,2025-12-02,13028.3,5.0,729.84,114.32
WO0000293,EX-007,TRANSMISSION,PM,PM-OIL,Scheduled transmission oil and filter change,2025-12-11,2025-12-12,13006.0,2.3,831.93,159.0
WO0000275,EX-007,ENGINE,PM,PM-OIL,Scheduled engine oil and filter change,2025-12-20,2025-12-21,13199.5,5.8,264.02,377.37
WO0000300,EX-007,FINAL_DRIVE,CM,FDR-SEAL,Duo-cone seal leak,2026-01-05,2026-01-12,13210.8,38.5,28006.17,5596.23
WO0000276,EX-007,ENGINE,PM,PM-OIL,Scheduled engine oil and filter change,2026-02-20,2026-02-21,13691.0,5.2,326.37,122.1
WO0000277,EX-007,ENGINE,CM,ENG-AIR,Air induction leak / dirt ingress,2026-03-03,2026-03-08,13909.6,56.5,23498.02,5948.75
WO0000301,EX-007,FINAL_DRIVE,PM,PM-OIL,Scheduled final_drive oil and filter change,2026-04-05,2026-04-06,13926.5,4.6,721.91,298.32
WO0000278,EX-007,ENGINE,PM,PM-OIL,Scheduled engine oil and filter change,2026-05-04,2026-05-05,14272.4,4.8,473.05,193.7
WO0000294,EX-007,TRANSMISSION,PM,PM-OIL,Scheduled transmission oil and filter change,2026-06-22,2026-06-23,14542.2,4.1,837.53,189.45
WO0000302,EX-008,ENGINE,PM,PM-OIL,Scheduled engine oil and filter change,2023-02-15,2023-02-16,3497.4,5.2,269.15,245.21
WO0000330,EX-008,FINAL_DRIVE,PM,PM-OIL,Scheduled final_drive oil and filter change,2023-04-14,2023-04-15,3910.0,5.3,849.56,203.89
WO0000303,EX-008,ENGINE,PM,PM-OIL,Scheduled engine oil and filter change,2023-05-01,2023-05-02,4012.5,4.3,189.98,102.31
WO0000322,EX-008,TRANSMISSION,PM,PM-OIL,Scheduled transmission oil and filter change,2023-05-27,2023-05-28,4275.3,3.9,292.76,325.2
WO0000323,EX-008,TRANSMISSION,CM,TRN-BRG,Transmission bearing wear,2023-06-01,2023-06-08,4837.7,35.4,8428.7,4567.24
WO0000317,EX-008,HYDRAULIC,PM,PM-OIL,Scheduled hydraulic oil and filter change,2023-07-01,2023-07-02,4525.2,3.3,864.61,220.89
WO0000304,EX-008,ENGINE,PM,PM-OIL,Scheduled engine oil and filter change,2023-07-16,2023-07-17,4531.6,4.8,673.44,115.29
WO0000305,EX-008,ENGINE,PM,PM-OIL,Scheduled engine oil and filter change,2023-09-21,2023-09-22,4988.8,3.5,712.75,152.19
WO0000334,EX-008,OTHER,CM,MSC-GEN,Cab / electrical / body repair,2023-10-07,2023-10-09,,3.8,2009.88,742.51
WO0000324,EX-008,TRANSMISSION,PM,PM-OIL,Scheduled transmission oil and filter change,2023-11-08,2023-11-09,5401.5,2.7,547.65,292.57
WO0000336,EX-008,OTHER,CM,MSC-GEN,Cab / electrical / body repair,2023-11-28,2023-11-30,,5.1,231.03,702.69
WO0000306,EX-008,ENGINE,PM,PM-OIL,Scheduled engine oil and filter change,2023-12-11,2023-12-12,5544.8,4.1,238.47,213.72
WO0000318,EX-008,HYDRAULIC,CM,HYD-SEAL,Cylinder seal / dirt ingress,2024-02-01,2024-02-03,6371.1,112.7,36025.45,6443.59
WO0000307,EX-008,ENGINE,PM,PM-OIL,Scheduled engine oil and filter change,2024-03-14,2024-03-15,6182.9,5.0,343.58,304.07
WO0000331,EX-008,FINAL_DRIVE,PM,PM-OIL,Scheduled final_drive oil and filter change,2024-04-08,2024-04-09,6371.1,3.3,663.44,276.15
WO0000325,EX-008,TRANSMISSION,PM,PM-OIL,Scheduled transmission oil and filter change,2024-04-14,2024-04-15,6479.2,3.5,465.84,188.55
WO0000308,EX-008,ENGINE,PM,PM-OIL,Scheduled engine oil and filter change,2024-05-26,2024-05-27,6687.9,4.7,221.34,338.08
WO0000319,EX-008,HYDRAULIC,PM,PM-OIL,Scheduled hydraulic oil and filter change,2024-06-25,2024-06-26,6986.4,4.1,665.73,185.86
WO0000309,EX-008,ENGINE,PM,PM-OIL,Scheduled engine oil and filter change,2024-09-02,2024-09-03,7362.0,4.8,608.75,262.65
WO0000326,EX-008,TRANSMISSION,PM,PM-OIL,Scheduled transmission oil and filter change,2024-11-10,2024-11-11,7920.9,3.4,546.15,125.78
WO0000310,EX-008,ENGINE,PM,PM-OIL,Scheduled engine oil and filter change,2024-11-11,2024-11-12,7837.1,4.0,586.68,260.67
WO0000311,EX-008,ENGINE,PM,PM-OIL,Scheduled engine oil and filter change,2025-02-28,2025-03-01,8584.8,3.2,443.52,109.76
WO0000335,EX-008,OTHER,CM,MSC-GEN,Cab / electrical / body repair,2025-03-04,2025-03-06,,4.5,1420.15,797.86
WO0000332,EX-008,FINAL_DRIVE,PM,PM-OIL,Scheduled final_drive oil and filter change,2025-04-03,2025-04-04,8832.3,3.3,418.74,217.63
WO0000327,EX-008,TRANSMISSION,PM,PM-OIL,Scheduled transmission oil and filter change,2025-04-24,2025-04-25,9042.9,2.2,774.26,276.69
WO0000312,EX-008,ENGINE,PM,PM-OIL,Scheduled engine oil and filter change,2025-05-11,2025-05-12,9075.6,3.4,687.82,309.76
WO0000320,EX-008,HYDRAULIC,PM,PM-OIL,Scheduled hydraulic oil and filter change,2025-06-20,2025-06-21,9447.5,6.0,694.81,108.06
WO0000313,EX-008,ENGINE,PM,PM-OIL,Scheduled engine oil and filter change,2025-08-11,2025-08-12,9705.5,5.4,807.78,249.2
WO0000328,EX-008,TRANSMISSION,PM,PM-OIL,Scheduled transmission oil and filter change,2025-09-27,2025-09-28,10114.1,3.8,446.39,339.56
WO0000314,EX-008,ENGINE,PM,PM-OIL,Scheduled engine oil and filter change,2025-11-20,2025-11-21,10395.6,2.8,406.23,287.84
WO0000315,EX-008,ENGINE,PM,PM-OIL,Scheduled engine oil and filter change,2026-02-06,2026-02-07,10928.7,4.9,412.57,393.79
WO0000329,EX-008,TRANSMISSION,PM,PM-OIL,Scheduled transmission oil and filter change,2026-02-23,2026-02-24,11128.8,3.1,659.16,227.18
WO0000333,EX-008,FINAL_DRIVE,PM,PM-OIL,Scheduled final_drive oil and filter change,2026-03-29,2026-03-30,11293.4,4.2,598.9,179.17
WO0000316,EX-008,ENGINE,PM,PM-OIL,Scheduled engine oil and filter change,2026-05-05,2026-05-06,11532.5,4.7,683.8,202.97
WO0000321,EX-008,HYDRAULIC,PM,PM-OIL,Scheduled hydraulic oil and filter change,2026-06-15,2026-06-16,11908.7,2.0,806.94,396.76
WO0000337,EX-009,ENGINE,PM,PM-OIL,Scheduled engine oil and filter change,2023-01-30,2023-01-31,4649.4,4.7,810.88,202.02
WO0000338,EX-009,ENGINE,PM,PM-OIL,Scheduled engine oil and filter change,2023-03-14,2023-03-15,5130.9,2.6,439.45,118.84
WO0000373,EX-009,TRANSMISSION,PM,PM-OIL,Scheduled transmission oil and filter change,2023-03-19,2023-03-20,5031.8,4.0,641.4,156.68
WO0000388,EX-009,FINAL_DRIVE,PM,PM-OIL,Scheduled final_drive oil and filter change,2023-04-25,2023-04-26,5369.0,6.0,375.89,287.78
WO0000374,EX-009,TRANSMISSION,CM,TRN-BRG,Transmission bearing wear,2023-04-27,2023-05-07,5523.6,35.3,43266.82,4254.13
WO0000366,EX-009,HYDRAULIC,CM,HYD-WTR,Water contamination,2023-05-15,2023-05-27,6369.2,22.2,38097.89,8146.75
WO0000339,EX-009,ENGINE,PM,PM-OIL,Scheduled engine oil and filter change,2023-05-21,2023-05-22,5892.5,4.2,618.02,286.49
WO0000367,EX-009,HYDRAULIC,CM,HYD-PMP,Hydraulic pump wear,2023-06-11,2023-06-15,6369.2,118.7,6501.3,7727.77
WO0000375,EX-009,TRANSMISSION,PM,PM-OIL,Scheduled transmission oil and filter change,2023-06-17,2023-06-18,6035.9,5.5,246.45,111.36
WO0000395,EX-009,OTHER,CM,MSC-GEN,Cab / electrical / body repair,2023-07-02,2023-07-04,,17.3,1423.83,241.31
WO0000340,EX-009,ENGINE,PM,PM-OIL,Scheduled engine oil and filter change,2023-07-09,2023-07-10,6448.4,2.4,816.35,315.18
WO0000365,EX-009,HYDRAULIC,PM,PM-OIL,Scheduled hydraulic oil and filter change,2023-07-20,2023-07-21,6369.2,4.8,188.56,130.41
WO0000341,EX-009,ENGINE,PM,PM-OIL,Scheduled engine oil and filter change,2023-08-26,2023-08-27,6980.7,2.6,743.3,249.62
WO0000376,EX-009,TRANSMISSION,PM,PM-OIL,Scheduled transmission oil and filter change,2023-10-15,2023-10-16,7380.9,4.9,177.5,360.98
WO0000342,EX-009,ENGINE,PM,PM-OIL,Scheduled engine oil and filter change,2023-10-18,2023-10-19,7573.7,5.2,563.42,299.1
WO0000343,EX-009,ENGINE,CM,ENG-COOL,Coolant entering crankcase,2023-10-20,2023-10-25,7573.7,11.4,17495.74,7959.19
WO0000389,EX-009,FINAL_DRIVE,PM,PM-OIL,Scheduled final_drive oil and filter change,2023-10-22,2023-10-23,7388.6,3.1,488.38,390.58
WO0000344,EX-009,ENGINE,PM,PM-OIL,Scheduled engine oil and filter change,2023-11-30,2023-12-01,8063.0,2.7,862.91,278.1
WO0000390,EX-009,FINAL_DRIVE,CM,FDR-GER,Final drive gear wear,2023-11-30,2023-12-10,8305.3,71.2,39408.92,3927.14
WO0000345,EX-009,ENGINE,PM,PM-OIL,Scheduled engine oil and filter change,2024-01-13,2024-01-14,8550.5,4.4,337.18,320.92
WO0000377,EX-009,TRANSMISSION,PM,PM-OIL,Scheduled transmission oil and filter change,2024-01-24,2024-01-25,8512.9,5.4,259.14,243.67
WO0000346,EX-009,ENGINE,PM,PM-OIL,Scheduled engine oil and filter change,2024-02-29,2024-03-01,9083.5,3.7,487.68,225.41
WO0000368,EX-009,HYDRAULIC,PM,PM-OIL,Scheduled hydraulic oil and filter change,2024-04-02,2024-04-03,9249.2,2.3,621.77,189.53
WO0000347,EX-009,ENGINE,PM,PM-OIL,Scheduled engine oil and filter change,2024-04-22,2024-04-23,9681.6,5.3,344.07,374.95
WO0000378,EX-009,TRANSMISSION,PM,PM-OIL,Scheduled transmission oil and filter change,2024-06-01,2024-06-02,9965.5,4.5,827.07,109.09
WO0000348,EX-009,ENGINE,PM,PM-OIL,Scheduled engine oil and filter change,2024-06-07,2024-06-08,10191.9,3.5,702.82,152.49
WO0000391,EX-009,FINAL_DRIVE,PM,PM-OIL,Scheduled final_drive oil and filter change,2024-06-28,2024-06-29,10200.2,2.4,869.08,146.32
WO0000380,EX-009,TRANSMISSION,CM,TRN-GER,Gear / clutch pack wear,2024-07-18,2024-07-26,11028.0,20.0,22481.67,856.39
WO0000349,EX-009,ENGINE,PM,PM-OIL,Scheduled engine oil and filter change,2024-07-22,2024-07-23,10696.4,5.5,459.26,249.28
WO0000396,EX-009,OTHER,CM,MSC-GEN,Cab / electrical / body repair,2024-07-24,2024-07-26,,13.5,539.01,809.36
WO0000379,EX-009,TRANSMISSION,PM,PM-OIL,Scheduled transmission oil and filter change,2024-09-04,2024-09-05,11028.0,2.5,510.92,202.67
WO0000350,EX-009,ENGINE,PM,PM-OIL,Scheduled engine oil and filter change,2024-09-15,2024-09-16,11313.5,3.4,532.22,181.03
WO0000351,EX-009,ENGINE,PM,PM-OIL,Scheduled engine oil and filter change,2024-11-17,2024-11-18,12020.3,4.7,606.46,182.63
WO0000369,EX-009,HYDRAULIC,PM,PM-OIL,Scheduled hydraulic oil and filter change,2024-12-05,2024-12-06,12024.1,4.6,280.44,385.81
WO0000352,EX-009,ENGINE,PM,PM-OIL,Scheduled engine oil and filter change,2025-01-01,2025-01-02,12531.0,3.0,877.72,155.51
WO0000381,EX-009,TRANSMISSION,PM,PM-OIL,Scheduled transmission oil and filter change,2025-01-22,2025-01-23,12600.9,3.2,405.77,242.86
WO0000353,EX-009,ENGINE,PM,PM-OIL,Scheduled engine oil and filter change,2025-02-16,2025-02-17,13043.5,3.4,795.28,136.79
WO0000392,EX-009,FINAL_DRIVE,PM,PM-OIL,Scheduled final_drive oil and filter change,2025-03-11,2025-03-12,13070.0,5.8,342.83,392.53
WO0000355,EX-009,ENGINE,CM,ENG-INJ,Injector leak / fuel dilution,2025-03-18,2025-03-25,13573.6,109.8,41419.7,1784.14
WO0000354,EX-009,ENGINE,PM,PM-OIL,Scheduled engine oil and filter change,2025-04-04,2025-04-05,13573.6,5.6,249.04,204.49
WO0000382,EX-009,TRANSMISSION,PM,PM-OIL,Scheduled transmission oil and filter change,2025-04-28,2025-04-29,13674.1,2.8,616.97,320.32
WO0000356,EX-009,ENGINE,PM,PM-OIL,Scheduled engine oil and filter change,2025-06-11,2025-06-12,14334.9,5.0,458.56,274.34
WO0000370,EX-009,HYDRAULIC,PM,PM-OIL,Scheduled hydraulic oil and filter change,2025-06-28,2025-06-29,14323.8,4.1,726.21,192.03
WO0000357,EX-009,ENGINE,PM,PM-OIL,Scheduled engine oil and filter change,2025-07-25,2025-07-26,14821.4,4.7,171.91,341.88
WO0000371,EX-009,HYDRAULIC,CM,HYD-SEAL,Cylinder seal / dirt ingress,2025-08-04,2025-08-07,15333.6,97.4,35447.66,4859.36
WO0000383,EX-009,TRANSMISSION,PM,PM-OIL,Scheduled transmission oil and filter change,2025-08-26,2025-08-27,15019.3,4.7,856.5,227.08
WO0000393,EX-009,FINAL_DRIVE,PM,PM-OIL,Scheduled final_drive oil and filter change,2025-09-07,2025-09-08,15089.6,3.7,153.09,181.0
WO0000358,EX-009,ENGINE,PM,PM-OIL,Scheduled engine oil and filter change,2025-09-08,2025-09-09,15333.9,5.0,393.95,277.48
WO0000359,EX-009,ENGINE,PM,PM-OIL,Scheduled engine oil and filter change,2025-10-28,2025-10-29,15889.4,5.4,336.23,238.52
WO0000360,EX-009,ENGINE,PM,PM-OIL,Scheduled engine oil and filter change,2025-12-13,2025-12-14,16408.3,5.7,822.35,154.12
WO0000385,EX-009,TRANSMISSION,CM,TRN-GER,Gear / clutch pack wear,2025-12-20,2025-12-30,16341.6,39.9,2465.79,4753.09
WO0000384,EX-009,TRANSMISSION,PM,PM-OIL,Scheduled transmission oil and filter change,2025-12-21,2025-12-22,16341.6,2.8,625.33,118.68
WO0000361,EX-009,ENGINE,PM,PM-OIL,Scheduled engine oil and filter change,2026-01-28,2026-01-29,16926.1,5.1,408.24,345.85
WO0000372,EX-009,HYDRAULIC,PM,PM-OIL,Scheduled hydraulic oil and filter change,2026-02-21,2026-02-22,17001.7,3.4,367.25,200.39
WO0000362,EX-009,ENGINE,PM,PM-OIL,Scheduled engine oil and filter change,2026-03-13,2026-03-14,17422.8,5.5,613.3,141.13
WO0000386,EX-009,TRANSMISSION,PM,PM-OIL,Scheduled transmission oil and filter change,2026-03-16,2026-03-17,17286.3,4.6,153.63,322.33
WO0000363,EX-009,ENGINE,PM,PM-OIL,Scheduled engine oil and filter change,2026-04-27,2026-04-28,17922.8,5.7,307.53,399.61
WO0000394,EX-009,FINAL_DRIVE,PM,PM-OIL,Scheduled final_drive oil and filter change,2026-05-27,2026-05-28,18031.5,5.4,896.93,233.91
WO0000387,EX-009,TRANSMISSION,PM,PM-OIL,Scheduled transmission oil and filter change,2026-06-13,2026-06-14,18291.8,3.0,501.18,266.19
WO0000364,EX-009,ENGINE,PM,PM-OIL,Scheduled engine oil and filter change,2026-06-25,2026-06-26,18579.2,3.1,572.35,381.31
WO0000397,EX-010,ENGINE,PM,PM-OIL,Scheduled engine oil and filter change,2023-02-28,2023-03-01,5313.8,5.2,630.92,186.46
WO0000420,EX-010,HYDRAULIC,PM,PM-OIL,Scheduled hydraulic oil and filter change,2023-03-25,2023-03-26,5677.7,2.8,281.97,206.16
WO0000443,EX-010,OTHER,CM,MSC-GEN,Cab / electrical / body repair,2023-04-12,2023-04-14,,13.8,1679.91,115.4
WO0000398,EX-010,ENGINE,PM,PM-OIL,Scheduled engine oil and filter change,2023-04-15,2023-04-16,5809.7,3.5,485.65,239.84
WO0000426,EX-010,TRANSMISSION,PM,PM-OIL,Scheduled transmission oil and filter change,2023-05-01,2023-05-02,6024.9,5.6,726.96,216.83
WO0000399,EX-010,ENGINE,PM,PM-OIL,Scheduled engine oil and filter change,2023-06-05,2023-06-06,6371.3,5.5,845.97,241.04
WO0000437,EX-010,FINAL_DRIVE,PM,PM-OIL,Scheduled final_drive oil and filter change,2023-07-10,2023-07-11,6749.9,5.8,744.26,326.42
WO0000400,EX-010,ENGINE,PM,PM-OIL,Scheduled engine oil and filter change,2023-07-21,2023-07-22,6858.0,3.6,275.78,189.29
WO0000427,EX-010,TRANSMISSION,PM,PM-OIL,Scheduled transmission oil and filter change,2023-08-17,2023-08-18,7190.6,5.9,359.16,366.13
WO0000401,EX-010,ENGINE,PM,PM-OIL,Scheduled engine oil and filter change,2023-09-19,2023-09-20,7507.1,2.8,239.75,238.51
WO0000428,EX-010,TRANSMISSION,PM,PM-OIL,Scheduled transmission oil and filter change,2023-11-17,2023-11-18,8187.7,4.4,495.9,331.45
WO0000402,EX-010,ENGINE,PM,PM-OIL,Scheduled engine oil and filter change,2023-11-19,2023-11-20,8170.8,2.2,198.79,320.04
WO0000421,EX-010,HYDRAULIC,PM,PM-OIL,Scheduled hydraulic oil and filter change,2023-12-20,2023-12-21,8596.9,5.4,556.54,240.82
WO0000438,EX-010,FINAL_DRIVE,CM,FDR-GER,Final drive gear wear,2023-12-25,2024-01-05,8696.0,113.5,41772.27,7529.52
WO0000403,EX-010,ENGINE,PM,PM-OIL,Scheduled engine oil and filter change,2024-01-07,2024-01-08,8697.1,4.1,321.49,174.52
WO0000404,EX-010,ENGINE,PM,PM-OIL,Scheduled engine oil and filter change,2024-02-28,2024-02-29,9265.4,5.2,816.12,195.31
WO0000439,EX-010,FINAL_DRIVE,PM,PM-OIL,Scheduled final_drive oil and filter change,2024-03-20,2024-03-21,9493.5,4.9,617.97,335.23
WO0000429,EX-010,TRANSMISSION,PM,PM-OIL,Scheduled transmission oil and filter change,2024-04-03,2024-04-04,9677.2,3.9,823.96,364.93
WO0000405,EX-010,ENGINE,PM,PM-OIL,Scheduled engine oil and filter change,2024-04-13,2024-04-14,9755.0,5.1,444.06,134.32
WO0000446,EX-010,OTHER,CM,MSC-GEN,Cab / electrical / body repair,2024-05-11,2024-05-13,,8.5,2556.62,1088.11
WO0000406,EX-010,ENGINE,PM,PM-OIL,Scheduled engine oil and filter change,2024-06-15,2024-06-16,10427.4,2.1,858.0,328.17
WO0000430,EX-010,TRANSMISSION,PM,PM-OIL,Scheduled transmission oil and filter change,2024-07-06,2024-07-07,10700.7,5.8,226.8,151.1
WO0000407,EX-010,ENGINE,PM,PM-OIL,Scheduled engine oil and filter change,2024-08-03,2024-08-04,10961.0,3.5,584.87,289.18
WO0000422,EX-010,HYDRAULIC,PM,PM-OIL,Scheduled hydraulic oil and filter change,2024-09-15,2024-09-16,11516.1,2.0,727.73,366.12
WO0000445,EX-010,OTHER,CM,MSC-GEN,Cab / electrical / body repair,2024-09-29,2024-10-01,,12.3,1301.8,482.06
WO0000431,EX-010,TRANSMISSION,PM,PM-OIL,Scheduled transmission oil and filter change,2024-10-05,2024-10-06,11674.9,2.7,766.63,206.8
WO0000408,EX-010,ENGINE,PM,PM-OIL,Scheduled engine oil and filter change,2024-10-08,2024-10-09,11669.4,4.2,730.73,257.63
WO0000409,EX-010,ENGINE,PM,PM-OIL,Scheduled engine oil and filter change,2024-12-05,2024-12-06,12305.7,2.4,670.15,252.17
WO0000440,EX-010,FINAL_DRIVE,PM,PM-OIL,Scheduled final_drive oil and filter change,2024-12-09,2024-12-10,12345.6,2.1,263.84,284.55
WO0000423,EX-010,HYDRAULIC,CM,HYD-PMP,Hydraulic pump wear,2025-01-11,2025-01-15,13358.4,74.4,9384.65,3543.45
WO0000410,EX-010,ENGINE,PM,PM-OIL,Scheduled engine oil and filter change,2025-01-23,2025-01-24,12828.8,2.4,719.7,316.11
WO0000432,EX-010,TRANSMISSION,PM,PM-OIL,Scheduled transmission oil and filter change,2025-02-24,2025-02-25,13215.2,4.6,401.01,188.18
WO0000411,EX-010,ENGINE,PM,PM-OIL,Scheduled engine oil and filter change,2025-03-16,2025-03-17,13389.8,3.4,654.95,249.28
WO0000412,EX-010,ENGINE,PM,PM-OIL,Scheduled engine oil and filter change,2025-05-04,2025-05-05,13923.8,3.8,763.75,310.94
WO0000424,EX-010,HYDRAULIC,PM,PM-OIL,Scheduled hydraulic oil and filter change,2025-05-29,2025-05-30,14284.9,2.4,635.49,299.42
WO0000413,EX-010,ENGINE,PM,PM-OIL,Scheduled engine oil and filter change,2025-06-20,2025-06-21,14431.3,5.9,728.11,268.24
WO0000433,EX-010,TRANSMISSION,PM,PM-OIL,Scheduled transmission oil and filter change,2025-07-17,2025-07-18,14763.7,5.0,321.36,395.1
WO0000414,EX-010,ENGINE,PM,PM-OIL,Scheduled engine oil and filter change,2025-08-13,2025-08-14,15020.9,4.9,765.59,147.26
WO0000441,EX-010,FINAL_DRIVE,PM,PM-OIL,Scheduled final_drive oil and filter change,2025-08-31,2025-09-01,15212.8,2.7,830.65,371.54
WO0000444,EX-010,OTHER,CM,MSC-GEN,Cab / electrical / body repair,2025-09-04,2025-09-06,,6.9,1089.14,576.45
WO0000415,EX-010,ENGINE,PM,PM-OIL,Scheduled engine oil and filter change,2025-10-15,2025-10-16,15701.9,3.0,313.52,129.98
WO0000434,EX-010,TRANSMISSION,PM,PM-OIL,Scheduled transmission oil and filter change,2025-10-30,2025-10-31,15892.9,5.2,768.22,147.86
WO0000416,EX-010,ENGINE,PM,PM-OIL,Scheduled engine oil and filter change,2025-11-30,2025-12-01,16191.9,5.3,231.49,282.51
WO0000417,EX-010,ENGINE,PM,PM-OIL,Scheduled engine oil and filter change,2026-01-16,2026-01-17,16699.2,2.6,363.44,151.27
WO0000425,EX-010,HYDRAULIC,PM,PM-OIL,Scheduled hydraulic oil and filter change,2026-02-05,2026-02-06,17000.8,4.0,621.93,228.54
WO0000435,EX-010,TRANSMISSION,PM,PM-OIL,Scheduled transmission oil and filter change,2026-02-15,2026-02-16,17068.2,2.0,188.29,251.4
WO0000418,EX-010,ENGINE,PM,PM-OIL,Scheduled engine oil and filter change,2026-03-23,2026-03-24,17416.5,3.6,565.84,179.88
WO0000419,EX-010,ENGINE,PM,PM-OIL,Scheduled engine oil and filter change,2026-05-08,2026-05-09,17916.5,3.0,884.23,338.89
WO0000442,EX-010,FINAL_DRIVE,PM,PM-OIL,Scheduled final_drive oil and filter change,2026-05-13,2026-05-14,17970.2,3.5,850.19,216.16
WO0000436,EX-010,TRANSMISSION,PM,PM-OIL,Scheduled transmission oil and filter change,2026-05-27,2026-05-28,18156.9,4.7,215.26,212.57
WO0000471,EX-011,TRANSMISSION,PM,PM-OIL,Scheduled transmission oil and filter change,2023-03-06,2023-03-07,9317.2,4.0,375.62,194.44
WO0000447,EX-011,ENGINE,PM,PM-OIL,Scheduled engine oil and filter change,2023-03-20,2023-03-21,9368.0,3.8,693.86,152.95
WO0000448,EX-011,ENGINE,PM,PM-OIL,Scheduled engine oil and filter change,2023-06-18,2023-06-19,10091.5,4.6,345.9,173.18
WO0000466,EX-011,HYDRAULIC,PM,PM-OIL,Scheduled hydraulic oil and filter change,2023-07-01,2023-07-02,10248.8,2.2,824.77,173.93
WO0000472,EX-011,TRANSMISSION,PM,PM-OIL,Scheduled transmission oil and filter change,2023-07-31,2023-08-01,10498.5,2.8,612.45,159.58
WO0000449,EX-011,ENGINE,PM,PM-OIL,Scheduled engine oil and filter change,2023-08-24,2023-08-25,10632.9,3.3,185.07,172.94
WO0000483,EX-011,FINAL_DRIVE,PM,PM-OIL,Scheduled final_drive oil and filter change,2023-09-23,2023-09-24,10880.9,4.8,425.15,245.58
WO0000474,EX-011,TRANSMISSION,CM,TRN-GER,Gear / clutch pack wear,2023-10-01,2023-10-05,11574.2,70.1,5880.8,7830.61
WO0000475,EX-011,TRANSMISSION,CM,TRN-GER,Gear / clutch pack wear,2023-10-31,2023-11-03,11574.2,56.5,10981.83,7498.19
WO0000450,EX-011,ENGINE,PM,PM-OIL,Scheduled engine oil and filter change,2023-11-09,2023-11-10,11250.0,5.1,349.9,338.61
WO0000473,EX-011,TRANSMISSION,PM,PM-OIL,Scheduled transmission oil and filter change,2023-12-12,2023-12-13,11574.2,2.4,834.4,219.38
WO0000451,EX-011,ENGINE,PM,PM-OIL,Scheduled engine oil and filter change,2024-01-27,2024-01-28,11882.3,5.4,716.93,133.11
WO0000467,EX-011,HYDRAULIC,PM,PM-OIL,Scheduled hydraulic oil and filter change,2024-03-27,2024-03-28,12418.3,5.3,377.85,330.53
WO0000452,EX-011,ENGINE,PM,PM-OIL,Scheduled engine oil and filter change,2024-04-15,2024-04-16,12521.9,4.0,292.28,328.18
WO0000476,EX-011,TRANSMISSION,PM,PM-OIL,Scheduled transmission oil and filter change,2024-06-02,2024-06-03,12963.6,4.0,460.26,262.99
WO0000484,EX-011,FINAL_DRIVE,PM,PM-OIL,Scheduled final_drive oil and filter change,2024-06-16,2024-06-17,13027.0,4.7,788.14,387.99
WO0000453,EX-011,ENGINE,PM,PM-OIL,Scheduled engine oil and filter change,2024-06-21,2024-06-22,13055.1,2.5,671.97,313.3
WO0000454,EX-011,ENGINE,PM,PM-OIL,Scheduled engine oil and filter change,2024-09-01,2024-09-02,13638.3,5.2,744.38,168.7
WO0000489,EX-011,OTHER,CM,MSC-GEN,Cab / electrical / body repair,2024-09-12,2024-09-14,,13.1,2021.19,633.03
WO0000477,EX-011,TRANSMISSION,PM,PM-OIL,Scheduled transmission oil and filter change,2024-10-21,2024-10-22,14098.5,5.1,258.52,236.01
WO0000455,EX-011,ENGINE,PM,PM-OIL,Scheduled engine oil and filter change,2024-10-31,2024-11-01,14117.3,4.7,248.34,262.02
WO0000485,EX-011,FINAL_DRIVE,CM,FDR-GER,Final drive gear wear,2024-12-02,2024-12-10,14473.3,76.3,41049.97,2022.81
WO0000468,EX-011,HYDRAULIC,PM,PM-OIL,Scheduled hydraulic oil and filter change,2024-12-06,2024-12-07,14460.9,5.7,529.04,183.64
WO0000456,EX-011,ENGINE,PM,PM-OIL,Scheduled engine oil and filter change,2025-01-05,2025-01-06,14648.4,4.2,279.43,163.32
WO0000478,EX-011,TRANSMISSION,PM,PM-OIL,Scheduled transmission oil and filter change,2025-03-06,2025-03-07,15189.8,4.6,582.3,107.36
WO0000486,EX-011,FINAL_DRIVE,PM,PM-OIL,Scheduled final_drive oil and filter change,2025-03-06,2025-03-07,15141.7,4.2,314.44,278.07
WO0000457,EX-011,ENGINE,PM,PM-OIL,Scheduled engine oil and filter change,2025-03-24,2025-03-25,15275.3,5.3,796.1,188.54
WO0000458,EX-011,ENGINE,PM,PM-OIL,Scheduled engine oil and filter change,2025-06-01,2025-06-02,15828.9,5.3,196.6,131.6
WO0000480,EX-011,TRANSMISSION,CM,TRN-BRG,Transmission bearing wear,2025-07-09,2025-07-20,16204.2,84.3,32277.69,6928.64
WO0000479,EX-011,TRANSMISSION,PM,PM-OIL,Scheduled transmission oil and filter change,2025-07-10,2025-07-11,16204.2,2.1,582.07,360.98
WO0000459,EX-011,ENGINE,PM,PM-OIL,Scheduled engine oil and filter change,2025-07-28,2025-07-29,16288.6,2.6,219.37,267.45
WO0000487,EX-011,FINAL_DRIVE,CM,FDR-SEAL,Duo-cone seal leak,2025-08-12,2025-08-21,16588.0,115.2,27407.98,8666.08
WO0000469,EX-011,HYDRAULIC,PM,PM-OIL,Scheduled hydraulic oil and filter change,2025-09-02,2025-09-03,16630.4,4.3,811.9,131.6
WO0000490,EX-011,OTHER,CM,MSC-GEN,Cab / electrical / body repair,2025-09-30,2025-10-02,,18.2,136.58,211.05
WO0000460,EX-011,ENGINE,PM,PM-OIL,Scheduled engine oil and filter change,2025-10-20,2025-10-21,16961.1,3.4,623.6,336.33
WO0000461,EX-011,ENGINE,CM,ENG-COOL,Coolant entering crankcase,2025-11-23,2025-11-26,17248.0,87.6,18650.59,7716.7
WO0000481,EX-011,TRANSMISSION,PM,PM-OIL,Scheduled transmission oil and filter change,2025-11-26,2025-11-27,17321.2,5.2,265.73,232.85
WO0000488,EX-011,FINAL_DRIVE,PM,PM-OIL,Scheduled final_drive oil and filter change,2025-12-01,2025-12-02,17311.2,3.1,583.66,134.56
WO0000462,EX-011,ENGINE,PM,PM-OIL,Scheduled engine oil and filter change,2025-12-28,2025-12-29,17516.1,2.1,510.96,152.2
WO0000463,EX-011,ENGINE,PM,PM-OIL,Scheduled engine oil and filter change,2026-03-07,2026-03-08,18067.5,3.2,578.71,321.08
WO0000464,EX-011,ENGINE,CM,ENG-INJ,Injector leak / fuel dilution,2026-03-30,2026-04-10,18306.6,51.0,17393.59,1602.0
WO0000482,EX-011,TRANSMISSION,PM,PM-OIL,Scheduled transmission oil and filter change,2026-04-06,2026-04-07,18373.2,4.1,869.95,260.26
WO0000470,EX-011,HYDRAULIC,PM,PM-OIL,Scheduled hydraulic oil and filter change,2026-05-30,2026-05-31,18799.9,5.9,781.57,355.86
WO0000465,EX-011,ENGINE,PM,PM-OIL,Scheduled engine oil and filter change,2026-05-31,2026-06-01,18750.1,2.8,692.76,364.28
WO0000491,EX-012,ENGINE,PM,PM-OIL,Scheduled engine oil and filter change,2023-02-19,2023-02-20,6594.3,5.6,678.36,174.84
WO0000519,EX-012,TRANSMISSION,PM,PM-OIL,Scheduled transmission oil and filter change,2023-03-19,2023-03-20,6882.7,2.5,370.18,183.79
WO0000492,EX-012,ENGINE,PM,PM-OIL,Scheduled engine oil and filter change,2023-04-24,2023-04-25,7128.0,4.3,651.98,156.18
WO0000493,EX-012,ENGINE,PM,PM-OIL,Scheduled engine oil and filter change,2023-06-18,2023-06-19,7583.4,5.7,293.79,143.28
WO0000531,EX-012,FINAL_DRIVE,PM,PM-OIL,Scheduled final_drive oil and filter change,2023-07-05,2023-07-06,7811.9,3.6,356.92,183.87
WO0000511,EX-012,HYDRAULIC,PM,PM-OIL,Scheduled hydraulic oil and filter change,2023-07-12,2023-07-13,7719.9,3.4,521.94,258.29
WO0000520,EX-012,TRANSMISSION,PM,PM-OIL,Scheduled transmission oil and filter change,2023-08-02,2023-08-03,8020.6,2.9,182.45,339.57
WO0000494,EX-012,ENGINE,PM,PM-OIL,Scheduled engine oil and filter change,2023-08-15,2023-08-16,8071.2,2.2,838.91,146.95
WO0000495,EX-012,ENGINE,PM,PM-OIL,Scheduled engine oil and filter change,2023-10-17,2023-10-18,8597.7,4.3,159.42,293.44
WO0000512,EX-012,HYDRAULIC,CM,HYD-SEAL,Cylinder seal / dirt ingress,2023-10-26,2023-10-28,9223.4,117.6,37779.45,1178.05
WO0000521,EX-012,TRANSMISSION,PM,PM-OIL,Scheduled transmission oil and filter change,2023-12-14,2023-12-15,9133.4,2.0,894.6,120.54
WO0000522,EX-012,TRANSMISSION,CM,TRN-BRG,Transmission bearing wear,2023-12-14,2023-12-24,9133.4,40.9,14818.58,8043.91
WO0000496,EX-012,ENGINE,PM,PM-OIL,Scheduled engine oil and filter change,2023-12-18,2023-12-19,9110.7,3.7,223.99,341.77
WO0000497,EX-012,ENGINE,PM,PM-OIL,Scheduled engine oil and filter change,2024-02-29,2024-03-01,9721.1,5.3,850.33,171.79
WO0000532,EX-012,FINAL_DRIVE,PM,PM-OIL,Scheduled final_drive oil and filter change,2024-03-25,2024-03-26,10011.9,3.0,563.55,325.53
WO0000513,EX-012,HYDRAULIC,PM,PM-OIL,Scheduled hydraulic oil and filter change,2024-04-07,2024-04-08,9975.2,2.4,867.73,150.1
WO0000514,EX-012,HYDRAULIC,CM,HYD-WTR,Water contamination,2024-04-16,2024-04-19,10556.9,30.9,33320.03,3372.85
WO0000498,EX-012,ENGINE,PM,PM-OIL,Scheduled engine oil and filter change,2024-05-02,2024-05-03,10245.1,4.4,247.33,374.65
WO0000533,EX-012,FINAL_DRIVE,CM,FDR-SEAL,Duo-cone seal leak,2024-05-18,2024-05-28,10752.8,75.0,27585.21,4825.1
WO0000523,EX-012,TRANSMISSION,PM,PM-OIL,Scheduled transmission oil and filter change,2024-06-06,2024-06-07,10597.7,3.7,389.45,179.65
WO0000515,EX-012,HYDRAULIC,CM,HYD-SEAL,Cylinder seal / dirt ingress,2024-07-08,2024-07-09,11308.6,56.3,25464.88,2082.04
WO0000499,EX-012,ENGINE,PM,PM-OIL,Scheduled engine oil and filter change,2024-07-20,2024-07-21,10906.2,3.9,857.63,114.08
WO0000500,EX-012,ENGINE,PM,PM-OIL,Scheduled engine oil and filter change,2024-09-18,2024-09-19,11410.3,4.4,651.26,224.43
WO0000501,EX-012,ENGINE,CM,ENG-AIR,Air induction leak / dirt ingress,2024-10-08,2024-10-16,11669.7,16.8,1853.08,3377.03
WO0000524,EX-012,TRANSMISSION,PM,PM-OIL,Scheduled transmission oil and filter change,2024-10-11,2024-10-12,11659.2,4.5,695.23,353.54
WO0000525,EX-012,TRANSMISSION,CM,TRN-GER,Gear / clutch pack wear,2024-10-22,2024-10-27,12149.1,56.3,27428.12,3547.51
WO0000502,EX-012,ENGINE,PM,PM-OIL,Scheduled engine oil and filter change,2024-11-26,2024-11-27,11987.4,3.8,821.05,329.39
WO0000516,EX-012,HYDRAULIC,PM,PM-OIL,Scheduled hydraulic oil and filter change,2024-12-07,2024-12-08,12017.4,5.2,462.72,231.38
WO0000534,EX-012,FINAL_DRIVE,PM,PM-OIL,Scheduled final_drive oil and filter change,2024-12-18,2024-12-19,12256.3,3.3,456.4,316.02
WO0000503,EX-012,ENGINE,PM,PM-OIL,Scheduled engine oil and filter change,2025-02-01,2025-02-02,12545.7,4.9,739.23,254.48
WO0000526,EX-012,TRANSMISSION,PM,PM-OIL,Scheduled transmission oil and filter change,2025-02-08,2025-02-09,12658.7,4.9,898.2,273.41
WO0000504,EX-012,ENGINE,PM,PM-OIL,Scheduled engine oil and filter change,2025-04-15,2025-04-16,13156.1,4.9,345.6,218.67
WO0000539,EX-012,OTHER,CM,MSC-GEN,Cab / electrical / body repair,2025-06-08,2025-06-10,,11.3,2757.95,411.76
WO0000505,EX-012,ENGINE,PM,PM-OIL,Scheduled engine oil and filter change,2025-06-12,2025-06-13,13644.1,3.3,742.38,151.23
WO0000527,EX-012,TRANSMISSION,PM,PM-OIL,Scheduled transmission oil and filter change,2025-07-27,2025-07-28,14076.9,2.2,801.29,139.23
WO0000506,EX-012,ENGINE,PM,PM-OIL,Scheduled engine oil and filter change,2025-09-02,2025-09-03,14328.5,3.6,635.39,326.87
WO0000517,EX-012,HYDRAULIC,PM,PM-OIL,Scheduled hydraulic oil and filter change,2025-09-03,2025-09-04,14272.7,3.7,511.46,298.91
WO0000535,EX-012,FINAL_DRIVE,PM,PM-OIL,Scheduled final_drive oil and filter change,2025-09-14,2025-09-15,14511.6,4.4,233.78,386.16
WO0000507,EX-012,ENGINE,PM,PM-OIL,Scheduled engine oil and filter change,2025-11-04,2025-11-05,14853.8,3.3,691.15,313.44
WO0000536,EX-012,FINAL_DRIVE,CM,FDR-SEAL,Duo-cone seal leak,2025-12-01,2025-12-11,15263.3,116.6,35052.39,7462.53
WO0000528,EX-012,TRANSMISSION,PM,PM-OIL,Scheduled transmission oil and filter change,2025-12-19,2025-12-20,15287.4,4.0,411.68,198.47
WO0000529,EX-012,TRANSMISSION,CM,TRN-GER,Gear / clutch pack wear,2025-12-30,2026-01-07,15824.2,50.4,31542.5,4585.68
WO0000508,EX-012,ENGINE,PM,PM-OIL,Scheduled engine oil and filter change,2026-01-03,2026-01-04,15356.2,4.0,521.29,135.39
WO0000509,EX-012,ENGINE,PM,PM-OIL,Scheduled engine oil and filter change,2026-03-06,2026-03-07,15872.3,3.3,270.53,254.93
WO0000538,EX-012,FINAL_DRIVE,CM,FDR-GER,Final drive gear wear,2026-04-16,2026-04-27,16766.9,109.1,8058.92,6801.69
WO0000530,EX-012,TRANSMISSION,PM,PM-OIL,Scheduled transmission oil and filter change,2026-04-20,2026-04-21,16302.4,4.3,237.36,173.54
WO0000540,EX-012,OTHER,CM,MSC-GEN,Cab / electrical / body repair,2026-05-05,2026-05-07,,7.6,641.57,579.2
WO0000510,EX-012,ENGINE,PM,PM-OIL,Scheduled engine oil and filter change,2026-05-13,2026-05-14,16437.0,2.5,567.11,126.99
WO0000518,EX-012,HYDRAULIC,PM,PM-OIL,Scheduled hydraulic oil and filter change,2026-05-31,2026-06-01,16528.0,4.0,880.0,226.24
WO0000537,EX-012,FINAL_DRIVE,PM,PM-OIL,Scheduled final_drive oil and filter change,2026-06-11,2026-06-12,16766.9,3.9,173.63,300.47
WO0000579,EX-013,OTHER,CM,MSC-GEN,Cab / electrical / body repair,2023-01-21,2023-01-23,,18.2,2033.19,755.43
WO0000541,EX-013,ENGINE,PM,PM-OIL,Scheduled engine oil and filter change,2023-02-20,2023-02-21,2214.9,3.0,253.98,336.17
WO0000562,EX-013,TRANSMISSION,PM,PM-OIL,Scheduled transmission oil and filter change,2023-03-19,2023-03-20,2569.7,5.9,436.99,226.77
WO0000542,EX-013,ENGINE,PM,PM-OIL,Scheduled engine oil and filter change,2023-04-21,2023-04-22,2682.9,5.8,400.67,140.32
WO0000564,EX-013,TRANSMISSION,CM,TRN-BRG,Transmission bearing wear,2023-07-03,2023-07-08,3666.5,30.2,25135.82,5446.96
WO0000580,EX-013,OTHER,CM,MSC-GEN,Cab / electrical / body repair,2023-07-05,2023-07-07,,9.1,2923.72,138.24
WO0000543,EX-013,ENGINE,PM,PM-OIL,Scheduled engine oil and filter change,2023-07-20,2023-07-21,3378.0,6.0,206.87,285.36
WO0000563,EX-013,TRANSMISSION,PM,PM-OIL,Scheduled transmission oil and filter change,2023-08-08,2023-08-09,3666.5,2.7,879.88,284.37
WO0000558,EX-013,HYDRAULIC,PM,PM-OIL,Scheduled hydraulic oil and filter change,2023-09-27,2023-09-28,4057.9,3.4,281.33,162.3
WO0000573,EX-013,FINAL_DRIVE,PM,PM-OIL,Scheduled final_drive oil and filter change,2023-09-29,2023-09-30,3999.3,5.1,872.4,147.75
WO0000544,EX-013,ENGINE,PM,PM-OIL,Scheduled engine oil and filter change,2023-10-01,2023-10-02,3943.5,3.1,275.86,127.59
WO0000578,EX-013,OTHER,CM,MSC-GEN,Cab / electrical / body repair,2023-12-02,2023-12-04,,5.4,1608.8,891.3
WO0000545,EX-013,ENGINE,PM,PM-OIL,Scheduled engine oil and filter change,2023-12-11,2023-12-12,4494.1,4.0,700.41,305.81
WO0000565,EX-013,TRANSMISSION,PM,PM-OIL,Scheduled transmission oil and filter change,2024-01-04,2024-01-05,4828.3,4.8,573.89,267.06
WO0000566,EX-013,TRANSMISSION,CM,TRN-BRG,Transmission bearing wear,2024-01-04,2024-01-15,4828.3,8.8,18451.76,5993.42
WO0000546,EX-013,ENGINE,PM,PM-OIL,Scheduled engine oil and filter change,2024-03-04,2024-03-05,5145.8,4.2,523.75,391.19
WO0000547,EX-013,ENGINE,PM,PM-OIL,Scheduled engine oil and filter change,2024-05-10,2024-05-11,5665.6,5.3,741.18,100.73
WO0000559,EX-013,HYDRAULIC,PM,PM-OIL,Scheduled hydraulic oil and filter change,2024-06-23,2024-06-24,6152.1,4.5,848.05,321.93
WO0000574,EX-013,FINAL_DRIVE,PM,PM-OIL,Scheduled final_drive oil and filter change,2024-06-25,2024-06-26,6093.6,4.2,410.24,204.19
WO0000567,EX-013,TRANSMISSION,PM,PM-OIL,Scheduled transmission oil and filter change,2024-06-28,2024-06-29,6193.6,4.6,694.51,393.15
WO0000548,EX-013,ENGINE,PM,PM-OIL,Scheduled engine oil and filter change,2024-07-19,2024-07-20,6209.1,5.2,414.84,236.6
WO0000549,EX-013,ENGINE,PM,PM-OIL,Scheduled engine oil and filter change,2024-09-23,2024-09-24,6723.5,4.5,722.82,329.78
WO0000568,EX-013,TRANSMISSION,PM,PM-OIL,Scheduled transmission oil and filter change,2024-11-15,2024-11-16,7278.6,4.4,492.67,152.96
WO0000550,EX-013,ENGINE,PM,PM-OIL,Scheduled engine oil and filter change,2024-12-01,2024-12-02,7255.0,4.4,800.06,282.36
WO0000551,EX-013,ENGINE,PM,PM-OIL,Scheduled engine oil and filter change,2025-02-04,2025-02-05,7763.0,2.6,529.4,275.11
WO0000569,EX-013,TRANSMISSION,PM,PM-OIL,Scheduled transmission oil and filter change,2025-03-25,2025-03-26,8281.7,5.5,385.45,302.01
WO0000552,EX-013,ENGINE,PM,PM-OIL,Scheduled engine oil and filter change,2025-04-04,2025-04-05,8218.3,3.8,624.27,169.71
WO0000560,EX-013,HYDRAULIC,PM,PM-OIL,Scheduled hydraulic oil and filter change,2025-05-18,2025-05-19,8700.6,5.6,337.14,233.14
WO0000575,EX-013,FINAL_DRIVE,PM,PM-OIL,Scheduled final_drive oil and filter change,2025-05-27,2025-05-28,8696.5,4.3,599.89,380.48
WO0000553,EX-013,ENGINE,PM,PM-OIL,Scheduled engine oil and filter change,2025-07-07,2025-07-08,8946.9,4.5,472.15,364.78
WO0000571,EX-013,TRANSMISSION,CM,TRN-GER,Gear / clutch pack wear,2025-08-15,2025-08-21,9420.1,72.3,39658.2,4964.63
WO0000570,EX-013,TRANSMISSION,PM,PM-OIL,Scheduled transmission oil and filter change,2025-08-18,2025-08-19,9420.1,4.3,846.48,236.89
WO0000554,EX-013,ENGINE,PM,PM-OIL,Scheduled engine oil and filter change,2025-09-12,2025-09-13,9465.9,3.9,560.47,188.88
WO0000555,EX-013,ENGINE,PM,PM-OIL,Scheduled engine oil and filter change,2025-12-09,2025-12-10,10150.5,5.7,882.44,164.52
WO0000577,EX-013,FINAL_DRIVE,CM,FDR-SEAL,Duo-cone seal leak,2026-01-21,2026-01-23,10790.7,75.5,15743.28,1146.51
WO0000572,EX-013,TRANSMISSION,PM,PM-OIL,Scheduled transmission oil and filter change,2026-01-28,2026-01-29,10684.3,4.6,400.9,398.24
WO0000556,EX-013,ENGINE,PM,PM-OIL,Scheduled engine oil and filter change,2026-02-09,2026-02-10,10628.4,3.2,583.34,289.27
WO0000561,EX-013,HYDRAULIC,PM,PM-OIL,Scheduled hydraulic oil and filter change,2026-02-12,2026-02-13,10794.9,5.6,154.67,341.85
WO0000576,EX-013,FINAL_DRIVE,PM,PM-OIL,Scheduled final_drive oil and filter change,2026-02-21,2026-02-22,10790.7,2.9,477.69,114.66
WO0000557,EX-013,ENGINE,PM,PM-OIL,Scheduled engine oil and filter change,2026-04-30,2026-05-01,11254.3,6.0,874.47,326.81
WO0000581,EX-014,ENGINE,PM,PM-OIL,Scheduled engine oil and filter change,2023-03-08,2023-03-09,6764.5,5.8,886.2,136.39
WO0000582,EX-014,ENGINE,PM,PM-OIL,Scheduled engine oil and filter change,2023-05-09,2023-05-10,7284.2,2.2,706.14,116.51
WO0000609,EX-014,TRANSMISSION,PM,PM-OIL,Scheduled transmission oil and filter change,2023-06-06,2023-06-07,7384.7,4.2,771.78,296.42
WO0000583,EX-014,ENGINE,PM,PM-OIL,Scheduled engine oil and filter change,2023-07-08,2023-07-09,7789.0,2.1,610.49,213.36
WO0000602,EX-014,HYDRAULIC,PM,PM-OIL,Scheduled hydraulic oil and filter change,2023-07-16,2023-07-17,7787.4,4.8,499.07,323.21
WO0000584,EX-014,ENGINE,CM,ENG-INJ,Injector leak / fuel dilution,2023-08-01,2023-08-08,8042.0,48.6,34120.01,7814.01
WO0000587,EX-014,ENGINE,CM,ENG-AIR,Air induction leak / dirt ingress,2023-08-30,2023-09-10,8317.6,100.7,20139.9,1276.64
WO0000586,EX-014,ENGINE,CM,ENG-AIR,Air induction leak / dirt ingress,2023-09-06,2023-09-10,8317.6,43.4,44264.53,5904.54
WO0000585,EX-014,ENGINE,PM,PM-OIL,Scheduled engine oil and filter change,2023-09-08,2023-09-09,8317.6,2.0,375.48,207.98
WO0000619,EX-014,FINAL_DRIVE,PM,PM-OIL,Scheduled final_drive oil and filter change,2023-09-19,2023-09-20,8433.1,3.0,444.2,175.91
WO0000610,EX-014,TRANSMISSION,PM,PM-OIL,Scheduled transmission oil and filter change,2023-10-05,2023-10-06,8403.5,4.0,411.44,235.51
WO0000588,EX-014,ENGINE,PM,PM-OIL,Scheduled engine oil and filter change,2023-11-22,2023-11-23,8941.4,3.9,222.05,222.44
WO0000589,EX-014,ENGINE,PM,PM-OIL,Scheduled engine oil and filter change,2024-02-02,2024-02-03,9554.0,5.8,398.7,152.92
WO0000611,EX-014,TRANSMISSION,PM,PM-OIL,Scheduled transmission oil and filter change,2024-02-03,2024-02-04,9426.5,4.0,767.66,329.44
WO0000603,EX-014,HYDRAULIC,PM,PM-OIL,Scheduled hydraulic oil and filter change,2024-04-11,2024-04-12,10060.0,4.5,301.12,184.63
WO0000590,EX-014,ENGINE,PM,PM-OIL,Scheduled engine oil and filter change,2024-04-24,2024-04-25,10240.8,4.1,720.1,296.8
WO0000612,EX-014,TRANSMISSION,PM,PM-OIL,Scheduled transmission oil and filter change,2024-06-09,2024-06-10,10493.9,4.0,211.34,283.61
WO0000620,EX-014,FINAL_DRIVE,PM,PM-OIL,Scheduled final_drive oil and filter change,2024-06-15,2024-06-16,10705.7,5.1,873.81,163.09
WO0000591,EX-014,ENGINE,PM,PM-OIL,Scheduled engine oil and filter change,2024-06-19,2024-06-20,10712.2,4.5,481.9,382.59
WO0000624,EX-014,OTHER,CM,MSC-GEN,Cab / electrical / body repair,2024-06-24,2024-06-26,,17.2,580.23,635.76
WO0000592,EX-014,ENGINE,PM,PM-OIL,Scheduled engine oil and filter change,2024-08-23,2024-08-24,11256.9,3.2,420.0,357.15
WO0000613,EX-014,TRANSMISSION,PM,PM-OIL,Scheduled transmission oil and filter change,2024-11-06,2024-11-07,11756.0,2.0,820.75,291.79
WO0000593,EX-014,ENGINE,PM,PM-OIL,Scheduled engine oil and filter change,2024-11-09,2024-11-10,11913.7,4.3,220.69,312.96
WO0000605,EX-014,HYDRAULIC,CM,HYD-WTR,Water contamination,2024-12-24,2025-01-04,12332.6,77.0,23159.51,3748.13
WO0000604,EX-014,HYDRAULIC,PM,PM-OIL,Scheduled hydraulic oil and filter change,2025-01-06,2025-01-07,12332.6,5.7,401.27,390.01
WO0000606,EX-014,HYDRAULIC,CM,HYD-PMP,Hydraulic pump wear,2025-01-25,2025-02-01,13090.2,71.2,17699.75,3108.81
WO0000594,EX-014,ENGINE,PM,PM-OIL,Scheduled engine oil and filter change,2025-01-28,2025-01-29,12587.9,4.7,402.21,107.14
WO0000622,EX-014,FINAL_DRIVE,CM,FDR-GER,Final drive gear wear,2025-02-28,2025-03-09,12978.3,44.6,22359.74,1748.16
WO0000621,EX-014,FINAL_DRIVE,PM,PM-OIL,Scheduled final_drive oil and filter change,2025-03-12,2025-03-13,12978.3,5.7,712.03,296.38
WO0000614,EX-014,TRANSMISSION,PM,PM-OIL,Scheduled transmission oil and filter change,2025-04-03,2025-04-04,13005.2,5.5,185.19,184.07
WO0000595,EX-014,ENGINE,PM,PM-OIL,Scheduled engine oil and filter change,2025-04-20,2025-04-21,13281.5,5.2,669.15,129.78
WO0000596,EX-014,ENGINE,PM,PM-OIL,Scheduled engine oil and filter change,2025-06-20,2025-06-21,13791.6,6.0,857.07,142.56
WO0000597,EX-014,ENGINE,PM,PM-OIL,Scheduled engine oil and filter change,2025-08-17,2025-08-18,14279.5,2.1,180.73,209.8
WO0000616,EX-014,TRANSMISSION,CM,TRN-BRG,Transmission bearing wear,2025-08-30,2025-09-06,14489.4,17.7,28014.24,8088.65
WO0000607,EX-014,HYDRAULIC,PM,PM-OIL,Scheduled hydraulic oil and filter change,2025-09-11,2025-09-12,14416.7,5.2,197.85,390.35
WO0000615,EX-014,TRANSMISSION,PM,PM-OIL,Scheduled transmission oil and filter change,2025-09-27,2025-09-28,14489.4,4.3,318.12,207.86
WO0000617,EX-014,TRANSMISSION,CM,TRN-GER,Gear / clutch pack wear,2025-10-15,2025-10-27,14982.6,23.0,20036.45,6679.48
WO0000598,EX-014,ENGINE,PM,PM-OIL,Scheduled engine oil and filter change,2025-10-21,2025-10-22,14824.9,2.6,812.38,312.33
WO0000623,EX-014,FINAL_DRIVE,PM,PM-OIL,Scheduled final_drive oil and filter change,2025-12-07,2025-12-08,15250.9,2.1,638.15,138.85
WO0000599,EX-014,ENGINE,PM,PM-OIL,Scheduled engine oil and filter change,2026-01-02,2026-01-03,15439.6,5.1,359.79,257.66
WO0000618,EX-014,TRANSMISSION,PM,PM-OIL,Scheduled transmission oil and filter change,2026-02-26,2026-02-27,15767.8,4.7,847.84,294.09
WO0000600,EX-014,ENGINE,PM,PM-OIL,Scheduled engine oil and filter change,2026-03-25,2026-03-26,16130.2,4.7,210.19,113.38
WO0000601,EX-014,ENGINE,PM,PM-OIL,Scheduled engine oil and filter change,2026-06-06,2026-06-07,16749.9,4.1,700.08,193.1
WO0000608,EX-014,HYDRAULIC,PM,PM-OIL,Scheduled hydraulic oil and filter change,2026-06-08,2026-06-09,16689.4,5.9,579.11,229.65
WO0000625,EX-015,ENGINE,PM,PM-OIL,Scheduled engine oil and filter change,2023-02-19,2023-02-20,6009.9,3.1,609.27,275.38
WO0000661,EX-015,OTHER,CM,MSC-GEN,Cab / electrical / body repair,2023-03-30,2023-04-01,,6.1,1016.97,380.88
WO0000659,EX-015,OTHER,CM,MSC-GEN,Cab / electrical / body repair,2023-04-16,2023-04-18,,13.1,1383.05,720.56
WO0000640,EX-015,HYDRAULIC,PM,PM-OIL,Scheduled hydraulic oil and filter change,2023-04-23,2023-04-24,6350.0,5.4,337.51,255.36
WO0000655,EX-015,FINAL_DRIVE,PM,PM-OIL,Scheduled final_drive oil and filter change,2023-04-25,2023-04-26,6350.0,3.7,862.97,288.43
WO0000641,EX-015,HYDRAULIC,CM,HYD-WTR,Water contamination,2023-04-28,2023-05-03,6889.6,102.3,18058.81,5082.44
WO0000626,EX-015,ENGINE,PM,PM-OIL,Scheduled engine oil and filter change,2023-06-10,2023-06-11,6674.3,3.1,844.19,378.0
WO0000646,EX-015,TRANSMISSION,PM,PM-OIL,Scheduled transmission oil and filter change,2023-06-11,2023-06-12,6680.6,3.8,383.9,314.03
WO0000627,EX-015,ENGINE,PM,PM-OIL,Scheduled engine oil and filter change,2023-09-30,2023-10-01,7348.5,3.0,647.76,112.94
WO0000628,EX-015,ENGINE,CM,ENG-COOL,Coolant entering crankcase,2023-10-12,2023-10-19,7624.3,23.2,30009.42,1423.78
WO0000629,EX-015,ENGINE,PM,PM-OIL,Scheduled engine oil and filter change,2023-12-14,2023-12-15,7796.3,4.5,697.19,143.93
WO0000647,EX-015,TRANSMISSION,PM,PM-OIL,Scheduled transmission oil and filter change,2024-02-08,2024-02-09,8132.9,2.5,899.4,375.35
WO0000630,EX-015,ENGINE,PM,PM-OIL,Scheduled engine oil and filter change,2024-03-09,2024-03-10,8313.4,5.2,819.47,334.4
WO0000642,EX-015,HYDRAULIC,PM,PM-OIL,Scheduled hydraulic oil and filter change,2024-04-17,2024-04-18,8508.5,2.3,781.07,300.6
WO0000656,EX-015,FINAL_DRIVE,PM,PM-OIL,Scheduled final_drive oil and filter change,2024-04-19,2024-04-20,8508.5,4.0,384.53,362.4
WO0000648,EX-015,TRANSMISSION,CM,TRN-GER,Gear / clutch pack wear,2024-05-15,2024-05-17,9077.8,86.2,1780.23,1496.24
WO0000649,EX-015,TRANSMISSION,CM,TRN-GER,Gear / clutch pack wear,2024-06-20,2024-06-30,9077.8,9.0,29180.45,4656.08
WO0000631,EX-015,ENGINE,PM,PM-OIL,Scheduled engine oil and filter change,2024-06-25,2024-06-26,8959.4,3.5,270.82,283.61
WO0000632,EX-015,ENGINE,PM,PM-OIL,Scheduled engine oil and filter change,2024-09-18,2024-09-19,9473.0,3.1,728.75,358.39
WO0000650,EX-015,TRANSMISSION,PM,PM-OIL,Scheduled transmission oil and filter change,2024-10-13,2024-10-14,9617.5,3.0,846.71,229.56
WO0000660,EX-015,OTHER,CM,MSC-GEN,Cab / electrical / body repair,2024-12-12,2024-12-14,,16.4,438.71,657.04
WO0000633,EX-015,ENGINE,PM,PM-OIL,Scheduled engine oil and filter change,2024-12-21,2024-12-22,10033.4,5.4,885.99,327.03
WO0000644,EX-015,HYDRAULIC,CM,HYD-WTR,Water contamination,2025-01-31,2025-02-11,10666.9,105.7,34270.78,3588.77
WO0000634,EX-015,ENGINE,PM,PM-OIL,Scheduled engine oil and filter change,2025-03-21,2025-03-22,10574.2,5.6,228.25,209.67
WO0000651,EX-015,TRANSMISSION,PM,PM-OIL,Scheduled transmission oil and filter change,2025-04-01,2025-04-02,10635.6,4.1,271.78,211.97
WO0000643,EX-015,HYDRAULIC,PM,PM-OIL,Scheduled hydraulic oil and filter change,2025-04-12,2025-04-13,10666.9,2.1,868.98,343.99
WO0000657,EX-015,FINAL_DRIVE,PM,PM-OIL,Scheduled final_drive oil and filter change,2025-04-14,2025-04-15,10666.9,4.3,379.38,312.42
WO0000635,EX-015,ENGINE,PM,PM-OIL,Scheduled engine oil and filter change,2025-07-16,2025-07-17,11274.0,3.8,602.07,263.03
WO0000636,EX-015,ENGINE,PM,PM-OIL,Scheduled engine oil and filter change,2025-10-14,2025-10-15,11813.0,2.1,853.12,349.24
WO0000637,EX-015,ENGINE,CM,ENG-COOL,Coolant entering crankcase,2025-11-02,2025-11-06,12063.0,38.9,11596.39,1003.74
WO0000652,EX-015,TRANSMISSION,PM,PM-OIL,Scheduled transmission oil and filter change,2025-11-13,2025-11-14,11991.6,3.9,416.9,371.16
WO0000653,EX-015,TRANSMISSION,CM,TRN-BRG,Transmission bearing wear,2025-12-18,2025-12-20,12531.2,79.9,12920.88,3332.98
WO0000638,EX-015,ENGINE,PM,PM-OIL,Scheduled engine oil and filter change,2026-02-01,2026-02-02,12474.7,2.5,318.22,255.61
WO0000645,EX-015,HYDRAULIC,PM,PM-OIL,Scheduled hydraulic oil and filter change,2026-04-07,2026-04-08,12825.4,2.5,364.67,361.59
WO0000658,EX-015,FINAL_DRIVE,PM,PM-OIL,Scheduled final_drive oil and filter change,2026-04-09,2026-04-10,12825.4,3.2,640.44,109.97
WO0000654,EX-015,TRANSMISSION,PM,PM-OIL,Scheduled transmission oil and filter change,2026-04-21,2026-04-22,12946.6,2.8,733.01,189.23
WO0000639,EX-015,ENGINE,PM,PM-OIL,Scheduled engine oil and filter change,2026-05-24,2026-05-25,13145.1,5.1,350.94,124.09
WO0000662,EX-016,ENGINE,PM,PM-OIL,Scheduled engine oil and filter change,2023-03-18,2023-03-19,5216.2,2.8,253.72,238.62
WO0000663,EX-016,ENGINE,PM,PM-OIL,Scheduled engine oil and filter change,2023-05-27,2023-05-28,5687.6,4.1,519.53,203.01
WO0000682,EX-016,TRANSMISSION,PM,PM-OIL,Scheduled transmission oil and filter change,2023-06-25,2023-06-26,5825.9,3.2,303.53,171.95
WO0000678,EX-016,HYDRAULIC,CM,HYD-SEAL,Cylinder seal / dirt ingress,2023-06-29,2023-07-09,5969.5,41.8,20765.4,4598.14
WO0000689,EX-016,FINAL_DRIVE,PM,PM-OIL,Scheduled final_drive oil and filter change,2023-07-11,2023-07-12,5969.5,3.6,725.58,399.37
WO0000664,EX-016,ENGINE,PM,PM-OIL,Scheduled engine oil and filter change,2023-08-20,2023-08-21,6260.7,2.6,637.9,372.8
WO0000665,EX-016,ENGINE,PM,PM-OIL,Scheduled engine oil and filter change,2023-10-29,2023-10-30,6731.6,2.1,693.03,263.16
WO0000683,EX-016,TRANSMISSION,PM,PM-OIL,Scheduled transmission oil and filter change,2023-12-14,2023-12-15,6988.7,5.0,837.99,280.7
WO0000679,EX-016,HYDRAULIC,PM,PM-OIL,Scheduled hydraulic oil and filter change,2024-01-08,2024-01-09,7183.4,4.9,751.37,204.4
WO0000666,EX-016,ENGINE,PM,PM-OIL,Scheduled engine oil and filter change,2024-01-31,2024-02-01,7369.4,5.4,481.02,379.99
WO0000667,EX-016,ENGINE,PM,PM-OIL,Scheduled engine oil and filter change,2024-04-12,2024-04-13,7853.2,3.6,803.28,164.78
WO0000695,EX-016,OTHER,CM,MSC-GEN,Cab / electrical / body repair,2024-05-14,2024-05-16,,4.0,1116.02,1028.92
WO0000684,EX-016,TRANSMISSION,PM,PM-OIL,Scheduled transmission oil and filter change,2024-06-22,2024-06-23,8274.6,2.7,834.13,347.26
WO0000668,EX-016,ENGINE,PM,PM-OIL,Scheduled engine oil and filter change,2024-06-27,2024-06-28,8369.4,3.8,300.22,125.27
WO0000690,EX-016,FINAL_DRIVE,PM,PM-OIL,Scheduled final_drive oil and filter change,2024-07-05,2024-07-06,8397.3,2.8,319.09,257.49
WO0000669,EX-016,ENGINE,PM,PM-OIL,Scheduled engine oil and filter change,2024-09-23,2024-09-24,8961.8,4.5,821.23,286.61
WO0000685,EX-016,TRANSMISSION,PM,PM-OIL,Scheduled transmission oil and filter change,2024-11-30,2024-12-01,9362.9,2.0,610.93,241.86
WO0000670,EX-016,ENGINE,PM,PM-OIL,Scheduled engine oil and filter change,2024-12-15,2024-12-16,9520.8,2.1,894.35,138.01
WO0000680,EX-016,HYDRAULIC,PM,PM-OIL,Scheduled hydraulic oil and filter change,2025-01-02,2025-01-03,9611.3,2.6,278.88,112.34
WO0000691,EX-016,FINAL_DRIVE,CM,FDR-GER,Final drive gear wear,2025-01-16,2025-01-21,10218.2,21.9,29199.35,6587.59
WO0000694,EX-016,OTHER,CM,MSC-GEN,Cab / electrical / body repair,2025-03-08,2025-03-10,,14.2,1002.71,912.59
WO0000671,EX-016,ENGINE,PM,PM-OIL,Scheduled engine oil and filter change,2025-03-19,2025-03-20,10153.3,5.5,750.5,196.44
WO0000686,EX-016,TRANSMISSION,PM,PM-OIL,Scheduled transmission oil and filter change,2025-04-28,2025-04-29,10367.0,4.1,735.34,348.8
WO0000672,EX-016,ENGINE,PM,PM-OIL,Scheduled engine oil and filter change,2025-06-03,2025-06-04,10664.6,4.6,751.83,281.81
WO0000692,EX-016,FINAL_DRIVE,PM,PM-OIL,Scheduled final_drive oil and filter change,2025-06-30,2025-07-01,10825.2,4.3,573.92,163.21
WO0000673,EX-016,ENGINE,PM,PM-OIL,Scheduled engine oil and filter change,2025-08-26,2025-08-27,11232.7,4.9,884.59,177.54
WO0000687,EX-016,TRANSMISSION,PM,PM-OIL,Scheduled transmission oil and filter change,2025-10-12,2025-10-13,11491.8,4.5,579.74,334.32
WO0000674,EX-016,ENGINE,PM,PM-OIL,Scheduled engine oil and filter change,2025-11-02,2025-11-03,11689.1,5.0,204.17,204.43
WO0000681,EX-016,HYDRAULIC,PM,PM-OIL,Scheduled hydraulic oil and filter change,2025-12-28,2025-12-29,12039.1,5.6,485.01,237.07
WO0000675,EX-016,ENGINE,PM,PM-OIL,Scheduled engine oil and filter change,2026-01-22,2026-01-23,12240.7,6.0,154.35,341.91
WO0000676,EX-016,ENGINE,PM,PM-OIL,Scheduled engine oil and filter change,2026-04-11,2026-04-12,12773.6,5.1,623.71,224.41
WO0000688,EX-016,TRANSMISSION,PM,PM-OIL,Scheduled transmission oil and filter change,2026-05-02,2026-05-03,12855.0,4.9,688.5,171.73
WO0000677,EX-016,ENGINE,PM,PM-OIL,Scheduled engine oil and filter change,2026-06-25,2026-06-26,13278.1,5.4,383.08,215.79
WO0000693,EX-016,FINAL_DRIVE,PM,PM-OIL,Scheduled final_drive oil and filter change,2026-06-25,2026-06-26,13253.0,2.5,509.78,316.38
WO0000719,EX-017,TRANSMISSION,PM,PM-OIL,Scheduled transmission oil and filter change,2023-03-14,2023-03-15,3322.2,4.5,568.23,287.73
WO0000696,EX-017,ENGINE,PM,PM-OIL,Scheduled engine oil and filter change,2023-03-16,2023-03-17,3225.3,5.3,616.53,275.07
WO0000730,EX-017,FINAL_DRIVE,PM,PM-OIL,Scheduled final_drive oil and filter change,2023-04-19,2023-04-20,3548.6,2.7,700.62,236.6
WO0000697,EX-017,ENGINE,PM,PM-OIL,Scheduled engine oil and filter change,2023-05-13,2023-05-14,3706.3,4.6,661.11,168.93
WO0000714,EX-017,HYDRAULIC,PM,PM-OIL,Scheduled hydraulic oil and filter change,2023-07-11,2023-07-12,4303.8,5.1,374.85,382.69
WO0000698,EX-017,ENGINE,PM,PM-OIL,Scheduled engine oil and filter change,2023-08-15,2023-08-16,4494.3,4.7,676.47,301.87
WO0000720,EX-017,TRANSMISSION,PM,PM-OIL,Scheduled transmission oil and filter change,2023-09-01,2023-09-02,4757.0,2.8,368.36,215.97
WO0000699,EX-017,ENGINE,PM,PM-OIL,Scheduled engine oil and filter change,2023-11-10,2023-11-11,5227.9,3.0,659.27,120.61
WO0000737,EX-017,OTHER,CM,MSC-GEN,Cab / electrical / body repair,2023-11-22,2023-11-24,,6.7,1120.78,657.22
WO0000722,EX-017,TRANSMISSION,CM,TRN-GER,Gear / clutch pack wear,2024-01-04,2024-01-07,5935.8,102.2,32297.08,8907.64
WO0000731,EX-017,FINAL_DRIVE,PM,PM-OIL,Scheduled final_drive oil and filter change,2024-01-14,2024-01-15,5814.0,3.1,691.84,242.59
WO0000721,EX-017,TRANSMISSION,PM,PM-OIL,Scheduled transmission oil and filter change,2024-01-19,2024-01-20,5935.8,5.9,302.8,319.7
WO0000700,EX-017,ENGINE,PM,PM-OIL,Scheduled engine oil and filter change,2024-02-01,2024-02-02,5924.0,3.8,725.96,354.01
WO0000738,EX-017,OTHER,CM,MSC-GEN,Cab / electrical / body repair,2024-03-18,2024-03-20,,7.8,1629.15,483.2
WO0000701,EX-017,ENGINE,PM,PM-OIL,Scheduled engine oil and filter change,2024-04-01,2024-04-02,6427.4,4.5,269.21,316.62
WO0000715,EX-017,HYDRAULIC,PM,PM-OIL,Scheduled hydraulic oil and filter change,2024-04-06,2024-04-07,6569.1,3.5,447.79,355.52
WO0000735,EX-017,OTHER,CM,MSC-GEN,Cab / electrical / body repair,2024-04-06,2024-04-08,,9.4,2065.75,123.44
WO0000724,EX-017,TRANSMISSION,CM,TRN-GER,Gear / clutch pack wear,2024-04-08,2024-04-10,6925.6,35.4,26745.23,5688.19
WO0000723,EX-017,TRANSMISSION,PM,PM-OIL,Scheduled transmission oil and filter change,2024-05-16,2024-05-17,6925.6,5.1,804.14,115.16
WO0000702,EX-017,ENGINE,PM,PM-OIL,Scheduled engine oil and filter change,2024-06-19,2024-06-20,7089.2,4.1,605.69,316.45
WO0000736,EX-017,OTHER,CM,MSC-GEN,Cab / electrical / body repair,2024-06-21,2024-06-23,,14.7,669.83,269.0
WO0000703,EX-017,ENGINE,PM,PM-OIL,Scheduled engine oil and filter change,2024-08-29,2024-08-30,7683.7,5.6,577.24,348.92
WO0000725,EX-017,TRANSMISSION,PM,PM-OIL,Scheduled transmission oil and filter change,2024-10-05,2024-10-06,8112.9,5.9,564.45,257.82
WO0000732,EX-017,FINAL_DRIVE,PM,PM-OIL,Scheduled final_drive oil and filter change,2024-10-10,2024-10-11,8079.3,4.1,529.8,147.89
WO0000704,EX-017,ENGINE,PM,PM-OIL,Scheduled engine oil and filter change,2024-10-29,2024-10-30,8201.2,2.6,385.62,265.61
WO0000716,EX-017,HYDRAULIC,PM,PM-OIL,Scheduled hydraulic oil and filter change,2025-01-01,2025-01-02,8834.4,3.7,718.47,341.35
WO0000705,EX-017,ENGINE,PM,PM-OIL,Scheduled engine oil and filter change,2025-01-17,2025-01-18,8866.0,3.9,745.68,142.0
WO0000706,EX-017,ENGINE,PM,PM-OIL,Scheduled engine oil and filter change,2025-03-23,2025-03-24,9413.8,4.7,372.0,242.31
WO0000726,EX-017,TRANSMISSION,PM,PM-OIL,Scheduled transmission oil and filter change,2025-04-02,2025-04-03,9617.9,2.5,301.08,124.39
WO0000707,EX-017,ENGINE,PM,PM-OIL,Scheduled engine oil and filter change,2025-06-11,2025-06-12,10088.1,2.7,792.88,188.03
WO0000733,EX-017,FINAL_DRIVE,PM,PM-OIL,Scheduled final_drive oil and filter change,2025-07-07,2025-07-08,10344.6,2.5,693.01,142.86
WO0000708,EX-017,ENGINE,PM,PM-OIL,Scheduled engine oil and filter change,2025-08-16,2025-08-17,10638.4,3.8,183.97,289.61
WO0000727,EX-017,TRANSMISSION,PM,PM-OIL,Scheduled transmission oil and filter change,2025-08-20,2025-08-21,10796.0,6.0,358.33,113.78
WO0000717,EX-017,HYDRAULIC,PM,PM-OIL,Scheduled hydraulic oil and filter change,2025-09-28,2025-09-29,11099.7,3.5,626.57,356.2
WO0000709,EX-017,ENGINE,PM,PM-OIL,Scheduled engine oil and filter change,2025-10-15,2025-10-16,11142.3,4.7,190.42,277.57
WO0000710,EX-017,ENGINE,PM,PM-OIL,Scheduled engine oil and filter change,2026-01-02,2026-01-03,11803.3,3.2,696.03,192.51
WO0000728,EX-017,TRANSMISSION,PM,PM-OIL,Scheduled transmission oil and filter change,2026-02-01,2026-02-02,12176.1,5.3,575.03,264.43
WO0000711,EX-017,ENGINE,PM,PM-OIL,Scheduled engine oil and filter change,2026-03-08,2026-03-09,12348.1,2.9,848.87,362.92
WO0000734,EX-017,FINAL_DRIVE,PM,PM-OIL,Scheduled final_drive oil and filter change,2026-03-09,2026-03-10,12397.0,4.3,315.02,371.43
WO0000712,EX-017,ENGINE,CM,ENG-BRG,Main bearing wear,2026-03-11,2026-03-21,12348.1,23.2,16052.33,7442.45
WO0000713,EX-017,ENGINE,PM,PM-OIL,Scheduled engine oil and filter change,2026-05-17,2026-05-18,12937.1,2.8,347.31,330.39
WO0000729,EX-017,TRANSMISSION,PM,PM-OIL,Scheduled transmission oil and filter change,2026-06-05,2026-06-06,13220.1,3.0,849.9,187.83
WO0000718,EX-017,HYDRAULIC,PM,PM-OIL,Scheduled hydraulic oil and filter change,2026-06-21,2026-06-22,13327.8,4.0,629.97,381.73
WO0000739,EX-018,ENGINE,PM,PM-OIL,Scheduled engine oil and filter change,2023-02-07,2023-02-08,7822.9,2.7,862.83,345.95
WO0000771,EX-018,TRANSMISSION,PM,PM-OIL,Scheduled transmission oil and filter change,2023-03-01,2023-03-02,8010.8,6.0,355.6,347.15
WO0000740,EX-018,ENGINE,PM,PM-OIL,Scheduled engine oil and filter change,2023-03-23,2023-03-24,8331.4,4.8,809.02,163.91
WO0000741,EX-018,ENGINE,PM,PM-OIL,Scheduled engine oil and filter change,2023-05-22,2023-05-23,9006.0,5.7,426.9,196.95
WO0000772,EX-018,TRANSMISSION,PM,PM-OIL,Scheduled transmission oil and filter change,2023-05-29,2023-05-30,9015.8,4.4,381.41,277.11
WO0000765,EX-018,HYDRAULIC,PM,PM-OIL,Scheduled hydraulic oil and filter change,2023-06-09,2023-06-10,9348.7,2.7,602.5,267.61
WO0000773,EX-018,TRANSMISSION,CM,TRN-GER,Gear / clutch pack wear,2023-06-29,2023-07-08,9531.9,16.2,34180.86,1476.74
WO0000742,EX-018,ENGINE,PM,PM-OIL,Scheduled engine oil and filter change,2023-07-11,2023-07-12,9577.8,5.3,351.68,245.92
WO0000792,EX-018,OTHER,CM,MSC-GEN,Cab / electrical / body repair,2023-07-11,2023-07-13,,4.1,1462.97,520.54
WO0000785,EX-018,FINAL_DRIVE,PM,PM-OIL,Scheduled final_drive oil and filter change,2023-08-02,2023-08-03,9892.3,2.7,899.39,341.31
WO0000743,EX-018,ENGINE,CM,ENG-AIR,Air induction leak / dirt ingress,2023-08-04,2023-08-05,9870.3,68.1,42441.26,6094.06
WO0000774,EX-018,TRANSMISSION,PM,PM-OIL,Scheduled transmission oil and filter change,2023-08-25,2023-08-26,10016.3,5.5,850.42,124.1
WO0000744,EX-018,ENGINE,PM,PM-OIL,Scheduled engine oil and filter change,2023-08-31,2023-09-01,10154.5,3.1,346.16,128.79
WO0000745,EX-018,ENGINE,PM,PM-OIL,Scheduled engine oil and filter change,2023-10-23,2023-10-24,10765.5,2.6,440.46,357.57
WO0000746,EX-018,ENGINE,PM,PM-OIL,Scheduled engine oil and filter change,2023-12-25,2023-12-26,11481.5,4.3,246.61,290.79
WO0000775,EX-018,TRANSMISSION,PM,PM-OIL,Scheduled transmission oil and filter change,2023-12-28,2023-12-29,11437.5,3.5,162.31,178.87
WO0000786,EX-018,FINAL_DRIVE,PM,PM-OIL,Scheduled final_drive oil and filter change,2024-01-29,2024-01-30,11937.9,2.7,188.83,203.89
WO0000766,EX-018,HYDRAULIC,PM,PM-OIL,Scheduled hydraulic oil and filter change,2024-02-04,2024-02-05,12073.2,2.2,215.94,118.76
WO0000747,EX-018,ENGINE,PM,PM-OIL,Scheduled engine oil and filter change,2024-03-05,2024-03-06,12284.0,4.0,439.43,247.65
WO0000776,EX-018,TRANSMISSION,PM,PM-OIL,Scheduled transmission oil and filter change,2024-04-24,2024-04-25,12783.8,5.6,520.52,124.95
WO0000748,EX-018,ENGINE,PM,PM-OIL,Scheduled engine oil and filter change,2024-04-27,2024-04-28,12887.8,5.7,442.7,164.79
WO0000749,EX-018,ENGINE,PM,PM-OIL,Scheduled engine oil and filter change,2024-06-13,2024-06-14,13418.6,5.5,559.62,109.13
WO0000787,EX-018,FINAL_DRIVE,PM,PM-OIL,Scheduled final_drive oil and filter change,2024-07-27,2024-07-28,13983.5,2.5,223.58,189.92
WO0000777,EX-018,TRANSMISSION,PM,PM-OIL,Scheduled transmission oil and filter change,2024-08-02,2024-08-03,13917.4,3.8,631.87,279.65
WO0000750,EX-018,ENGINE,PM,PM-OIL,Scheduled engine oil and filter change,2024-08-14,2024-08-15,14123.3,2.9,536.42,380.66
WO0000767,EX-018,HYDRAULIC,PM,PM-OIL,Scheduled hydraulic oil and filter change,2024-09-08,2024-09-09,14542.0,3.1,275.42,265.57
WO0000751,EX-018,ENGINE,PM,PM-OIL,Scheduled engine oil and filter change,2024-09-25,2024-09-26,14604.9,2.8,180.15,146.65
WO0000779,EX-018,TRANSMISSION,CM,TRN-BRG,Transmission bearing wear,2024-11-06,2024-11-16,15124.9,83.9,22937.5,8296.73
WO0000752,EX-018,ENGINE,PM,PM-OIL,Scheduled engine oil and filter change,2024-11-13,2024-11-14,15152.5,2.9,421.58,333.18
WO0000778,EX-018,TRANSMISSION,PM,PM-OIL,Scheduled transmission oil and filter change,2024-11-16,2024-11-17,15124.9,2.3,252.92,112.11
WO0000753,EX-018,ENGINE,PM,PM-OIL,Scheduled engine oil and filter change,2025-01-04,2025-01-05,15748.8,2.8,792.18,179.02
WO0000791,EX-018,OTHER,CM,MSC-GEN,Cab / electrical / body repair,2025-01-30,2025-02-01,,19.4,262.77,129.36
WO0000754,EX-018,ENGINE,PM,PM-OIL,Scheduled engine oil and filter change,2025-02-17,2025-02-18,16251.7,2.3,167.08,123.8
WO0000768,EX-018,HYDRAULIC,PM,PM-OIL,Scheduled hydraulic oil and filter change,2025-03-07,2025-03-08,16587.7,2.8,371.74,290.48
WO0000780,EX-018,TRANSMISSION,PM,PM-OIL,Scheduled transmission oil and filter change,2025-03-14,2025-03-15,16459.8,2.5,323.33,250.39
WO0000788,EX-018,FINAL_DRIVE,PM,PM-OIL,Scheduled final_drive oil and filter change,2025-04-04,2025-04-05,16841.6,6.0,726.77,218.81
WO0000755,EX-018,ENGINE,PM,PM-OIL,Scheduled engine oil and filter change,2025-04-07,2025-04-08,16808.5,5.4,844.45,254.73
WO0000756,EX-018,ENGINE,PM,PM-OIL,Scheduled engine oil and filter change,2025-05-27,2025-05-28,17368.7,4.1,513.26,168.78
WO0000781,EX-018,TRANSMISSION,PM,PM-OIL,Scheduled transmission oil and filter change,2025-07-12,2025-07-13,17831.3,2.5,682.21,281.61
WO0000757,EX-018,ENGINE,PM,PM-OIL,Scheduled engine oil and filter change,2025-07-20,2025-07-21,17987.7,5.5,186.56,107.46
WO0000758,EX-018,ENGINE,PM,PM-OIL,Scheduled engine oil and filter change,2025-09-13,2025-09-14,18617.4,5.8,166.2,123.3
WO0000759,EX-018,ENGINE,PM,PM-OIL,Scheduled engine oil and filter change,2025-11-02,2025-11-03,19182.4,2.3,206.97,112.61
WO0000790,EX-018,OTHER,CM,MSC-GEN,Cab / electrical / body repair,2025-11-04,2025-11-06,,13.6,575.23,379.26
WO0000769,EX-018,HYDRAULIC,PM,PM-OIL,Scheduled hydraulic oil and filter change,2025-11-12,2025-11-13,19424.5,5.8,488.67,206.82
WO0000789,EX-018,FINAL_DRIVE,PM,PM-OIL,Scheduled final_drive oil and filter change,2025-11-18,2025-11-19,19432.8,3.3,230.57,101.49
WO0000782,EX-018,TRANSMISSION,PM,PM-OIL,Scheduled transmission oil and filter change,2025-11-19,2025-11-20,19298.9,2.9,872.12,247.43
WO0000760,EX-018,ENGINE,PM,PM-OIL,Scheduled engine oil and filter change,2025-12-19,2025-12-20,19719.9,2.8,656.91,344.84
WO0000761,EX-018,ENGINE,PM,PM-OIL,Scheduled engine oil and filter change,2026-02-07,2026-02-08,20284.1,3.9,781.16,215.69
WO0000783,EX-018,TRANSMISSION,PM,PM-OIL,Scheduled transmission oil and filter change,2026-03-05,2026-03-06,20510.5,5.4,558.56,224.83
WO0000762,EX-018,ENGINE,PM,PM-OIL,Scheduled engine oil and filter change,2026-03-31,2026-04-01,20874.6,2.4,535.78,284.36
WO0000763,EX-018,ENGINE,PM,PM-OIL,Scheduled engine oil and filter change,2026-05-16,2026-05-17,21401.1,2.4,343.53,292.25
WO0000784,EX-018,TRANSMISSION,PM,PM-OIL,Scheduled transmission oil and filter change,2026-06-11,2026-06-12,21618.3,3.8,621.4,161.03
WO0000770,EX-018,HYDRAULIC,PM,PM-OIL,Scheduled hydraulic oil and filter change,2026-06-23,2026-06-24,21960.8,3.6,193.51,395.99
WO0000764,EX-018,ENGINE,PM,PM-OIL,Scheduled engine oil and filter change,2026-06-28,2026-06-29,21881.2,2.8,641.98,309.15
WO0000793,EX-019,ENGINE,PM,PM-OIL,Scheduled engine oil and filter change,2023-02-22,2023-02-23,6410.6,2.7,415.93,109.25
WO0000794,EX-019,ENGINE,PM,PM-OIL,Scheduled engine oil and filter change,2023-06-13,2023-06-14,7118.8,5.0,516.96,255.55
WO0000812,EX-019,TRANSMISSION,PM,PM-OIL,Scheduled transmission oil and filter change,2023-06-19,2023-06-20,7201.1,3.4,296.97,226.17
WO0000813,EX-019,TRANSMISSION,CM,TRN-GER,Gear / clutch pack wear,2023-07-06,2023-07-12,7654.2,86.5,15203.47,1802.17
WO0000808,EX-019,HYDRAULIC,PM,PM-OIL,Scheduled hydraulic oil and filter change,2023-07-18,2023-07-19,7328.9,4.5,841.36,144.74
WO0000795,EX-019,ENGINE,PM,PM-OIL,Scheduled engine oil and filter change,2023-09-08,2023-09-09,7678.3,4.2,747.92,112.87
WO0000819,EX-019,FINAL_DRIVE,PM,PM-OIL,Scheduled final_drive oil and filter change,2023-10-06,2023-10-07,7903.8,4.1,470.89,197.82
WO0000796,EX-019,ENGINE,PM,PM-OIL,Scheduled engine oil and filter change,2023-11-29,2023-11-30,8202.8,2.2,450.97,144.25
WO0000797,EX-019,ENGINE,CM,ENG-AIR,Air induction leak / dirt ingress,2023-12-31,2024-01-02,8547.4,116.7,21238.43,5207.94
WO0000814,EX-019,TRANSMISSION,PM,PM-OIL,Scheduled transmission oil and filter change,2024-02-07,2024-02-08,8688.3,6.0,458.89,289.57
WO0000798,EX-019,ENGINE,PM,PM-OIL,Scheduled engine oil and filter change,2024-03-03,2024-03-04,8805.9,5.3,888.49,279.26
WO0000799,EX-019,ENGINE,PM,PM-OIL,Scheduled engine oil and filter change,2024-06-03,2024-06-04,9396.6,5.4,271.94,209.66
WO0000809,EX-019,HYDRAULIC,PM,PM-OIL,Scheduled hydraulic oil and filter change,2024-07-12,2024-07-13,9628.6,2.2,761.58,126.04
WO0000815,EX-019,TRANSMISSION,PM,PM-OIL,Scheduled transmission oil and filter change,2024-09-02,2024-09-03,10019.2,5.1,504.54,333.36
WO0000800,EX-019,ENGINE,PM,PM-OIL,Scheduled engine oil and filter change,2024-09-12,2024-09-13,10040.9,3.9,343.2,315.57
WO0000820,EX-019,FINAL_DRIVE,PM,PM-OIL,Scheduled final_drive oil and filter change,2024-09-30,2024-10-01,10203.5,3.9,514.83,289.82
WO0000801,EX-019,ENGINE,PM,PM-OIL,Scheduled engine oil and filter change,2024-12-11,2024-12-12,10614.8,4.8,649.14,182.86
WO0000802,EX-019,ENGINE,PM,PM-OIL,Scheduled engine oil and filter change,2025-03-28,2025-03-29,11296.1,4.3,387.78,278.21
WO0000803,EX-019,ENGINE,CM,ENG-INJ,Injector leak / fuel dilution,2025-04-04,2025-04-10,11501.9,25.1,6615.25,6029.34
WO0000816,EX-019,TRANSMISSION,PM,PM-OIL,Scheduled transmission oil and filter change,2025-04-06,2025-04-07,11398.5,5.3,744.15,242.71
WO0000804,EX-019,ENGINE,PM,PM-OIL,Scheduled engine oil and filter change,2025-06-29,2025-06-30,11895.1,3.4,872.01,107.93
WO0000810,EX-019,HYDRAULIC,PM,PM-OIL,Scheduled hydraulic oil and filter change,2025-07-07,2025-07-08,11928.2,2.6,702.7,189.9
WO0000821,EX-019,FINAL_DRIVE,PM,PM-OIL,Scheduled final_drive oil and filter change,2025-09-25,2025-09-26,12503.1,4.2,877.24,393.83
WO0000811,EX-019,HYDRAULIC,CM,HYD-PMP,Hydraulic pump wear,2025-10-30,2025-11-07,13078.0,82.9,35524.03,2351.57
WO0000805,EX-019,ENGINE,PM,PM-OIL,Scheduled engine oil and filter change,2025-11-01,2025-11-02,12690.0,5.1,179.27,262.12
WO0000817,EX-019,TRANSMISSION,PM,PM-OIL,Scheduled transmission oil and filter change,2025-11-23,2025-11-24,12872.3,3.9,464.58,212.38
WO0000806,EX-019,ENGINE,PM,PM-OIL,Scheduled engine oil and filter change,2026-01-21,2026-01-22,13206.4,3.7,238.34,184.25
WO0000818,EX-019,TRANSMISSION,PM,PM-OIL,Scheduled transmission oil and filter change,2026-04-30,2026-05-01,13881.0,4.8,485.84,315.42
WO0000807,EX-019,ENGINE,PM,PM-OIL,Scheduled engine oil and filter change,2026-05-22,2026-05-23,13983.9,2.1,507.01,221.94
WO0000845,EX-020,TRANSMISSION,PM,PM-OIL,Scheduled transmission oil and filter change,2023-03-26,2023-03-27,1493.0,4.6,818.62,242.56
WO0000822,EX-020,ENGINE,PM,PM-OIL,Scheduled engine oil and filter change,2023-04-10,2023-04-11,1501.0,3.2,446.26,267.02
WO0000839,EX-020,HYDRAULIC,CM,HYD-PMP,Hydraulic pump wear,2023-06-13,2023-06-25,2223.6,52.2,15907.21,7208.94
WO0000823,EX-020,ENGINE,PM,PM-OIL,Scheduled engine oil and filter change,2023-07-13,2023-07-14,2179.3,4.5,281.46,123.13
WO0000838,EX-020,HYDRAULIC,PM,PM-OIL,Scheduled hydraulic oil and filter change,2023-07-16,2023-07-17,2223.6,5.0,411.0,392.78
WO0000846,EX-020,TRANSMISSION,PM,PM-OIL,Scheduled transmission oil and filter change,2023-08-22,2023-08-23,2566.5,2.2,672.56,126.97
WO0000824,EX-020,ENGINE,PM,PM-OIL,Scheduled engine oil and filter change,2023-10-06,2023-10-07,2796.9,4.6,192.85,279.35
WO0000855,EX-020,FINAL_DRIVE,CM,FDR-GER,Final drive gear wear,2023-12-16,2023-12-18,3524.2,55.3,8074.83,2259.04
WO0000825,EX-020,ENGINE,PM,PM-OIL,Scheduled engine oil and filter change,2023-12-31,2024-01-01,3416.0,4.7,503.93,229.13
WO0000854,EX-020,FINAL_DRIVE,PM,PM-OIL,Scheduled final_drive oil and filter change,2024-01-01,2024-01-02,3524.2,2.3,607.36,287.15
WO0000847,EX-020,TRANSMISSION,PM,PM-OIL,Scheduled transmission oil and filter change,2024-02-15,2024-02-16,3844.3,5.0,647.39,361.26
WO0000826,EX-020,ENGINE,PM,PM-OIL,Scheduled engine oil and filter change,2024-03-13,2024-03-14,3947.2,2.9,486.37,242.65
WO0000856,EX-020,FINAL_DRIVE,CM,FDR-SEAL,Duo-cone seal leak,2024-04-05,2024-04-12,4824.8,38.9,41878.2,8674.98
WO0000840,EX-020,HYDRAULIC,PM,PM-OIL,Scheduled hydraulic oil and filter change,2024-04-11,2024-04-12,4174.5,2.0,390.87,136.28
WO0000827,EX-020,ENGINE,PM,PM-OIL,Scheduled engine oil and filter change,2024-06-09,2024-06-10,4579.1,3.0,562.28,199.62
WO0000848,EX-020,TRANSMISSION,PM,PM-OIL,Scheduled transmission oil and filter change,2024-07-04,2024-07-05,4857.7,5.2,855.47,109.99
WO0000841,EX-020,HYDRAULIC,CM,HYD-WTR,Water contamination,2024-08-13,2024-08-22,5475.1,56.5,7661.8,7194.2
WO0000828,EX-020,ENGINE,PM,PM-OIL,Scheduled engine oil and filter change,2024-08-23,2024-08-24,5119.2,4.8,744.36,348.55
WO0000829,EX-020,ENGINE,PM,PM-OIL,Scheduled engine oil and filter change,2024-10-30,2024-10-31,5613.5,3.2,617.24,299.71
WO0000849,EX-020,TRANSMISSION,PM,PM-OIL,Scheduled transmission oil and filter change,2024-12-10,2024-12-11,6004.3,3.3,223.19,120.0
WO0000857,EX-020,FINAL_DRIVE,PM,PM-OIL,Scheduled final_drive oil and filter change,2024-12-26,2024-12-27,6125.4,5.3,838.49,389.4
WO0000842,EX-020,HYDRAULIC,PM,PM-OIL,Scheduled hydraulic oil and filter change,2025-01-06,2025-01-07,6125.4,5.7,353.2,363.14
WO0000850,EX-020,TRANSMISSION,CM,TRN-BRG,Transmission bearing wear,2025-01-27,2025-02-08,6543.7,115.0,38963.0,5147.01
WO0000830,EX-020,ENGINE,PM,PM-OIL,Scheduled engine oil and filter change,2025-01-28,2025-01-29,6265.8,4.5,836.85,311.62
WO0000831,EX-020,ENGINE,PM,PM-OIL,Scheduled engine oil and filter change,2025-04-23,2025-04-24,6878.2,4.1,875.64,248.74
WO0000851,EX-020,TRANSMISSION,PM,PM-OIL,Scheduled transmission oil and filter change,2025-05-06,2025-05-07,7071.6,3.4,641.59,295.18
WO0000832,EX-020,ENGINE,PM,PM-OIL,Scheduled engine oil and filter change,2025-07-13,2025-07-14,7461.9,5.9,217.34,327.5
WO0000833,EX-020,ENGINE,CM,ENG-BRG,Main bearing wear,2025-08-28,2025-09-06,7776.0,19.7,22554.24,4061.47
WO0000858,EX-020,FINAL_DRIVE,PM,PM-OIL,Scheduled final_drive oil and filter change,2025-09-22,2025-09-23,8076.4,3.7,433.07,149.61
WO0000834,EX-020,ENGINE,PM,PM-OIL,Scheduled engine oil and filter change,2025-10-01,2025-10-02,8039.1,2.5,484.33,263.1
WO0000852,EX-020,TRANSMISSION,PM,PM-OIL,Scheduled transmission oil and filter change,2025-11-04,2025-11-05,8385.1,3.5,275.37,293.02
WO0000835,EX-020,ENGINE,PM,PM-OIL,Scheduled engine oil and filter change,2025-12-18,2025-12-19,8606.3,2.0,779.54,249.88
WO0000844,EX-020,HYDRAULIC,CM,HYD-SEAL,Cylinder seal / dirt ingress,2025-12-22,2025-12-25,8726.7,21.5,38607.94,2507.22
WO0000843,EX-020,HYDRAULIC,PM,PM-OIL,Scheduled hydraulic oil and filter change,2026-01-01,2026-01-02,8726.7,3.0,283.43,232.44
WO0000836,EX-020,ENGINE,PM,PM-OIL,Scheduled engine oil and filter change,2026-02-28,2026-03-01,9122.2,4.8,861.06,273.31
WO0000837,EX-020,ENGINE,PM,PM-OIL,Scheduled engine oil and filter change,2026-05-08,2026-05-09,9627.2,5.8,356.14,144.84
WO0000853,EX-020,TRANSMISSION,PM,PM-OIL,Scheduled transmission oil and filter change,2026-05-10,2026-05-11,9736.2,4.5,221.36,362.07
WO0001490,HT-001,ENGINE,PM,PM-OIL,Scheduled engine oil and filter change,2023-03-07,2023-03-08,2659.4,4.4,407.92,332.1
WO0001509,HT-001,TRANSMISSION,PM,PM-OIL,Scheduled transmission oil and filter change,2023-03-28,2023-03-29,2771.8,4.1,414.36,282.67
WO0001515,HT-001,FINAL_DRIVE,PM,PM-OIL,Scheduled final_drive oil and filter change,2023-04-23,2023-04-24,2862.7,5.4,172.1,101.01
WO0001491,HT-001,ENGINE,PM,PM-OIL,Scheduled engine oil and filter change,2023-06-03,2023-06-04,3199.3,5.0,308.17,131.01
WO0001492,HT-001,ENGINE,PM,PM-OIL,Scheduled engine oil and filter change,2023-09-11,2023-09-12,3807.5,3.8,233.88,188.5
WO0001504,HT-001,HYDRAULIC,PM,PM-OIL,Scheduled hydraulic oil and filter change,2023-10-14,2023-10-15,3961.3,3.6,819.06,114.32
WO0001520,HT-001,OTHER,CM,MSC-GEN,Cab / electrical / body repair,2023-11-26,2023-11-28,,7.2,239.77,814.41
WO0001510,HT-001,TRANSMISSION,PM,PM-OIL,Scheduled transmission oil and filter change,2023-12-02,2023-12-03,4296.9,5.9,606.61,274.79
WO0001493,HT-001,ENGINE,PM,PM-OIL,Scheduled engine oil and filter change,2023-12-12,2023-12-13,4368.4,5.7,664.96,363.05
WO0001494,HT-001,ENGINE,PM,PM-OIL,Scheduled engine oil and filter change,2024-02-26,2024-02-27,4830.4,3.8,446.82,263.19
WO0001516,HT-001,FINAL_DRIVE,PM,PM-OIL,Scheduled final_drive oil and filter change,2024-04-17,2024-04-18,5059.8,4.2,862.21,116.21
WO0001495,HT-001,ENGINE,PM,PM-OIL,Scheduled engine oil and filter change,2024-06-03,2024-06-04,5430.0,2.3,586.05,136.3
WO0001511,HT-001,TRANSMISSION,PM,PM-OIL,Scheduled transmission oil and filter change,2024-06-30,2024-07-01,5582.6,3.2,677.0,264.64
WO0001506,HT-001,HYDRAULIC,CM,HYD-SEAL,Cylinder seal / dirt ingress,2024-07-27,2024-07-31,6158.4,88.5,6350.07,2001.87
WO0001519,HT-001,OTHER,CM,MSC-GEN,Cab / electrical / body repair,2024-08-27,2024-08-29,,12.7,382.9,718.58
WO0001496,HT-001,ENGINE,PM,PM-OIL,Scheduled engine oil and filter change,2024-09-19,2024-09-20,6091.2,5.8,278.81,201.16
WO0001505,HT-001,HYDRAULIC,PM,PM-OIL,Scheduled hydraulic oil and filter change,2024-10-08,2024-10-09,6158.4,5.0,833.26,328.49
WO0001497,HT-001,ENGINE,PM,PM-OIL,Scheduled engine oil and filter change,2024-12-24,2024-12-25,6677.9,3.8,351.71,208.67
WO0001512,HT-001,TRANSMISSION,PM,PM-OIL,Scheduled transmission oil and filter change,2025-02-11,2025-02-12,6959.6,5.0,536.54,277.08
WO0001498,HT-001,ENGINE,PM,PM-OIL,Scheduled engine oil and filter change,2025-03-20,2025-03-21,7203.1,4.3,663.05,151.63
WO0001517,HT-001,FINAL_DRIVE,PM,PM-OIL,Scheduled final_drive oil and filter change,2025-04-12,2025-04-13,7257.0,4.9,307.25,128.72
WO0001499,HT-001,ENGINE,PM,PM-OIL,Scheduled engine oil and filter change,2025-06-20,2025-06-21,7763.4,5.4,169.23,125.23
WO0001508,HT-001,HYDRAULIC,CM,HYD-PMP,Hydraulic pump wear,2025-07-11,2025-07-20,8355.6,90.9,43819.35,4145.49
WO0001513,HT-001,TRANSMISSION,PM,PM-OIL,Scheduled transmission oil and filter change,2025-09-14,2025-09-15,8270.5,2.2,177.68,399.5
WO0001507,HT-001,HYDRAULIC,PM,PM-OIL,Scheduled hydraulic oil and filter change,2025-10-03,2025-10-04,8355.6,4.8,528.95,319.55
WO0001500,HT-001,ENGINE,PM,PM-OIL,Scheduled engine oil and filter change,2025-10-11,2025-10-12,8450.8,2.2,599.94,395.85
WO0001501,HT-001,ENGINE,PM,PM-OIL,Scheduled engine oil and filter change,2026-01-25,2026-01-26,9097.9,2.8,246.33,126.84
WO0001502,HT-001,ENGINE,CM,ENG-INJ,Injector leak / fuel dilution,2026-01-29,2026-02-07,9097.9,20.6,36872.96,2718.12
WO0001514,HT-001,TRANSMISSION,PM,PM-OIL,Scheduled transmission oil and filter change,2026-03-13,2026-03-14,9369.1,6.0,332.34,115.71
WO0001518,HT-001,FINAL_DRIVE,PM,PM-OIL,Scheduled final_drive oil and filter change,2026-04-07,2026-04-08,9454.1,2.5,742.69,200.47
WO0001503,HT-001,ENGINE,PM,PM-OIL,Scheduled engine oil and filter change,2026-04-15,2026-04-16,9586.3,2.1,285.86,286.71
WO0001521,HT-002,ENGINE,PM,PM-OIL,Scheduled engine oil and filter change,2023-02-15,2023-02-16,3025.8,2.3,303.73,111.01
WO0001543,HT-002,TRANSMISSION,PM,PM-OIL,Scheduled transmission oil and filter change,2023-03-23,2023-03-24,3310.3,4.9,763.69,259.58
WO0001555,HT-002,FINAL_DRIVE,PM,PM-OIL,Scheduled final_drive oil and filter change,2023-04-20,2023-04-21,3448.3,2.3,618.83,324.31
WO0001522,HT-002,ENGINE,PM,PM-OIL,Scheduled engine oil and filter change,2023-05-11,2023-05-12,3690.6,5.3,388.12,244.28
WO0001538,HT-002,HYDRAULIC,PM,PM-OIL,Scheduled hydraulic oil and filter change,2023-06-18,2023-06-19,4045.3,4.8,497.54,180.73
WO0001523,HT-002,ENGINE,PM,PM-OIL,Scheduled engine oil and filter change,2023-08-07,2023-08-08,4371.6,4.3,159.96,363.11
WO0001544,HT-002,TRANSMISSION,PM,PM-OIL,Scheduled transmission oil and filter change,2023-08-16,2023-08-17,4446.3,3.4,504.22,345.46
WO0001524,HT-002,ENGINE,CM,ENG-COOL,Coolant entering crankcase,2023-09-13,2023-09-19,4827.3,102.8,35415.34,2172.27
WO0001563,HT-002,OTHER,CM,MSC-GEN,Cab / electrical / body repair,2023-09-15,2023-09-17,,6.5,245.49,787.41
WO0001525,HT-002,ENGINE,PM,PM-OIL,Scheduled engine oil and filter change,2023-11-06,2023-11-07,5074.2,2.8,695.57,261.69
WO0001545,HT-002,TRANSMISSION,PM,PM-OIL,Scheduled transmission oil and filter change,2023-12-25,2023-12-26,5462.4,2.5,480.76,330.02
WO0001526,HT-002,ENGINE,PM,PM-OIL,Scheduled engine oil and filter change,2024-01-04,2024-01-05,5537.8,2.6,769.78,312.46
WO0001556,HT-002,FINAL_DRIVE,PM,PM-OIL,Scheduled final_drive oil and filter change,2024-01-15,2024-01-16,5543.2,5.7,796.44,393.45
WO0001546,HT-002,TRANSMISSION,CM,TRN-BRG,Transmission bearing wear,2024-01-20,2024-01-27,5940.4,60.8,39190.26,8986.89
WO0001539,HT-002,HYDRAULIC,PM,PM-OIL,Scheduled hydraulic oil and filter change,2024-03-14,2024-03-15,6140.2,5.9,246.92,235.84
WO0001527,HT-002,ENGINE,PM,PM-OIL,Scheduled engine oil and filter change,2024-04-04,2024-04-05,6240.5,3.3,801.08,291.86
WO0001557,HT-002,FINAL_DRIVE,CM,FDR-GER,Final drive gear wear,2024-05-05,2024-05-08,6939.7,33.3,5258.04,6841.85
WO0001547,HT-002,TRANSMISSION,PM,PM-OIL,Scheduled transmission oil and filter change,2024-05-08,2024-05-09,6508.4,5.6,355.9,181.27
WO0001528,HT-002,ENGINE,PM,PM-OIL,Scheduled engine oil and filter change,2024-06-10,2024-06-11,6763.5,5.0,211.21,304.2
WO0001549,HT-002,TRANSMISSION,CM,TRN-BRG,Transmission bearing wear,2024-08-08,2024-08-11,7501.1,26.2,40859.88,3300.78
WO0001529,HT-002,ENGINE,PM,PM-OIL,Scheduled engine oil and filter change,2024-08-25,2024-08-26,7350.1,3.8,815.42,194.22
WO0001548,HT-002,TRANSMISSION,PM,PM-OIL,Scheduled transmission oil and filter change,2024-09-13,2024-09-14,7501.1,2.7,594.01,328.32
WO0001558,HT-002,FINAL_DRIVE,PM,PM-OIL,Scheduled final_drive oil and filter change,2024-10-11,2024-10-12,7638.0,2.7,658.4,375.19
WO0001530,HT-002,ENGINE,PM,PM-OIL,Scheduled engine oil and filter change,2024-11-08,2024-11-09,7932.8,3.9,455.53,223.82
WO0001540,HT-002,HYDRAULIC,PM,PM-OIL,Scheduled hydraulic oil and filter change,2024-12-09,2024-12-10,8235.0,5.6,535.8,347.22
WO0001551,HT-002,TRANSMISSION,CM,TRN-BRG,Transmission bearing wear,2025-01-10,2025-01-14,8477.2,73.3,33974.1,4624.1
WO0001550,HT-002,TRANSMISSION,PM,PM-OIL,Scheduled transmission oil and filter change,2025-01-17,2025-01-18,8477.2,3.3,639.47,145.7
WO0001531,HT-002,ENGINE,PM,PM-OIL,Scheduled engine oil and filter change,2025-01-18,2025-01-19,8486.9,2.5,799.92,375.46
WO0001532,HT-002,ENGINE,PM,PM-OIL,Scheduled engine oil and filter change,2025-03-27,2025-03-28,9009.4,2.5,631.58,228.6
WO0001533,HT-002,ENGINE,PM,PM-OIL,Scheduled engine oil and filter change,2025-06-14,2025-06-15,9623.0,4.1,165.59,220.62
WO0001559,HT-002,FINAL_DRIVE,PM,PM-OIL,Scheduled final_drive oil and filter change,2025-06-25,2025-06-26,9633.8,5.7,223.95,212.55
WO0001552,HT-002,TRANSMISSION,PM,PM-OIL,Scheduled transmission oil and filter change,2025-07-06,2025-07-07,9795.9,5.0,380.16,220.24
WO0001541,HT-002,HYDRAULIC,PM,PM-OIL,Scheduled hydraulic oil and filter change,2025-09-05,2025-09-06,10329.9,4.3,774.82,347.3
WO0001534,HT-002,ENGINE,PM,PM-OIL,Scheduled engine oil and filter change,2025-09-11,2025-09-12,10317.8,2.2,503.14,274.62
WO0001535,HT-002,ENGINE,PM,PM-OIL,Scheduled engine oil and filter change,2025-12-11,2025-12-12,11018.5,2.4,774.2,286.03
WO0001553,HT-002,TRANSMISSION,PM,PM-OIL,Scheduled transmission oil and filter change,2025-12-27,2025-12-28,11152.8,2.0,597.83,350.3
WO0001561,HT-002,FINAL_DRIVE,CM,FDR-GER,Final drive gear wear,2026-01-22,2026-01-28,11728.7,79.8,43794.8,4495.18
WO0001536,HT-002,ENGINE,PM,PM-OIL,Scheduled engine oil and filter change,2026-02-21,2026-02-22,11579.7,2.5,424.37,399.72
WO0001560,HT-002,FINAL_DRIVE,PM,PM-OIL,Scheduled final_drive oil and filter change,2026-03-22,2026-03-23,11728.7,2.5,317.24,299.24
WO0001562,HT-002,FINAL_DRIVE,CM,FDR-SEAL,Duo-cone seal leak,2026-04-22,2026-04-30,12427.0,119.4,19045.7,2524.21
WO0001537,HT-002,ENGINE,PM,PM-OIL,Scheduled engine oil and filter change,2026-04-25,2026-04-26,12071.7,3.6,748.21,263.84
WO0001554,HT-002,TRANSMISSION,PM,PM-OIL,Scheduled transmission oil and filter change,2026-05-27,2026-05-28,12317.5,3.4,660.97,303.89
WO0001542,HT-002,HYDRAULIC,PM,PM-OIL,Scheduled hydraulic oil and filter change,2026-06-02,2026-06-03,12424.8,3.1,265.6,397.09
WO0001564,HT-003,ENGINE,PM,PM-OIL,Scheduled engine oil and filter change,2023-03-10,2023-03-11,4426.6,4.8,406.98,247.34
WO0001593,HT-003,TRANSMISSION,PM,PM-OIL,Scheduled transmission oil and filter change,2023-04-25,2023-04-26,5104.1,2.9,849.28,351.99
WO0001565,HT-003,ENGINE,PM,PM-OIL,Scheduled engine oil and filter change,2023-05-05,2023-05-06,4982.7,2.8,514.9,169.65
WO0001566,HT-003,ENGINE,PM,PM-OIL,Scheduled engine oil and filter change,2023-06-25,2023-06-26,5495.8,3.3,159.64,208.76
WO0001588,HT-003,HYDRAULIC,PM,PM-OIL,Scheduled hydraulic oil and filter change,2023-07-07,2023-07-08,5634.2,4.6,708.55,129.39
WO0001594,HT-003,TRANSMISSION,PM,PM-OIL,Scheduled transmission oil and filter change,2023-07-31,2023-08-01,6082.0,5.4,527.4,127.26
WO0001567,HT-003,ENGINE,PM,PM-OIL,Scheduled engine oil and filter change,2023-08-20,2023-08-21,6062.9,5.6,725.27,220.03
WO0001605,HT-003,FINAL_DRIVE,PM,PM-OIL,Scheduled final_drive oil and filter change,2023-10-05,2023-10-06,6495.7,5.9,755.24,395.44
WO0001568,HT-003,ENGINE,PM,PM-OIL,Scheduled engine oil and filter change,2023-10-25,2023-10-26,6717.4,5.8,881.72,179.3
WO0001595,HT-003,TRANSMISSION,PM,PM-OIL,Scheduled transmission oil and filter change,2023-11-11,2023-11-12,7118.4,2.7,553.71,351.73
WO0001569,HT-003,ENGINE,PM,PM-OIL,Scheduled engine oil and filter change,2023-12-25,2023-12-26,7335.9,3.3,398.9,194.54
WO0001570,HT-003,ENGINE,PM,PM-OIL,Scheduled engine oil and filter change,2024-02-16,2024-02-17,7861.2,2.7,742.18,361.65
WO0001596,HT-003,TRANSMISSION,PM,PM-OIL,Scheduled transmission oil and filter change,2024-02-21,2024-02-22,8135.7,3.4,451.2,110.19
WO0001589,HT-003,HYDRAULIC,PM,PM-OIL,Scheduled hydraulic oil and filter change,2024-04-02,2024-04-03,8343.0,4.7,293.87,205.83
WO0001571,HT-003,ENGINE,PM,PM-OIL,Scheduled engine oil and filter change,2024-04-11,2024-04-12,8422.4,3.5,682.64,172.69
WO0001597,HT-003,TRANSMISSION,PM,PM-OIL,Scheduled transmission oil and filter change,2024-05-30,2024-05-31,9134.3,5.0,682.5,201.06
WO0001572,HT-003,ENGINE,PM,PM-OIL,Scheduled engine oil and filter change,2024-06-23,2024-06-24,9146.1,3.9,625.42,189.59
WO0001606,HT-003,FINAL_DRIVE,PM,PM-OIL,Scheduled final_drive oil and filter change,2024-07-01,2024-07-02,9204.4,4.8,769.78,153.07
WO0001573,HT-003,ENGINE,PM,PM-OIL,Scheduled engine oil and filter change,2024-08-17,2024-08-18,9705.7,3.0,677.35,387.86
WO0001598,HT-003,TRANSMISSION,PM,PM-OIL,Scheduled transmission oil and filter change,2024-09-12,2024-09-13,10188.2,3.1,261.81,310.06
WO0001574,HT-003,ENGINE,PM,PM-OIL,Scheduled engine oil and filter change,2024-10-20,2024-10-21,10344.3,2.3,763.65,137.91
WO0001590,HT-003,HYDRAULIC,PM,PM-OIL,Scheduled hydraulic oil and filter change,2024-12-13,2024-12-14,10902.0,2.7,488.42,265.38
WO0001600,HT-003,TRANSMISSION,CM,TRN-GER,Gear / clutch pack wear,2024-12-15,2024-12-25,11213.8,82.4,24263.32,7434.91
WO0001575,HT-003,ENGINE,PM,PM-OIL,Scheduled engine oil and filter change,2024-12-23,2024-12-24,10990.8,2.6,583.45,226.18
WO0001599,HT-003,TRANSMISSION,PM,PM-OIL,Scheduled transmission oil and filter change,2024-12-24,2024-12-25,11213.8,4.3,647.6,224.23
WO0001577,HT-003,ENGINE,CM,ENG-INJ,Injector leak / fuel dilution,2025-01-17,2025-01-20,11452.3,115.3,13220.47,7858.12
WO0001576,HT-003,ENGINE,PM,PM-OIL,Scheduled engine oil and filter change,2025-02-07,2025-02-08,11452.3,4.7,785.98,278.59
WO0001578,HT-003,ENGINE,CM,ENG-INJ,Injector leak / fuel dilution,2025-02-18,2025-02-24,11744.6,27.5,3043.42,5062.38
WO0001607,HT-003,FINAL_DRIVE,PM,PM-OIL,Scheduled final_drive oil and filter change,2025-03-28,2025-03-29,11913.2,5.8,428.87,173.31
WO0001579,HT-003,ENGINE,PM,PM-OIL,Scheduled engine oil and filter change,2025-04-03,2025-04-04,11995.0,3.2,794.85,182.24
WO0001580,HT-003,ENGINE,CM,ENG-BRG,Main bearing wear,2025-04-23,2025-04-25,12206.7,80.3,38015.1,5101.3
WO0001601,HT-003,TRANSMISSION,PM,PM-OIL,Scheduled transmission oil and filter change,2025-05-04,2025-05-05,12528.5,5.3,718.9,262.4
WO0001581,HT-003,ENGINE,PM,PM-OIL,Scheduled engine oil and filter change,2025-05-30,2025-05-31,12573.9,3.1,311.74,397.35
WO0001582,HT-003,ENGINE,PM,PM-OIL,Scheduled engine oil and filter change,2025-08-11,2025-08-12,13301.0,5.4,888.45,108.34
WO0001602,HT-003,TRANSMISSION,PM,PM-OIL,Scheduled transmission oil and filter change,2025-08-17,2025-08-18,13581.9,2.7,171.65,321.68
WO0001591,HT-003,HYDRAULIC,PM,PM-OIL,Scheduled hydraulic oil and filter change,2025-08-31,2025-09-01,13520.9,5.7,741.57,128.69
WO0001583,HT-003,ENGINE,PM,PM-OIL,Scheduled engine oil and filter change,2025-10-02,2025-10-03,13825.5,3.6,503.89,156.06
WO0001584,HT-003,ENGINE,PM,PM-OIL,Scheduled engine oil and filter change,2025-11-25,2025-11-26,14366.0,2.7,570.13,148.65
WO0001603,HT-003,TRANSMISSION,PM,PM-OIL,Scheduled transmission oil and filter change,2025-11-30,2025-12-01,14638.3,4.8,820.73,272.77
WO0001608,HT-003,FINAL_DRIVE,PM,PM-OIL,Scheduled final_drive oil and filter change,2025-12-23,2025-12-24,14622.0,5.0,840.84,182.7
WO0001585,HT-003,ENGINE,PM,PM-OIL,Scheduled engine oil and filter change,2026-01-14,2026-01-15,14872.4,5.0,876.83,393.06
WO0001586,HT-003,ENGINE,PM,PM-OIL,Scheduled engine oil and filter change,2026-03-09,2026-03-10,15413.8,5.0,649.75,379.22
WO0001604,HT-003,TRANSMISSION,PM,PM-OIL,Scheduled transmission oil and filter change,2026-03-29,2026-03-30,15834.2,5.6,301.05,188.37
WO0001592,HT-003,HYDRAULIC,PM,PM-OIL,Scheduled hydraulic oil and filter change,2026-05-04,2026-05-05,15987.6,4.2,293.17,393.42
WO0001587,HT-003,ENGINE,PM,PM-OIL,Scheduled engine oil and filter change,2026-05-28,2026-05-29,16211.9,2.9,544.88,108.74
WO0001636,HT-004,TRANSMISSION,PM,PM-OIL,Scheduled transmission oil and filter change,2023-02-24,2023-02-25,8617.4,2.1,249.83,244.57
WO0001609,HT-004,ENGINE,PM,PM-OIL,Scheduled engine oil and filter change,2023-02-27,2023-02-28,8566.7,3.8,778.53,210.18
WO0001610,HT-004,ENGINE,PM,PM-OIL,Scheduled engine oil and filter change,2023-04-29,2023-04-30,9103.1,5.8,413.93,372.53
WO0001637,HT-004,TRANSMISSION,PM,PM-OIL,Scheduled transmission oil and filter change,2023-06-16,2023-06-17,9605.1,4.9,550.36,136.02
WO0001629,HT-004,HYDRAULIC,PM,PM-OIL,Scheduled hydraulic oil and filter change,2023-06-18,2023-06-19,9714.5,3.5,444.04,311.53
WO0001611,HT-004,ENGINE,PM,PM-OIL,Scheduled engine oil and filter change,2023-07-04,2023-07-05,9680.1,5.6,199.64,371.88
WO0001613,HT-004,ENGINE,CM,ENG-COOL,Coolant entering crankcase,2023-08-14,2023-08-16,10257.8,103.3,1657.69,4648.01
WO0001612,HT-004,ENGINE,PM,PM-OIL,Scheduled engine oil and filter change,2023-09-08,2023-09-09,10257.8,3.2,250.61,378.37
WO0001646,HT-004,FINAL_DRIVE,PM,PM-OIL,Scheduled final_drive oil and filter change,2023-09-16,2023-09-17,10486.5,4.8,468.87,313.13
WO0001638,HT-004,TRANSMISSION,PM,PM-OIL,Scheduled transmission oil and filter change,2023-10-08,2023-10-09,10603.3,3.6,831.21,392.6
WO0001614,HT-004,ENGINE,PM,PM-OIL,Scheduled engine oil and filter change,2023-11-05,2023-11-06,10769.2,3.1,744.97,220.25
WO0001653,HT-004,OTHER,CM,MSC-GEN,Cab / electrical / body repair,2023-12-09,2023-12-11,,11.9,1261.91,352.09
WO0001615,HT-004,ENGINE,PM,PM-OIL,Scheduled engine oil and filter change,2024-01-12,2024-01-13,11369.5,5.7,523.25,393.47
WO0001639,HT-004,TRANSMISSION,PM,PM-OIL,Scheduled transmission oil and filter change,2024-01-29,2024-01-30,11596.2,2.8,446.93,163.9
WO0001630,HT-004,HYDRAULIC,PM,PM-OIL,Scheduled hydraulic oil and filter change,2024-03-13,2024-03-14,12075.8,4.9,688.89,221.22
WO0001616,HT-004,ENGINE,PM,PM-OIL,Scheduled engine oil and filter change,2024-03-24,2024-03-25,11997.5,5.4,748.43,259.56
WO0001647,HT-004,FINAL_DRIVE,PM,PM-OIL,Scheduled final_drive oil and filter change,2024-05-23,2024-05-24,12682.0,3.6,703.36,203.81
WO0001617,HT-004,ENGINE,PM,PM-OIL,Scheduled engine oil and filter change,2024-06-12,2024-06-13,12703.5,2.4,745.48,169.52
WO0001640,HT-004,TRANSMISSION,PM,PM-OIL,Scheduled transmission oil and filter change,2024-06-21,2024-06-22,12857.9,2.0,472.03,159.56
WO0001618,HT-004,ENGINE,PM,PM-OIL,Scheduled engine oil and filter change,2024-08-19,2024-08-20,13300.7,3.1,762.7,256.63
WO0001641,HT-004,TRANSMISSION,PM,PM-OIL,Scheduled transmission oil and filter change,2024-10-24,2024-10-25,13960.1,4.3,263.35,116.13
WO0001619,HT-004,ENGINE,PM,PM-OIL,Scheduled engine oil and filter change,2024-10-28,2024-10-29,13918.0,4.3,804.37,116.15
WO0001648,HT-004,FINAL_DRIVE,CM,FDR-SEAL,Duo-cone seal leak,2024-11-03,2024-11-10,14263.1,50.4,23633.82,1994.78
WO0001654,HT-004,OTHER,CM,MSC-GEN,Cab / electrical / body repair,2024-11-29,2024-12-01,,11.8,2510.15,461.55
WO0001631,HT-004,HYDRAULIC,PM,PM-OIL,Scheduled hydraulic oil and filter change,2024-12-07,2024-12-08,14440.2,2.2,207.74,217.88
WO0001620,HT-004,ENGINE,PM,PM-OIL,Scheduled engine oil and filter change,2024-12-23,2024-12-24,14407.3,5.1,662.0,213.27
WO0001649,HT-004,FINAL_DRIVE,PM,PM-OIL,Scheduled final_drive oil and filter change,2025-02-17,2025-02-18,15053.6,5.2,525.23,218.67
WO0001642,HT-004,TRANSMISSION,PM,PM-OIL,Scheduled transmission oil and filter change,2025-03-07,2025-03-08,15141.1,4.7,674.04,252.92
WO0001621,HT-004,ENGINE,PM,PM-OIL,Scheduled engine oil and filter change,2025-03-08,2025-03-09,15062.4,2.0,208.57,243.28
WO0001650,HT-004,FINAL_DRIVE,CM,FDR-SEAL,Duo-cone seal leak,2025-03-31,2025-04-02,15844.1,35.4,25337.59,6325.38
WO0001632,HT-004,HYDRAULIC,CM,HYD-SEAL,Cylinder seal / dirt ingress,2025-04-21,2025-04-25,16021.3,116.1,5556.2,7306.12
WO0001622,HT-004,ENGINE,PM,PM-OIL,Scheduled engine oil and filter change,2025-05-07,2025-05-08,15592.8,5.6,765.74,315.18
WO0001643,HT-004,TRANSMISSION,PM,PM-OIL,Scheduled transmission oil and filter change,2025-07-08,2025-07-09,16221.5,2.3,347.02,234.5
WO0001623,HT-004,ENGINE,PM,PM-OIL,Scheduled engine oil and filter change,2025-07-11,2025-07-12,16162.1,2.0,847.16,287.14
WO0001634,HT-004,HYDRAULIC,CM,HYD-SEAL,Cylinder seal / dirt ingress,2025-08-14,2025-08-23,16811.8,32.2,32007.56,7452.13
WO0001624,HT-004,ENGINE,PM,PM-OIL,Scheduled engine oil and filter change,2025-09-03,2025-09-04,16637.5,5.3,300.85,293.26
WO0001633,HT-004,HYDRAULIC,PM,PM-OIL,Scheduled hydraulic oil and filter change,2025-09-03,2025-09-04,16811.8,4.6,484.23,275.99
WO0001625,HT-004,ENGINE,PM,PM-OIL,Scheduled engine oil and filter change,2025-10-27,2025-10-28,17108.1,3.4,611.57,307.66
WO0001644,HT-004,TRANSMISSION,PM,PM-OIL,Scheduled transmission oil and filter change,2025-11-09,2025-11-10,17305.6,4.2,488.79,160.12
WO0001651,HT-004,FINAL_DRIVE,PM,PM-OIL,Scheduled final_drive oil and filter change,2025-11-14,2025-11-15,17425.1,4.0,514.11,107.96
WO0001626,HT-004,ENGINE,PM,PM-OIL,Scheduled engine oil and filter change,2026-01-09,2026-01-10,17759.9,2.4,340.47,219.07
WO0001627,HT-004,ENGINE,PM,PM-OIL,Scheduled engine oil and filter change,2026-03-07,2026-03-08,18259.9,3.8,587.81,145.8
WO0001645,HT-004,TRANSMISSION,PM,PM-OIL,Scheduled transmission oil and filter change,2026-04-06,2026-04-07,18609.4,3.1,558.53,170.83
WO0001628,HT-004,ENGINE,PM,PM-OIL,Scheduled engine oil and filter change,2026-05-08,2026-05-09,18807.4,2.3,308.01,365.62
WO0001652,HT-004,FINAL_DRIVE,CM,FDR-SEAL,Duo-cone seal leak,2026-05-12,2026-05-14,19006.1,20.6,21742.72,7642.02
WO0001635,HT-004,HYDRAULIC,PM,PM-OIL,Scheduled hydraulic oil and filter change,2026-05-18,2026-05-19,19068.3,4.0,380.18,131.03
WO0001655,HT-005,ENGINE,PM,PM-OIL,Scheduled engine oil and filter change,2023-01-24,2023-01-25,2147.9,2.1,763.39,256.23
WO0001656,HT-005,ENGINE,PM,PM-OIL,Scheduled engine oil and filter change,2023-03-03,2023-03-04,2620.7,5.6,331.34,349.71
WO0001691,HT-005,TRANSMISSION,PM,PM-OIL,Scheduled transmission oil and filter change,2023-04-07,2023-04-08,2932.4,5.7,655.1,150.89
WO0001657,HT-005,ENGINE,PM,PM-OIL,Scheduled engine oil and filter change,2023-04-29,2023-04-30,3331.7,5.6,190.04,120.41
WO0001706,HT-005,FINAL_DRIVE,PM,PM-OIL,Scheduled final_drive oil and filter change,2023-05-30,2023-05-31,3679.2,2.4,462.57,149.02
WO0001682,HT-005,HYDRAULIC,PM,PM-OIL,Scheduled hydraulic oil and filter change,2023-06-04,2023-06-05,3691.9,3.6,311.54,122.52
WO0001693,HT-005,TRANSMISSION,CM,TRN-GER,Gear / clutch pack wear,2023-06-08,2023-06-11,3999.3,112.5,21530.87,4286.46
WO0001658,HT-005,ENGINE,PM,PM-OIL,Scheduled engine oil and filter change,2023-06-10,2023-06-11,3847.9,2.2,270.82,397.38
WO0001692,HT-005,TRANSMISSION,PM,PM-OIL,Scheduled transmission oil and filter change,2023-07-02,2023-07-03,3999.3,3.0,812.98,341.87
WO0001659,HT-005,ENGINE,PM,PM-OIL,Scheduled engine oil and filter change,2023-07-29,2023-07-30,4458.1,2.0,754.86,119.11
WO0001660,HT-005,ENGINE,PM,PM-OIL,Scheduled engine oil and filter change,2023-09-26,2023-09-27,5185.7,5.6,356.1,286.89
WO0001694,HT-005,TRANSMISSION,PM,PM-OIL,Scheduled transmission oil and filter change,2023-10-22,2023-10-23,5383.0,4.2,586.16,396.2
WO0001683,HT-005,HYDRAULIC,CM,HYD-SEAL,Cylinder seal / dirt ingress,2023-10-31,2023-11-01,5578.5,47.1,19355.11,3808.7
WO0001661,HT-005,ENGINE,PM,PM-OIL,Scheduled engine oil and filter change,2023-11-06,2023-11-07,5690.9,4.6,273.44,214.1
WO0001707,HT-005,FINAL_DRIVE,PM,PM-OIL,Scheduled final_drive oil and filter change,2023-12-25,2023-12-26,6268.1,4.0,534.16,274.44
WO0001662,HT-005,ENGINE,PM,PM-OIL,Scheduled engine oil and filter change,2023-12-26,2023-12-27,6310.5,2.0,393.61,175.6
WO0001708,HT-005,FINAL_DRIVE,CM,FDR-GER,Final drive gear wear,2023-12-31,2024-01-08,7383.3,102.3,31763.79,6238.2
WO0001684,HT-005,HYDRAULIC,PM,PM-OIL,Scheduled hydraulic oil and filter change,2024-01-04,2024-01-05,6338.9,4.9,699.41,365.2
WO0001695,HT-005,TRANSMISSION,PM,PM-OIL,Scheduled transmission oil and filter change,2024-01-13,2024-01-14,6419.7,5.0,782.68,286.87
WO0001696,HT-005,TRANSMISSION,CM,TRN-BRG,Transmission bearing wear,2024-01-14,2024-01-16,6419.7,83.1,22239.2,2000.56
WO0001663,HT-005,ENGINE,PM,PM-OIL,Scheduled engine oil and filter change,2024-02-16,2024-02-17,6963.6,4.7,803.62,387.95
WO0001664,HT-005,ENGINE,PM,PM-OIL,Scheduled engine oil and filter change,2024-03-26,2024-03-27,7441.3,3.9,766.02,152.2
WO0001665,HT-005,ENGINE,PM,PM-OIL,Scheduled engine oil and filter change,2024-05-07,2024-05-08,7968.5,5.6,628.54,372.85
WO0001697,HT-005,TRANSMISSION,PM,PM-OIL,Scheduled transmission oil and filter change,2024-05-21,2024-05-22,8021.0,3.2,765.1,275.38
WO0001666,HT-005,ENGINE,PM,PM-OIL,Scheduled engine oil and filter change,2024-06-21,2024-06-22,8524.3,2.6,726.23,142.16
WO0001685,HT-005,HYDRAULIC,PM,PM-OIL,Scheduled hydraulic oil and filter change,2024-07-01,2024-07-02,8551.8,4.5,880.53,228.37
WO0001709,HT-005,FINAL_DRIVE,PM,PM-OIL,Scheduled final_drive oil and filter change,2024-07-27,2024-07-28,8935.9,2.6,830.01,271.2
WO0001667,HT-005,ENGINE,PM,PM-OIL,Scheduled engine oil and filter change,2024-08-10,2024-08-11,9143.9,5.5,267.56,318.93
WO0001698,HT-005,TRANSMISSION,PM,PM-OIL,Scheduled transmission oil and filter change,2024-08-19,2024-08-20,9128.5,5.8,377.08,318.36
WO0001668,HT-005,ENGINE,PM,PM-OIL,Scheduled engine oil and filter change,2024-10-16,2024-10-17,9965.2,2.4,630.13,381.22
WO0001669,HT-005,ENGINE,PM,PM-OIL,Scheduled engine oil and filter change,2024-12-05,2024-12-06,10590.9,3.6,293.0,396.64
WO0001699,HT-005,TRANSMISSION,PM,PM-OIL,Scheduled transmission oil and filter change,2024-12-08,2024-12-09,10503.7,5.4,162.69,385.22
WO0001687,HT-005,HYDRAULIC,CM,HYD-SEAL,Cylinder seal / dirt ingress,2025-01-01,2025-01-09,11217.6,58.2,42395.38,5452.8
WO0001670,HT-005,ENGINE,PM,PM-OIL,Scheduled engine oil and filter change,2025-01-18,2025-01-19,11137.5,4.0,176.22,372.54
WO0001686,HT-005,HYDRAULIC,PM,PM-OIL,Scheduled hydraulic oil and filter change,2025-02-01,2025-02-02,11217.6,2.8,542.75,216.39
WO0001710,HT-005,FINAL_DRIVE,PM,PM-OIL,Scheduled final_drive oil and filter change,2025-02-12,2025-02-13,11405.0,2.4,600.52,311.5
WO0001700,HT-005,TRANSMISSION,PM,PM-OIL,Scheduled transmission oil and filter change,2025-02-27,2025-02-28,11509.5,2.2,269.04,273.56
WO0001671,HT-005,ENGINE,PM,PM-OIL,Scheduled engine oil and filter change,2025-03-02,2025-03-03,11673.6,2.2,680.59,105.47
WO0001672,HT-005,ENGINE,PM,PM-OIL,Scheduled engine oil and filter change,2025-04-13,2025-04-14,12184.1,5.4,848.92,262.01
WO0001701,HT-005,TRANSMISSION,PM,PM-OIL,Scheduled transmission oil and filter change,2025-05-21,2025-05-22,12541.7,4.8,205.59,148.71
WO0001673,HT-005,ENGINE,PM,PM-OIL,Scheduled engine oil and filter change,2025-06-05,2025-06-06,12840.6,4.8,347.43,273.21
WO0001688,HT-005,HYDRAULIC,PM,PM-OIL,Scheduled hydraulic oil and filter change,2025-07-10,2025-07-11,13197.2,3.4,788.2,182.03
WO0001674,HT-005,ENGINE,PM,PM-OIL,Scheduled engine oil and filter change,2025-07-24,2025-07-25,13447.3,2.4,836.56,100.61
WO0001712,HT-005,FINAL_DRIVE,CM,FDR-SEAL,Duo-cone seal leak,2025-08-01,2025-08-08,13619.8,99.3,23303.36,3389.51
WO0001711,HT-005,FINAL_DRIVE,PM,PM-OIL,Scheduled final_drive oil and filter change,2025-08-09,2025-08-10,13619.8,3.7,281.69,123.73
WO0001702,HT-005,TRANSMISSION,PM,PM-OIL,Scheduled transmission oil and filter change,2025-08-10,2025-08-11,13547.6,2.3,371.69,285.65
WO0001675,HT-005,ENGINE,PM,PM-OIL,Scheduled engine oil and filter change,2025-09-20,2025-09-21,14166.6,2.8,264.95,283.53
WO0001689,HT-005,HYDRAULIC,CM,HYD-WTR,Water contamination,2025-10-02,2025-10-04,14312.4,41.8,40142.03,7858.87
WO0001713,HT-005,FINAL_DRIVE,CM,FDR-SEAL,Duo-cone seal leak,2025-10-27,2025-10-29,14679.6,111.5,11893.27,6759.02
WO0001676,HT-005,ENGINE,PM,PM-OIL,Scheduled engine oil and filter change,2025-11-04,2025-11-05,14728.2,4.6,205.12,367.9
WO0001703,HT-005,TRANSMISSION,PM,PM-OIL,Scheduled transmission oil and filter change,2025-11-08,2025-11-09,14660.8,4.3,537.4,164.06
WO0001690,HT-005,HYDRAULIC,PM,PM-OIL,Scheduled hydraulic oil and filter change,2025-12-20,2025-12-21,15210.9,2.7,244.88,308.04
WO0001677,HT-005,ENGINE,PM,PM-OIL,Scheduled engine oil and filter change,2025-12-23,2025-12-24,15340.6,3.3,759.74,170.47
WO0001714,HT-005,FINAL_DRIVE,PM,PM-OIL,Scheduled final_drive oil and filter change,2026-01-24,2026-01-25,15693.8,5.0,444.92,331.98
WO0001678,HT-005,ENGINE,PM,PM-OIL,Scheduled engine oil and filter change,2026-02-12,2026-02-13,15962.5,2.3,250.98,276.73
WO0001704,HT-005,TRANSMISSION,PM,PM-OIL,Scheduled transmission oil and filter change,2026-02-26,2026-02-27,16024.4,5.4,237.89,263.25
WO0001679,HT-005,ENGINE,PM,PM-OIL,Scheduled engine oil and filter change,2026-03-20,2026-03-21,16408.6,3.5,885.71,106.74
WO0001680,HT-005,ENGINE,PM,PM-OIL,Scheduled engine oil and filter change,2026-04-30,2026-05-01,16918.8,2.8,318.67,237.67
WO0001705,HT-005,TRANSMISSION,PM,PM-OIL,Scheduled transmission oil and filter change,2026-05-18,2026-05-19,17021.3,3.4,277.54,353.26
WO0001681,HT-005,ENGINE,PM,PM-OIL,Scheduled engine oil and filter change,2026-06-18,2026-06-19,17524.2,2.7,552.67,102.8
WO0001715,HT-005,OTHER,CM,MSC-GEN,Cab / electrical / body repair,2026-06-29,2026-07-01,,7.5,1028.55,307.61
WO0001762,HT-006,OTHER,CM,MSC-GEN,Cab / electrical / body repair,2023-01-01,2023-01-03,,15.2,2902.43,975.34
WO0001743,HT-006,TRANSMISSION,PM,PM-OIL,Scheduled transmission oil and filter change,2023-03-04,2023-03-05,7281.1,4.5,749.69,282.79
WO0001716,HT-006,ENGINE,PM,PM-OIL,Scheduled engine oil and filter change,2023-03-12,2023-03-13,7172.2,3.9,454.29,213.22
WO0001738,HT-006,HYDRAULIC,PM,PM-OIL,Scheduled hydraulic oil and filter change,2023-04-19,2023-04-20,7542.8,5.1,563.42,127.85
WO0001717,HT-006,ENGINE,PM,PM-OIL,Scheduled engine oil and filter change,2023-05-16,2023-05-17,7753.4,3.8,453.39,108.49
WO0001753,HT-006,FINAL_DRIVE,PM,PM-OIL,Scheduled final_drive oil and filter change,2023-07-23,2023-07-24,8344.1,2.3,668.71,363.16
WO0001718,HT-006,ENGINE,PM,PM-OIL,Scheduled engine oil and filter change,2023-07-27,2023-07-28,8398.3,5.3,670.91,396.16
WO0001744,HT-006,TRANSMISSION,PM,PM-OIL,Scheduled transmission oil and filter change,2023-08-03,2023-08-04,8637.9,5.1,842.77,241.89
WO0001754,HT-006,FINAL_DRIVE,CM,FDR-SEAL,Duo-cone seal leak,2023-09-11,2023-09-22,9145.4,39.7,34333.48,4234.73
WO0001719,HT-006,ENGINE,PM,PM-OIL,Scheduled engine oil and filter change,2023-09-25,2023-09-26,8926.4,4.3,441.72,349.76
WO0001763,HT-006,OTHER,CM,MSC-GEN,Cab / electrical / body repair,2023-11-10,2023-11-12,,17.7,1147.38,312.43
WO0001720,HT-006,ENGINE,PM,PM-OIL,Scheduled engine oil and filter change,2023-11-21,2023-11-22,9431.9,3.5,238.89,159.46
WO0001755,HT-006,FINAL_DRIVE,CM,FDR-GER,Final drive gear wear,2023-12-12,2023-12-20,9946.7,88.4,7996.19,5281.3
WO0001745,HT-006,TRANSMISSION,PM,PM-OIL,Scheduled transmission oil and filter change,2023-12-15,2023-12-16,9824.6,4.7,840.89,161.66
WO0001739,HT-006,HYDRAULIC,PM,PM-OIL,Scheduled hydraulic oil and filter change,2024-01-14,2024-01-15,9946.7,2.1,738.84,151.44
WO0001721,HT-006,ENGINE,PM,PM-OIL,Scheduled engine oil and filter change,2024-01-23,2024-01-24,9997.2,4.9,270.63,154.64
WO0001746,HT-006,TRANSMISSION,CM,TRN-GER,Gear / clutch pack wear,2024-03-07,2024-03-14,10735.2,83.5,27891.4,6706.47
WO0001757,HT-006,FINAL_DRIVE,CM,FDR-SEAL,Duo-cone seal leak,2024-03-19,2024-03-21,10748.0,75.6,8833.12,8395.58
WO0001722,HT-006,ENGINE,PM,PM-OIL,Scheduled engine oil and filter change,2024-04-03,2024-04-04,10630.8,4.6,403.76,198.52
WO0001756,HT-006,FINAL_DRIVE,PM,PM-OIL,Scheduled final_drive oil and filter change,2024-04-18,2024-04-19,10748.0,2.3,229.77,213.59
WO0001723,HT-006,ENGINE,PM,PM-OIL,Scheduled engine oil and filter change,2024-05-30,2024-05-31,11135.4,2.5,589.37,361.04
WO0001747,HT-006,TRANSMISSION,PM,PM-OIL,Scheduled transmission oil and filter change,2024-06-06,2024-06-07,11378.1,2.4,606.51,326.63
WO0001724,HT-006,ENGINE,PM,PM-OIL,Scheduled engine oil and filter change,2024-07-23,2024-07-24,11615.9,3.9,305.97,109.69
WO0001725,HT-006,ENGINE,PM,PM-OIL,Scheduled engine oil and filter change,2024-09-27,2024-09-28,12209.7,2.8,753.96,392.88
WO0001740,HT-006,HYDRAULIC,PM,PM-OIL,Scheduled hydraulic oil and filter change,2024-10-10,2024-10-11,12350.6,3.4,447.96,219.16
WO0001748,HT-006,TRANSMISSION,PM,PM-OIL,Scheduled transmission oil and filter change,2024-11-10,2024-11-11,12772.4,2.2,651.42,113.43
WO0001726,HT-006,ENGINE,PM,PM-OIL,Scheduled engine oil and filter change,2024-12-06,2024-12-07,12831.2,4.9,534.91,278.95
WO0001758,HT-006,FINAL_DRIVE,PM,PM-OIL,Scheduled final_drive oil and filter change,2024-12-17,2024-12-18,12915.7,3.3,431.86,231.97
WO0001727,HT-006,ENGINE,PM,PM-OIL,Scheduled engine oil and filter change,2025-02-04,2025-02-05,13359.2,5.0,193.17,113.48
WO0001728,HT-006,ENGINE,CM,ENG-COOL,Coolant entering crankcase,2025-02-14,2025-02-25,13651.0,111.5,42575.95,2555.22
WO0001749,HT-006,TRANSMISSION,PM,PM-OIL,Scheduled transmission oil and filter change,2025-03-01,2025-03-02,13763.3,5.7,438.13,228.64
WO0001729,HT-006,ENGINE,PM,PM-OIL,Scheduled engine oil and filter change,2025-04-08,2025-04-09,13919.8,4.9,583.43,159.46
WO0001730,HT-006,ENGINE,CM,ENG-INJ,Injector leak / fuel dilution,2025-04-14,2025-04-20,14249.5,16.5,12958.67,7672.4
WO0001732,HT-006,ENGINE,CM,ENG-BRG,Main bearing wear,2025-05-18,2025-05-27,14544.5,67.4,22446.84,3189.95
WO0001731,HT-006,ENGINE,PM,PM-OIL,Scheduled engine oil and filter change,2025-06-17,2025-06-18,14544.5,3.0,526.79,378.25
WO0001761,HT-006,OTHER,CM,MSC-GEN,Cab / electrical / body repair,2025-06-19,2025-06-21,,13.7,2298.39,1044.3
WO0001741,HT-006,HYDRAULIC,PM,PM-OIL,Scheduled hydraulic oil and filter change,2025-06-28,2025-06-29,14669.5,4.1,432.04,179.94
WO0001750,HT-006,TRANSMISSION,PM,PM-OIL,Scheduled transmission oil and filter change,2025-07-24,2025-07-25,15056.4,3.9,631.39,248.31
WO0001733,HT-006,ENGINE,PM,PM-OIL,Scheduled engine oil and filter change,2025-08-17,2025-08-18,15086.6,4.5,581.6,250.9
WO0001759,HT-006,FINAL_DRIVE,PM,PM-OIL,Scheduled final_drive oil and filter change,2025-09-03,2025-09-04,15225.2,5.1,884.57,338.58
WO0001734,HT-006,ENGINE,PM,PM-OIL,Scheduled engine oil and filter change,2025-10-17,2025-10-18,15633.2,3.7,738.13,275.15
WO0001735,HT-006,ENGINE,PM,PM-OIL,Scheduled engine oil and filter change,2025-12-18,2025-12-19,16184.2,2.6,467.09,220.87
WO0001751,HT-006,TRANSMISSION,PM,PM-OIL,Scheduled transmission oil and filter change,2026-01-09,2026-01-10,16560.0,4.2,298.67,118.28
WO0001736,HT-006,ENGINE,PM,PM-OIL,Scheduled engine oil and filter change,2026-02-08,2026-02-09,16647.2,3.0,561.2,163.56
WO0001742,HT-006,HYDRAULIC,PM,PM-OIL,Scheduled hydraulic oil and filter change,2026-03-25,2026-03-26,17073.4,6.0,298.91,172.09
WO0001737,HT-006,ENGINE,PM,PM-OIL,Scheduled engine oil and filter change,2026-04-26,2026-04-27,17337.7,5.0,298.63,302.42
WO0001752,HT-006,TRANSMISSION,PM,PM-OIL,Scheduled transmission oil and filter change,2026-05-03,2026-05-04,17577.0,3.1,618.91,233.26
WO0001760,HT-006,FINAL_DRIVE,PM,PM-OIL,Scheduled final_drive oil and filter change,2026-05-13,2026-05-14,17470.1,3.5,813.21,245.48
WO0001764,HT-007,ENGINE,PM,PM-OIL,Scheduled engine oil and filter change,2023-02-13,2023-02-14,5904.7,3.4,779.25,328.51
WO0001765,HT-007,ENGINE,PM,PM-OIL,Scheduled engine oil and filter change,2023-04-03,2023-04-04,6418.7,5.0,444.97,230.34
WO0001788,HT-007,HYDRAULIC,PM,PM-OIL,Scheduled hydraulic oil and filter change,2023-04-10,2023-04-11,6632.5,4.2,162.55,138.81
WO0001795,HT-007,TRANSMISSION,PM,PM-OIL,Scheduled transmission oil and filter change,2023-05-06,2023-05-07,6809.3,2.6,686.4,103.13
WO0001766,HT-007,ENGINE,PM,PM-OIL,Scheduled engine oil and filter change,2023-05-25,2023-05-26,6957.9,5.0,816.84,127.16
WO0001767,HT-007,ENGINE,PM,PM-OIL,Scheduled engine oil and filter change,2023-07-18,2023-07-19,7526.2,6.0,811.85,228.43
WO0001808,HT-007,FINAL_DRIVE,PM,PM-OIL,Scheduled final_drive oil and filter change,2023-07-18,2023-07-19,7571.6,4.9,387.03,255.09
WO0001815,HT-007,OTHER,CM,MSC-GEN,Cab / electrical / body repair,2023-08-15,2023-08-17,,9.1,2376.54,160.89
WO0001796,HT-007,TRANSMISSION,PM,PM-OIL,Scheduled transmission oil and filter change,2023-08-21,2023-08-22,7925.5,3.5,711.94,310.56
WO0001768,HT-007,ENGINE,PM,PM-OIL,Scheduled engine oil and filter change,2023-09-27,2023-09-28,8265.0,5.5,771.3,171.46
WO0001769,HT-007,ENGINE,PM,PM-OIL,Scheduled engine oil and filter change,2023-11-15,2023-11-16,8773.0,4.4,796.51,344.23
WO0001789,HT-007,HYDRAULIC,PM,PM-OIL,Scheduled hydraulic oil and filter change,2023-11-25,2023-11-26,9022.0,2.5,209.81,334.53
WO0001797,HT-007,TRANSMISSION,PM,PM-OIL,Scheduled transmission oil and filter change,2023-12-17,2023-12-18,9154.1,5.8,491.64,248.67
WO0001771,HT-007,ENGINE,CM,ENG-AIR,Air induction leak / dirt ingress,2024-01-02,2024-01-11,9295.1,17.5,9180.76,7962.13
WO0001770,HT-007,ENGINE,PM,PM-OIL,Scheduled engine oil and filter change,2024-01-04,2024-01-05,9295.1,3.1,191.55,275.91
WO0001798,HT-007,TRANSMISSION,CM,TRN-GER,Gear / clutch pack wear,2024-01-21,2024-02-01,9578.1,95.8,30498.23,5178.38
WO0001772,HT-007,ENGINE,PM,PM-OIL,Scheduled engine oil and filter change,2024-02-16,2024-02-17,9749.6,3.7,791.65,277.51
WO0001790,HT-007,HYDRAULIC,CM,HYD-SEAL,Cylinder seal / dirt ingress,2024-03-01,2024-03-02,10900.2,61.5,28082.97,7393.0
WO0001773,HT-007,ENGINE,PM,PM-OIL,Scheduled engine oil and filter change,2024-04-03,2024-04-04,10239.8,4.9,684.41,247.41
WO0001809,HT-007,FINAL_DRIVE,PM,PM-OIL,Scheduled final_drive oil and filter change,2024-04-13,2024-04-14,10388.9,3.9,803.9,160.62
WO0001799,HT-007,TRANSMISSION,PM,PM-OIL,Scheduled transmission oil and filter change,2024-04-30,2024-05-01,10565.2,5.7,309.31,321.99
WO0001791,HT-007,HYDRAULIC,CM,HYD-WTR,Water contamination,2024-05-10,2024-05-22,10900.2,80.3,42194.78,5606.17
WO0001774,HT-007,ENGINE,PM,PM-OIL,Scheduled engine oil and filter change,2024-06-12,2024-06-13,10969.1,4.4,520.39,158.4
WO0001775,HT-007,ENGINE,PM,PM-OIL,Scheduled engine oil and filter change,2024-08-09,2024-08-10,11577.2,5.9,197.32,210.72
WO0001792,HT-007,HYDRAULIC,PM,PM-OIL,Scheduled hydraulic oil and filter change,2024-08-21,2024-08-22,11839.3,3.9,668.97,399.11
WO0001816,HT-007,OTHER,CM,MSC-GEN,Cab / electrical / body repair,2024-08-21,2024-08-23,,3.6,1260.02,625.28
WO0001800,HT-007,TRANSMISSION,PM,PM-OIL,Scheduled transmission oil and filter change,2024-08-24,2024-08-25,11778.2,4.4,209.33,206.58
WO0001776,HT-007,ENGINE,PM,PM-OIL,Scheduled engine oil and filter change,2024-09-27,2024-09-28,12081.2,4.9,693.18,112.6
WO0001777,HT-007,ENGINE,PM,PM-OIL,Scheduled engine oil and filter change,2024-11-18,2024-11-19,12630.1,3.6,251.22,382.38
WO0001811,HT-007,FINAL_DRIVE,CM,FDR-SEAL,Duo-cone seal leak,2024-11-18,2024-11-27,13176.8,56.2,21889.36,5750.61
WO0001801,HT-007,TRANSMISSION,PM,PM-OIL,Scheduled transmission oil and filter change,2024-12-03,2024-12-04,12835.2,2.8,440.62,185.17
WO0001810,HT-007,FINAL_DRIVE,PM,PM-OIL,Scheduled final_drive oil and filter change,2025-01-05,2025-01-06,13176.8,2.7,516.13,333.8
WO0001778,HT-007,ENGINE,PM,PM-OIL,Scheduled engine oil and filter change,2025-01-09,2025-01-10,13166.1,5.4,865.04,119.85
WO0001817,HT-007,OTHER,CM,MSC-GEN,Cab / electrical / body repair,2025-02-16,2025-02-18,,18.5,2657.92,721.83
WO0001779,HT-007,ENGINE,PM,PM-OIL,Scheduled engine oil and filter change,2025-02-28,2025-03-01,13695.7,4.3,466.46,317.92
WO0001802,HT-007,TRANSMISSION,PM,PM-OIL,Scheduled transmission oil and filter change,2025-03-10,2025-03-11,13838.5,5.8,640.92,377.42
WO0001780,HT-007,ENGINE,PM,PM-OIL,Scheduled engine oil and filter change,2025-04-21,2025-04-22,14237.8,5.3,153.06,276.67
WO0001793,HT-007,HYDRAULIC,PM,PM-OIL,Scheduled hydraulic oil and filter change,2025-05-18,2025-05-19,14656.7,2.3,812.41,150.79
WO0001814,HT-007,OTHER,CM,MSC-GEN,Cab / electrical / body repair,2025-06-04,2025-06-06,,10.5,1503.7,446.61
WO0001781,HT-007,ENGINE,PM,PM-OIL,Scheduled engine oil and filter change,2025-06-07,2025-06-08,14725.8,4.8,839.01,316.74
WO0001803,HT-007,TRANSMISSION,PM,PM-OIL,Scheduled transmission oil and filter change,2025-08-04,2025-08-05,15376.1,3.4,234.49,198.29
WO0001782,HT-007,ENGINE,PM,PM-OIL,Scheduled engine oil and filter change,2025-08-12,2025-08-13,15408.7,2.2,517.54,254.47
WO0001812,HT-007,FINAL_DRIVE,PM,PM-OIL,Scheduled final_drive oil and filter change,2025-09-14,2025-09-15,15802.2,4.2,796.21,104.84
WO0001783,HT-007,ENGINE,PM,PM-OIL,Scheduled engine oil and filter change,2025-10-03,2025-10-04,15957.4,4.9,235.83,308.04
WO0001804,HT-007,TRANSMISSION,PM,PM-OIL,Scheduled transmission oil and filter change,2025-11-17,2025-11-18,16477.7,2.4,651.92,218.85
WO0001784,HT-007,ENGINE,PM,PM-OIL,Scheduled engine oil and filter change,2025-12-03,2025-12-04,16593.0,4.8,530.08,315.12
WO0001805,HT-007,TRANSMISSION,CM,TRN-GER,Gear / clutch pack wear,2025-12-18,2025-12-30,17018.1,106.0,40657.47,2833.02
WO0001785,HT-007,ENGINE,PM,PM-OIL,Scheduled engine oil and filter change,2026-02-03,2026-02-04,17239.6,2.9,200.99,369.0
WO0001794,HT-007,HYDRAULIC,PM,PM-OIL,Scheduled hydraulic oil and filter change,2026-02-08,2026-02-09,17435.1,5.9,686.92,243.24
WO0001807,HT-007,TRANSMISSION,CM,TRN-BRG,Transmission bearing wear,2026-02-27,2026-03-09,17873.4,35.7,43939.6,8973.18
WO0001806,HT-007,TRANSMISSION,PM,PM-OIL,Scheduled transmission oil and filter change,2026-03-31,2026-04-01,17873.4,3.5,438.89,114.6
WO0001786,HT-007,ENGINE,PM,PM-OIL,Scheduled engine oil and filter change,2026-04-03,2026-04-04,17859.7,4.4,562.71,309.79
WO0001787,HT-007,ENGINE,PM,PM-OIL,Scheduled engine oil and filter change,2026-05-20,2026-05-21,18344.3,2.3,190.62,258.81
WO0001813,HT-007,FINAL_DRIVE,PM,PM-OIL,Scheduled final_drive oil and filter change,2026-06-10,2026-06-11,18614.4,4.3,363.88,307.56
WO0001818,HT-008,ENGINE,PM,PM-OIL,Scheduled engine oil and filter change,2023-02-14,2023-02-15,6937.6,3.7,243.97,129.78
WO0001843,HT-008,TRANSMISSION,PM,PM-OIL,Scheduled transmission oil and filter change,2023-03-16,2023-03-17,7202.9,4.7,874.48,251.7
WO0001860,HT-008,OTHER,CM,MSC-GEN,Cab / electrical / body repair,2023-03-23,2023-03-25,,10.4,2296.02,621.19
WO0001819,HT-008,ENGINE,PM,PM-OIL,Scheduled engine oil and filter change,2023-04-07,2023-04-08,7427.8,5.9,178.42,188.57
WO0001820,HT-008,ENGINE,PM,PM-OIL,Scheduled engine oil and filter change,2023-06-16,2023-06-17,8087.5,4.6,662.65,355.73
WO0001854,HT-008,FINAL_DRIVE,PM,PM-OIL,Scheduled final_drive oil and filter change,2023-07-05,2023-07-06,8375.9,4.6,492.88,211.83
WO0001838,HT-008,HYDRAULIC,PM,PM-OIL,Scheduled hydraulic oil and filter change,2023-07-14,2023-07-15,8375.9,5.2,253.88,289.53
WO0001821,HT-008,ENGINE,PM,PM-OIL,Scheduled engine oil and filter change,2023-08-21,2023-08-22,8701.1,3.6,364.69,214.15
WO0001844,HT-008,TRANSMISSION,PM,PM-OIL,Scheduled transmission oil and filter change,2023-08-27,2023-08-28,8736.9,3.4,423.75,161.42
WO0001855,HT-008,FINAL_DRIVE,CM,FDR-SEAL,Duo-cone seal leak,2023-10-19,2023-10-28,10061.2,56.8,36380.99,5667.01
WO0001822,HT-008,ENGINE,PM,PM-OIL,Scheduled engine oil and filter change,2023-10-21,2023-10-22,9270.0,3.1,713.74,133.87
WO0001845,HT-008,TRANSMISSION,PM,PM-OIL,Scheduled transmission oil and filter change,2023-12-23,2023-12-24,9838.6,5.1,793.11,399.59
WO0001823,HT-008,ENGINE,PM,PM-OIL,Scheduled engine oil and filter change,2024-01-10,2024-01-11,10033.3,5.4,257.13,357.46
WO0001824,HT-008,ENGINE,PM,PM-OIL,Scheduled engine oil and filter change,2024-03-18,2024-03-19,10668.9,2.6,306.05,165.32
WO0001856,HT-008,FINAL_DRIVE,PM,PM-OIL,Scheduled final_drive oil and filter change,2024-03-31,2024-04-01,10903.9,3.5,418.34,290.46
WO0001839,HT-008,HYDRAULIC,PM,PM-OIL,Scheduled hydraulic oil and filter change,2024-04-04,2024-04-05,10850.8,4.1,559.34,373.66
WO0001846,HT-008,TRANSMISSION,PM,PM-OIL,Scheduled transmission oil and filter change,2024-04-22,2024-04-23,10973.5,3.2,592.36,360.04
WO0001825,HT-008,ENGINE,PM,PM-OIL,Scheduled engine oil and filter change,2024-05-13,2024-05-14,11188.4,2.0,734.91,269.08
WO0001826,HT-008,ENGINE,PM,PM-OIL,Scheduled engine oil and filter change,2024-07-08,2024-07-09,11712.0,4.8,866.87,140.61
WO0001827,HT-008,ENGINE,PM,PM-OIL,Scheduled engine oil and filter change,2024-08-29,2024-08-30,12202.1,3.3,886.46,159.74
WO0001847,HT-008,TRANSMISSION,PM,PM-OIL,Scheduled transmission oil and filter change,2024-09-16,2024-09-17,12350.9,2.9,186.28,295.84
WO0001828,HT-008,ENGINE,PM,PM-OIL,Scheduled engine oil and filter change,2024-10-31,2024-11-01,12794.3,2.7,155.81,161.07
WO0001857,HT-008,FINAL_DRIVE,PM,PM-OIL,Scheduled final_drive oil and filter change,2024-12-05,2024-12-06,13236.9,5.3,597.49,123.06
WO0001840,HT-008,HYDRAULIC,PM,PM-OIL,Scheduled hydraulic oil and filter change,2024-12-30,2024-12-31,13378.8,3.9,324.77,144.83
WO0001829,HT-008,ENGINE,PM,PM-OIL,Scheduled engine oil and filter change,2025-01-04,2025-01-05,13399.7,5.7,155.61,399.82
WO0001848,HT-008,TRANSMISSION,PM,PM-OIL,Scheduled transmission oil and filter change,2025-01-19,2025-01-20,13520.3,4.8,458.6,200.05
WO0001830,HT-008,ENGINE,PM,PM-OIL,Scheduled engine oil and filter change,2025-02-24,2025-02-25,13882.5,3.1,599.63,160.43
WO0001831,HT-008,ENGINE,PM,PM-OIL,Scheduled engine oil and filter change,2025-05-01,2025-05-02,14494.7,2.8,867.87,105.81
WO0001849,HT-008,TRANSMISSION,PM,PM-OIL,Scheduled transmission oil and filter change,2025-06-25,2025-06-26,14997.0,3.7,358.81,165.07
WO0001832,HT-008,ENGINE,PM,PM-OIL,Scheduled engine oil and filter change,2025-07-02,2025-07-03,15074.1,4.3,531.55,274.29
WO0001858,HT-008,FINAL_DRIVE,PM,PM-OIL,Scheduled final_drive oil and filter change,2025-08-12,2025-08-13,15582.3,5.5,580.56,142.82
WO0001833,HT-008,ENGINE,PM,PM-OIL,Scheduled engine oil and filter change,2025-09-03,2025-09-04,15667.5,2.7,609.02,285.47
WO0001851,HT-008,TRANSMISSION,CM,TRN-GER,Gear / clutch pack wear,2025-09-24,2025-10-03,16036.2,50.4,4567.29,5221.92
WO0001841,HT-008,HYDRAULIC,PM,PM-OIL,Scheduled hydraulic oil and filter change,2025-09-26,2025-09-27,15906.8,3.4,271.76,299.54
WO0001850,HT-008,TRANSMISSION,PM,PM-OIL,Scheduled transmission oil and filter change,2025-10-14,2025-10-15,16036.2,3.5,242.92,177.92
WO0001834,HT-008,ENGINE,PM,PM-OIL,Scheduled engine oil and filter change,2025-11-05,2025-11-06,16256.6,4.9,757.6,229.49
WO0001835,HT-008,ENGINE,PM,PM-OIL,Scheduled engine oil and filter change,2025-12-29,2025-12-30,16764.0,2.2,775.7,153.15
WO0001852,HT-008,TRANSMISSION,PM,PM-OIL,Scheduled transmission oil and filter change,2026-02-02,2026-02-03,17073.2,3.6,266.72,392.45
WO0001836,HT-008,ENGINE,PM,PM-OIL,Scheduled engine oil and filter change,2026-02-19,2026-02-20,17248.5,3.4,678.31,310.11
WO0001837,HT-008,ENGINE,PM,PM-OIL,Scheduled engine oil and filter change,2026-04-20,2026-04-21,17809.5,4.1,684.18,257.81
WO0001859,HT-008,FINAL_DRIVE,PM,PM-OIL,Scheduled final_drive oil and filter change,2026-05-03,2026-05-04,18055.4,3.7,715.83,120.14
WO0001842,HT-008,HYDRAULIC,PM,PM-OIL,Scheduled hydraulic oil and filter change,2026-05-08,2026-05-09,18003.6,5.1,845.91,147.31
WO0001853,HT-008,TRANSMISSION,PM,PM-OIL,Scheduled transmission oil and filter change,2026-06-04,2026-06-05,18212.7,2.1,512.51,372.49
WO0001889,HT-009,TRANSMISSION,PM,PM-OIL,Scheduled transmission oil and filter change,2023-02-13,2023-02-14,1338.6,4.2,719.01,153.23
WO0001861,HT-009,ENGINE,PM,PM-OIL,Scheduled engine oil and filter change,2023-02-23,2023-02-24,1236.8,3.8,178.63,291.66
WO0001862,HT-009,ENGINE,PM,PM-OIL,Scheduled engine oil and filter change,2023-04-21,2023-04-22,1826.9,2.3,709.39,275.92
WO0001890,HT-009,TRANSMISSION,PM,PM-OIL,Scheduled transmission oil and filter change,2023-05-27,2023-05-28,2423.0,5.4,270.77,142.92
WO0001863,HT-009,ENGINE,PM,PM-OIL,Scheduled engine oil and filter change,2023-06-04,2023-06-05,2293.8,3.4,287.61,354.8
WO0001903,HT-009,FINAL_DRIVE,PM,PM-OIL,Scheduled final_drive oil and filter change,2023-07-05,2023-07-06,2774.9,3.9,869.48,329.65
WO0001884,HT-009,HYDRAULIC,PM,PM-OIL,Scheduled hydraulic oil and filter change,2023-07-17,2023-07-18,2789.4,5.9,230.29,268.42
WO0001864,HT-009,ENGINE,PM,PM-OIL,Scheduled engine oil and filter change,2023-07-25,2023-07-26,2833.0,4.6,543.31,245.47
WO0001865,HT-009,ENGINE,PM,PM-OIL,Scheduled engine oil and filter change,2023-09-16,2023-09-17,3389.9,5.5,870.74,279.09
WO0001891,HT-009,TRANSMISSION,PM,PM-OIL,Scheduled transmission oil and filter change,2023-09-20,2023-09-21,3644.9,2.8,623.24,265.45
WO0001904,HT-009,FINAL_DRIVE,CM,FDR-GER,Final drive gear wear,2023-10-14,2023-10-15,4564.9,47.6,33208.7,8889.94
WO0001866,HT-009,ENGINE,PM,PM-OIL,Scheduled engine oil and filter change,2023-11-08,2023-11-09,3941.6,2.4,382.27,309.58
WO0001867,HT-009,ENGINE,PM,PM-OIL,Scheduled engine oil and filter change,2023-12-23,2023-12-24,4409.9,5.0,316.64,315.45
WO0001892,HT-009,TRANSMISSION,PM,PM-OIL,Scheduled transmission oil and filter change,2023-12-27,2023-12-28,4673.5,2.2,201.78,223.2
WO0001868,HT-009,ENGINE,PM,PM-OIL,Scheduled engine oil and filter change,2024-02-14,2024-02-15,4970.9,5.2,873.06,134.71
WO0001905,HT-009,FINAL_DRIVE,PM,PM-OIL,Scheduled final_drive oil and filter change,2024-03-21,2024-03-22,5509.9,4.7,375.42,362.14
WO0001894,HT-009,TRANSMISSION,CM,TRN-BRG,Transmission bearing wear,2024-04-08,2024-04-13,5778.3,74.2,17847.18,3372.24
WO0001893,HT-009,TRANSMISSION,PM,PM-OIL,Scheduled transmission oil and filter change,2024-04-11,2024-04-12,5778.3,5.3,246.39,220.16
WO0001869,HT-009,ENGINE,PM,PM-OIL,Scheduled engine oil and filter change,2024-04-12,2024-04-13,5578.6,2.5,421.5,386.4
WO0001885,HT-009,HYDRAULIC,PM,PM-OIL,Scheduled hydraulic oil and filter change,2024-04-12,2024-04-13,5624.4,3.0,723.3,187.65
WO0001906,HT-009,FINAL_DRIVE,CM,FDR-GER,Final drive gear wear,2024-06-17,2024-06-28,6454.9,88.7,25199.97,7852.99
WO0001870,HT-009,ENGINE,PM,PM-OIL,Scheduled engine oil and filter change,2024-06-19,2024-06-20,6290.1,4.9,739.95,126.32
WO0001871,HT-009,ENGINE,PM,PM-OIL,Scheduled engine oil and filter change,2024-08-15,2024-08-16,6893.5,4.6,775.61,214.49
WO0001895,HT-009,TRANSMISSION,PM,PM-OIL,Scheduled transmission oil and filter change,2024-08-29,2024-08-30,7252.8,3.8,820.13,374.83
WO0001872,HT-009,ENGINE,PM,PM-OIL,Scheduled engine oil and filter change,2024-10-20,2024-10-21,7581.2,2.0,554.12,176.76
WO0001907,HT-009,FINAL_DRIVE,PM,PM-OIL,Scheduled final_drive oil and filter change,2024-11-05,2024-11-06,7905.9,3.0,603.05,285.93
WO0001873,HT-009,ENGINE,PM,PM-OIL,Scheduled engine oil and filter change,2024-12-06,2024-12-07,8076.4,4.1,491.8,354.47
WO0001896,HT-009,TRANSMISSION,PM,PM-OIL,Scheduled transmission oil and filter change,2024-12-09,2024-12-10,8327.4,5.1,498.66,377.93
WO0001886,HT-009,HYDRAULIC,PM,PM-OIL,Scheduled hydraulic oil and filter change,2025-01-07,2025-01-08,8459.5,5.0,688.93,218.37
WO0001874,HT-009,ENGINE,PM,PM-OIL,Scheduled engine oil and filter change,2025-01-24,2025-01-25,8591.9,4.9,547.55,282.33
WO0001875,HT-009,ENGINE,PM,PM-OIL,Scheduled engine oil and filter change,2025-03-22,2025-03-23,9192.5,2.6,651.83,132.25
WO0001897,HT-009,TRANSMISSION,PM,PM-OIL,Scheduled transmission oil and filter change,2025-03-29,2025-03-30,9475.6,3.9,174.09,227.52
WO0001876,HT-009,ENGINE,PM,PM-OIL,Scheduled engine oil and filter change,2025-05-19,2025-05-20,9801.4,2.9,844.59,140.79
WO0001898,HT-009,TRANSMISSION,CM,TRN-BRG,Transmission bearing wear,2025-06-05,2025-06-08,10388.7,84.3,27487.6,1111.24
WO0001877,HT-009,ENGINE,PM,PM-OIL,Scheduled engine oil and filter change,2025-07-27,2025-07-28,10524.4,3.6,273.18,245.57
WO0001908,HT-009,FINAL_DRIVE,PM,PM-OIL,Scheduled final_drive oil and filter change,2025-07-31,2025-08-01,10725.7,4.1,521.11,232.98
WO0001899,HT-009,TRANSMISSION,PM,PM-OIL,Scheduled transmission oil and filter change,2025-08-19,2025-08-20,10977.0,3.2,475.82,165.45
WO0001878,HT-009,ENGINE,PM,PM-OIL,Scheduled engine oil and filter change,2025-09-13,2025-09-14,11029.5,4.1,848.86,100.59
WO0001887,HT-009,HYDRAULIC,PM,PM-OIL,Scheduled hydraulic oil and filter change,2025-10-04,2025-10-05,11294.5,2.1,577.5,245.0
WO0001879,HT-009,ENGINE,PM,PM-OIL,Scheduled engine oil and filter change,2025-10-30,2025-10-31,11520.3,2.6,496.12,137.6
WO0001901,HT-009,TRANSMISSION,CM,TRN-GER,Gear / clutch pack wear,2025-11-18,2025-11-21,12016.2,40.9,15017.83,4990.01
WO0001900,HT-009,TRANSMISSION,PM,PM-OIL,Scheduled transmission oil and filter change,2025-11-26,2025-11-27,12016.2,2.6,435.92,374.08
WO0001880,HT-009,ENGINE,PM,PM-OIL,Scheduled engine oil and filter change,2025-12-19,2025-12-20,12046.9,3.1,639.54,260.06
WO0001912,HT-009,OTHER,CM,MSC-GEN,Cab / electrical / body repair,2026-01-30,2026-02-01,,17.8,1369.92,993.46
WO0001881,HT-009,ENGINE,PM,PM-OIL,Scheduled engine oil and filter change,2026-02-24,2026-02-25,12747.1,6.0,639.09,323.7
WO0001902,HT-009,TRANSMISSION,PM,PM-OIL,Scheduled transmission oil and filter change,2026-03-26,2026-03-27,13282.3,5.6,507.26,100.66
WO0001882,HT-009,ENGINE,PM,PM-OIL,Scheduled engine oil and filter change,2026-04-23,2026-04-24,13361.1,5.8,491.34,386.42
WO0001909,HT-009,FINAL_DRIVE,PM,PM-OIL,Scheduled final_drive oil and filter change,2026-04-27,2026-04-28,13560.7,3.3,554.97,337.25
WO0001910,HT-009,FINAL_DRIVE,CM,FDR-SEAL,Duo-cone seal leak,2026-05-01,2026-05-04,13560.7,60.3,13224.09,8409.48
WO0001911,HT-009,OTHER,CM,MSC-GEN,Cab / electrical / body repair,2026-05-08,2026-05-10,,19.5,1532.55,644.63
WO0001888,HT-009,HYDRAULIC,PM,PM-OIL,Scheduled hydraulic oil and filter change,2026-06-11,2026-06-12,13923.7,5.2,789.66,143.23
WO0001883,HT-009,ENGINE,PM,PM-OIL,Scheduled engine oil and filter change,2026-06-20,2026-06-21,13968.0,5.6,801.75,256.03
WO0001940,HT-010,TRANSMISSION,PM,PM-OIL,Scheduled transmission oil and filter change,2023-02-21,2023-02-22,5708.2,4.3,288.56,394.92
WO0001913,HT-010,ENGINE,PM,PM-OIL,Scheduled engine oil and filter change,2023-03-13,2023-03-14,5711.6,4.7,459.37,288.86
WO0001932,HT-010,HYDRAULIC,PM,PM-OIL,Scheduled hydraulic oil and filter change,2023-04-21,2023-04-22,6034.3,4.8,222.49,338.6
WO0001914,HT-010,ENGINE,PM,PM-OIL,Scheduled engine oil and filter change,2023-05-19,2023-05-20,6274.1,3.5,497.61,162.78
WO0001915,HT-010,ENGINE,PM,PM-OIL,Scheduled engine oil and filter change,2023-07-26,2023-07-27,6846.6,3.0,810.27,243.5
WO0001941,HT-010,TRANSMISSION,PM,PM-OIL,Scheduled transmission oil and filter change,2023-08-06,2023-08-07,7108.2,4.9,508.76,213.61
WO0001950,HT-010,FINAL_DRIVE,CM,FDR-GER,Final drive gear wear,2023-08-11,2023-08-21,7532.5,103.6,25318.03,2860.63
WO0001916,HT-010,ENGINE,PM,PM-OIL,Scheduled engine oil and filter change,2023-09-22,2023-09-23,7337.4,2.6,388.98,356.48
WO0001949,HT-010,FINAL_DRIVE,PM,PM-OIL,Scheduled final_drive oil and filter change,2023-10-03,2023-10-04,7532.5,4.9,323.13,349.67
WO0001917,HT-010,ENGINE,PM,PM-OIL,Scheduled engine oil and filter change,2023-12-12,2023-12-13,8017.3,2.7,429.02,348.96
WO0001942,HT-010,TRANSMISSION,PM,PM-OIL,Scheduled transmission oil and filter change,2023-12-24,2023-12-25,8282.9,5.0,868.73,117.31
WO0001934,HT-010,HYDRAULIC,CM,HYD-PMP,Hydraulic pump wear,2024-01-01,2024-01-07,8305.6,86.0,41746.64,5468.92
WO0001933,HT-010,HYDRAULIC,PM,PM-OIL,Scheduled hydraulic oil and filter change,2024-01-16,2024-01-17,8305.6,5.1,639.17,299.94
WO0001918,HT-010,ENGINE,PM,PM-OIL,Scheduled engine oil and filter change,2024-03-06,2024-03-07,8736.4,4.5,280.34,373.15
WO0001935,HT-010,HYDRAULIC,CM,HYD-WTR,Water contamination,2024-04-01,2024-04-08,9062.7,114.5,44195.64,7728.45
WO0001943,HT-010,TRANSMISSION,PM,PM-OIL,Scheduled transmission oil and filter change,2024-05-18,2024-05-19,9511.1,2.9,836.67,234.93
WO0001919,HT-010,ENGINE,PM,PM-OIL,Scheduled engine oil and filter change,2024-06-02,2024-06-03,9478.6,3.0,893.86,192.16
WO0001951,HT-010,FINAL_DRIVE,PM,PM-OIL,Scheduled final_drive oil and filter change,2024-06-29,2024-06-30,9803.8,5.2,734.85,131.87
WO0001920,HT-010,ENGINE,PM,PM-OIL,Scheduled engine oil and filter change,2024-08-14,2024-08-15,10089.3,2.8,865.96,138.79
WO0001936,HT-010,HYDRAULIC,PM,PM-OIL,Scheduled hydraulic oil and filter change,2024-10-12,2024-10-13,10576.9,5.1,830.07,121.55
WO0001956,HT-010,OTHER,CM,MSC-GEN,Cab / electrical / body repair,2024-10-20,2024-10-22,,16.9,2771.4,807.57
WO0001921,HT-010,ENGINE,PM,PM-OIL,Scheduled engine oil and filter change,2024-10-27,2024-10-28,10713.9,5.3,794.01,300.48
WO0001944,HT-010,TRANSMISSION,PM,PM-OIL,Scheduled transmission oil and filter change,2024-11-01,2024-11-02,10919.0,3.1,248.46,343.25
WO0001922,HT-010,ENGINE,CM,ENG-COOL,Coolant entering crankcase,2024-11-26,2024-11-27,11021.5,22.1,4317.13,4762.03
WO0001923,HT-010,ENGINE,PM,PM-OIL,Scheduled engine oil and filter change,2025-01-06,2025-01-07,11304.9,5.8,834.98,257.01
WO0001924,HT-010,ENGINE,PM,PM-OIL,Scheduled engine oil and filter change,2025-03-23,2025-03-24,11950.9,2.8,820.04,311.58
WO0001952,HT-010,FINAL_DRIVE,PM,PM-OIL,Scheduled final_drive oil and filter change,2025-03-26,2025-03-27,12075.1,4.9,259.53,214.77
WO0001945,HT-010,TRANSMISSION,PM,PM-OIL,Scheduled transmission oil and filter change,2025-04-29,2025-04-30,12418.1,4.2,835.51,209.98
WO0001925,HT-010,ENGINE,PM,PM-OIL,Scheduled engine oil and filter change,2025-05-28,2025-05-29,12507.1,5.6,172.39,198.99
WO0001937,HT-010,HYDRAULIC,PM,PM-OIL,Scheduled hydraulic oil and filter change,2025-07-09,2025-07-10,12848.2,3.5,536.89,252.51
WO0001938,HT-010,HYDRAULIC,CM,HYD-WTR,Water contamination,2025-07-13,2025-07-25,13605.3,91.1,42326.88,1121.2
WO0001926,HT-010,ENGINE,PM,PM-OIL,Scheduled engine oil and filter change,2025-07-28,2025-07-29,13012.5,3.5,668.4,328.11
WO0001946,HT-010,TRANSMISSION,PM,PM-OIL,Scheduled transmission oil and filter change,2025-08-29,2025-08-30,13445.1,5.1,775.05,360.7
WO0001927,HT-010,ENGINE,PM,PM-OIL,Scheduled engine oil and filter change,2025-10-13,2025-10-14,13666.2,3.5,841.04,386.79
WO0001954,HT-010,OTHER,CM,MSC-GEN,Cab / electrical / body repair,2025-12-04,2025-12-06,,7.9,324.66,796.04
WO0001955,HT-010,OTHER,CM,MSC-GEN,Cab / electrical / body repair,2025-12-04,2025-12-06,,7.4,629.08,1176.49
WO0001953,HT-010,FINAL_DRIVE,PM,PM-OIL,Scheduled final_drive oil and filter change,2025-12-21,2025-12-22,14346.4,3.2,710.48,145.25
WO0001929,HT-010,ENGINE,CM,ENG-AIR,Air induction leak / dirt ingress,2026-01-01,2026-01-12,14366.3,41.3,16517.92,2706.85
WO0001928,HT-010,ENGINE,PM,PM-OIL,Scheduled engine oil and filter change,2026-01-04,2026-01-05,14366.3,3.4,535.24,309.29
WO0001947,HT-010,TRANSMISSION,PM,PM-OIL,Scheduled transmission oil and filter change,2026-02-17,2026-02-18,14891.4,4.6,504.43,185.62
WO0001930,HT-010,ENGINE,PM,PM-OIL,Scheduled engine oil and filter change,2026-03-26,2026-03-27,15043.5,5.7,308.26,389.18
WO0001939,HT-010,HYDRAULIC,PM,PM-OIL,Scheduled hydraulic oil and filter change,2026-03-28,2026-03-29,15057.3,3.7,831.36,197.24
WO0001931,HT-010,ENGINE,PM,PM-OIL,Scheduled engine oil and filter change,2026-06-02,2026-06-03,15612.7,2.3,621.5,112.22
WO0001948,HT-010,TRANSMISSION,PM,PM-OIL,Scheduled transmission oil and filter change,2026-06-23,2026-06-24,15954.7,4.6,449.34,108.65
WO0001957,HT-011,ENGINE,PM,PM-OIL,Scheduled engine oil and filter change,2023-01-29,2023-01-30,5240.5,4.0,288.27,241.74
WO0001989,HT-011,TRANSMISSION,PM,PM-OIL,Scheduled transmission oil and filter change,2023-03-01,2023-03-02,5466.9,5.5,682.16,206.01
WO0002002,HT-011,FINAL_DRIVE,PM,PM-OIL,Scheduled final_drive oil and filter change,2023-03-08,2023-03-09,5581.9,3.8,772.53,178.92
WO0001958,HT-011,ENGINE,PM,PM-OIL,Scheduled engine oil and filter change,2023-03-11,2023-03-12,5736.8,3.5,735.57,276.35
WO0002008,HT-011,OTHER,CM,MSC-GEN,Cab / electrical / body repair,2023-04-08,2023-04-10,,16.4,2928.46,572.71
WO0001959,HT-011,ENGINE,PM,PM-OIL,Scheduled engine oil and filter change,2023-04-23,2023-04-24,6247.4,2.7,301.16,286.94
WO0001990,HT-011,TRANSMISSION,PM,PM-OIL,Scheduled transmission oil and filter change,2023-05-23,2023-05-24,6460.1,5.9,453.59,113.14
WO0001960,HT-011,ENGINE,PM,PM-OIL,Scheduled engine oil and filter change,2023-06-09,2023-06-10,6815.7,3.1,495.08,147.22
WO0001982,HT-011,HYDRAULIC,PM,PM-OIL,Scheduled hydraulic oil and filter change,2023-07-28,2023-07-29,7358.5,4.5,798.3,124.96
WO0001961,HT-011,ENGINE,PM,PM-OIL,Scheduled engine oil and filter change,2023-08-10,2023-08-11,7547.1,3.2,824.91,249.6
WO0001991,HT-011,TRANSMISSION,PM,PM-OIL,Scheduled transmission oil and filter change,2023-09-13,2023-09-14,7809.1,2.4,258.75,140.04
WO0001962,HT-011,ENGINE,PM,PM-OIL,Scheduled engine oil and filter change,2023-10-07,2023-10-08,8247.9,5.7,831.59,321.34
WO0002003,HT-011,FINAL_DRIVE,PM,PM-OIL,Scheduled final_drive oil and filter change,2023-10-28,2023-10-29,8365.4,2.6,422.17,333.78
WO0001963,HT-011,ENGINE,PM,PM-OIL,Scheduled engine oil and filter change,2023-11-22,2023-11-23,8788.8,5.8,591.71,204.08
WO0001964,HT-011,ENGINE,PM,PM-OIL,Scheduled engine oil and filter change,2024-01-06,2024-01-07,9325.1,2.9,294.37,294.07
WO0001992,HT-011,TRANSMISSION,PM,PM-OIL,Scheduled transmission oil and filter change,2024-01-17,2024-01-18,9314.4,3.4,533.37,248.5
WO0001965,HT-011,ENGINE,PM,PM-OIL,Scheduled engine oil and filter change,2024-02-22,2024-02-23,9892.6,2.3,728.03,235.24
WO0001983,HT-011,HYDRAULIC,PM,PM-OIL,Scheduled hydraulic oil and filter change,2024-02-26,2024-02-27,9901.8,5.7,853.78,377.49
WO0001993,HT-011,TRANSMISSION,PM,PM-OIL,Scheduled transmission oil and filter change,2024-04-17,2024-04-18,10403.4,2.1,224.28,273.94
WO0001966,HT-011,ENGINE,PM,PM-OIL,Scheduled engine oil and filter change,2024-04-20,2024-04-21,10582.6,2.5,825.3,396.92
WO0001984,HT-011,HYDRAULIC,CM,HYD-SEAL,Cylinder seal / dirt ingress,2024-04-28,2024-05-10,10935.9,40.7,12468.32,5284.88
WO0001967,HT-011,ENGINE,PM,PM-OIL,Scheduled engine oil and filter change,2024-06-03,2024-06-04,11106.1,2.7,484.11,169.08
WO0002004,HT-011,FINAL_DRIVE,PM,PM-OIL,Scheduled final_drive oil and filter change,2024-06-10,2024-06-11,11068.4,2.7,248.95,159.49
WO0001968,HT-011,ENGINE,PM,PM-OIL,Scheduled engine oil and filter change,2024-07-31,2024-08-01,11803.2,5.8,340.45,189.1
WO0001985,HT-011,HYDRAULIC,PM,PM-OIL,Scheduled hydraulic oil and filter change,2024-08-17,2024-08-18,11971.6,4.7,467.74,299.25
WO0001994,HT-011,TRANSMISSION,PM,PM-OIL,Scheduled transmission oil and filter change,2024-08-26,2024-08-27,11965.4,4.7,682.62,288.08
WO0001969,HT-011,ENGINE,PM,PM-OIL,Scheduled engine oil and filter change,2024-10-02,2024-10-03,12553.6,5.6,640.51,348.37
WO0002010,HT-011,OTHER,CM,MSC-GEN,Cab / electrical / body repair,2024-11-18,2024-11-20,,4.1,199.92,764.09
WO0001970,HT-011,ENGINE,PM,PM-OIL,Scheduled engine oil and filter change,2024-11-24,2024-11-25,13190.3,3.4,444.53,317.53
WO0001995,HT-011,TRANSMISSION,PM,PM-OIL,Scheduled transmission oil and filter change,2024-11-26,2024-11-27,13064.7,2.5,799.77,102.39
WO0002005,HT-011,FINAL_DRIVE,PM,PM-OIL,Scheduled final_drive oil and filter change,2025-01-22,2025-01-23,13772.7,3.5,172.57,319.79
WO0001971,HT-011,ENGINE,PM,PM-OIL,Scheduled engine oil and filter change,2025-01-27,2025-01-28,13946.5,5.3,404.73,387.48
WO0001986,HT-011,HYDRAULIC,PM,PM-OIL,Scheduled hydraulic oil and filter change,2025-02-04,2025-02-05,14006.0,5.6,493.18,258.84
WO0001996,HT-011,TRANSMISSION,PM,PM-OIL,Scheduled transmission oil and filter change,2025-02-19,2025-02-20,14078.0,5.6,892.28,285.9
WO0001972,HT-011,ENGINE,PM,PM-OIL,Scheduled engine oil and filter change,2025-03-11,2025-03-12,14469.4,5.0,697.72,315.03
WO0001973,HT-011,ENGINE,PM,PM-OIL,Scheduled engine oil and filter change,2025-04-22,2025-04-23,14965.6,3.2,628.45,397.24
WO0001997,HT-011,TRANSMISSION,PM,PM-OIL,Scheduled transmission oil and filter change,2025-05-22,2025-05-23,15177.3,5.1,350.31,373.13
WO0001974,HT-011,ENGINE,PM,PM-OIL,Scheduled engine oil and filter change,2025-06-22,2025-06-23,15698.5,4.7,234.81,366.2
WO0001987,HT-011,HYDRAULIC,PM,PM-OIL,Scheduled hydraulic oil and filter change,2025-07-24,2025-07-25,16039.4,4.8,291.58,172.13
WO0001975,HT-011,ENGINE,PM,PM-OIL,Scheduled engine oil and filter change,2025-08-24,2025-08-25,16449.9,4.7,233.04,395.52
WO0001998,HT-011,TRANSMISSION,PM,PM-OIL,Scheduled transmission oil and filter change,2025-09-06,2025-09-07,16452.8,4.3,240.09,309.63
WO0002006,HT-011,FINAL_DRIVE,PM,PM-OIL,Scheduled final_drive oil and filter change,2025-09-21,2025-09-22,16656.5,2.0,455.77,143.4
WO0001976,HT-011,ENGINE,PM,PM-OIL,Scheduled engine oil and filter change,2025-10-05,2025-10-06,16952.2,5.0,168.81,365.69
WO0001977,HT-011,ENGINE,PM,PM-OIL,Scheduled engine oil and filter change,2025-11-28,2025-11-29,17594.1,3.3,349.89,260.99
WO0001999,HT-011,TRANSMISSION,PM,PM-OIL,Scheduled transmission oil and filter change,2026-01-01,2026-01-02,17848.8,2.8,858.37,199.16
WO0001978,HT-011,ENGINE,PM,PM-OIL,Scheduled engine oil and filter change,2026-01-12,2026-01-13,18132.2,4.3,728.59,194.36
WO0002009,HT-011,OTHER,CM,MSC-GEN,Cab / electrical / body repair,2026-01-15,2026-01-17,,9.1,519.37,1006.65
WO0002007,HT-011,FINAL_DRIVE,PM,PM-OIL,Scheduled final_drive oil and filter change,2026-03-06,2026-03-07,18642.1,4.8,524.36,195.03
WO0001979,HT-011,ENGINE,PM,PM-OIL,Scheduled engine oil and filter change,2026-03-07,2026-03-08,18777.2,2.3,772.16,312.76
WO0001988,HT-011,HYDRAULIC,PM,PM-OIL,Scheduled hydraulic oil and filter change,2026-03-18,2026-03-19,18866.8,5.4,162.49,337.24
WO0002000,HT-011,TRANSMISSION,PM,PM-OIL,Scheduled transmission oil and filter change,2026-04-06,2026-04-07,18985.5,4.1,329.21,284.09
WO0001980,HT-011,ENGINE,PM,PM-OIL,Scheduled engine oil and filter change,2026-05-07,2026-05-08,19499.1,3.2,435.36,163.95
WO0001981,HT-011,ENGINE,PM,PM-OIL,Scheduled engine oil and filter change,2026-06-21,2026-06-22,20044.0,2.6,410.5,128.05
WO0002001,HT-011,TRANSMISSION,PM,PM-OIL,Scheduled transmission oil and filter change,2026-06-28,2026-06-29,19983.8,4.6,785.07,324.61
WO0002011,HT-012,ENGINE,PM,PM-OIL,Scheduled engine oil and filter change,2023-02-08,2023-02-09,5146.7,4.8,482.15,339.54
WO0002044,HT-012,TRANSMISSION,PM,PM-OIL,Scheduled transmission oil and filter change,2023-03-04,2023-03-05,5499.6,5.6,868.25,183.09
WO0002012,HT-012,ENGINE,PM,PM-OIL,Scheduled engine oil and filter change,2023-03-30,2023-03-31,5679.7,5.0,282.95,356.07
WO0002036,HT-012,HYDRAULIC,PM,PM-OIL,Scheduled hydraulic oil and filter change,2023-04-02,2023-04-03,5858.7,4.0,560.01,169.01
WO0002046,HT-012,TRANSMISSION,CM,TRN-GER,Gear / clutch pack wear,2023-05-15,2023-05-25,6713.8,88.6,37348.45,5698.64
WO0002013,HT-012,ENGINE,PM,PM-OIL,Scheduled engine oil and filter change,2023-05-25,2023-05-26,6295.7,3.6,431.2,240.6
WO0002045,HT-012,TRANSMISSION,PM,PM-OIL,Scheduled transmission oil and filter change,2023-06-24,2023-06-25,6713.8,6.0,237.89,389.53
WO0002057,HT-012,FINAL_DRIVE,PM,PM-OIL,Scheduled final_drive oil and filter change,2023-07-12,2023-07-13,6739.9,4.7,680.07,208.61
WO0002014,HT-012,ENGINE,PM,PM-OIL,Scheduled engine oil and filter change,2023-08-01,2023-08-02,7027.0,4.9,596.54,250.92
WO0002015,HT-012,ENGINE,PM,PM-OIL,Scheduled engine oil and filter change,2023-10-02,2023-10-03,7703.4,4.8,726.52,191.97
WO0002047,HT-012,TRANSMISSION,PM,PM-OIL,Scheduled transmission oil and filter change,2023-10-15,2023-10-16,7939.4,3.3,540.07,373.02
WO0002016,HT-012,ENGINE,PM,PM-OIL,Scheduled engine oil and filter change,2023-12-11,2023-12-12,8463.6,4.9,829.43,379.25
WO0002037,HT-012,HYDRAULIC,PM,PM-OIL,Scheduled hydraulic oil and filter change,2023-12-15,2023-12-16,8654.1,2.5,893.35,253.78
WO0002058,HT-012,FINAL_DRIVE,PM,PM-OIL,Scheduled final_drive oil and filter change,2024-01-08,2024-01-09,8695.6,5.0,185.84,229.11
WO0002038,HT-012,HYDRAULIC,CM,HYD-PMP,Hydraulic pump wear,2024-01-17,2024-01-19,9631.9,90.6,34883.16,4497.99
WO0002017,HT-012,ENGINE,PM,PM-OIL,Scheduled engine oil and filter change,2024-01-28,2024-01-29,8986.1,4.6,582.74,103.47
WO0002048,HT-012,TRANSMISSION,PM,PM-OIL,Scheduled transmission oil and filter change,2024-02-05,2024-02-06,9170.3,2.4,480.02,239.18
WO0002018,HT-012,ENGINE,CM,ENG-INJ,Injector leak / fuel dilution,2024-02-06,2024-02-07,9296.8,40.1,30966.12,1351.38
WO0002019,HT-012,ENGINE,PM,PM-OIL,Scheduled engine oil and filter change,2024-03-23,2024-03-24,9585.5,5.8,783.13,128.48
WO0002059,HT-012,FINAL_DRIVE,CM,FDR-GER,Final drive gear wear,2024-04-20,2024-05-01,10611.8,100.2,40082.28,5867.91
WO0002020,HT-012,ENGINE,PM,PM-OIL,Scheduled engine oil and filter change,2024-05-15,2024-05-16,10164.9,5.6,319.5,116.02
WO0002049,HT-012,TRANSMISSION,PM,PM-OIL,Scheduled transmission oil and filter change,2024-05-20,2024-05-21,10312.3,2.9,335.03,240.89
WO0002039,HT-012,HYDRAULIC,PM,PM-OIL,Scheduled hydraulic oil and filter change,2024-06-12,2024-06-13,10609.8,2.2,752.88,110.22
WO0002021,HT-012,ENGINE,PM,PM-OIL,Scheduled engine oil and filter change,2024-06-28,2024-06-29,10643.7,4.4,589.32,178.54
WO0002040,HT-012,HYDRAULIC,CM,HYD-WTR,Water contamination,2024-07-31,2024-08-01,11587.6,40.3,41593.1,5335.47
WO0002022,HT-012,ENGINE,PM,PM-OIL,Scheduled engine oil and filter change,2024-08-12,2024-08-13,11123.2,4.5,245.65,107.96
WO0002050,HT-012,TRANSMISSION,PM,PM-OIL,Scheduled transmission oil and filter change,2024-08-20,2024-08-21,11314.8,5.3,483.91,392.92
WO0002060,HT-012,FINAL_DRIVE,PM,PM-OIL,Scheduled final_drive oil and filter change,2024-09-25,2024-09-26,11537.9,5.6,883.37,346.07
WO0002023,HT-012,ENGINE,PM,PM-OIL,Scheduled engine oil and filter change,2024-10-08,2024-10-09,11746.6,4.8,743.34,342.77
WO0002024,HT-012,ENGINE,PM,PM-OIL,Scheduled engine oil and filter change,2024-11-27,2024-11-28,12293.3,2.9,689.86,130.7
WO0002041,HT-012,HYDRAULIC,PM,PM-OIL,Scheduled hydraulic oil and filter change,2024-12-09,2024-12-10,12565.4,2.9,860.46,276.58
WO0002051,HT-012,TRANSMISSION,PM,PM-OIL,Scheduled transmission oil and filter change,2024-12-23,2024-12-24,12663.1,4.8,698.8,256.73
WO0002025,HT-012,ENGINE,PM,PM-OIL,Scheduled engine oil and filter change,2025-01-21,2025-01-22,12888.0,2.2,442.46,106.85
WO0002026,HT-012,ENGINE,PM,PM-OIL,Scheduled engine oil and filter change,2025-03-21,2025-03-22,13525.9,4.0,487.64,110.28
WO0002052,HT-012,TRANSMISSION,PM,PM-OIL,Scheduled transmission oil and filter change,2025-03-26,2025-03-27,13677.9,5.6,267.52,376.9
WO0002061,HT-012,FINAL_DRIVE,PM,PM-OIL,Scheduled final_drive oil and filter change,2025-04-15,2025-04-16,13725.0,4.1,738.56,344.33
WO0002027,HT-012,ENGINE,PM,PM-OIL,Scheduled engine oil and filter change,2025-05-06,2025-05-07,14024.9,2.5,331.8,231.33
WO0002029,HT-012,ENGINE,CM,ENG-AIR,Air induction leak / dirt ingress,2025-07-01,2025-07-08,14700.3,115.9,30230.3,2108.36
WO0002028,HT-012,ENGINE,PM,PM-OIL,Scheduled engine oil and filter change,2025-07-07,2025-07-08,14700.3,3.7,152.49,223.47
WO0002042,HT-012,HYDRAULIC,PM,PM-OIL,Scheduled hydraulic oil and filter change,2025-07-17,2025-07-18,14954.1,5.6,545.88,208.94
WO0002053,HT-012,TRANSMISSION,PM,PM-OIL,Scheduled transmission oil and filter change,2025-07-25,2025-07-26,14994.4,5.4,404.22,299.46
WO0002030,HT-012,ENGINE,PM,PM-OIL,Scheduled engine oil and filter change,2025-09-06,2025-09-07,15368.6,2.1,704.78,107.96
WO0002031,HT-012,ENGINE,PM,PM-OIL,Scheduled engine oil and filter change,2025-10-27,2025-10-28,15917.9,3.5,580.22,210.64
WO0002054,HT-012,TRANSMISSION,PM,PM-OIL,Scheduled transmission oil and filter change,2025-11-11,2025-11-12,16182.8,4.7,533.39,308.45
WO0002032,HT-012,ENGINE,PM,PM-OIL,Scheduled engine oil and filter change,2025-12-09,2025-12-10,16382.4,5.1,740.29,206.16
WO0002062,HT-012,FINAL_DRIVE,PM,PM-OIL,Scheduled final_drive oil and filter change,2026-01-06,2026-01-07,16615.1,4.1,751.41,365.44
WO0002043,HT-012,HYDRAULIC,PM,PM-OIL,Scheduled hydraulic oil and filter change,2026-01-13,2026-01-14,16909.8,3.7,542.72,384.78
WO0002033,HT-012,ENGINE,PM,PM-OIL,Scheduled engine oil and filter change,2026-02-04,2026-02-05,17008.1,4.3,837.77,396.17
WO0002055,HT-012,TRANSMISSION,PM,PM-OIL,Scheduled transmission oil and filter change,2026-02-20,2026-02-21,17275.2,3.8,688.95,243.66
WO0002034,HT-012,ENGINE,PM,PM-OIL,Scheduled engine oil and filter change,2026-03-21,2026-03-22,17491.4,4.9,384.73,177.44
WO0002035,HT-012,ENGINE,PM,PM-OIL,Scheduled engine oil and filter change,2026-05-18,2026-05-19,18130.2,3.9,746.21,212.05
WO0002056,HT-012,TRANSMISSION,PM,PM-OIL,Scheduled transmission oil and filter change,2026-06-04,2026-06-05,18409.4,5.5,170.72,225.5
WO0002063,HT-013,ENGINE,PM,PM-OIL,Scheduled engine oil and filter change,2023-03-21,2023-03-22,9462.2,3.6,847.17,347.87
WO0002098,HT-013,FINAL_DRIVE,PM,PM-OIL,Scheduled final_drive oil and filter change,2023-04-01,2023-04-02,9730.8,2.4,427.22,257.61
WO0002080,HT-013,HYDRAULIC,PM,PM-OIL,Scheduled hydraulic oil and filter change,2023-04-05,2023-04-06,9730.8,4.8,863.36,208.28
WO0002088,HT-013,TRANSMISSION,PM,PM-OIL,Scheduled transmission oil and filter change,2023-05-09,2023-05-10,9984.5,4.2,513.64,107.7
WO0002064,HT-013,ENGINE,PM,PM-OIL,Scheduled engine oil and filter change,2023-06-12,2023-06-13,10201.2,4.0,836.5,233.65
WO0002065,HT-013,ENGINE,PM,PM-OIL,Scheduled engine oil and filter change,2023-08-07,2023-08-08,10700.1,5.3,531.1,233.57
WO0002089,HT-013,TRANSMISSION,PM,PM-OIL,Scheduled transmission oil and filter change,2023-09-15,2023-09-16,11131.3,4.6,312.46,357.04
WO0002066,HT-013,ENGINE,PM,PM-OIL,Scheduled engine oil and filter change,2023-10-30,2023-10-31,11442.0,2.0,517.14,213.39
WO0002100,HT-013,FINAL_DRIVE,CM,FDR-GER,Final drive gear wear,2023-12-02,2023-12-04,12060.6,119.9,23693.43,8818.52
WO0002099,HT-013,FINAL_DRIVE,PM,PM-OIL,Scheduled final_drive oil and filter change,2023-12-19,2023-12-20,12060.6,3.7,280.45,399.22
WO0002081,HT-013,HYDRAULIC,PM,PM-OIL,Scheduled hydraulic oil and filter change,2023-12-25,2023-12-26,12078.0,2.7,560.37,155.42
WO0002090,HT-013,TRANSMISSION,PM,PM-OIL,Scheduled transmission oil and filter change,2024-01-05,2024-01-06,12128.6,3.5,521.23,349.12
WO0002067,HT-013,ENGINE,PM,PM-OIL,Scheduled engine oil and filter change,2024-01-21,2024-01-22,12183.5,4.4,607.83,149.22
WO0002068,HT-013,ENGINE,PM,PM-OIL,Scheduled engine oil and filter change,2024-04-08,2024-04-09,12879.2,2.3,764.76,340.58
WO0002069,HT-013,ENGINE,PM,PM-OIL,Scheduled engine oil and filter change,2024-06-22,2024-06-23,13540.5,2.2,615.98,152.1
WO0002091,HT-013,TRANSMISSION,PM,PM-OIL,Scheduled transmission oil and filter change,2024-06-27,2024-06-28,13681.2,5.5,838.15,108.89
WO0002101,HT-013,FINAL_DRIVE,PM,PM-OIL,Scheduled final_drive oil and filter change,2024-09-02,2024-09-03,14351.2,2.4,465.96,180.31
WO0002070,HT-013,ENGINE,PM,PM-OIL,Scheduled engine oil and filter change,2024-09-04,2024-09-05,14204.7,2.6,380.86,155.33
WO0002082,HT-013,HYDRAULIC,PM,PM-OIL,Scheduled hydraulic oil and filter change,2024-09-20,2024-09-21,14480.0,4.2,540.72,143.13
WO0002083,HT-013,HYDRAULIC,CM,HYD-SEAL,Cylinder seal / dirt ingress,2024-11-01,2024-11-10,15280.7,27.5,8170.42,8445.71
WO0002071,HT-013,ENGINE,PM,PM-OIL,Scheduled engine oil and filter change,2024-11-06,2024-11-07,14764.9,5.5,626.33,124.08
WO0002092,HT-013,TRANSMISSION,PM,PM-OIL,Scheduled transmission oil and filter change,2024-11-19,2024-11-20,14971.8,3.1,718.57,370.07
WO0002072,HT-013,ENGINE,PM,PM-OIL,Scheduled engine oil and filter change,2025-01-08,2025-01-09,15322.2,5.1,689.51,200.88
WO0002103,HT-013,FINAL_DRIVE,CM,FDR-GER,Final drive gear wear,2025-02-22,2025-03-01,16618.4,87.6,14537.8,852.76
WO0002093,HT-013,TRANSMISSION,PM,PM-OIL,Scheduled transmission oil and filter change,2025-03-25,2025-03-26,16085.9,5.1,589.16,224.9
WO0002073,HT-013,ENGINE,PM,PM-OIL,Scheduled engine oil and filter change,2025-04-05,2025-04-06,16095.9,4.3,871.65,150.75
WO0002102,HT-013,FINAL_DRIVE,PM,PM-OIL,Scheduled final_drive oil and filter change,2025-05-15,2025-05-16,16618.4,4.5,676.06,288.45
WO0002074,HT-013,ENGINE,PM,PM-OIL,Scheduled engine oil and filter change,2025-06-03,2025-06-04,16624.3,4.6,806.94,174.8
WO0002084,HT-013,HYDRAULIC,PM,PM-OIL,Scheduled hydraulic oil and filter change,2025-06-17,2025-06-18,16882.1,5.7,768.01,158.71
WO0002075,HT-013,ENGINE,PM,PM-OIL,Scheduled engine oil and filter change,2025-08-08,2025-08-09,17208.9,2.7,491.18,201.18
WO0002094,HT-013,TRANSMISSION,PM,PM-OIL,Scheduled transmission oil and filter change,2025-08-08,2025-08-09,17298.3,2.1,718.71,229.28
WO0002076,HT-013,ENGINE,PM,PM-OIL,Scheduled engine oil and filter change,2025-09-30,2025-10-01,17679.5,3.1,764.54,311.11
WO0002105,HT-013,FINAL_DRIVE,CM,FDR-GER,Final drive gear wear,2025-11-24,2025-12-01,19018.9,49.3,30747.96,2376.77
WO0002095,HT-013,TRANSMISSION,PM,PM-OIL,Scheduled transmission oil and filter change,2025-11-29,2025-11-30,18300.6,3.9,776.27,395.51
WO0002086,HT-013,HYDRAULIC,CM,HYD-SEAL,Cylinder seal / dirt ingress,2025-11-30,2025-12-03,19107.8,53.0,10299.27,7732.94
WO0002077,HT-013,ENGINE,PM,PM-OIL,Scheduled engine oil and filter change,2025-12-15,2025-12-16,18352.7,2.8,188.01,113.81
WO0002087,HT-013,HYDRAULIC,CM,HYD-PMP,Hydraulic pump wear,2025-12-25,2026-01-01,19107.8,15.3,28730.9,7025.38
WO0002104,HT-013,FINAL_DRIVE,PM,PM-OIL,Scheduled final_drive oil and filter change,2026-02-08,2026-02-09,19018.9,3.4,547.01,209.78
WO0002085,HT-013,HYDRAULIC,PM,PM-OIL,Scheduled hydraulic oil and filter change,2026-02-22,2026-02-23,19107.8,2.7,193.27,260.87
WO0002097,HT-013,TRANSMISSION,CM,TRN-GER,Gear / clutch pack wear,2026-03-07,2026-03-12,19365.4,68.2,42769.36,8475.54
WO0002078,HT-013,ENGINE,PM,PM-OIL,Scheduled engine oil and filter change,2026-03-12,2026-03-13,19127.1,3.4,889.22,145.96
WO0002096,HT-013,TRANSMISSION,PM,PM-OIL,Scheduled transmission oil and filter change,2026-03-28,2026-03-29,19365.4,2.7,584.13,188.7
WO0002079,HT-013,ENGINE,PM,PM-OIL,Scheduled engine oil and filter change,2026-05-03,2026-05-04,19595.4,3.6,499.03,358.52
WO0002106,HT-014,ENGINE,PM,PM-OIL,Scheduled engine oil and filter change,2023-02-22,2023-02-23,3458.8,3.8,350.06,250.52
WO0002136,HT-014,TRANSMISSION,PM,PM-OIL,Scheduled transmission oil and filter change,2023-03-07,2023-03-08,3445.4,3.2,511.87,207.36
WO0002148,HT-014,FINAL_DRIVE,PM,PM-OIL,Scheduled final_drive oil and filter change,2023-04-08,2023-04-09,3914.8,5.7,620.54,399.24
WO0002107,HT-014,ENGINE,PM,PM-OIL,Scheduled engine oil and filter change,2023-04-23,2023-04-24,4057.2,2.7,165.75,263.47
WO0002108,HT-014,ENGINE,PM,PM-OIL,Scheduled engine oil and filter change,2023-06-18,2023-06-19,4606.9,2.3,195.3,148.14
WO0002128,HT-014,HYDRAULIC,PM,PM-OIL,Scheduled hydraulic oil and filter change,2023-07-12,2023-07-13,4793.2,5.6,487.87,312.54
WO0002137,HT-014,TRANSMISSION,PM,PM-OIL,Scheduled transmission oil and filter change,2023-07-13,2023-07-14,4706.0,2.0,619.91,182.53
WO0002138,HT-014,TRANSMISSION,CM,TRN-BRG,Transmission bearing wear,2023-07-14,2023-07-22,4706.0,46.4,10461.9,8301.41
WO0002109,HT-014,ENGINE,PM,PM-OIL,Scheduled engine oil and filter change,2023-08-15,2023-08-16,5174.5,2.2,355.98,337.98
WO0002150,HT-014,FINAL_DRIVE,CM,FDR-SEAL,Duo-cone seal leak,2023-09-28,2023-10-05,6403.5,29.9,37795.26,1349.6
WO0002155,HT-014,OTHER,CM,MSC-GEN,Cab / electrical / body repair,2023-10-10,2023-10-12,,7.0,1403.32,346.2
WO0002139,HT-014,TRANSMISSION,PM,PM-OIL,Scheduled transmission oil and filter change,2023-10-28,2023-10-29,5760.9,4.4,611.42,103.42
WO0002110,HT-014,ENGINE,PM,PM-OIL,Scheduled engine oil and filter change,2023-10-30,2023-10-31,5921.5,5.5,374.62,215.42
WO0002129,HT-014,HYDRAULIC,CM,HYD-PMP,Hydraulic pump wear,2023-12-09,2023-12-11,6439.5,52.1,2843.56,6404.14
WO0002149,HT-014,FINAL_DRIVE,PM,PM-OIL,Scheduled final_drive oil and filter change,2023-12-17,2023-12-18,6403.5,4.9,841.37,173.81
WO0002111,HT-014,ENGINE,PM,PM-OIL,Scheduled engine oil and filter change,2024-01-11,2024-01-12,6639.7,3.2,344.28,272.84
WO0002112,HT-014,ENGINE,PM,PM-OIL,Scheduled engine oil and filter change,2024-03-14,2024-03-15,7261.7,3.5,522.75,323.32
WO0002140,HT-014,TRANSMISSION,PM,PM-OIL,Scheduled transmission oil and filter change,2024-03-18,2024-03-19,7154.6,4.8,680.2,139.58
WO0002130,HT-014,HYDRAULIC,PM,PM-OIL,Scheduled hydraulic oil and filter change,2024-03-26,2024-03-27,7324.6,2.5,652.99,111.45
WO0002113,HT-014,ENGINE,PM,PM-OIL,Scheduled engine oil and filter change,2024-04-30,2024-05-01,7716.0,3.2,235.29,125.27
WO0002114,HT-014,ENGINE,PM,PM-OIL,Scheduled engine oil and filter change,2024-06-20,2024-06-21,8218.5,5.5,545.8,142.1
WO0002141,HT-014,TRANSMISSION,PM,PM-OIL,Scheduled transmission oil and filter change,2024-06-28,2024-06-29,8154.1,4.7,305.53,155.08
WO0002115,HT-014,ENGINE,PM,PM-OIL,Scheduled engine oil and filter change,2024-08-09,2024-08-10,8711.3,3.6,556.94,147.69
WO0002151,HT-014,FINAL_DRIVE,PM,PM-OIL,Scheduled final_drive oil and filter change,2024-08-22,2024-08-23,8855.8,3.9,447.08,169.04
WO0002116,HT-014,ENGINE,PM,PM-OIL,Scheduled engine oil and filter change,2024-10-09,2024-10-10,9314.5,4.3,272.86,390.99
WO0002142,HT-014,TRANSMISSION,PM,PM-OIL,Scheduled transmission oil and filter change,2024-10-18,2024-10-19,9257.2,3.5,615.19,146.73
WO0002117,HT-014,ENGINE,PM,PM-OIL,Scheduled engine oil and filter change,2024-12-06,2024-12-07,9883.6,2.5,820.77,264.31
WO0002131,HT-014,HYDRAULIC,PM,PM-OIL,Scheduled hydraulic oil and filter change,2024-12-21,2024-12-22,9979.8,5.4,274.75,321.04
WO0002118,HT-014,ENGINE,CM,ENG-COOL,Coolant entering crankcase,2024-12-28,2025-01-04,10209.0,97.4,40868.66,2760.45
WO0002119,HT-014,ENGINE,PM,PM-OIL,Scheduled engine oil and filter change,2025-02-02,2025-02-03,10450.8,4.5,492.98,172.68
WO0002143,HT-014,TRANSMISSION,PM,PM-OIL,Scheduled transmission oil and filter change,2025-02-11,2025-02-12,10394.0,2.5,761.11,138.62
WO0002120,HT-014,ENGINE,PM,PM-OIL,Scheduled engine oil and filter change,2025-04-01,2025-04-02,11026.6,5.1,748.28,357.92
WO0002152,HT-014,FINAL_DRIVE,PM,PM-OIL,Scheduled final_drive oil and filter change,2025-05-02,2025-05-03,11341.7,5.3,843.79,275.23
WO0002121,HT-014,ENGINE,PM,PM-OIL,Scheduled engine oil and filter change,2025-05-22,2025-05-23,11530.9,4.7,436.2,365.92
WO0002144,HT-014,TRANSMISSION,PM,PM-OIL,Scheduled transmission oil and filter change,2025-05-28,2025-05-29,11441.4,3.3,734.17,357.04
WO0002122,HT-014,ENGINE,PM,PM-OIL,Scheduled engine oil and filter change,2025-08-02,2025-08-03,12236.4,3.0,384.36,158.03
WO0002156,HT-014,OTHER,CM,MSC-GEN,Cab / electrical / body repair,2025-08-06,2025-08-08,,13.1,2441.21,522.68
WO0002154,HT-014,OTHER,CM,MSC-GEN,Cab / electrical / body repair,2025-08-07,2025-08-09,,16.7,2627.45,381.73
WO0002146,HT-014,TRANSMISSION,CM,TRN-BRG,Transmission bearing wear,2025-08-13,2025-08-15,12533.1,41.6,7359.47,7270.97
WO0002132,HT-014,HYDRAULIC,PM,PM-OIL,Scheduled hydraulic oil and filter change,2025-09-10,2025-09-11,12572.8,5.4,414.17,356.35
WO0002145,HT-014,TRANSMISSION,PM,PM-OIL,Scheduled transmission oil and filter change,2025-09-16,2025-09-17,12533.1,3.9,691.09,149.0
WO0002123,HT-014,ENGINE,PM,PM-OIL,Scheduled engine oil and filter change,2025-09-26,2025-09-27,12771.0,3.5,704.99,225.51
WO0002124,HT-014,ENGINE,PM,PM-OIL,Scheduled engine oil and filter change,2025-11-21,2025-11-22,13329.2,2.0,622.65,366.17
WO0002133,HT-014,HYDRAULIC,CM,HYD-SEAL,Cylinder seal / dirt ingress,2025-12-03,2025-12-14,13457.9,17.5,15930.38,1258.64
WO0002125,HT-014,ENGINE,PM,PM-OIL,Scheduled engine oil and filter change,2026-01-14,2026-01-15,13860.8,2.5,177.13,387.51
WO0002153,HT-014,FINAL_DRIVE,PM,PM-OIL,Scheduled final_drive oil and filter change,2026-01-27,2026-01-28,13997.0,3.0,487.77,153.06
WO0002147,HT-014,TRANSMISSION,PM,PM-OIL,Scheduled transmission oil and filter change,2026-02-10,2026-02-11,13978.0,4.7,893.33,338.34
WO0002126,HT-014,ENGINE,PM,PM-OIL,Scheduled engine oil and filter change,2026-03-16,2026-03-17,14457.0,6.0,652.08,332.84
WO0002135,HT-014,HYDRAULIC,CM,HYD-WTR,Water contamination,2026-03-27,2026-04-05,15228.1,81.2,7714.08,1158.41
WO0002127,HT-014,ENGINE,PM,PM-OIL,Scheduled engine oil and filter change,2026-05-30,2026-05-31,15192.8,3.5,374.65,396.47
WO0002134,HT-014,HYDRAULIC,PM,PM-OIL,Scheduled hydraulic oil and filter change,2026-06-07,2026-06-08,15228.1,2.9,365.75,235.91
WO0002180,HT-015,TRANSMISSION,PM,PM-OIL,Scheduled transmission oil and filter change,2023-03-10,2023-03-11,1765.2,5.0,798.77,373.39
WO0002157,HT-015,ENGINE,PM,PM-OIL,Scheduled engine oil and filter change,2023-04-19,2023-04-20,1979.3,5.3,642.8,254.57
WO0002175,HT-015,HYDRAULIC,PM,PM-OIL,Scheduled hydraulic oil and filter change,2023-04-21,2023-04-22,2012.2,5.8,673.3,364.03
WO0002158,HT-015,ENGINE,PM,PM-OIL,Scheduled engine oil and filter change,2023-06-29,2023-06-30,2532.8,2.3,209.44,254.9
WO0002195,HT-015,OTHER,CM,MSC-GEN,Cab / electrical / body repair,2023-08-15,2023-08-17,,5.9,1635.23,1110.92
WO0002181,HT-015,TRANSMISSION,PM,PM-OIL,Scheduled transmission oil and filter change,2023-08-24,2023-08-25,3058.6,5.9,671.93,104.23
WO0002159,HT-015,ENGINE,PM,PM-OIL,Scheduled engine oil and filter change,2023-09-04,2023-09-05,3051.0,4.5,302.74,234.64
WO0002196,HT-015,OTHER,CM,MSC-GEN,Cab / electrical / body repair,2023-09-28,2023-09-30,,11.0,425.27,161.78
WO0002190,HT-015,FINAL_DRIVE,PM,PM-OIL,Scheduled final_drive oil and filter change,2023-10-06,2023-10-07,3411.1,3.2,272.02,279.73
WO0002191,HT-015,FINAL_DRIVE,CM,FDR-SEAL,Duo-cone seal leak,2023-10-13,2023-10-24,4110.6,102.6,35649.39,1438.27
WO0002160,HT-015,ENGINE,PM,PM-OIL,Scheduled engine oil and filter change,2023-12-06,2023-12-07,3772.1,4.2,282.67,172.12
WO0002182,HT-015,TRANSMISSION,PM,PM-OIL,Scheduled transmission oil and filter change,2024-01-10,2024-01-11,4142.6,3.6,164.41,345.55
WO0002176,HT-015,HYDRAULIC,PM,PM-OIL,Scheduled hydraulic oil and filter change,2024-01-16,2024-01-17,4110.6,5.8,320.99,146.96
WO0002161,HT-015,ENGINE,PM,PM-OIL,Scheduled engine oil and filter change,2024-02-23,2024-02-24,4386.0,3.0,608.73,183.09
WO0002162,HT-015,ENGINE,PM,PM-OIL,Scheduled engine oil and filter change,2024-05-24,2024-05-25,5092.3,4.4,342.34,200.19
WO0002183,HT-015,TRANSMISSION,PM,PM-OIL,Scheduled transmission oil and filter change,2024-06-27,2024-06-28,5455.1,2.1,250.98,165.48
WO0002192,HT-015,FINAL_DRIVE,PM,PM-OIL,Scheduled final_drive oil and filter change,2024-07-02,2024-07-03,5509.5,2.3,283.53,178.15
WO0002163,HT-015,ENGINE,PM,PM-OIL,Scheduled engine oil and filter change,2024-08-02,2024-08-03,5639.2,4.8,853.19,340.25
WO0002164,HT-015,ENGINE,PM,PM-OIL,Scheduled engine oil and filter change,2024-10-05,2024-10-06,6134.0,2.5,249.95,291.88
WO0002177,HT-015,HYDRAULIC,PM,PM-OIL,Scheduled hydraulic oil and filter change,2024-10-12,2024-10-13,6209.0,3.6,647.92,389.57
WO0002184,HT-015,TRANSMISSION,PM,PM-OIL,Scheduled transmission oil and filter change,2024-10-31,2024-11-01,6431.9,2.8,406.5,229.46
WO0002185,HT-015,TRANSMISSION,CM,TRN-GER,Gear / clutch pack wear,2024-11-13,2024-11-18,6855.0,69.4,40185.79,6735.4
WO0002166,HT-015,ENGINE,CM,ENG-BRG,Main bearing wear,2024-11-24,2024-12-04,6708.5,9.3,23161.02,3880.72
WO0002165,HT-015,ENGINE,PM,PM-OIL,Scheduled engine oil and filter change,2024-12-18,2024-12-19,6708.5,3.4,799.6,349.3
WO0002167,HT-015,ENGINE,PM,PM-OIL,Scheduled engine oil and filter change,2025-02-14,2025-02-15,7162.5,4.3,494.17,335.37
WO0002186,HT-015,TRANSMISSION,PM,PM-OIL,Scheduled transmission oil and filter change,2025-03-26,2025-03-27,7565.4,5.9,797.43,238.35
WO0002193,HT-015,FINAL_DRIVE,PM,PM-OIL,Scheduled final_drive oil and filter change,2025-03-29,2025-03-30,7607.9,4.9,235.4,322.54
WO0002168,HT-015,ENGINE,PM,PM-OIL,Scheduled engine oil and filter change,2025-05-05,2025-05-06,7779.0,3.7,842.98,325.18
WO0002178,HT-015,HYDRAULIC,PM,PM-OIL,Scheduled hydraulic oil and filter change,2025-07-09,2025-07-10,8307.4,5.3,655.14,267.94
WO0002169,HT-015,ENGINE,PM,PM-OIL,Scheduled engine oil and filter change,2025-07-13,2025-07-14,8320.9,5.9,206.71,336.15
WO0002187,HT-015,TRANSMISSION,PM,PM-OIL,Scheduled transmission oil and filter change,2025-08-04,2025-08-05,8585.5,3.8,668.76,249.13
WO0002170,HT-015,ENGINE,PM,PM-OIL,Scheduled engine oil and filter change,2025-09-14,2025-09-15,8805.3,2.8,571.32,284.47
WO0002171,HT-015,ENGINE,PM,PM-OIL,Scheduled engine oil and filter change,2025-12-01,2025-12-02,9418.6,2.1,771.36,205.53
WO0002194,HT-015,FINAL_DRIVE,PM,PM-OIL,Scheduled final_drive oil and filter change,2025-12-24,2025-12-25,9706.3,2.1,588.74,187.96
WO0002188,HT-015,TRANSMISSION,PM,PM-OIL,Scheduled transmission oil and filter change,2025-12-27,2025-12-28,9715.3,4.9,889.79,370.85
WO0002172,HT-015,ENGINE,PM,PM-OIL,Scheduled engine oil and filter change,2026-02-07,2026-02-08,9942.2,5.3,841.77,261.77
WO0002173,HT-015,ENGINE,PM,PM-OIL,Scheduled engine oil and filter change,2026-04-15,2026-04-16,10463.6,4.9,463.28,155.75
WO0002189,HT-015,TRANSMISSION,PM,PM-OIL,Scheduled transmission oil and filter change,2026-05-13,2026-05-14,10782.0,3.0,375.61,178.06
WO0002179,HT-015,HYDRAULIC,PM,PM-OIL,Scheduled hydraulic oil and filter change,2026-06-02,2026-06-03,10852.0,4.8,813.22,299.94
WO0002174,HT-015,ENGINE,PM,PM-OIL,Scheduled engine oil and filter change,2026-06-28,2026-06-29,11039.2,2.9,777.75,360.24
WO0000859,WL-001,ENGINE,PM,PM-OIL,Scheduled engine oil and filter change,2023-02-17,2023-02-18,4555.6,2.1,534.95,135.85
WO0000888,WL-001,TRANSMISSION,PM,PM-OIL,Scheduled transmission oil and filter change,2023-03-25,2023-03-26,4853.9,3.5,642.33,235.1
WO0000860,WL-001,ENGINE,PM,PM-OIL,Scheduled engine oil and filter change,2023-04-16,2023-04-17,5137.0,2.6,630.09,234.78
WO0000861,WL-001,ENGINE,PM,PM-OIL,Scheduled engine oil and filter change,2023-06-22,2023-06-23,5800.8,3.9,551.32,208.33
WO0000881,WL-001,HYDRAULIC,PM,PM-OIL,Scheduled hydraulic oil and filter change,2023-07-02,2023-07-03,5902.7,3.0,872.04,115.06
WO0000901,WL-001,FINAL_DRIVE,PM,PM-OIL,Scheduled final_drive oil and filter change,2023-07-07,2023-07-08,5752.5,3.5,815.55,337.23
WO0000862,WL-001,ENGINE,PM,PM-OIL,Scheduled engine oil and filter change,2023-08-13,2023-08-14,6310.1,2.1,812.32,168.89
WO0000889,WL-001,TRANSMISSION,PM,PM-OIL,Scheduled transmission oil and filter change,2023-08-16,2023-08-17,6277.1,2.3,224.17,301.92
WO0000863,WL-001,ENGINE,PM,PM-OIL,Scheduled engine oil and filter change,2023-10-10,2023-10-11,6884.7,2.2,827.83,185.16
WO0000890,WL-001,TRANSMISSION,PM,PM-OIL,Scheduled transmission oil and filter change,2023-11-23,2023-11-24,7259.7,4.6,517.24,258.68
WO0000864,WL-001,ENGINE,PM,PM-OIL,Scheduled engine oil and filter change,2023-11-27,2023-11-28,7364.0,3.1,751.47,273.38
WO0000865,WL-001,ENGINE,PM,PM-OIL,Scheduled engine oil and filter change,2024-01-14,2024-01-15,7840.9,4.4,728.53,367.79
WO0000891,WL-001,TRANSMISSION,PM,PM-OIL,Scheduled transmission oil and filter change,2024-02-29,2024-03-01,8229.3,2.7,458.0,128.33
WO0000882,WL-001,HYDRAULIC,PM,PM-OIL,Scheduled hydraulic oil and filter change,2024-03-28,2024-03-29,8575.3,2.1,361.2,233.54
WO0000866,WL-001,ENGINE,PM,PM-OIL,Scheduled engine oil and filter change,2024-04-02,2024-04-03,8621.1,5.5,610.62,286.39
WO0000902,WL-001,FINAL_DRIVE,PM,PM-OIL,Scheduled final_drive oil and filter change,2024-04-02,2024-04-03,8425.0,2.2,736.58,378.44
WO0000867,WL-001,ENGINE,PM,PM-OIL,Scheduled engine oil and filter change,2024-06-11,2024-06-12,9306.3,6.0,239.58,139.96
WO0000906,WL-001,OTHER,CM,MSC-GEN,Cab / electrical / body repair,2024-06-16,2024-06-18,,18.1,2198.99,662.21
WO0000892,WL-001,TRANSMISSION,PM,PM-OIL,Scheduled transmission oil and filter change,2024-07-25,2024-07-26,9680.6,5.3,329.43,367.45
WO0000868,WL-001,ENGINE,PM,PM-OIL,Scheduled engine oil and filter change,2024-08-28,2024-08-29,10084.2,4.6,185.86,155.66
WO0000884,WL-001,HYDRAULIC,CM,HYD-PMP,Hydraulic pump wear,2024-10-06,2024-10-14,11190.4,57.1,35260.75,4900.55
WO0000869,WL-001,ENGINE,PM,PM-OIL,Scheduled engine oil and filter change,2024-10-25,2024-10-26,10652.9,3.4,600.39,265.77
WO0000893,WL-001,TRANSMISSION,PM,PM-OIL,Scheduled transmission oil and filter change,2024-11-01,2024-11-02,10662.1,2.6,429.81,242.42
WO0000894,WL-001,TRANSMISSION,CM,TRN-GER,Gear / clutch pack wear,2024-12-12,2024-12-23,11227.4,25.7,22642.32,7964.61
WO0000883,WL-001,HYDRAULIC,PM,PM-OIL,Scheduled hydraulic oil and filter change,2024-12-17,2024-12-18,11190.4,2.9,416.1,255.97
WO0000870,WL-001,ENGINE,PM,PM-OIL,Scheduled engine oil and filter change,2024-12-23,2024-12-24,11240.4,5.6,886.37,207.27
WO0000903,WL-001,FINAL_DRIVE,PM,PM-OIL,Scheduled final_drive oil and filter change,2024-12-28,2024-12-29,11097.6,4.0,782.77,147.57
WO0000907,WL-001,OTHER,CM,MSC-GEN,Cab / electrical / body repair,2025-02-15,2025-02-17,,4.9,1729.28,1180.93
WO0000871,WL-001,ENGINE,PM,PM-OIL,Scheduled engine oil and filter change,2025-02-16,2025-02-17,11784.5,2.6,893.45,349.99
WO0000895,WL-001,TRANSMISSION,PM,PM-OIL,Scheduled transmission oil and filter change,2025-02-21,2025-02-22,11767.5,3.6,641.36,143.64
WO0000872,WL-001,ENGINE,PM,PM-OIL,Scheduled engine oil and filter change,2025-04-15,2025-04-16,12359.4,4.7,482.38,211.35
WO0000873,WL-001,ENGINE,PM,PM-OIL,Scheduled engine oil and filter change,2025-06-12,2025-06-13,12936.3,3.1,625.99,143.52
WO0000896,WL-001,TRANSMISSION,PM,PM-OIL,Scheduled transmission oil and filter change,2025-07-07,2025-07-08,13121.0,4.8,898.19,305.34
WO0000875,WL-001,ENGINE,CM,ENG-BRG,Main bearing wear,2025-07-24,2025-07-29,13529.1,94.6,29327.36,1509.93
WO0000897,WL-001,TRANSMISSION,CM,TRN-GER,Gear / clutch pack wear,2025-07-28,2025-08-04,13638.2,82.5,8815.96,6057.35
WO0000874,WL-001,ENGINE,PM,PM-OIL,Scheduled engine oil and filter change,2025-08-11,2025-08-12,13529.1,3.5,857.14,156.62
WO0000885,WL-001,HYDRAULIC,PM,PM-OIL,Scheduled hydraulic oil and filter change,2025-08-31,2025-09-01,13733.4,5.4,832.0,125.87
WO0000904,WL-001,FINAL_DRIVE,PM,PM-OIL,Scheduled final_drive oil and filter change,2025-09-03,2025-09-04,13565.3,3.0,829.91,280.54
WO0000876,WL-001,ENGINE,PM,PM-OIL,Scheduled engine oil and filter change,2025-10-11,2025-10-12,14131.6,3.6,550.4,361.87
WO0000898,WL-001,TRANSMISSION,PM,PM-OIL,Scheduled transmission oil and filter change,2025-10-24,2025-10-25,14196.2,3.2,537.22,113.13
WO0000899,WL-001,TRANSMISSION,CM,TRN-BRG,Transmission bearing wear,2025-11-16,2025-11-18,14798.5,88.1,10432.8,5080.24
WO0000877,WL-001,ENGINE,PM,PM-OIL,Scheduled engine oil and filter change,2025-12-15,2025-12-16,14770.5,4.6,418.18,261.35
WO0000886,WL-001,HYDRAULIC,CM,HYD-SEAL,Cylinder seal / dirt ingress,2026-01-24,2026-01-28,15515.1,10.3,25410.41,6519.86
WO0000900,WL-001,TRANSMISSION,PM,PM-OIL,Scheduled transmission oil and filter change,2026-02-06,2026-02-07,15234.7,4.9,350.61,240.87
WO0000878,WL-001,ENGINE,PM,PM-OIL,Scheduled engine oil and filter change,2026-02-08,2026-02-09,15322.6,3.5,358.6,330.18
WO0000879,WL-001,ENGINE,PM,PM-OIL,Scheduled engine oil and filter change,2026-04-02,2026-04-03,15839.6,2.5,589.05,303.62
WO0000887,WL-001,HYDRAULIC,PM,PM-OIL,Scheduled hydraulic oil and filter change,2026-05-28,2026-05-29,16406.0,4.5,635.41,333.09
WO0000905,WL-001,FINAL_DRIVE,PM,PM-OIL,Scheduled final_drive oil and filter change,2026-05-31,2026-06-01,16237.9,4.6,570.54,377.16
WO0000880,WL-001,ENGINE,PM,PM-OIL,Scheduled engine oil and filter change,2026-06-05,2026-06-06,16479.9,5.6,866.69,224.75
WO0000908,WL-002,ENGINE,PM,PM-OIL,Scheduled engine oil and filter change,2023-02-02,2023-02-03,1761.9,5.4,635.36,319.82
WO0000909,WL-002,ENGINE,PM,PM-OIL,Scheduled engine oil and filter change,2023-04-16,2023-04-17,2225.8,5.3,537.52,216.22
WO0000927,WL-002,TRANSMISSION,PM,PM-OIL,Scheduled transmission oil and filter change,2023-07-13,2023-07-14,2651.9,3.7,774.9,387.97
WO0000932,WL-002,FINAL_DRIVE,PM,PM-OIL,Scheduled final_drive oil and filter change,2023-07-22,2023-07-23,2707.3,5.8,439.84,241.16
WO0000922,WL-002,HYDRAULIC,CM,HYD-PMP,Hydraulic pump wear,2023-07-28,2023-08-03,3279.1,99.1,32524.13,2143.21
WO0000910,WL-002,ENGINE,PM,PM-OIL,Scheduled engine oil and filter change,2023-08-31,2023-09-01,3095.0,2.5,602.14,241.85
WO0000911,WL-002,ENGINE,PM,PM-OIL,Scheduled engine oil and filter change,2023-12-25,2023-12-26,3833.2,2.7,272.92,351.67
WO0000923,WL-002,HYDRAULIC,PM,PM-OIL,Scheduled hydraulic oil and filter change,2024-01-06,2024-01-07,3850.9,3.4,441.18,314.48
WO0000933,WL-002,FINAL_DRIVE,CM,FDR-GER,Final drive gear wear,2024-02-21,2024-02-28,4422.7,45.5,28100.85,4148.32
WO0000928,WL-002,TRANSMISSION,PM,PM-OIL,Scheduled transmission oil and filter change,2024-03-01,2024-03-02,4125.1,2.8,280.56,328.46
WO0000912,WL-002,ENGINE,PM,PM-OIL,Scheduled engine oil and filter change,2024-03-26,2024-03-27,4415.6,2.5,654.97,197.68
WO0000913,WL-002,ENGINE,PM,PM-OIL,Scheduled engine oil and filter change,2024-06-15,2024-06-16,4930.1,3.8,511.66,201.8
WO0000934,WL-002,FINAL_DRIVE,PM,PM-OIL,Scheduled final_drive oil and filter change,2024-07-16,2024-07-17,4994.5,3.9,711.19,275.92
WO0000939,WL-002,OTHER,CM,MSC-GEN,Cab / electrical / body repair,2024-08-10,2024-08-12,,4.5,1212.27,853.35
WO0000914,WL-002,ENGINE,PM,PM-OIL,Scheduled engine oil and filter change,2024-10-11,2024-10-12,5680.5,2.2,337.15,207.15
WO0000929,WL-002,TRANSMISSION,PM,PM-OIL,Scheduled transmission oil and filter change,2024-10-16,2024-10-17,5579.7,2.6,836.59,270.31
WO0000915,WL-002,ENGINE,CM,ENG-COOL,Coolant entering crankcase,2024-11-02,2024-11-12,5924.0,97.4,34668.07,6522.25
WO0000938,WL-002,OTHER,CM,MSC-GEN,Cab / electrical / body repair,2024-12-24,2024-12-26,,17.3,2454.97,963.97
WO0000924,WL-002,HYDRAULIC,PM,PM-OIL,Scheduled hydraulic oil and filter change,2024-12-31,2025-01-01,6138.1,5.9,341.97,296.9
WO0000916,WL-002,ENGINE,PM,PM-OIL,Scheduled engine oil and filter change,2025-01-01,2025-01-02,6201.5,5.8,573.84,162.24
WO0000917,WL-002,ENGINE,PM,PM-OIL,Scheduled engine oil and filter change,2025-04-20,2025-04-21,6890.9,2.2,831.11,143.21
WO0000930,WL-002,TRANSMISSION,PM,PM-OIL,Scheduled transmission oil and filter change,2025-05-21,2025-05-22,6959.1,5.3,439.16,243.94
WO0000918,WL-002,ENGINE,PM,PM-OIL,Scheduled engine oil and filter change,2025-07-10,2025-07-11,7406.5,5.7,822.46,199.48
WO0000935,WL-002,FINAL_DRIVE,PM,PM-OIL,Scheduled final_drive oil and filter change,2025-07-11,2025-07-12,7281.6,2.7,448.45,103.91
WO0000919,WL-002,ENGINE,PM,PM-OIL,Scheduled engine oil and filter change,2025-10-17,2025-10-18,8038.1,5.0,281.26,393.05
WO0000936,WL-002,FINAL_DRIVE,CM,FDR-GER,Final drive gear wear,2025-11-08,2025-11-18,8425.2,67.9,12815.81,8807.39
WO0000926,WL-002,HYDRAULIC,CM,HYD-SEAL,Cylinder seal / dirt ingress,2025-12-01,2025-12-05,8425.2,76.7,25860.98,1534.16
WO0000925,WL-002,HYDRAULIC,PM,PM-OIL,Scheduled hydraulic oil and filter change,2025-12-26,2025-12-27,8425.2,3.9,231.72,307.93
WO0000931,WL-002,TRANSMISSION,PM,PM-OIL,Scheduled transmission oil and filter change,2026-01-13,2026-01-14,8464.8,4.6,778.68,335.47
WO0000920,WL-002,ENGINE,PM,PM-OIL,Scheduled engine oil and filter change,2026-02-05,2026-02-06,8744.0,4.5,499.78,214.24
WO0000921,WL-002,ENGINE,PM,PM-OIL,Scheduled engine oil and filter change,2026-04-27,2026-04-28,9256.8,5.7,743.66,143.35
WO0000937,WL-002,OTHER,CM,MSC-GEN,Cab / electrical / body repair,2026-05-30,2026-06-01,,14.3,1382.2,116.65
WO0000940,WL-003,ENGINE,PM,PM-OIL,Scheduled engine oil and filter change,2023-02-01,2023-02-02,4087.9,5.3,541.46,335.08
WO0000971,WL-003,TRANSMISSION,PM,PM-OIL,Scheduled transmission oil and filter change,2023-02-19,2023-02-20,4331.5,2.3,486.13,133.16
WO0000941,WL-003,ENGINE,PM,PM-OIL,Scheduled engine oil and filter change,2023-04-10,2023-04-11,4768.5,2.7,708.65,182.02
WO0000942,WL-003,ENGINE,PM,PM-OIL,Scheduled engine oil and filter change,2023-06-01,2023-06-02,5291.1,3.7,823.87,209.74
WO0000984,WL-003,FINAL_DRIVE,PM,PM-OIL,Scheduled final_drive oil and filter change,2023-06-19,2023-06-20,5404.2,5.7,489.92,372.21
WO0000972,WL-003,TRANSMISSION,PM,PM-OIL,Scheduled transmission oil and filter change,2023-06-26,2023-06-27,5598.2,2.6,150.07,354.23
WO0000963,WL-003,HYDRAULIC,PM,PM-OIL,Scheduled hydraulic oil and filter change,2023-07-13,2023-07-14,5641.3,4.8,788.19,393.74
WO0000943,WL-003,ENGINE,PM,PM-OIL,Scheduled engine oil and filter change,2023-07-23,2023-07-24,5806.3,3.5,229.7,216.83
WO0000991,WL-003,OTHER,CM,MSC-GEN,Cab / electrical / body repair,2023-09-02,2023-09-04,,19.2,796.15,388.97
WO0000944,WL-003,ENGINE,PM,PM-OIL,Scheduled engine oil and filter change,2023-09-11,2023-09-12,6305.1,3.0,366.66,101.42
WO0000964,WL-003,HYDRAULIC,CM,HYD-WTR,Water contamination,2023-10-16,2023-10-28,7368.2,34.2,7937.66,6664.79
WO0000973,WL-003,TRANSMISSION,PM,PM-OIL,Scheduled transmission oil and filter change,2023-10-24,2023-10-25,6800.8,3.9,436.53,351.75
WO0000965,WL-003,HYDRAULIC,CM,HYD-SEAL,Cylinder seal / dirt ingress,2023-11-02,2023-11-09,7368.2,39.3,21117.61,4361.23
WO0000945,WL-003,ENGINE,PM,PM-OIL,Scheduled engine oil and filter change,2023-11-05,2023-11-06,6852.8,4.9,596.84,355.59
WO0000946,WL-003,ENGINE,PM,PM-OIL,Scheduled engine oil and filter change,2024-01-06,2024-01-07,7475.7,3.7,216.59,244.67
WO0000974,WL-003,TRANSMISSION,PM,PM-OIL,Scheduled transmission oil and filter change,2024-02-06,2024-02-07,7839.4,2.6,463.05,347.57
WO0000985,WL-003,FINAL_DRIVE,PM,PM-OIL,Scheduled final_drive oil and filter change,2024-02-22,2024-02-23,7880.8,3.7,801.39,150.55
WO0000947,WL-003,ENGINE,PM,PM-OIL,Scheduled engine oil and filter change,2024-03-16,2024-03-17,8175.2,5.3,705.15,290.21
WO0000966,WL-003,HYDRAULIC,PM,PM-OIL,Scheduled hydraulic oil and filter change,2024-04-01,2024-04-02,8260.2,4.0,366.47,242.38
WO0000948,WL-003,ENGINE,PM,PM-OIL,Scheduled engine oil and filter change,2024-05-08,2024-05-09,8699.3,5.9,560.83,292.21
WO0000975,WL-003,TRANSMISSION,PM,PM-OIL,Scheduled transmission oil and filter change,2024-06-10,2024-06-11,9095.3,4.0,589.02,257.19
WO0000949,WL-003,ENGINE,PM,PM-OIL,Scheduled engine oil and filter change,2024-06-30,2024-07-01,9235.3,3.7,433.57,289.17
WO0000951,WL-003,ENGINE,CM,ENG-BRG,Main bearing wear,2024-08-30,2024-08-31,9898.8,104.0,36952.01,8210.32
WO0000950,WL-003,ENGINE,PM,PM-OIL,Scheduled engine oil and filter change,2024-09-05,2024-09-06,9898.8,5.3,213.43,148.68
WO0000976,WL-003,TRANSMISSION,PM,PM-OIL,Scheduled transmission oil and filter change,2024-09-24,2024-09-25,10150.6,4.7,556.45,293.29
WO0000987,WL-003,FINAL_DRIVE,CM,FDR-GER,Final drive gear wear,2024-10-14,2024-10-21,10429.6,99.4,39134.52,8838.31
WO0000952,WL-003,ENGINE,PM,PM-OIL,Scheduled engine oil and filter change,2024-10-26,2024-10-27,10406.2,5.8,571.29,389.11
WO0000986,WL-003,FINAL_DRIVE,PM,PM-OIL,Scheduled final_drive oil and filter change,2024-11-03,2024-11-04,10429.6,4.7,391.63,324.66
WO0000967,WL-003,HYDRAULIC,PM,PM-OIL,Scheduled hydraulic oil and filter change,2024-12-20,2024-12-21,10892.3,4.6,891.6,175.37
WO0000953,WL-003,ENGINE,PM,PM-OIL,Scheduled engine oil and filter change,2024-12-30,2024-12-31,11061.9,2.3,430.4,346.01
WO0000977,WL-003,TRANSMISSION,PM,PM-OIL,Scheduled transmission oil and filter change,2025-02-11,2025-02-12,11546.2,3.8,280.55,300.59
WO0000954,WL-003,ENGINE,PM,PM-OIL,Scheduled engine oil and filter change,2025-03-12,2025-03-13,11779.8,5.4,804.11,348.78
WO0000968,WL-003,HYDRAULIC,CM,HYD-PMP,Hydraulic pump wear,2025-04-03,2025-04-12,12688.6,15.9,32509.44,4898.63
WO0000979,WL-003,TRANSMISSION,CM,TRN-BRG,Transmission bearing wear,2025-04-29,2025-05-03,12651.2,111.6,42545.3,5997.85
WO0000955,WL-003,ENGINE,PM,PM-OIL,Scheduled engine oil and filter change,2025-05-06,2025-05-07,12324.7,5.7,403.89,256.54
WO0000978,WL-003,TRANSMISSION,PM,PM-OIL,Scheduled transmission oil and filter change,2025-06-02,2025-06-03,12651.2,4.3,151.84,170.11
WO0000956,WL-003,ENGINE,PM,PM-OIL,Scheduled engine oil and filter change,2025-06-28,2025-06-29,12854.2,2.7,299.87,264.58
WO0000988,WL-003,FINAL_DRIVE,PM,PM-OIL,Scheduled final_drive oil and filter change,2025-07-31,2025-08-01,13124.1,5.2,880.44,178.24
WO0000990,WL-003,OTHER,CM,MSC-GEN,Cab / electrical / body repair,2025-08-17,2025-08-19,,16.4,679.02,458.03
WO0000957,WL-003,ENGINE,PM,PM-OIL,Scheduled engine oil and filter change,2025-09-08,2025-09-09,13570.8,3.3,158.99,133.2
WO0000980,WL-003,TRANSMISSION,PM,PM-OIL,Scheduled transmission oil and filter change,2025-09-11,2025-09-12,13664.2,2.9,243.26,130.51
WO0000969,WL-003,HYDRAULIC,PM,PM-OIL,Scheduled hydraulic oil and filter change,2025-09-16,2025-09-17,13586.8,5.5,576.95,335.63
WO0000958,WL-003,ENGINE,PM,PM-OIL,Scheduled engine oil and filter change,2025-11-02,2025-11-03,14118.8,2.9,151.8,366.21
WO0000981,WL-003,TRANSMISSION,PM,PM-OIL,Scheduled transmission oil and filter change,2025-12-20,2025-12-21,14658.2,4.9,501.66,106.63
WO0000959,WL-003,ENGINE,PM,PM-OIL,Scheduled engine oil and filter change,2025-12-22,2025-12-23,14619.3,3.9,223.33,250.68
WO0000960,WL-003,ENGINE,PM,PM-OIL,Scheduled engine oil and filter change,2026-02-10,2026-02-11,15120.2,3.9,421.99,185.53
WO0000983,WL-003,TRANSMISSION,CM,TRN-BRG,Transmission bearing wear,2026-03-29,2026-04-06,15851.8,111.1,22217.85,4870.83
WO0000989,WL-003,FINAL_DRIVE,PM,PM-OIL,Scheduled final_drive oil and filter change,2026-04-16,2026-04-17,15700.7,4.4,220.59,389.01
WO0000982,WL-003,TRANSMISSION,PM,PM-OIL,Scheduled transmission oil and filter change,2026-04-18,2026-04-19,15851.8,3.4,374.59,155.71
WO0000961,WL-003,ENGINE,PM,PM-OIL,Scheduled engine oil and filter change,2026-04-20,2026-04-21,15804.7,5.9,741.62,204.42
WO0000962,WL-003,ENGINE,PM,PM-OIL,Scheduled engine oil and filter change,2026-06-13,2026-06-14,16350.2,3.0,749.18,124.24
WO0000970,WL-003,HYDRAULIC,PM,PM-OIL,Scheduled hydraulic oil and filter change,2026-06-13,2026-06-14,16281.3,2.8,182.85,106.06
WO0000992,WL-004,ENGINE,PM,PM-OIL,Scheduled engine oil and filter change,2023-03-05,2023-03-06,8810.7,3.3,233.02,213.95
WO0001014,WL-004,TRANSMISSION,PM,PM-OIL,Scheduled transmission oil and filter change,2023-05-26,2023-05-27,9474.4,3.2,601.47,356.89
WO0000993,WL-004,ENGINE,PM,PM-OIL,Scheduled engine oil and filter change,2023-05-30,2023-05-31,9540.2,2.7,352.09,160.49
WO0001009,WL-004,HYDRAULIC,PM,PM-OIL,Scheduled hydraulic oil and filter change,2023-07-01,2023-07-02,9810.8,2.0,835.3,395.37
WO0001023,WL-004,FINAL_DRIVE,PM,PM-OIL,Scheduled final_drive oil and filter change,2023-07-04,2023-07-05,9810.8,2.0,344.48,141.28
WO0000994,WL-004,ENGINE,PM,PM-OIL,Scheduled engine oil and filter change,2023-08-29,2023-08-30,10311.4,4.4,255.82,343.1
WO0000995,WL-004,ENGINE,PM,PM-OIL,Scheduled engine oil and filter change,2023-11-02,2023-11-03,10853.7,5.7,881.2,242.35
WO0001015,WL-004,TRANSMISSION,PM,PM-OIL,Scheduled transmission oil and filter change,2023-11-14,2023-11-15,10919.8,4.2,468.11,282.26
WO0001032,WL-004,OTHER,CM,MSC-GEN,Cab / electrical / body repair,2024-01-11,2024-01-13,,6.6,1534.1,1158.07
WO0000996,WL-004,ENGINE,PM,PM-OIL,Scheduled engine oil and filter change,2024-01-20,2024-01-21,11525.0,2.6,376.24,100.86
WO0001025,WL-004,FINAL_DRIVE,CM,FDR-GER,Final drive gear wear,2024-02-04,2024-02-06,12089.4,22.9,41463.49,2618.82
WO0000997,WL-004,ENGINE,PM,PM-OIL,Scheduled engine oil and filter change,2024-03-24,2024-03-25,12063.6,3.2,749.35,284.96
WO0001010,WL-004,HYDRAULIC,PM,PM-OIL,Scheduled hydraulic oil and filter change,2024-03-27,2024-03-28,12089.4,2.5,336.97,357.58
WO0001024,WL-004,FINAL_DRIVE,PM,PM-OIL,Scheduled final_drive oil and filter change,2024-03-30,2024-03-31,12089.4,4.2,349.18,320.54
WO0001016,WL-004,TRANSMISSION,PM,PM-OIL,Scheduled transmission oil and filter change,2024-05-04,2024-05-05,12373.3,2.3,889.07,329.31
WO0001026,WL-004,FINAL_DRIVE,CM,FDR-SEAL,Duo-cone seal leak,2024-06-03,2024-06-05,12849.0,60.6,13491.54,7377.04
WO0000998,WL-004,ENGINE,PM,PM-OIL,Scheduled engine oil and filter change,2024-06-13,2024-06-14,12742.9,4.2,150.54,231.8
WO0001018,WL-004,TRANSMISSION,CM,TRN-GER,Gear / clutch pack wear,2024-07-28,2024-08-07,13423.3,43.2,41546.76,7739.83
WO0000999,WL-004,ENGINE,PM,PM-OIL,Scheduled engine oil and filter change,2024-08-12,2024-08-13,13257.1,5.5,708.68,104.68
WO0001017,WL-004,TRANSMISSION,PM,PM-OIL,Scheduled transmission oil and filter change,2024-09-05,2024-09-06,13423.3,4.2,450.82,324.36
WO0001034,WL-004,OTHER,CM,MSC-GEN,Cab / electrical / body repair,2024-09-18,2024-09-20,,5.6,2134.04,454.11
WO0001031,WL-004,OTHER,CM,MSC-GEN,Cab / electrical / body repair,2024-09-20,2024-09-22,,19.8,1608.42,641.89
WO0001000,WL-004,ENGINE,PM,PM-OIL,Scheduled engine oil and filter change,2024-11-12,2024-11-13,14027.8,5.3,818.98,373.38
WO0001011,WL-004,HYDRAULIC,PM,PM-OIL,Scheduled hydraulic oil and filter change,2024-12-22,2024-12-23,14368.1,3.2,505.91,272.02
WO0001027,WL-004,FINAL_DRIVE,PM,PM-OIL,Scheduled final_drive oil and filter change,2024-12-25,2024-12-26,14368.1,5.8,874.92,327.17
WO0001001,WL-004,ENGINE,PM,PM-OIL,Scheduled engine oil and filter change,2025-01-06,2025-01-07,14494.2,3.6,538.22,315.02
WO0001019,WL-004,TRANSMISSION,PM,PM-OIL,Scheduled transmission oil and filter change,2025-02-14,2025-02-15,14789.2,2.8,782.27,246.76
WO0001002,WL-004,ENGINE,PM,PM-OIL,Scheduled engine oil and filter change,2025-03-20,2025-03-21,15111.3,3.6,531.61,321.95
WO0001003,WL-004,ENGINE,PM,PM-OIL,Scheduled engine oil and filter change,2025-06-02,2025-06-03,15737.6,2.2,209.87,315.42
WO0001020,WL-004,TRANSMISSION,PM,PM-OIL,Scheduled transmission oil and filter change,2025-06-24,2025-06-25,15887.4,2.4,732.96,345.5
WO0001004,WL-004,ENGINE,PM,PM-OIL,Scheduled engine oil and filter change,2025-08-06,2025-08-07,16285.6,5.9,490.52,135.02
WO0001028,WL-004,FINAL_DRIVE,PM,PM-OIL,Scheduled final_drive oil and filter change,2025-09-12,2025-09-13,16571.9,2.2,164.36,321.29
WO0001012,WL-004,HYDRAULIC,PM,PM-OIL,Scheduled hydraulic oil and filter change,2025-09-18,2025-09-19,16646.7,4.9,522.32,157.15
WO0001005,WL-004,ENGINE,PM,PM-OIL,Scheduled engine oil and filter change,2025-10-07,2025-10-08,16805.1,3.8,491.98,120.18
WO0001021,WL-004,TRANSMISSION,PM,PM-OIL,Scheduled transmission oil and filter change,2025-10-23,2025-10-24,16905.8,4.9,295.02,302.54
WO0001006,WL-004,ENGINE,PM,PM-OIL,Scheduled engine oil and filter change,2025-12-09,2025-12-10,17336.8,3.6,492.31,371.21
WO0001007,WL-004,ENGINE,PM,PM-OIL,Scheduled engine oil and filter change,2026-02-08,2026-02-09,17854.9,4.3,350.4,343.06
WO0001022,WL-004,TRANSMISSION,PM,PM-OIL,Scheduled transmission oil and filter change,2026-02-23,2026-02-24,17947.9,5.2,518.02,212.18
WO0001030,WL-004,FINAL_DRIVE,CM,FDR-SEAL,Duo-cone seal leak,2026-03-15,2026-03-23,18568.8,25.5,26323.29,2856.92
WO0001008,WL-004,ENGINE,PM,PM-OIL,Scheduled engine oil and filter change,2026-04-15,2026-04-16,18407.6,5.4,264.68,288.47
WO0001033,WL-004,OTHER,CM,MSC-GEN,Cab / electrical / body repair,2026-04-26,2026-04-28,,8.1,939.43,222.01
WO0001029,WL-004,FINAL_DRIVE,PM,PM-OIL,Scheduled final_drive oil and filter change,2026-05-06,2026-05-07,18568.8,5.7,218.59,142.63
WO0001013,WL-004,HYDRAULIC,PM,PM-OIL,Scheduled hydraulic oil and filter change,2026-06-15,2026-06-16,18925.4,4.6,572.66,342.72
WO0001035,WL-005,ENGINE,PM,PM-OIL,Scheduled engine oil and filter change,2023-03-07,2023-03-08,5187.3,5.7,395.15,265.81
WO0001063,WL-005,TRANSMISSION,PM,PM-OIL,Scheduled transmission oil and filter change,2023-04-02,2023-04-03,5627.1,2.4,167.23,260.11
WO0001077,WL-005,OTHER,CM,MSC-GEN,Cab / electrical / body repair,2023-04-16,2023-04-18,,2.7,2589.71,211.96
WO0001036,WL-005,ENGINE,PM,PM-OIL,Scheduled engine oil and filter change,2023-04-29,2023-04-30,5721.0,4.7,169.53,208.68
WO0001072,WL-005,FINAL_DRIVE,PM,PM-OIL,Scheduled final_drive oil and filter change,2023-06-30,2023-07-01,6458.2,4.7,834.43,164.47
WO0001080,WL-005,OTHER,CM,MSC-GEN,Cab / electrical / body repair,2023-07-03,2023-07-05,,9.6,225.15,837.56
WO0001057,WL-005,HYDRAULIC,PM,PM-OIL,Scheduled hydraulic oil and filter change,2023-07-05,2023-07-06,6530.7,3.7,740.66,132.01
WO0001037,WL-005,ENGINE,PM,PM-OIL,Scheduled engine oil and filter change,2023-07-13,2023-07-14,6468.8,3.1,517.59,164.62
WO0001064,WL-005,TRANSMISSION,PM,PM-OIL,Scheduled transmission oil and filter change,2023-08-18,2023-08-19,7003.3,2.3,863.42,267.07
WO0001038,WL-005,ENGINE,PM,PM-OIL,Scheduled engine oil and filter change,2023-09-18,2023-09-19,7140.7,4.2,307.76,135.2
WO0001039,WL-005,ENGINE,PM,PM-OIL,Scheduled engine oil and filter change,2023-11-15,2023-11-16,7724.9,5.0,379.01,344.97
WO0001065,WL-005,TRANSMISSION,PM,PM-OIL,Scheduled transmission oil and filter change,2023-11-29,2023-11-30,8041.1,5.1,369.82,289.56
WO0001040,WL-005,ENGINE,PM,PM-OIL,Scheduled engine oil and filter change,2024-01-07,2024-01-08,8258.9,4.8,699.19,150.57
WO0001041,WL-005,ENGINE,PM,PM-OIL,Scheduled engine oil and filter change,2024-02-27,2024-02-28,8771.5,4.3,491.7,272.07
WO0001073,WL-005,FINAL_DRIVE,PM,PM-OIL,Scheduled final_drive oil and filter change,2024-03-05,2024-03-06,8950.0,3.2,322.09,241.86
WO0001058,WL-005,HYDRAULIC,PM,PM-OIL,Scheduled hydraulic oil and filter change,2024-03-31,2024-04-01,9230.9,2.1,793.36,228.1
WO0001042,WL-005,ENGINE,PM,PM-OIL,Scheduled engine oil and filter change,2024-04-24,2024-04-25,9340.0,5.1,874.21,381.1
WO0001066,WL-005,TRANSMISSION,PM,PM-OIL,Scheduled transmission oil and filter change,2024-04-29,2024-04-30,9558.3,5.6,471.35,335.21
WO0001043,WL-005,ENGINE,PM,PM-OIL,Scheduled engine oil and filter change,2024-07-03,2024-07-04,10042.1,4.5,281.42,207.83
WO0001044,WL-005,ENGINE,PM,PM-OIL,Scheduled engine oil and filter change,2024-09-11,2024-09-12,10737.5,2.1,303.31,309.79
WO0001067,WL-005,TRANSMISSION,PM,PM-OIL,Scheduled transmission oil and filter change,2024-09-22,2024-09-23,11029.4,2.6,651.66,233.46
WO0001045,WL-005,ENGINE,PM,PM-OIL,Scheduled engine oil and filter change,2024-11-10,2024-11-11,11340.2,2.8,857.04,297.16
WO0001074,WL-005,FINAL_DRIVE,PM,PM-OIL,Scheduled final_drive oil and filter change,2024-11-30,2024-12-01,11656.1,3.7,547.65,165.44
WO0001059,WL-005,HYDRAULIC,PM,PM-OIL,Scheduled hydraulic oil and filter change,2024-12-22,2024-12-23,11897.6,5.8,173.18,115.37
WO0001046,WL-005,ENGINE,PM,PM-OIL,Scheduled engine oil and filter change,2024-12-31,2025-01-01,11857.7,2.9,434.18,265.39
WO0001068,WL-005,TRANSMISSION,PM,PM-OIL,Scheduled transmission oil and filter change,2025-01-16,2025-01-17,12188.3,2.9,660.41,157.85
WO0001047,WL-005,ENGINE,PM,PM-OIL,Scheduled engine oil and filter change,2025-02-20,2025-02-21,12364.5,5.1,894.64,399.33
WO0001048,WL-005,ENGINE,PM,PM-OIL,Scheduled engine oil and filter change,2025-04-08,2025-04-09,12831.2,4.7,417.79,295.24
WO0001049,WL-005,ENGINE,PM,PM-OIL,Scheduled engine oil and filter change,2025-05-29,2025-05-30,13351.4,5.3,512.83,233.98
WO0001078,WL-005,OTHER,CM,MSC-GEN,Cab / electrical / body repair,2025-06-05,2025-06-07,,13.7,2596.63,1111.31
WO0001069,WL-005,TRANSMISSION,PM,PM-OIL,Scheduled transmission oil and filter change,2025-06-07,2025-06-08,13606.7,5.1,453.96,119.16
WO0001050,WL-005,ENGINE,PM,PM-OIL,Scheduled engine oil and filter change,2025-07-20,2025-07-21,13872.9,5.0,369.68,320.36
WO0001075,WL-005,FINAL_DRIVE,PM,PM-OIL,Scheduled final_drive oil and filter change,2025-08-27,2025-08-28,14362.2,3.3,742.95,139.89
WO0001060,WL-005,HYDRAULIC,PM,PM-OIL,Scheduled hydraulic oil and filter change,2025-09-16,2025-09-17,14582.9,3.8,275.42,223.25
WO0001051,WL-005,ENGINE,PM,PM-OIL,Scheduled engine oil and filter change,2025-09-18,2025-09-19,14468.9,2.5,808.76,304.23
WO0001070,WL-005,TRANSMISSION,PM,PM-OIL,Scheduled transmission oil and filter change,2025-10-21,2025-10-22,14975.9,3.5,430.78,307.96
WO0001052,WL-005,ENGINE,PM,PM-OIL,Scheduled engine oil and filter change,2025-11-10,2025-11-11,14999.7,4.2,313.15,376.12
WO0001061,WL-005,HYDRAULIC,CM,HYD-SEAL,Cylinder seal / dirt ingress,2025-11-26,2025-12-01,15484.9,115.5,42721.03,4316.47
WO0001079,WL-005,OTHER,CM,MSC-GEN,Cab / electrical / body repair,2025-11-27,2025-11-29,,20.0,2241.41,732.15
WO0001053,WL-005,ENGINE,PM,PM-OIL,Scheduled engine oil and filter change,2026-01-03,2026-01-04,15538.3,5.6,811.56,261.59
WO0001071,WL-005,TRANSMISSION,PM,PM-OIL,Scheduled transmission oil and filter change,2026-02-18,2026-02-19,16180.7,4.9,751.58,326.13
WO0001054,WL-005,ENGINE,PM,PM-OIL,Scheduled engine oil and filter change,2026-03-08,2026-03-09,16183.7,4.6,522.56,289.34
WO0001055,WL-005,ENGINE,PM,PM-OIL,Scheduled engine oil and filter change,2026-04-22,2026-04-23,16638.8,5.2,426.12,130.94
WO0001076,WL-005,FINAL_DRIVE,PM,PM-OIL,Scheduled final_drive oil and filter change,2026-05-23,2026-05-24,17059.0,3.1,367.13,146.69
WO0001062,WL-005,HYDRAULIC,PM,PM-OIL,Scheduled hydraulic oil and filter change,2026-06-13,2026-06-14,17289.0,5.3,591.97,302.58
WO0001056,WL-005,ENGINE,PM,PM-OIL,Scheduled engine oil and filter change,2026-06-20,2026-06-21,17225.2,2.9,678.77,206.01
WO0001130,WL-006,OTHER,CM,MSC-GEN,Cab / electrical / body repair,2023-01-22,2023-01-24,,11.1,2541.52,865.75
WO0001081,WL-006,ENGINE,PM,PM-OIL,Scheduled engine oil and filter change,2023-02-17,2023-02-18,7868.8,2.8,240.56,325.89
WO0001109,WL-006,TRANSMISSION,PM,PM-OIL,Scheduled transmission oil and filter change,2023-03-10,2023-03-11,8176.6,2.1,699.77,309.38
WO0001082,WL-006,ENGINE,PM,PM-OIL,Scheduled engine oil and filter change,2023-04-23,2023-04-24,8473.1,2.0,400.56,302.65
WO0001104,WL-006,HYDRAULIC,PM,PM-OIL,Scheduled hydraulic oil and filter change,2023-06-29,2023-06-30,9160.4,4.0,175.54,184.12
WO0001110,WL-006,TRANSMISSION,PM,PM-OIL,Scheduled transmission oil and filter change,2023-06-30,2023-07-01,9230.6,5.9,482.1,365.62
WO0001083,WL-006,ENGINE,PM,PM-OIL,Scheduled engine oil and filter change,2023-07-01,2023-07-02,9121.3,5.2,455.77,343.11
WO0001123,WL-006,FINAL_DRIVE,CM,FDR-GER,Final drive gear wear,2023-09-01,2023-09-04,10134.0,118.5,3939.07,6470.02
WO0001084,WL-006,ENGINE,PM,PM-OIL,Scheduled engine oil and filter change,2023-09-04,2023-09-05,9734.2,4.3,535.62,288.38
WO0001124,WL-006,FINAL_DRIVE,CM,FDR-SEAL,Duo-cone seal leak,2023-09-25,2023-10-05,10134.0,58.0,36337.66,4986.01
WO0001122,WL-006,FINAL_DRIVE,PM,PM-OIL,Scheduled final_drive oil and filter change,2023-09-28,2023-09-29,10134.0,2.3,375.57,236.78
WO0001111,WL-006,TRANSMISSION,PM,PM-OIL,Scheduled transmission oil and filter change,2023-10-11,2023-10-12,10193.4,4.0,728.81,167.95
WO0001129,WL-006,OTHER,CM,MSC-GEN,Cab / electrical / body repair,2023-11-01,2023-11-03,,8.1,2145.97,605.91
WO0001085,WL-006,ENGINE,PM,PM-OIL,Scheduled engine oil and filter change,2023-11-02,2023-11-03,10283.0,4.5,810.93,397.33
WO0001086,WL-006,ENGINE,PM,PM-OIL,Scheduled engine oil and filter change,2024-01-04,2024-01-05,10870.6,5.2,210.89,360.51
WO0001087,WL-006,ENGINE,PM,PM-OIL,Scheduled engine oil and filter change,2024-02-26,2024-02-27,11373.3,2.3,215.52,140.26
WO0001112,WL-006,TRANSMISSION,PM,PM-OIL,Scheduled transmission oil and filter change,2024-03-04,2024-03-05,11548.6,5.6,854.41,349.78
WO0001088,WL-006,ENGINE,CM,ENG-BRG,Main bearing wear,2024-03-24,2024-04-03,11696.4,61.6,21961.84,3961.44
WO0001105,WL-006,HYDRAULIC,PM,PM-OIL,Scheduled hydraulic oil and filter change,2024-03-25,2024-03-26,11688.6,2.8,833.68,140.03
WO0001089,WL-006,ENGINE,PM,PM-OIL,Scheduled engine oil and filter change,2024-04-24,2024-04-25,11909.9,3.3,845.94,164.18
WO0001090,WL-006,ENGINE,CM,ENG-AIR,Air induction leak / dirt ingress,2024-04-28,2024-05-10,12169.9,67.2,21295.81,5044.81
WO0001091,WL-006,ENGINE,PM,PM-OIL,Scheduled engine oil and filter change,2024-06-22,2024-06-23,12466.1,4.3,262.63,168.76
WO0001125,WL-006,FINAL_DRIVE,PM,PM-OIL,Scheduled final_drive oil and filter change,2024-06-24,2024-06-25,12662.2,5.3,418.51,118.25
WO0001113,WL-006,TRANSMISSION,PM,PM-OIL,Scheduled transmission oil and filter change,2024-07-19,2024-07-20,12827.8,4.2,228.66,108.13
WO0001092,WL-006,ENGINE,PM,PM-OIL,Scheduled engine oil and filter change,2024-08-17,2024-08-18,12990.8,6.0,544.68,371.45
WO0001093,WL-006,ENGINE,PM,PM-OIL,Scheduled engine oil and filter change,2024-10-14,2024-10-15,13528.8,4.4,894.06,227.58
WO0001106,WL-006,HYDRAULIC,PM,PM-OIL,Scheduled hydraulic oil and filter change,2024-12-20,2024-12-21,14216.8,5.2,226.47,332.91
WO0001094,WL-006,ENGINE,PM,PM-OIL,Scheduled engine oil and filter change,2024-12-21,2024-12-22,14170.5,2.6,627.23,130.53
WO0001114,WL-006,TRANSMISSION,PM,PM-OIL,Scheduled transmission oil and filter change,2024-12-26,2024-12-27,14331.6,5.0,522.2,335.49
WO0001095,WL-006,ENGINE,CM,ENG-BRG,Main bearing wear,2025-01-06,2025-01-08,14346.9,66.6,21294.21,7463.23
WO0001128,WL-006,OTHER,CM,MSC-GEN,Cab / electrical / body repair,2025-02-12,2025-02-14,,6.7,1781.65,1174.26
WO0001096,WL-006,ENGINE,PM,PM-OIL,Scheduled engine oil and filter change,2025-03-14,2025-03-15,14945.6,6.0,783.75,208.7
WO0001126,WL-006,FINAL_DRIVE,PM,PM-OIL,Scheduled final_drive oil and filter change,2025-03-21,2025-03-22,15190.4,2.5,615.92,237.22
WO0001115,WL-006,TRANSMISSION,PM,PM-OIL,Scheduled transmission oil and filter change,2025-04-18,2025-04-19,15384.7,4.7,310.11,348.87
WO0001097,WL-006,ENGINE,PM,PM-OIL,Scheduled engine oil and filter change,2025-05-07,2025-05-08,15456.1,5.9,356.28,102.17
WO0001098,WL-006,ENGINE,PM,PM-OIL,Scheduled engine oil and filter change,2025-07-21,2025-07-22,16158.6,5.2,826.38,329.64
WO0001116,WL-006,TRANSMISSION,PM,PM-OIL,Scheduled transmission oil and filter change,2025-08-26,2025-08-27,16605.5,3.1,490.94,376.54
WO0001107,WL-006,HYDRAULIC,PM,PM-OIL,Scheduled hydraulic oil and filter change,2025-09-16,2025-09-17,16745.0,5.2,347.02,288.51
WO0001099,WL-006,ENGINE,PM,PM-OIL,Scheduled engine oil and filter change,2025-10-07,2025-10-08,16885.7,3.2,179.02,367.23
WO0001100,WL-006,ENGINE,PM,PM-OIL,Scheduled engine oil and filter change,2025-12-05,2025-12-06,17440.0,3.5,519.6,337.91
WO0001127,WL-006,FINAL_DRIVE,PM,PM-OIL,Scheduled final_drive oil and filter change,2025-12-16,2025-12-17,17718.6,3.4,746.07,276.14
WO0001118,WL-006,TRANSMISSION,CM,TRN-BRG,Transmission bearing wear,2025-12-23,2025-12-30,17854.4,87.1,22198.64,1721.17
WO0001117,WL-006,TRANSMISSION,PM,PM-OIL,Scheduled transmission oil and filter change,2026-01-06,2026-01-07,17854.4,2.8,851.68,314.24
WO0001119,WL-006,TRANSMISSION,CM,TRN-GER,Gear / clutch pack wear,2026-01-24,2026-01-28,18395.4,25.6,21600.1,8481.66
WO0001101,WL-006,ENGINE,PM,PM-OIL,Scheduled engine oil and filter change,2026-02-06,2026-02-07,18027.4,3.4,358.44,204.5
WO0001102,WL-006,ENGINE,PM,PM-OIL,Scheduled engine oil and filter change,2026-04-08,2026-04-09,18596.0,2.7,816.89,156.6
WO0001120,WL-006,TRANSMISSION,PM,PM-OIL,Scheduled transmission oil and filter change,2026-04-20,2026-04-21,18825.9,2.9,174.64,245.03
WO0001121,WL-006,TRANSMISSION,CM,TRN-GER,Gear / clutch pack wear,2026-05-29,2026-06-07,19374.2,19.2,10601.68,5081.54
WO0001103,WL-006,ENGINE,PM,PM-OIL,Scheduled engine oil and filter change,2026-05-30,2026-05-31,19085.7,3.9,395.84,323.81
WO0001108,WL-006,HYDRAULIC,PM,PM-OIL,Scheduled hydraulic oil and filter change,2026-06-13,2026-06-14,19273.2,2.4,618.4,205.32
WO0001131,WL-007,ENGINE,PM,PM-OIL,Scheduled engine oil and filter change,2023-03-10,2023-03-11,6114.4,5.1,815.48,173.38
WO0001173,WL-007,FINAL_DRIVE,PM,PM-OIL,Scheduled final_drive oil and filter change,2023-03-22,2023-03-23,6293.5,3.8,200.22,253.79
WO0001156,WL-007,HYDRAULIC,PM,PM-OIL,Scheduled hydraulic oil and filter change,2023-04-05,2023-04-06,6581.1,5.8,217.7,160.29
WO0001175,WL-007,FINAL_DRIVE,CM,FDR-GER,Final drive gear wear,2023-04-24,2023-04-27,7224.6,102.8,41927.38,2318.86
WO0001161,WL-007,TRANSMISSION,PM,PM-OIL,Scheduled transmission oil and filter change,2023-04-26,2023-04-27,6608.8,2.6,377.79,268.22
WO0001132,WL-007,ENGINE,PM,PM-OIL,Scheduled engine oil and filter change,2023-05-05,2023-05-06,6695.7,3.2,619.81,306.08
WO0001174,WL-007,FINAL_DRIVE,CM,FDR-GER,Final drive gear wear,2023-06-16,2023-06-23,7224.6,68.6,30111.64,3693.21
WO0001133,WL-007,ENGINE,PM,PM-OIL,Scheduled engine oil and filter change,2023-07-06,2023-07-07,7331.5,3.8,544.73,167.43
WO0001162,WL-007,TRANSMISSION,PM,PM-OIL,Scheduled transmission oil and filter change,2023-08-07,2023-08-08,7675.2,5.9,229.73,178.47
WO0001134,WL-007,ENGINE,PM,PM-OIL,Scheduled engine oil and filter change,2023-09-05,2023-09-06,7961.8,2.2,442.58,222.75
WO0001135,WL-007,ENGINE,PM,PM-OIL,Scheduled engine oil and filter change,2023-11-10,2023-11-11,8649.2,5.9,829.19,161.18
WO0001163,WL-007,TRANSMISSION,PM,PM-OIL,Scheduled transmission oil and filter change,2023-11-19,2023-11-20,8759.6,4.6,775.4,320.3
WO0001176,WL-007,FINAL_DRIVE,PM,PM-OIL,Scheduled final_drive oil and filter change,2023-11-27,2023-11-28,8882.8,3.6,822.13,297.95
WO0001137,WL-007,ENGINE,CM,ENG-INJ,Injector leak / fuel dilution,2023-12-23,2024-01-02,9102.8,110.0,29557.51,705.24
WO0001136,WL-007,ENGINE,PM,PM-OIL,Scheduled engine oil and filter change,2023-12-24,2023-12-25,9102.8,5.1,274.64,257.97
WO0001157,WL-007,HYDRAULIC,PM,PM-OIL,Scheduled hydraulic oil and filter change,2023-12-31,2024-01-01,9374.4,3.6,231.0,335.7
WO0001138,WL-007,ENGINE,PM,PM-OIL,Scheduled engine oil and filter change,2024-02-14,2024-02-15,9647.9,5.9,657.79,277.78
WO0001164,WL-007,TRANSMISSION,PM,PM-OIL,Scheduled transmission oil and filter change,2024-02-25,2024-02-26,9764.4,4.3,241.51,108.33
WO0001139,WL-007,ENGINE,PM,PM-OIL,Scheduled engine oil and filter change,2024-04-03,2024-04-04,10144.7,2.0,762.44,210.55
WO0001140,WL-007,ENGINE,PM,PM-OIL,Scheduled engine oil and filter change,2024-05-23,2024-05-24,10668.6,3.4,895.67,122.27
WO0001165,WL-007,TRANSMISSION,PM,PM-OIL,Scheduled transmission oil and filter change,2024-06-25,2024-06-26,11020.9,3.6,537.17,317.38
WO0001141,WL-007,ENGINE,PM,PM-OIL,Scheduled engine oil and filter change,2024-07-09,2024-07-10,11154.8,5.2,848.46,288.23
WO0001177,WL-007,FINAL_DRIVE,PM,PM-OIL,Scheduled final_drive oil and filter change,2024-07-18,2024-07-19,11303.5,5.1,573.22,122.91
WO0001166,WL-007,TRANSMISSION,CM,TRN-GER,Gear / clutch pack wear,2024-07-28,2024-08-01,11505.4,111.3,36534.11,3316.21
WO0001142,WL-007,ENGINE,PM,PM-OIL,Scheduled engine oil and filter change,2024-09-11,2024-09-12,11814.2,3.3,617.73,213.15
WO0001158,WL-007,HYDRAULIC,PM,PM-OIL,Scheduled hydraulic oil and filter change,2024-09-23,2024-09-24,12139.6,3.6,665.89,384.92
WO0001167,WL-007,TRANSMISSION,PM,PM-OIL,Scheduled transmission oil and filter change,2024-10-05,2024-10-06,12078.0,2.6,376.56,331.29
WO0001144,WL-007,ENGINE,CM,ENG-AIR,Air induction leak / dirt ingress,2024-10-06,2024-10-08,12279.6,106.3,41456.72,2248.91
WO0001143,WL-007,ENGINE,PM,PM-OIL,Scheduled engine oil and filter change,2024-10-26,2024-10-27,12279.6,5.4,767.01,344.57
WO0001145,WL-007,ENGINE,PM,PM-OIL,Scheduled engine oil and filter change,2024-12-15,2024-12-16,12801.9,5.1,176.01,241.29
WO0001146,WL-007,ENGINE,PM,PM-OIL,Scheduled engine oil and filter change,2025-01-29,2025-01-30,13265.9,4.8,487.52,215.24
WO0001181,WL-007,OTHER,CM,MSC-GEN,Cab / electrical / body repair,2025-02-04,2025-02-06,,10.3,2803.09,1153.22
WO0001168,WL-007,TRANSMISSION,PM,PM-OIL,Scheduled transmission oil and filter change,2025-02-12,2025-02-13,13416.1,4.7,607.86,188.25
WO0001147,WL-007,ENGINE,PM,PM-OIL,Scheduled engine oil and filter change,2025-03-24,2025-03-25,13818.5,3.5,330.45,136.0
WO0001178,WL-007,FINAL_DRIVE,PM,PM-OIL,Scheduled final_drive oil and filter change,2025-04-14,2025-04-15,14096.9,3.8,206.44,110.42
WO0001148,WL-007,ENGINE,PM,PM-OIL,Scheduled engine oil and filter change,2025-05-27,2025-05-28,14488.9,2.9,804.32,319.83
WO0001159,WL-007,HYDRAULIC,PM,PM-OIL,Scheduled hydraulic oil and filter change,2025-06-08,2025-06-09,14801.7,2.6,819.85,150.6
WO0001169,WL-007,TRANSMISSION,PM,PM-OIL,Scheduled transmission oil and filter change,2025-06-21,2025-06-22,14750.6,5.1,881.28,287.63
WO0001180,WL-007,OTHER,CM,MSC-GEN,Cab / electrical / body repair,2025-06-24,2025-06-26,,7.2,2216.54,847.49
WO0001149,WL-007,ENGINE,PM,PM-OIL,Scheduled engine oil and filter change,2025-07-31,2025-08-01,15153.4,2.7,683.62,194.17
WO0001150,WL-007,ENGINE,PM,PM-OIL,Scheduled engine oil and filter change,2025-09-22,2025-09-23,15706.6,3.3,579.15,212.37
WO0001170,WL-007,TRANSMISSION,PM,PM-OIL,Scheduled transmission oil and filter change,2025-10-16,2025-10-17,15970.2,5.4,356.86,144.4
WO0001151,WL-007,ENGINE,PM,PM-OIL,Scheduled engine oil and filter change,2025-11-09,2025-11-10,16207.2,5.3,748.65,302.56
WO0001179,WL-007,FINAL_DRIVE,PM,PM-OIL,Scheduled final_drive oil and filter change,2025-11-19,2025-11-20,16357.6,3.3,281.71,104.8
WO0001171,WL-007,TRANSMISSION,CM,TRN-GER,Gear / clutch pack wear,2025-12-24,2025-12-28,16818.2,48.0,15952.44,7096.35
WO0001152,WL-007,ENGINE,PM,PM-OIL,Scheduled engine oil and filter change,2025-12-26,2025-12-27,16690.0,2.2,667.46,131.66
WO0001172,WL-007,TRANSMISSION,PM,PM-OIL,Scheduled transmission oil and filter change,2026-02-18,2026-02-19,17258.0,4.3,470.52,277.05
WO0001160,WL-007,HYDRAULIC,PM,PM-OIL,Scheduled hydraulic oil and filter change,2026-02-25,2026-02-26,17514.5,4.7,297.42,117.27
WO0001153,WL-007,ENGINE,PM,PM-OIL,Scheduled engine oil and filter change,2026-03-11,2026-03-12,17468.1,2.5,208.88,179.44
WO0001154,WL-007,ENGINE,PM,PM-OIL,Scheduled engine oil and filter change,2026-05-05,2026-05-06,18031.0,3.1,494.78,353.44
WO0001155,WL-007,ENGINE,PM,PM-OIL,Scheduled engine oil and filter change,2026-06-28,2026-06-29,18591.9,3.7,830.45,205.67
WO0001199,WL-008,TRANSMISSION,PM,PM-OIL,Scheduled transmission oil and filter change,2023-03-25,2023-03-26,5017.4,5.2,245.16,168.67
WO0001182,WL-008,ENGINE,PM,PM-OIL,Scheduled engine oil and filter change,2023-05-03,2023-05-04,5231.9,4.8,333.23,151.17
WO0001204,WL-008,FINAL_DRIVE,PM,PM-OIL,Scheduled final_drive oil and filter change,2023-07-07,2023-07-08,5661.3,2.2,646.04,129.62
WO0001208,WL-008,OTHER,CM,MSC-GEN,Cab / electrical / body repair,2023-07-28,2023-07-30,,15.0,851.56,1029.04
WO0001183,WL-008,ENGINE,PM,PM-OIL,Scheduled engine oil and filter change,2023-08-14,2023-08-15,5809.1,3.0,587.02,138.95
WO0001196,WL-008,HYDRAULIC,PM,PM-OIL,Scheduled hydraulic oil and filter change,2023-10-07,2023-10-08,6169.5,3.9,473.28,280.5
WO0001200,WL-008,TRANSMISSION,PM,PM-OIL,Scheduled transmission oil and filter change,2023-12-07,2023-12-08,6468.3,4.5,628.68,117.43
WO0001184,WL-008,ENGINE,PM,PM-OIL,Scheduled engine oil and filter change,2023-12-17,2023-12-18,6519.9,4.2,787.8,141.93
WO0001185,WL-008,ENGINE,CM,ENG-INJ,Injector leak / fuel dilution,2023-12-27,2024-01-05,6775.5,86.3,14096.19,4502.24
WO0001186,WL-008,ENGINE,PM,PM-OIL,Scheduled engine oil and filter change,2024-03-24,2024-03-25,7072.8,5.5,620.16,336.34
WO0001187,WL-008,ENGINE,PM,PM-OIL,Scheduled engine oil and filter change,2024-06-19,2024-06-20,7560.6,5.6,831.54,156.18
WO0001205,WL-008,FINAL_DRIVE,PM,PM-OIL,Scheduled final_drive oil and filter change,2024-07-01,2024-07-02,7694.0,2.9,877.52,193.02
WO0001201,WL-008,TRANSMISSION,PM,PM-OIL,Scheduled transmission oil and filter change,2024-07-17,2024-07-18,7728.9,2.9,823.31,254.27
WO0001188,WL-008,ENGINE,PM,PM-OIL,Scheduled engine oil and filter change,2024-09-20,2024-09-21,8087.5,4.3,157.51,259.72
WO0001197,WL-008,HYDRAULIC,PM,PM-OIL,Scheduled hydraulic oil and filter change,2024-10-01,2024-10-02,8202.2,3.5,464.25,375.55
WO0001189,WL-008,ENGINE,PM,PM-OIL,Scheduled engine oil and filter change,2024-12-28,2024-12-29,8647.1,5.6,788.13,378.92
WO0001202,WL-008,TRANSMISSION,PM,PM-OIL,Scheduled transmission oil and filter change,2025-03-16,2025-03-17,9095.2,5.0,458.01,141.84
WO0001191,WL-008,ENGINE,CM,ENG-COOL,Coolant entering crankcase,2025-04-13,2025-04-14,9266.0,31.3,40499.25,2818.31
WO0001190,WL-008,ENGINE,PM,PM-OIL,Scheduled engine oil and filter change,2025-04-17,2025-04-18,9266.0,2.1,481.63,319.55
WO0001206,WL-008,FINAL_DRIVE,PM,PM-OIL,Scheduled final_drive oil and filter change,2025-06-26,2025-06-27,9726.7,4.5,360.61,389.38
WO0001192,WL-008,ENGINE,PM,PM-OIL,Scheduled engine oil and filter change,2025-09-01,2025-09-02,10039.1,6.0,704.85,231.33
WO0001198,WL-008,HYDRAULIC,PM,PM-OIL,Scheduled hydraulic oil and filter change,2025-09-26,2025-09-27,10234.9,5.1,834.51,293.98
WO0001203,WL-008,TRANSMISSION,PM,PM-OIL,Scheduled transmission oil and filter change,2025-10-27,2025-10-28,10364.6,3.2,266.11,236.5
WO0001193,WL-008,ENGINE,PM,PM-OIL,Scheduled engine oil and filter change,2025-11-29,2025-11-30,10544.9,4.3,223.09,146.63
WO0001194,WL-008,ENGINE,PM,PM-OIL,Scheduled engine oil and filter change,2026-03-02,2026-03-03,11066.5,4.7,458.58,166.22
WO0001195,WL-008,ENGINE,PM,PM-OIL,Scheduled engine oil and filter change,2026-06-05,2026-06-06,11602.5,3.9,633.38,154.54
WO0001207,WL-008,FINAL_DRIVE,PM,PM-OIL,Scheduled final_drive oil and filter change,2026-06-21,2026-06-22,11759.5,3.9,182.59,149.19
WO0001209,WL-009,ENGINE,PM,PM-OIL,Scheduled engine oil and filter change,2023-03-03,2023-03-04,2200.5,2.6,500.65,118.41
WO0001239,WL-009,FINAL_DRIVE,PM,PM-OIL,Scheduled final_drive oil and filter change,2023-04-09,2023-04-10,2472.4,5.2,700.45,292.3
WO0001232,WL-009,TRANSMISSION,PM,PM-OIL,Scheduled transmission oil and filter change,2023-04-10,2023-04-11,2441.2,5.7,750.98,151.62
WO0001227,WL-009,HYDRAULIC,PM,PM-OIL,Scheduled hydraulic oil and filter change,2023-04-11,2023-04-12,2472.4,4.1,518.12,251.08
WO0001210,WL-009,ENGINE,PM,PM-OIL,Scheduled engine oil and filter change,2023-05-07,2023-05-08,2712.3,5.1,487.52,130.83
WO0001211,WL-009,ENGINE,PM,PM-OIL,Scheduled engine oil and filter change,2023-07-19,2023-07-20,3277.7,4.1,209.91,287.1
WO0001233,WL-009,TRANSMISSION,PM,PM-OIL,Scheduled transmission oil and filter change,2023-08-31,2023-09-01,3556.8,2.9,354.5,292.77
WO0001246,WL-009,OTHER,CM,MSC-GEN,Cab / electrical / body repair,2023-09-04,2023-09-06,,5.2,675.53,809.01
WO0001212,WL-009,ENGINE,PM,PM-OIL,Scheduled engine oil and filter change,2023-10-13,2023-10-14,3949.8,4.0,266.63,312.13
WO0001213,WL-009,ENGINE,PM,PM-OIL,Scheduled engine oil and filter change,2023-12-22,2023-12-23,4495.9,2.5,355.71,108.3
WO0001240,WL-009,FINAL_DRIVE,PM,PM-OIL,Scheduled final_drive oil and filter change,2023-12-26,2023-12-27,4511.6,4.5,552.95,383.97
WO0001228,WL-009,HYDRAULIC,PM,PM-OIL,Scheduled hydraulic oil and filter change,2024-01-06,2024-01-07,4576.9,5.4,662.15,234.74
WO0001234,WL-009,TRANSMISSION,PM,PM-OIL,Scheduled transmission oil and filter change,2024-01-13,2024-01-14,4607.7,2.7,725.81,290.32
WO0001214,WL-009,ENGINE,PM,PM-OIL,Scheduled engine oil and filter change,2024-02-25,2024-02-26,4997.2,3.0,860.82,330.82
WO0001215,WL-009,ENGINE,PM,PM-OIL,Scheduled engine oil and filter change,2024-05-22,2024-05-23,5676.6,3.8,606.37,245.64
WO0001247,WL-009,OTHER,CM,MSC-GEN,Cab / electrical / body repair,2024-06-01,2024-06-03,,18.5,2176.73,694.32
WO0001216,WL-009,ENGINE,PM,PM-OIL,Scheduled engine oil and filter change,2024-07-19,2024-07-20,6133.1,6.0,318.96,361.63
WO0001235,WL-009,TRANSMISSION,PM,PM-OIL,Scheduled transmission oil and filter change,2024-08-08,2024-08-09,6226.1,3.3,397.47,233.16
WO0001241,WL-009,FINAL_DRIVE,PM,PM-OIL,Scheduled final_drive oil and filter change,2024-09-21,2024-09-22,6616.1,2.2,707.4,184.06
WO0001229,WL-009,HYDRAULIC,PM,PM-OIL,Scheduled hydraulic oil and filter change,2024-10-02,2024-10-03,6681.4,3.5,257.33,221.04
WO0001217,WL-009,ENGINE,PM,PM-OIL,Scheduled engine oil and filter change,2024-10-17,2024-10-18,6832.4,5.9,713.03,362.27
WO0001218,WL-009,ENGINE,PM,PM-OIL,Scheduled engine oil and filter change,2024-12-27,2024-12-28,7381.5,4.5,457.96,156.94
WO0001236,WL-009,TRANSMISSION,PM,PM-OIL,Scheduled transmission oil and filter change,2025-02-17,2025-02-18,7729.3,4.8,330.0,149.51
WO0001219,WL-009,ENGINE,PM,PM-OIL,Scheduled engine oil and filter change,2025-03-29,2025-03-30,8098.8,5.7,764.13,332.58
WO0001242,WL-009,FINAL_DRIVE,PM,PM-OIL,Scheduled final_drive oil and filter change,2025-06-07,2025-06-08,8633.1,3.9,712.83,332.13
WO0001220,WL-009,ENGINE,PM,PM-OIL,Scheduled engine oil and filter change,2025-07-03,2025-07-04,8850.7,2.4,398.63,241.14
WO0001237,WL-009,TRANSMISSION,PM,PM-OIL,Scheduled transmission oil and filter change,2025-08-17,2025-08-18,9147.4,5.6,545.88,188.31
WO0001245,WL-009,OTHER,CM,MSC-GEN,Cab / electrical / body repair,2025-08-30,2025-09-01,,15.1,841.72,302.27
WO0001230,WL-009,HYDRAULIC,PM,PM-OIL,Scheduled hydraulic oil and filter change,2025-09-11,2025-09-12,9364.2,4.9,458.83,364.29
WO0001221,WL-009,ENGINE,PM,PM-OIL,Scheduled engine oil and filter change,2025-10-06,2025-10-07,9591.3,2.9,332.47,354.69
WO0001222,WL-009,ENGINE,CM,ENG-BRG,Main bearing wear,2025-10-28,2025-11-08,9863.1,17.8,2382.8,5927.32
WO0001223,WL-009,ENGINE,PM,PM-OIL,Scheduled engine oil and filter change,2025-12-11,2025-12-12,10104.2,4.5,553.63,208.07
WO0001238,WL-009,TRANSMISSION,PM,PM-OIL,Scheduled transmission oil and filter change,2026-02-10,2026-02-11,10521.8,3.0,282.46,134.05
WO0001224,WL-009,ENGINE,PM,PM-OIL,Scheduled engine oil and filter change,2026-02-21,2026-02-22,10663.0,3.7,783.16,353.1
WO0001243,WL-009,FINAL_DRIVE,PM,PM-OIL,Scheduled final_drive oil and filter change,2026-03-04,2026-03-05,10737.6,5.8,312.78,315.99
WO0001225,WL-009,ENGINE,CM,ENG-COOL,Coolant entering crankcase,2026-03-09,2026-03-15,10999.5,52.6,30073.03,7926.5
WO0001226,WL-009,ENGINE,PM,PM-OIL,Scheduled engine oil and filter change,2026-05-12,2026-05-13,11293.0,5.2,226.97,329.11
WO0001231,WL-009,HYDRAULIC,PM,PM-OIL,Scheduled hydraulic oil and filter change,2026-06-08,2026-06-09,11468.7,2.3,532.67,155.58
WO0001244,WL-009,OTHER,CM,MSC-GEN,Cab / electrical / body repair,2026-06-08,2026-06-10,,8.4,2551.34,550.73
WO0001248,WL-010,ENGINE,PM,PM-OIL,Scheduled engine oil and filter change,2023-03-20,2023-03-21,5752.4,5.0,668.53,245.99
WO0001269,WL-010,HYDRAULIC,PM,PM-OIL,Scheduled hydraulic oil and filter change,2023-04-07,2023-04-08,5966.0,5.3,811.7,370.68
WO0001288,WL-010,FINAL_DRIVE,PM,PM-OIL,Scheduled final_drive oil and filter change,2023-04-15,2023-04-16,5966.0,5.8,306.24,267.49
WO0001275,WL-010,TRANSMISSION,PM,PM-OIL,Scheduled transmission oil and filter change,2023-04-20,2023-04-21,6045.6,5.6,324.01,268.09
WO0001249,WL-010,ENGINE,PM,PM-OIL,Scheduled engine oil and filter change,2023-05-21,2023-05-22,6290.3,4.4,266.56,167.83
WO0001250,WL-010,ENGINE,CM,ENG-AIR,Air induction leak / dirt ingress,2023-06-02,2023-06-11,6558.9,46.8,3266.91,2883.53
WO0001276,WL-010,TRANSMISSION,CM,TRN-GER,Gear / clutch pack wear,2023-06-23,2023-07-02,6911.9,8.6,24345.96,8103.75
WO0001251,WL-010,ENGINE,PM,PM-OIL,Scheduled engine oil and filter change,2023-07-12,2023-07-13,6751.0,2.5,539.93,315.97
WO0001252,WL-010,ENGINE,PM,PM-OIL,Scheduled engine oil and filter change,2023-09-11,2023-09-12,7291.8,3.1,241.36,112.1
WO0001277,WL-010,TRANSMISSION,PM,PM-OIL,Scheduled transmission oil and filter change,2023-10-01,2023-10-02,7488.3,4.8,697.58,182.35
WO0001253,WL-010,ENGINE,PM,PM-OIL,Scheduled engine oil and filter change,2023-11-07,2023-11-08,7789.4,4.8,804.42,300.84
WO0001290,WL-010,FINAL_DRIVE,CM,FDR-GER,Final drive gear wear,2023-11-14,2023-11-19,8342.2,36.4,13466.9,927.06
WO0001270,WL-010,HYDRAULIC,PM,PM-OIL,Scheduled hydraulic oil and filter change,2024-01-02,2024-01-03,8342.2,2.4,353.0,262.06
WO0001254,WL-010,ENGINE,PM,PM-OIL,Scheduled engine oil and filter change,2024-01-10,2024-01-11,8351.0,5.1,453.47,169.72
WO0001289,WL-010,FINAL_DRIVE,PM,PM-OIL,Scheduled final_drive oil and filter change,2024-01-10,2024-01-11,8342.2,2.3,548.1,208.31
WO0001278,WL-010,TRANSMISSION,PM,PM-OIL,Scheduled transmission oil and filter change,2024-02-05,2024-02-06,8603.2,4.8,333.89,288.89
WO0001271,WL-010,HYDRAULIC,CM,HYD-PMP,Hydraulic pump wear,2024-02-20,2024-02-27,9134.3,83.7,4498.42,4069.64
WO0001255,WL-010,ENGINE,PM,PM-OIL,Scheduled engine oil and filter change,2024-03-11,2024-03-12,8886.5,4.3,876.46,348.14
WO0001296,WL-010,OTHER,CM,MSC-GEN,Cab / electrical / body repair,2024-03-13,2024-03-15,,2.8,2569.87,177.43
WO0001291,WL-010,FINAL_DRIVE,CM,FDR-SEAL,Duo-cone seal leak,2024-03-25,2024-03-29,9134.3,12.5,6927.69,3342.21
WO0001256,WL-010,ENGINE,PM,PM-OIL,Scheduled engine oil and filter change,2024-05-03,2024-05-04,9358.3,5.4,376.88,396.46
WO0001257,WL-010,ENGINE,PM,PM-OIL,Scheduled engine oil and filter change,2024-06-24,2024-06-25,9818.0,3.2,639.52,294.58
WO0001279,WL-010,TRANSMISSION,PM,PM-OIL,Scheduled transmission oil and filter change,2024-07-03,2024-07-04,9917.5,4.8,531.22,361.99
WO0001258,WL-010,ENGINE,PM,PM-OIL,Scheduled engine oil and filter change,2024-08-20,2024-08-21,10317.7,5.2,660.81,296.53
WO0001299,WL-010,OTHER,CM,MSC-GEN,Cab / electrical / body repair,2024-08-25,2024-08-27,,12.7,466.32,716.3
WO0001272,WL-010,HYDRAULIC,PM,PM-OIL,Scheduled hydraulic oil and filter change,2024-09-01,2024-09-02,10480.9,5.2,152.56,343.61
WO0001292,WL-010,FINAL_DRIVE,PM,PM-OIL,Scheduled final_drive oil and filter change,2024-10-06,2024-10-07,10718.4,3.3,580.29,293.44
WO0001281,WL-010,TRANSMISSION,CM,TRN-BRG,Transmission bearing wear,2024-10-25,2024-11-04,11000.4,38.4,1782.37,7694.05
WO0001280,WL-010,TRANSMISSION,PM,PM-OIL,Scheduled transmission oil and filter change,2024-11-03,2024-11-04,11000.4,4.4,254.86,234.27
WO0001259,WL-010,ENGINE,PM,PM-OIL,Scheduled engine oil and filter change,2024-11-09,2024-11-10,11026.1,3.8,647.31,106.23
WO0001260,WL-010,ENGINE,PM,PM-OIL,Scheduled engine oil and filter change,2025-01-02,2025-01-03,11503.2,3.8,317.67,384.04
WO0001282,WL-010,TRANSMISSION,PM,PM-OIL,Scheduled transmission oil and filter change,2025-02-28,2025-03-01,12028.5,4.6,371.75,386.76
WO0001261,WL-010,ENGINE,PM,PM-OIL,Scheduled engine oil and filter change,2025-03-19,2025-03-20,12175.4,5.0,402.99,131.11
WO0001262,WL-010,ENGINE,PM,PM-OIL,Scheduled engine oil and filter change,2025-05-18,2025-05-19,12705.8,4.5,310.94,284.91
WO0001273,WL-010,HYDRAULIC,PM,PM-OIL,Scheduled hydraulic oil and filter change,2025-05-29,2025-05-30,12857.1,3.8,800.6,240.8
WO0001298,WL-010,OTHER,CM,MSC-GEN,Cab / electrical / body repair,2025-06-09,2025-06-11,,14.0,1155.57,815.04
WO0001263,WL-010,ENGINE,CM,ENG-BRG,Main bearing wear,2025-06-11,2025-06-18,13003.1,14.7,25952.08,7343.59
WO0001283,WL-010,TRANSMISSION,PM,PM-OIL,Scheduled transmission oil and filter change,2025-06-27,2025-06-28,13074.9,5.7,767.32,191.31
WO0001293,WL-010,FINAL_DRIVE,PM,PM-OIL,Scheduled final_drive oil and filter change,2025-07-03,2025-07-04,13087.8,5.8,462.16,141.24
WO0001264,WL-010,ENGINE,PM,PM-OIL,Scheduled engine oil and filter change,2025-07-21,2025-07-22,13268.4,3.3,267.82,300.86
WO0001265,WL-010,ENGINE,PM,PM-OIL,Scheduled engine oil and filter change,2025-10-09,2025-10-10,13968.2,4.0,717.37,131.82
WO0001294,WL-010,FINAL_DRIVE,CM,FDR-SEAL,Duo-cone seal leak,2025-10-11,2025-10-21,14672.0,59.6,7656.04,7714.92
WO0001284,WL-010,TRANSMISSION,PM,PM-OIL,Scheduled transmission oil and filter change,2025-10-17,2025-10-18,14057.1,2.1,493.63,296.71
WO0001266,WL-010,ENGINE,PM,PM-OIL,Scheduled engine oil and filter change,2025-12-16,2025-12-17,14569.1,5.9,632.46,136.27
WO0001285,WL-010,TRANSMISSION,PM,PM-OIL,Scheduled transmission oil and filter change,2026-02-20,2026-02-21,15174.2,2.2,367.19,388.91
WO0001274,WL-010,HYDRAULIC,PM,PM-OIL,Scheduled hydraulic oil and filter change,2026-02-23,2026-02-24,15233.3,5.0,583.27,315.15
WO0001267,WL-010,ENGINE,PM,PM-OIL,Scheduled engine oil and filter change,2026-03-08,2026-03-09,15291.4,4.3,751.02,208.77
WO0001297,WL-010,OTHER,CM,MSC-GEN,Cab / electrical / body repair,2026-03-18,2026-03-20,,2.8,858.87,1107.57
WO0001295,WL-010,FINAL_DRIVE,PM,PM-OIL,Scheduled final_drive oil and filter change,2026-03-30,2026-03-31,15464.1,4.3,425.67,172.29
WO0001286,WL-010,TRANSMISSION,CM,TRN-BRG,Transmission bearing wear,2026-04-23,2026-04-28,15736.1,34.2,31315.32,6828.47
WO0001268,WL-010,ENGINE,PM,PM-OIL,Scheduled engine oil and filter change,2026-05-01,2026-05-02,15764.1,3.1,753.99,240.14
WO0001287,WL-010,TRANSMISSION,PM,PM-OIL,Scheduled transmission oil and filter change,2026-06-26,2026-06-27,16278.8,5.5,789.77,155.24
WO0001300,WL-011,ENGINE,PM,PM-OIL,Scheduled engine oil and filter change,2023-04-02,2023-04-03,4484.1,2.2,659.78,145.49
WO0001313,WL-011,HYDRAULIC,PM,PM-OIL,Scheduled hydraulic oil and filter change,2023-04-05,2023-04-06,4513.5,4.0,836.43,269.57
WO0001317,WL-011,TRANSMISSION,PM,PM-OIL,Scheduled transmission oil and filter change,2023-04-05,2023-04-06,4400.5,2.6,599.18,203.65
WO0001301,WL-011,ENGINE,PM,PM-OIL,Scheduled engine oil and filter change,2023-07-25,2023-07-26,5229.1,2.4,427.03,246.93
WO0001318,WL-011,TRANSMISSION,PM,PM-OIL,Scheduled transmission oil and filter change,2023-08-30,2023-08-31,5364.0,4.9,592.81,284.05
WO0001324,WL-011,FINAL_DRIVE,PM,PM-OIL,Scheduled final_drive oil and filter change,2023-10-08,2023-10-09,5695.2,2.4,825.51,260.12
WO0001302,WL-011,ENGINE,PM,PM-OIL,Scheduled engine oil and filter change,2023-10-09,2023-10-10,5728.2,5.8,317.96,361.18
WO0001303,WL-011,ENGINE,PM,PM-OIL,Scheduled engine oil and filter change,2023-12-21,2023-12-22,6209.1,2.6,242.5,322.3
WO0001319,WL-011,TRANSMISSION,PM,PM-OIL,Scheduled transmission oil and filter change,2024-02-04,2024-02-05,6397.9,3.3,154.53,287.41
WO0001314,WL-011,HYDRAULIC,PM,PM-OIL,Scheduled hydraulic oil and filter change,2024-03-30,2024-03-31,6876.9,5.4,495.49,378.24
WO0001304,WL-011,ENGINE,PM,PM-OIL,Scheduled engine oil and filter change,2024-04-03,2024-04-04,6893.4,2.5,507.51,201.68
WO0001320,WL-011,TRANSMISSION,PM,PM-OIL,Scheduled transmission oil and filter change,2024-07-08,2024-07-09,7415.5,3.6,222.26,246.86
WO0001305,WL-011,ENGINE,PM,PM-OIL,Scheduled engine oil and filter change,2024-07-25,2024-07-26,7635.7,5.1,705.29,115.44
WO0001325,WL-011,FINAL_DRIVE,PM,PM-OIL,Scheduled final_drive oil and filter change,2024-10-02,2024-10-03,8058.6,4.2,271.34,209.86
WO0001306,WL-011,ENGINE,PM,PM-OIL,Scheduled engine oil and filter change,2024-10-12,2024-10-13,8151.1,4.1,370.21,187.65
WO0001307,WL-011,ENGINE,PM,PM-OIL,Scheduled engine oil and filter change,2025-01-28,2025-01-29,8858.7,2.2,337.36,116.61
WO0001321,WL-011,TRANSMISSION,PM,PM-OIL,Scheduled transmission oil and filter change,2025-02-19,2025-02-20,8903.2,3.2,453.63,307.15
WO0001315,WL-011,HYDRAULIC,PM,PM-OIL,Scheduled hydraulic oil and filter change,2025-03-25,2025-03-26,9240.3,5.8,867.23,167.35
WO0001308,WL-011,ENGINE,PM,PM-OIL,Scheduled engine oil and filter change,2025-05-02,2025-05-03,9477.1,5.4,457.28,205.96
WO0001322,WL-011,TRANSMISSION,PM,PM-OIL,Scheduled transmission oil and filter change,2025-07-20,2025-07-21,9892.9,5.3,625.29,363.03
WO0001309,WL-011,ENGINE,PM,PM-OIL,Scheduled engine oil and filter change,2025-08-05,2025-08-06,10099.0,2.1,177.1,170.4
WO0001326,WL-011,FINAL_DRIVE,PM,PM-OIL,Scheduled final_drive oil and filter change,2025-09-27,2025-09-28,10422.0,4.5,729.42,184.91
WO0001310,WL-011,ENGINE,PM,PM-OIL,Scheduled engine oil and filter change,2025-10-28,2025-10-29,10650.6,2.9,581.15,390.16
WO0001311,WL-011,ENGINE,PM,PM-OIL,Scheduled engine oil and filter change,2026-01-19,2026-01-20,11199.5,2.6,470.77,160.4
WO0001323,WL-011,TRANSMISSION,PM,PM-OIL,Scheduled transmission oil and filter change,2026-03-11,2026-03-12,11431.6,3.0,477.34,206.7
WO0001316,WL-011,HYDRAULIC,PM,PM-OIL,Scheduled hydraulic oil and filter change,2026-03-20,2026-03-21,11603.7,4.2,371.75,363.93
WO0001312,WL-011,ENGINE,PM,PM-OIL,Scheduled engine oil and filter change,2026-04-15,2026-04-16,11761.4,2.8,666.8,281.0
WO0001327,WL-012,ENGINE,PM,PM-OIL,Scheduled engine oil and filter change,2023-03-07,2023-03-08,5584.0,4.5,641.27,283.78
WO0001348,WL-012,TRANSMISSION,PM,PM-OIL,Scheduled transmission oil and filter change,2023-04-09,2023-04-10,5717.7,5.0,423.56,388.86
WO0001328,WL-012,ENGINE,PM,PM-OIL,Scheduled engine oil and filter change,2023-05-26,2023-05-27,6111.8,3.8,718.6,289.17
WO0001344,WL-012,HYDRAULIC,PM,PM-OIL,Scheduled hydraulic oil and filter change,2023-07-15,2023-07-16,6355.0,5.9,750.11,160.28
WO0001329,WL-012,ENGINE,PM,PM-OIL,Scheduled engine oil and filter change,2023-08-08,2023-08-09,6601.8,2.7,344.17,253.64
WO0001349,WL-012,TRANSMISSION,PM,PM-OIL,Scheduled transmission oil and filter change,2023-09-15,2023-09-16,6772.0,3.6,650.66,287.87
WO0001359,WL-012,OTHER,CM,MSC-GEN,Cab / electrical / body repair,2023-09-23,2023-09-25,,15.7,1969.98,742.78
WO0001355,WL-012,FINAL_DRIVE,PM,PM-OIL,Scheduled final_drive oil and filter change,2023-10-14,2023-10-15,6950.5,4.7,405.99,237.11
WO0001330,WL-012,ENGINE,PM,PM-OIL,Scheduled engine oil and filter change,2023-10-20,2023-10-21,7086.0,3.0,408.59,345.57
WO0001331,WL-012,ENGINE,PM,PM-OIL,Scheduled engine oil and filter change,2024-01-04,2024-01-05,7589.5,5.5,814.25,345.86
WO0001350,WL-012,TRANSMISSION,PM,PM-OIL,Scheduled transmission oil and filter change,2024-02-27,2024-02-28,7863.5,5.0,890.67,304.43
WO0001332,WL-012,ENGINE,PM,PM-OIL,Scheduled engine oil and filter change,2024-03-30,2024-03-31,8154.0,4.7,341.66,179.08
WO0001333,WL-012,ENGINE,CM,ENG-BRG,Main bearing wear,2024-04-18,2024-04-22,8368.4,96.5,30237.48,6383.79
WO0001334,WL-012,ENGINE,PM,PM-OIL,Scheduled engine oil and filter change,2024-06-13,2024-06-14,8650.8,3.0,765.24,310.01
WO0001345,WL-012,HYDRAULIC,PM,PM-OIL,Scheduled hydraulic oil and filter change,2024-07-09,2024-07-10,8737.2,5.7,662.21,399.27
WO0001351,WL-012,TRANSMISSION,PM,PM-OIL,Scheduled transmission oil and filter change,2024-08-13,2024-08-14,8977.8,4.8,400.31,207.24
WO0001335,WL-012,ENGINE,PM,PM-OIL,Scheduled engine oil and filter change,2024-08-26,2024-08-27,9142.6,4.0,345.81,399.64
WO0001356,WL-012,FINAL_DRIVE,PM,PM-OIL,Scheduled final_drive oil and filter change,2024-10-08,2024-10-09,9332.8,5.6,866.87,173.18
WO0001336,WL-012,ENGINE,PM,PM-OIL,Scheduled engine oil and filter change,2024-11-15,2024-11-16,9681.3,2.5,675.68,180.12
WO0001352,WL-012,TRANSMISSION,PM,PM-OIL,Scheduled transmission oil and filter change,2025-01-29,2025-01-30,10095.7,2.5,863.58,225.07
WO0001337,WL-012,ENGINE,PM,PM-OIL,Scheduled engine oil and filter change,2025-02-28,2025-03-01,10374.0,2.7,692.41,300.16
WO0001338,WL-012,ENGINE,PM,PM-OIL,Scheduled engine oil and filter change,2025-05-25,2025-05-26,10945.2,2.9,326.7,124.87
WO0001358,WL-012,OTHER,CM,MSC-GEN,Cab / electrical / body repair,2025-05-28,2025-05-30,,4.8,2615.37,571.06
WO0001346,WL-012,HYDRAULIC,PM,PM-OIL,Scheduled hydraulic oil and filter change,2025-07-04,2025-07-05,11119.4,4.9,414.2,263.53
WO0001339,WL-012,ENGINE,PM,PM-OIL,Scheduled engine oil and filter change,2025-08-07,2025-08-08,11429.2,2.9,369.09,236.33
WO0001353,WL-012,TRANSMISSION,PM,PM-OIL,Scheduled transmission oil and filter change,2025-08-15,2025-08-16,11403.6,5.4,298.21,333.29
WO0001357,WL-012,FINAL_DRIVE,PM,PM-OIL,Scheduled final_drive oil and filter change,2025-10-03,2025-10-04,11715.0,3.4,320.85,231.29
WO0001340,WL-012,ENGINE,PM,PM-OIL,Scheduled engine oil and filter change,2025-11-11,2025-11-12,12067.3,4.7,840.18,118.41
WO0001341,WL-012,ENGINE,CM,ENG-COOL,Coolant entering crankcase,2025-12-07,2025-12-09,12344.3,16.0,18774.86,788.29
WO0001354,WL-012,TRANSMISSION,PM,PM-OIL,Scheduled transmission oil and filter change,2026-02-01,2026-02-02,12530.3,2.5,431.96,117.81
WO0001342,WL-012,ENGINE,PM,PM-OIL,Scheduled engine oil and filter change,2026-02-07,2026-02-08,12647.2,3.7,537.01,177.58
WO0001343,WL-012,ENGINE,PM,PM-OIL,Scheduled engine oil and filter change,2026-04-30,2026-05-01,13189.8,4.6,385.44,397.03
WO0001347,WL-012,HYDRAULIC,PM,PM-OIL,Scheduled hydraulic oil and filter change,2026-06-29,2026-06-30,13501.6,4.6,374.22,274.53
WO0001408,WL-013,OTHER,CM,MSC-GEN,Cab / electrical / body repair,2023-01-19,2023-01-21,,19.2,2384.14,1160.68
WO0001360,WL-013,ENGINE,PM,PM-OIL,Scheduled engine oil and filter change,2023-01-27,2023-01-28,4844.2,2.1,168.41,107.13
WO0001391,WL-013,TRANSMISSION,PM,PM-OIL,Scheduled transmission oil and filter change,2023-03-18,2023-03-19,5174.8,3.0,340.79,128.92
WO0001361,WL-013,ENGINE,PM,PM-OIL,Scheduled engine oil and filter change,2023-03-20,2023-03-21,5381.6,2.6,250.72,280.71
WO0001362,WL-013,ENGINE,PM,PM-OIL,Scheduled engine oil and filter change,2023-05-08,2023-05-09,5886.2,2.5,854.14,210.93
WO0001385,WL-013,HYDRAULIC,PM,PM-OIL,Scheduled hydraulic oil and filter change,2023-06-27,2023-06-28,6383.9,5.2,275.4,391.38
WO0001363,WL-013,ENGINE,PM,PM-OIL,Scheduled engine oil and filter change,2023-06-29,2023-06-30,6427.7,4.1,289.43,130.33
WO0001392,WL-013,TRANSMISSION,PM,PM-OIL,Scheduled transmission oil and filter change,2023-07-05,2023-07-06,6301.7,2.2,631.53,313.73
WO0001402,WL-013,FINAL_DRIVE,PM,PM-OIL,Scheduled final_drive oil and filter change,2023-07-21,2023-07-22,6462.1,5.7,650.37,294.9
WO0001407,WL-013,OTHER,CM,MSC-GEN,Cab / electrical / body repair,2023-08-10,2023-08-12,,17.8,1354.28,142.79
WO0001364,WL-013,ENGINE,PM,PM-OIL,Scheduled engine oil and filter change,2023-08-15,2023-08-16,6913.2,2.9,643.75,146.32
WO0001386,WL-013,HYDRAULIC,CM,HYD-WTR,Water contamination,2023-08-17,2023-08-18,7314.8,79.4,16975.79,1372.5
WO0001365,WL-013,ENGINE,PM,PM-OIL,Scheduled engine oil and filter change,2023-10-09,2023-10-10,7484.2,3.2,500.0,346.93
WO0001393,WL-013,TRANSMISSION,PM,PM-OIL,Scheduled transmission oil and filter change,2023-10-24,2023-10-25,7452.4,4.6,707.16,237.83
WO0001366,WL-013,ENGINE,PM,PM-OIL,Scheduled engine oil and filter change,2023-12-03,2023-12-04,8052.9,5.7,410.72,298.36
WO0001367,WL-013,ENGINE,CM,ENG-COOL,Coolant entering crankcase,2023-12-22,2023-12-26,8339.6,54.6,19188.33,1439.39
WO0001368,WL-013,ENGINE,PM,PM-OIL,Scheduled engine oil and filter change,2024-01-21,2024-01-22,8561.1,2.4,432.47,131.26
WO0001394,WL-013,TRANSMISSION,PM,PM-OIL,Scheduled transmission oil and filter change,2024-02-19,2024-02-20,8663.3,2.2,812.21,371.64
WO0001369,WL-013,ENGINE,PM,PM-OIL,Scheduled engine oil and filter change,2024-03-15,2024-03-16,9120.2,2.2,475.91,160.34
WO0001387,WL-013,HYDRAULIC,PM,PM-OIL,Scheduled hydraulic oil and filter change,2024-03-15,2024-03-16,9093.2,2.2,827.27,112.95
WO0001370,WL-013,ENGINE,CM,ENG-COOL,Coolant entering crankcase,2024-04-11,2024-04-23,9527.2,29.2,4840.16,6604.81
WO0001403,WL-013,FINAL_DRIVE,PM,PM-OIL,Scheduled final_drive oil and filter change,2024-04-16,2024-04-17,9254.6,3.1,713.71,389.08
WO0001371,WL-013,ENGINE,PM,PM-OIL,Scheduled engine oil and filter change,2024-05-19,2024-05-20,9784.2,5.1,226.18,317.98
WO0001395,WL-013,TRANSMISSION,PM,PM-OIL,Scheduled transmission oil and filter change,2024-06-14,2024-06-15,9865.9,4.3,315.59,231.36
WO0001372,WL-013,ENGINE,PM,PM-OIL,Scheduled engine oil and filter change,2024-07-28,2024-07-29,10515.1,3.4,878.14,158.32
WO0001373,WL-013,ENGINE,PM,PM-OIL,Scheduled engine oil and filter change,2024-09-24,2024-09-25,11107.1,2.0,651.93,229.0
WO0001396,WL-013,TRANSMISSION,PM,PM-OIL,Scheduled transmission oil and filter change,2024-10-15,2024-10-16,11142.4,4.2,339.83,220.11
WO0001374,WL-013,ENGINE,PM,PM-OIL,Scheduled engine oil and filter change,2024-11-06,2024-11-07,11554.3,4.9,200.87,304.44
WO0001388,WL-013,HYDRAULIC,PM,PM-OIL,Scheduled hydraulic oil and filter change,2024-11-28,2024-11-29,11762.0,3.7,659.86,211.15
WO0001404,WL-013,FINAL_DRIVE,PM,PM-OIL,Scheduled final_drive oil and filter change,2024-12-29,2024-12-30,11915.0,3.8,863.92,371.74
WO0001375,WL-013,ENGINE,PM,PM-OIL,Scheduled engine oil and filter change,2024-12-31,2025-01-01,12122.6,5.1,811.23,310.59
WO0001397,WL-013,TRANSMISSION,PM,PM-OIL,Scheduled transmission oil and filter change,2025-01-26,2025-01-27,12200.1,4.1,489.26,121.72
WO0001376,WL-013,ENGINE,PM,PM-OIL,Scheduled engine oil and filter change,2025-03-06,2025-03-07,12801.2,2.4,847.45,361.98
WO0001377,WL-013,ENGINE,PM,PM-OIL,Scheduled engine oil and filter change,2025-04-23,2025-04-24,13298.1,2.6,476.08,131.38
WO0001398,WL-013,TRANSMISSION,PM,PM-OIL,Scheduled transmission oil and filter change,2025-06-13,2025-06-14,13630.5,2.9,289.37,387.62
WO0001378,WL-013,ENGINE,PM,PM-OIL,Scheduled engine oil and filter change,2025-06-16,2025-06-17,13852.8,2.4,314.3,252.97
WO0001399,WL-013,TRANSMISSION,CM,TRN-GER,Gear / clutch pack wear,2025-07-17,2025-07-23,14095.9,10.1,39387.1,3641.2
WO0001379,WL-013,ENGINE,PM,PM-OIL,Scheduled engine oil and filter change,2025-08-04,2025-08-05,14362.7,3.1,404.15,210.99
WO0001389,WL-013,HYDRAULIC,PM,PM-OIL,Scheduled hydraulic oil and filter change,2025-08-18,2025-08-19,14480.5,4.3,800.1,145.6
WO0001405,WL-013,FINAL_DRIVE,PM,PM-OIL,Scheduled final_drive oil and filter change,2025-09-13,2025-09-14,14584.3,3.4,435.52,159.76
WO0001380,WL-013,ENGINE,PM,PM-OIL,Scheduled engine oil and filter change,2025-09-26,2025-09-27,14910.2,4.7,777.07,113.77
WO0001400,WL-013,TRANSMISSION,PM,PM-OIL,Scheduled transmission oil and filter change,2025-11-09,2025-11-10,15177.0,3.8,507.56,139.56
WO0001381,WL-013,ENGINE,PM,PM-OIL,Scheduled engine oil and filter change,2025-11-18,2025-11-19,15453.6,5.8,470.22,205.01
WO0001382,WL-013,ENGINE,PM,PM-OIL,Scheduled engine oil and filter change,2026-01-08,2026-01-09,15987.6,4.7,777.09,329.5
WO0001383,WL-013,ENGINE,PM,PM-OIL,Scheduled engine oil and filter change,2026-03-11,2026-03-12,16623.6,2.2,292.0,200.56
WO0001401,WL-013,TRANSMISSION,PM,PM-OIL,Scheduled transmission oil and filter change,2026-03-11,2026-03-12,16435.1,5.3,837.35,348.02
WO0001390,WL-013,HYDRAULIC,PM,PM-OIL,Scheduled hydraulic oil and filter change,2026-04-22,2026-04-23,17034.9,5.2,810.54,201.05
WO0001384,WL-013,ENGINE,PM,PM-OIL,Scheduled engine oil and filter change,2026-05-02,2026-05-03,17161.8,4.1,321.88,240.11
WO0001406,WL-013,FINAL_DRIVE,PM,PM-OIL,Scheduled final_drive oil and filter change,2026-06-08,2026-06-09,17353.8,5.9,499.14,151.09
WO0001409,WL-014,ENGINE,PM,PM-OIL,Scheduled engine oil and filter change,2023-03-03,2023-03-04,5113.7,3.0,689.45,230.73
WO0001434,WL-014,FINAL_DRIVE,CM,FDR-GER,Final drive gear wear,2023-04-10,2023-04-22,6018.8,48.5,4602.51,8048.69
WO0001410,WL-014,ENGINE,PM,PM-OIL,Scheduled engine oil and filter change,2023-05-18,2023-05-19,5601.3,4.7,789.5,299.11
WO0001427,WL-014,TRANSMISSION,CM,TRN-BRG,Transmission bearing wear,2023-05-19,2023-05-25,5858.8,47.4,21431.97,4748.81
WO0001438,WL-014,OTHER,CM,MSC-GEN,Cab / electrical / body repair,2023-06-09,2023-06-11,,9.9,479.68,469.58
WO0001426,WL-014,TRANSMISSION,PM,PM-OIL,Scheduled transmission oil and filter change,2023-06-17,2023-06-18,5858.8,3.4,500.8,325.6
WO0001411,WL-014,ENGINE,PM,PM-OIL,Scheduled engine oil and filter change,2023-09-11,2023-09-12,6333.7,2.6,584.04,368.1
WO0001435,WL-014,FINAL_DRIVE,PM,PM-OIL,Scheduled final_drive oil and filter change,2023-09-29,2023-09-30,6590.6,3.3,401.29,223.25
WO0001423,WL-014,HYDRAULIC,PM,PM-OIL,Scheduled hydraulic oil and filter change,2023-10-16,2023-10-17,6590.6,2.4,796.35,175.41
WO0001428,WL-014,TRANSMISSION,PM,PM-OIL,Scheduled transmission oil and filter change,2023-11-20,2023-11-21,6855.4,5.9,366.61,218.27
WO0001412,WL-014,ENGINE,PM,PM-OIL,Scheduled engine oil and filter change,2023-11-28,2023-11-29,6833.5,3.5,857.99,125.11
WO0001413,WL-014,ENGINE,PM,PM-OIL,Scheduled engine oil and filter change,2024-03-16,2024-03-17,7521.0,5.3,218.09,199.71
WO0001414,WL-014,ENGINE,PM,PM-OIL,Scheduled engine oil and filter change,2024-05-29,2024-05-30,7991.6,4.9,284.25,220.3
WO0001429,WL-014,TRANSMISSION,PM,PM-OIL,Scheduled transmission oil and filter change,2024-06-26,2024-06-27,8245.7,5.0,323.06,137.29
WO0001440,WL-014,OTHER,CM,MSC-GEN,Cab / electrical / body repair,2024-07-15,2024-07-17,,18.0,2682.82,1156.59
WO0001415,WL-014,ENGINE,PM,PM-OIL,Scheduled engine oil and filter change,2024-08-29,2024-08-30,8578.2,2.0,328.54,136.85
WO0001436,WL-014,FINAL_DRIVE,PM,PM-OIL,Scheduled final_drive oil and filter change,2024-09-23,2024-09-24,8877.5,5.8,377.89,204.6
WO0001424,WL-014,HYDRAULIC,PM,PM-OIL,Scheduled hydraulic oil and filter change,2024-10-10,2024-10-11,8877.5,2.8,304.93,272.4
WO0001430,WL-014,TRANSMISSION,CM,TRN-GER,Gear / clutch pack wear,2024-10-29,2024-11-10,9133.9,118.5,19543.7,2005.38
WO0001439,WL-014,OTHER,CM,MSC-GEN,Cab / electrical / body repair,2024-11-06,2024-11-08,,4.8,1516.82,940.44
WO0001416,WL-014,ENGINE,PM,PM-OIL,Scheduled engine oil and filter change,2024-11-12,2024-11-13,9056.5,5.0,260.56,298.36
WO0001417,WL-014,ENGINE,PM,PM-OIL,Scheduled engine oil and filter change,2025-01-24,2025-01-25,9519.4,2.4,612.52,365.66
WO0001431,WL-014,TRANSMISSION,PM,PM-OIL,Scheduled transmission oil and filter change,2025-01-26,2025-01-27,9604.7,2.9,634.67,149.42
WO0001418,WL-014,ENGINE,PM,PM-OIL,Scheduled engine oil and filter change,2025-04-20,2025-04-21,10064.2,2.8,726.2,153.24
WO0001432,WL-014,TRANSMISSION,PM,PM-OIL,Scheduled transmission oil and filter change,2025-07-15,2025-07-16,10683.9,3.3,648.42,345.88
WO0001419,WL-014,ENGINE,PM,PM-OIL,Scheduled engine oil and filter change,2025-08-12,2025-08-13,10789.3,3.3,310.37,147.1
WO0001437,WL-014,FINAL_DRIVE,PM,PM-OIL,Scheduled final_drive oil and filter change,2025-09-18,2025-09-19,11164.5,4.6,300.59,247.25
WO0001425,WL-014,HYDRAULIC,PM,PM-OIL,Scheduled hydraulic oil and filter change,2025-10-05,2025-10-06,11164.5,5.7,693.9,196.24
WO0001420,WL-014,ENGINE,PM,PM-OIL,Scheduled engine oil and filter change,2025-12-03,2025-12-04,11509.5,3.9,330.53,328.8
WO0001433,WL-014,TRANSMISSION,PM,PM-OIL,Scheduled transmission oil and filter change,2026-02-26,2026-02-27,12120.3,3.4,717.97,244.24
WO0001421,WL-014,ENGINE,PM,PM-OIL,Scheduled engine oil and filter change,2026-03-04,2026-03-05,12085.2,4.5,208.57,378.56
WO0001422,WL-014,ENGINE,PM,PM-OIL,Scheduled engine oil and filter change,2026-05-20,2026-05-21,12576.5,2.4,209.14,173.82
WO0001441,WL-015,ENGINE,PM,PM-OIL,Scheduled engine oil and filter change,2023-03-18,2023-03-19,2215.9,3.3,446.4,355.29
WO0001467,WL-015,TRANSMISSION,PM,PM-OIL,Scheduled transmission oil and filter change,2023-03-20,2023-03-21,2130.2,5.5,153.25,245.69
WO0001479,WL-015,FINAL_DRIVE,PM,PM-OIL,Scheduled final_drive oil and filter change,2023-04-05,2023-04-06,2433.1,4.2,409.87,188.93
WO0001442,WL-015,ENGINE,PM,PM-OIL,Scheduled engine oil and filter change,2023-05-13,2023-05-14,2761.5,3.1,533.85,255.48
WO0001461,WL-015,HYDRAULIC,PM,PM-OIL,Scheduled hydraulic oil and filter change,2023-05-26,2023-05-27,2754.7,5.7,278.62,210.62
WO0001468,WL-015,TRANSMISSION,PM,PM-OIL,Scheduled transmission oil and filter change,2023-06-29,2023-06-30,3132.3,5.8,194.17,294.52
WO0001443,WL-015,ENGINE,PM,PM-OIL,Scheduled engine oil and filter change,2023-07-02,2023-07-03,3253.0,4.3,524.81,225.23
WO0001444,WL-015,ENGINE,PM,PM-OIL,Scheduled engine oil and filter change,2023-09-06,2023-09-07,3907.1,3.8,380.24,321.13
WO0001469,WL-015,TRANSMISSION,CM,TRN-GER,Gear / clutch pack wear,2023-09-20,2023-10-01,4094.6,84.0,33303.17,4177.66
WO0001481,WL-015,FINAL_DRIVE,CM,FDR-SEAL,Duo-cone seal leak,2023-09-24,2023-09-27,5002.4,46.6,22868.54,6757.83
WO0001445,WL-015,ENGINE,PM,PM-OIL,Scheduled engine oil and filter change,2023-11-07,2023-11-08,4523.2,3.0,528.03,359.21
WO0001470,WL-015,TRANSMISSION,PM,PM-OIL,Scheduled transmission oil and filter change,2023-11-30,2023-12-01,4652.1,2.9,451.39,208.69
WO0001480,WL-015,FINAL_DRIVE,PM,PM-OIL,Scheduled final_drive oil and filter change,2023-12-22,2023-12-23,5002.4,2.4,385.54,392.98
WO0001446,WL-015,ENGINE,PM,PM-OIL,Scheduled engine oil and filter change,2024-01-17,2024-01-18,5223.0,5.8,575.0,268.64
WO0001462,WL-015,HYDRAULIC,PM,PM-OIL,Scheduled hydraulic oil and filter change,2024-02-20,2024-02-21,5418.0,4.3,350.93,360.44
WO0001447,WL-015,ENGINE,PM,PM-OIL,Scheduled engine oil and filter change,2024-03-07,2024-03-08,5711.2,2.8,558.14,290.92
WO0001471,WL-015,TRANSMISSION,PM,PM-OIL,Scheduled transmission oil and filter change,2024-04-20,2024-04-21,6049.4,3.4,273.18,297.21
WO0001448,WL-015,ENGINE,PM,PM-OIL,Scheduled engine oil and filter change,2024-05-08,2024-05-09,6319.8,5.9,237.69,248.32
WO0001483,WL-015,FINAL_DRIVE,CM,FDR-SEAL,Duo-cone seal leak,2024-06-05,2024-06-14,7310.5,112.2,9306.05,6016.07
WO0001449,WL-015,ENGINE,PM,PM-OIL,Scheduled engine oil and filter change,2024-07-20,2024-07-21,7040.7,4.4,638.27,162.29
WO0001482,WL-015,FINAL_DRIVE,PM,PM-OIL,Scheduled final_drive oil and filter change,2024-08-12,2024-08-13,7310.5,5.5,473.8,317.29
WO0001472,WL-015,TRANSMISSION,PM,PM-OIL,Scheduled transmission oil and filter change,2024-08-30,2024-08-31,7353.7,5.4,813.98,308.97
WO0001450,WL-015,ENGINE,PM,PM-OIL,Scheduled engine oil and filter change,2024-09-09,2024-09-10,7546.4,5.9,176.37,350.51
WO0001464,WL-015,HYDRAULIC,CM,HYD-SEAL,Cylinder seal / dirt ingress,2024-09-23,2024-10-04,8081.3,117.6,28635.66,1285.07
WO0001451,WL-015,ENGINE,PM,PM-OIL,Scheduled engine oil and filter change,2024-11-04,2024-11-05,8101.2,3.3,375.52,260.13
WO0001463,WL-015,HYDRAULIC,PM,PM-OIL,Scheduled hydraulic oil and filter change,2024-11-16,2024-11-17,8081.3,4.1,307.61,328.2
WO0001473,WL-015,TRANSMISSION,PM,PM-OIL,Scheduled transmission oil and filter change,2025-01-08,2025-01-09,8648.8,5.7,741.7,387.23
WO0001452,WL-015,ENGINE,PM,PM-OIL,Scheduled engine oil and filter change,2025-01-23,2025-01-24,8888.5,2.1,731.44,122.82
WO0001453,WL-015,ENGINE,PM,PM-OIL,Scheduled engine oil and filter change,2025-03-17,2025-03-18,9415.9,2.9,859.51,276.11
WO0001474,WL-015,TRANSMISSION,PM,PM-OIL,Scheduled transmission oil and filter change,2025-04-20,2025-04-21,9650.2,5.5,722.32,143.37
WO0001484,WL-015,FINAL_DRIVE,PM,PM-OIL,Scheduled final_drive oil and filter change,2025-05-02,2025-05-03,9909.2,2.6,245.15,333.72
WO0001454,WL-015,ENGINE,PM,PM-OIL,Scheduled engine oil and filter change,2025-05-08,2025-05-09,9928.2,2.9,830.73,238.25
WO0001455,WL-015,ENGINE,PM,PM-OIL,Scheduled engine oil and filter change,2025-06-24,2025-06-25,10385.8,5.3,678.52,271.1
WO0001488,WL-015,OTHER,CM,MSC-GEN,Cab / electrical / body repair,2025-07-18,2025-07-20,,10.0,2595.37,657.79
WO0001465,WL-015,HYDRAULIC,PM,PM-OIL,Scheduled hydraulic oil and filter change,2025-07-27,2025-07-28,10578.5,2.7,683.42,178.68
WO0001475,WL-015,TRANSMISSION,PM,PM-OIL,Scheduled transmission oil and filter change,2025-07-30,2025-07-31,10649.6,2.5,835.33,249.55
WO0001456,WL-015,ENGINE,PM,PM-OIL,Scheduled engine oil and filter change,2025-08-31,2025-09-01,11063.7,4.4,643.09,326.32
WO0001485,WL-015,FINAL_DRIVE,CM,FDR-GER,Final drive gear wear,2025-10-18,2025-10-29,11684.8,59.4,8628.3,3212.1
WO0001457,WL-015,ENGINE,PM,PM-OIL,Scheduled engine oil and filter change,2025-11-06,2025-11-07,11723.6,5.4,513.79,150.87
WO0001489,WL-015,OTHER,CM,MSC-GEN,Cab / electrical / body repair,2025-11-26,2025-11-28,,5.3,2670.54,1166.65
WO0001458,WL-015,ENGINE,PM,PM-OIL,Scheduled engine oil and filter change,2026-01-03,2026-01-04,12296.4,3.9,273.22,322.11
WO0001476,WL-015,TRANSMISSION,PM,PM-OIL,Scheduled transmission oil and filter change,2026-01-09,2026-01-10,12256.8,2.6,652.19,304.38
WO0001477,WL-015,TRANSMISSION,CM,TRN-GER,Gear / clutch pack wear,2026-01-27,2026-02-02,12811.1,68.2,29962.68,2410.82
WO0001486,WL-015,FINAL_DRIVE,PM,PM-OIL,Scheduled final_drive oil and filter change,2026-01-27,2026-01-28,12572.5,2.3,891.39,284.42
WO0001459,WL-015,ENGINE,PM,PM-OIL,Scheduled engine oil and filter change,2026-02-27,2026-02-28,12833.0,4.9,154.8,137.64
WO0001466,WL-015,HYDRAULIC,PM,PM-OIL,Scheduled hydraulic oil and filter change,2026-04-20,2026-04-21,13211.8,5.7,367.52,390.0
WO0001460,WL-015,ENGINE,PM,PM-OIL,Scheduled engine oil and filter change,2026-04-25,2026-04-26,13396.8,3.7,588.39,190.3
WO0001478,WL-015,TRANSMISSION,PM,PM-OIL,Scheduled transmission oil and filter change,2026-05-12,2026-05-13,13471.3,4.0,767.17,171.44
WO0001487,WL-015,OTHER,CM,MSC-GEN,Cab / electrical / body repair,2026-05-30,2026-06-01,,16.0,2332.63,878.39
